Metric,statistic,n,Threshold,p_value,p_minus_alpha,NPVR,formula,df,df2,sigma_p,flip_probability,significance,possible_numerical_outcome,flip_direction,risk_type
avg_shortestPathLength,2.0,50,0.05,0.05094706873769324,0.0009470687376932352,0.0351138182966801,two_sample_t_p_value,50.0,,0.0039168868533651,0.41337497191467926,non-significant,significant,non-significant -> significant,false-negative risk
avg_shortestPathLength,4.0,50,0.05,0.05094706873769324,0.0009470687376932352,0.0351138182966801,ancova_p_value,,50.0,0.0039168868533651,0.41337497191467926,non-significant,significant,non-significant -> significant,false-negative risk
avg_shortestPathLength,4.0,50,0.5,0.05094706873769324,0.0009470687376932352,0.0330051703414683,ancova_p_value,,50.0,0.0036816707517051,0.4067650885182662,non-significant,significant,non-significant -> significant,false-negative risk
avg_shortestPathLength,2.0,50,0.5,0.05094706873769324,0.0009470687376932352,0.0330051703414683,two_sample_t_p_value,50.0,,0.003681670751705,0.4067650885182644,non-significant,significant,non-significant -> significant,false-negative risk
avg_shortestPathLength,2.0,50,0.2,0.05094706873769324,0.0009470687376932352,0.0315754464419614,two_sample_t_p_value,50.0,,0.0035221874765282,0.40184161436809734,non-significant,significant,non-significant -> significant,false-negative risk
avg_shortestPathLength,4.0,50,0.2,0.05094706873769324,0.0009470687376932352,0.0315754464419614,ancova_p_value,,50.0,0.0035221874765282,0.40184161436809734,non-significant,significant,non-significant -> significant,false-negative risk
avg_shortestPathLength,2.0,50,0.4,0.05094706873769324,0.0009470687376932352,0.0309119068207723,two_sample_t_p_value,50.0,,0.0034481707576125,0.39941963869615044,non-significant,significant,non-significant -> significant,false-negative risk
avg_shortestPathLength,4.0,50,0.4,0.05094706873769324,0.0009470687376932352,0.0309119068207723,ancova_p_value,,50.0,0.0034481707576125,0.39941963869615044,non-significant,significant,non-significant -> significant,false-negative risk
avg_shortestPathLength,2.0,50,0.1,0.05094706873769324,0.0009470687376932352,0.030563543135895,two_sample_t_p_value,50.0,,0.0034093113796332,0.3981106841162424,non-significant,significant,non-significant -> significant,false-negative risk
avg_shortestPathLength,4.0,50,0.1,0.05094706873769324,0.0009470687376932352,0.030563543135895,ancova_p_value,,50.0,0.0034093113796332,0.3981106841162424,non-significant,significant,non-significant -> significant,false-negative risk
avg_shortestPathLength,2.0,50,0.3,0.05094706873769324,0.0009470687376932352,0.0244643192954368,two_sample_t_p_value,50.0,,0.0027289533087856,0.3698924618060685,non-significant,significant,non-significant -> significant,false-negative risk
avg_shortestPathLength,4.0,50,0.3,0.05094706873769324,0.0009470687376932352,0.0244643192954368,ancova_p_value,,50.0,0.0027289533087856,0.3698924618060685,non-significant,significant,non-significant -> significant,false-negative risk
avg_shortestPathLength,2.0,30,0.05,0.054625044962983094,0.004625044962983091,0.0351138182966801,two_sample_t_p_value,30.0,,0.0039926009115203,0.12151127116219254,non-significant,significant,non-significant -> significant,false-negative risk
avg_shortestPathLength,4.0,30,0.05,0.054625044962983094,0.004625044962983091,0.0351138182966801,ancova_p_value,,30.0,0.0039926009115203,0.12151127116219254,non-significant,significant,non-significant -> significant,false-negative risk
avg_shortestPathLength,2.0,30,0.5,0.054625044962983094,0.004625044962983091,0.0330051703414683,two_sample_t_p_value,30.0,,0.0037528380444655,0.10657450152700278,non-significant,significant,non-significant -> significant,false-negative risk
avg_shortestPathLength,4.0,30,0.5,0.054625044962983094,0.004625044962983091,0.0330051703414683,ancova_p_value,,30.0,0.0037528380444655,0.10657450152700278,non-significant,significant,non-significant -> significant,false-negative risk
avg_shortestPathLength,2.0,75,0.05,0.04912138289485513,-0.0008786171051448702,0.0351138182966801,two_sample_t_p_value,75.0,,0.003876761228255,0.4012022940160733,significant,non-significant,significant -> non-significant,false-positive risk
avg_shortestPathLength,4.0,75,0.05,0.04912138289485513,-0.0008786171051448702,0.0351138182966801,ancova_p_value,,75.0,0.0038767612282549,0.40120229401607077,significant,non-significant,significant -> non-significant,false-positive risk
avg_shortestPathLength,2.0,75,0.5,0.04912138289485513,-0.0008786171051448702,0.0330051703414683,two_sample_t_p_value,75.0,,0.003643954742565,0.39622113690473226,significant,non-significant,significant -> non-significant,false-positive risk
avg_shortestPathLength,4.0,75,0.5,0.04912138289485513,-0.0008786171051448702,0.0330051703414683,ancova_p_value,,75.0,0.003643954742565,0.39622113690473226,significant,non-significant,significant -> non-significant,false-positive risk
avg_shortestPathLength,2.0,75,0.2,0.04912138289485513,-0.0008786171051448702,0.0315754464419614,two_sample_t_p_value,75.0,,0.0034861052562492,0.3924327458148805,significant,non-significant,significant -> non-significant,false-positive risk
avg_shortestPathLength,4.0,75,0.2,0.04912138289485513,-0.0008786171051448702,0.0315754464419614,ancova_p_value,,75.0,0.0034861052562492,0.3924327458148805,significant,non-significant,significant -> non-significant,false-positive risk
avg_shortestPathLength,2.0,75,0.4,0.04912138289485513,-0.0008786171051448702,0.0309119068207723,two_sample_t_p_value,75.0,,0.0034128467841827,0.3905469956219232,significant,non-significant,significant -> non-significant,false-positive risk
avg_shortestPathLength,4.0,75,0.4,0.04912138289485513,-0.0008786171051448702,0.0309119068207723,ancova_p_value,,75.0,0.0034128467841826,0.3905469956219204,significant,non-significant,significant -> non-significant,false-positive risk
avg_shortestPathLength,2.0,75,0.1,0.04912138289485513,-0.0008786171051448702,0.030563543135895,two_sample_t_p_value,75.0,,0.0033743854919514,0.3895221191940109,significant,non-significant,significant -> non-significant,false-positive risk
avg_shortestPathLength,4.0,75,0.1,0.04912138289485513,-0.0008786171051448702,0.030563543135895,ancova_p_value,,75.0,0.0033743854919514,0.3895221191940109,significant,non-significant,significant -> non-significant,false-positive risk
avg_shortestPathLength,2.0,75,0.3,0.04912138289485513,-0.0008786171051448702,0.0244643192954368,two_sample_t_p_value,75.0,,0.0027009971891654,0.36662855508852266,significant,non-significant,significant -> non-significant,false-positive risk
avg_shortestPathLength,4.0,75,0.3,0.04912138289485513,-0.0008786171051448702,0.0244643192954368,ancova_p_value,,75.0,0.0027009971891654,0.36662855508852266,significant,non-significant,significant -> non-significant,false-positive risk
avg_shortestPathLength,2.0,100,0.05,0.04821217873113365,-0.0017878212688663547,0.0351138182966801,two_sample_t_p_value,100.0,,0.0038561042471845,0.3143901171522414,significant,non-significant,significant -> non-significant,false-positive risk
avg_shortestPathLength,4.0,100,0.05,0.04821217873113365,-0.0017878212688663547,0.0351138182966801,ancova_p_value,,100.0,0.0038561042471844,0.31439011715223675,significant,non-significant,significant -> non-significant,false-positive risk
avg_shortestPathLength,2.0,100,0.5,0.04821217873113365,-0.0017878212688663547,0.0330051703414683,two_sample_t_p_value,100.0,,0.0036245382503679,0.30460033272706377,significant,non-significant,significant -> non-significant,false-positive risk
avg_shortestPathLength,4.0,100,0.5,0.04821217873113365,-0.0017878212688663547,0.0330051703414683,ancova_p_value,,100.0,0.0036245382503678,0.3046003327270599,significant,non-significant,significant -> non-significant,false-positive risk
avg_shortestPathLength,2.0,100,0.2,0.04821217873113365,-0.0017878212688663547,0.0315754464419614,two_sample_t_p_value,100.0,,0.00346752985115,0.2972699263745975,significant,non-significant,significant -> non-significant,false-positive risk
avg_shortestPathLength,4.0,100,0.2,0.04821217873113365,-0.0017878212688663547,0.0315754464419614,ancova_p_value,,100.0,0.0034675298511499,0.2972699263745917,significant,non-significant,significant -> non-significant,false-positive risk
avg_shortestPathLength,2.0,100,0.4,0.04821217873113365,-0.0017878212688663547,0.0309119068207723,two_sample_t_p_value,100.0,,0.0033946617304055,0.29365651758159994,significant,non-significant,significant -> non-significant,false-positive risk
avg_shortestPathLength,4.0,100,0.4,0.04821217873113365,-0.0017878212688663547,0.0309119068207723,ancova_p_value,,100.0,0.0033946617304054,0.2936565175815944,significant,non-significant,significant -> non-significant,false-positive risk
avg_shortestPathLength,2.0,100,0.1,0.04821217873113365,-0.0017878212688663547,0.030563543135895,two_sample_t_p_value,100.0,,0.0033564053757855,0.2917023453165598,significant,non-significant,significant -> non-significant,false-positive risk
avg_shortestPathLength,4.0,100,0.1,0.04821217873113365,-0.0017878212688663547,0.030563543135895,ancova_p_value,,100.0,0.0033564053757854,0.2917023453165545,significant,non-significant,significant -> non-significant,false-positive risk
avg_shortestPathLength,2.0,100,0.3,0.04821217873113365,-0.0017878212688663547,0.0244643192954368,two_sample_t_p_value,100.0,,0.0026866051633163,0.24973489057336917,significant,non-significant,significant -> non-significant,false-positive risk
avg_shortestPathLength,4.0,100,0.3,0.04821217873113365,-0.0017878212688663547,0.0244643192954368,ancova_p_value,,100.0,0.0026866051633163,0.24973489057336917,significant,non-significant,significant -> non-significant,false-positive risk
avg_shortestPathLength,4.0,300,0.05,0.0464015209831491,-0.0035984790168509043,0.0351138182966801,ancova_p_value,,300.0,0.0038135611069829,0.17179488428097967,significant,non-significant,significant -> non-significant,false-positive risk
avg_shortestPathLength,2.0,300,0.05,0.0464015209831491,-0.0035984790168509043,0.0351138182966801,two_sample_t_p_value,300.0,,0.0038135611069823,0.17179488428094258,significant,non-significant,significant -> non-significant,false-positive risk
avg_shortestPathLength,4.0,300,0.5,0.0464015209831491,-0.0035984790168509043,0.0330051703414683,ancova_p_value,,300.0,0.0035845499022665,0.15758813433783714,significant,non-significant,significant -> non-significant,false-positive risk
avg_shortestPathLength,2.0,300,0.5,0.0464015209831491,-0.0035984790168509043,0.0330051703414683,two_sample_t_p_value,300.0,,0.0035845499022659,0.15758813433779872,significant,non-significant,significant -> non-significant,false-positive risk
avg_shortestPathLength,4.0,500,0.05,0.046040682769031456,-0.003959317230968547,0.0351138182966801,ancova_p_value,,500.0,0.0038048512118885,0.14931490277561987,significant,non-significant,significant -> non-significant,false-positive risk
avg_shortestPathLength,2.0,500,0.05,0.046040682769031456,-0.003959317230968547,0.0351138182966801,two_sample_t_p_value,500.0,,0.0038048512118884,0.14931490277561432,significant,non-significant,significant -> non-significant,false-positive risk
avg_shortestPathLength,4.0,300,0.2,0.0464015209831491,-0.0035984790168509043,0.0315754464419614,ancova_p_value,,300.0,0.0034292737254971,0.1473746253350504,significant,non-significant,significant -> non-significant,false-positive risk
avg_shortestPathLength,2.0,300,0.2,0.0464015209831491,-0.0035984790168509043,0.0315754464419614,two_sample_t_p_value,300.0,,0.0034292737254966,0.14737462533501677,significant,non-significant,significant -> non-significant,false-positive risk
avg_shortestPathLength,4.0,300,0.4,0.0464015209831491,-0.0035984790168509043,0.0309119068207723,ancova_p_value,,300.0,0.0033572095349574,0.1424742121183733,significant,non-significant,significant -> non-significant,false-positive risk
avg_shortestPathLength,2.0,300,0.4,0.0464015209831491,-0.0035984790168509043,0.0309119068207723,two_sample_t_p_value,300.0,,0.0033572095349569,0.14247421211833822,significant,non-significant,significant -> non-significant,false-positive risk
avg_shortestPathLength,4.0,300,0.1,0.0464015209831491,-0.0035984790168509043,0.030563543135895,ancova_p_value,,300.0,0.0033193752502177,0.13986102176147974,significant,non-significant,significant -> non-significant,false-positive risk
avg_shortestPathLength,2.0,300,0.1,0.0464015209831491,-0.0035984790168509043,0.030563543135895,two_sample_t_p_value,300.0,,0.0033193752502172,0.1398610217614451,significant,non-significant,significant -> non-significant,false-positive risk
avg_shortestPathLength,4.0,500,0.5,0.046040682769031456,-0.003959317230968547,0.0330051703414683,ancova_p_value,,500.0,0.0035763630520409,0.1351044998931985,significant,non-significant,significant -> non-significant,false-positive risk
avg_shortestPathLength,2.0,500,0.5,0.046040682769031456,-0.003959317230968547,0.0330051703414683,two_sample_t_p_value,500.0,,0.0035763630520407,0.1351044998931863,significant,non-significant,significant -> non-significant,false-positive risk
avg_shortestPathLength,2.0,1000,0.05,0.04577034649325166,-0.0042296535067483446,0.0351138182966801,two_sample_t_p_value,1000.0,,0.0037982739454443,0.13382592803552318,significant,non-significant,significant -> non-significant,false-positive risk
avg_shortestPathLength,4.0,1000,0.05,0.04577034649325166,-0.0042296535067483446,0.0351138182966801,ancova_p_value,,1000.0,0.0037982739454432,0.133825928035457,significant,non-significant,significant -> non-significant,false-positive risk
avg_shortestPathLength,4.0,500,0.2,0.046040682769031456,-0.003959317230968547,0.0315754464419614,ancova_p_value,,500.0,0.0034214415147206,0.12499851727181832,significant,non-significant,significant -> non-significant,false-positive risk
avg_shortestPathLength,2.0,500,0.2,0.046040682769031456,-0.003959317230968547,0.0315754464419614,two_sample_t_p_value,500.0,,0.0034214415147205,0.12499851727181321,significant,non-significant,significant -> non-significant,false-positive risk
avg_shortestPathLength,4.0,500,0.4,0.046040682769031456,-0.003959317230968547,0.0309119068207723,ancova_p_value,,500.0,0.0033495419135298,0.12018474702805126,significant,non-significant,significant -> non-significant,false-positive risk
avg_shortestPathLength,2.0,500,0.4,0.046040682769031456,-0.003959317230968547,0.0309119068207723,two_sample_t_p_value,500.0,,0.0033495419135297,0.12018474702804505,significant,non-significant,significant -> non-significant,false-positive risk
avg_shortestPathLength,2.0,1000,0.5,0.04577034649325166,-0.0042296535067483446,0.0330051703414683,two_sample_t_p_value,1000.0,,0.0035701807622785,0.11977823965801693,significant,non-significant,significant -> non-significant,false-positive risk
avg_shortestPathLength,4.0,1000,0.5,0.04577034649325166,-0.0042296535067483446,0.0330051703414683,ancova_p_value,,1000.0,0.0035701807622775,0.11977823965795409,significant,non-significant,significant -> non-significant,false-positive risk
avg_shortestPathLength,4.0,500,0.1,0.046040682769031456,-0.003959317230968547,0.030563543135895,ancova_p_value,,500.0,0.0033117940395338,0.11762746601375429,significant,non-significant,significant -> non-significant,false-positive risk
avg_shortestPathLength,2.0,500,0.1,0.046040682769031456,-0.003959317230968547,0.030563543135895,two_sample_t_p_value,500.0,,0.0033117940395337,0.11762746601374663,significant,non-significant,significant -> non-significant,false-positive risk
avg_shortestPathLength,2.0,1000,0.2,0.04577034649325166,-0.0042296535067483446,0.0315754464419614,two_sample_t_p_value,1000.0,,0.0034155270304971,0.10987506379366274,significant,non-significant,significant -> non-significant,false-positive risk
avg_shortestPathLength,4.0,1000,0.2,0.04577034649325166,-0.0042296535067483446,0.0315754464419614,ancova_p_value,,1000.0,0.0034155270304961,0.1098750637935978,significant,non-significant,significant -> non-significant,false-positive risk
avg_shortestPathLength,2.0,1000,0.4,0.04577034649325166,-0.0042296535067483446,0.0309119068207723,two_sample_t_p_value,1000.0,,0.0033437517187483,0.10518548692295393,significant,non-significant,significant -> non-significant,false-positive risk
avg_shortestPathLength,4.0,1000,0.4,0.04577034649325166,-0.0042296535067483446,0.0309119068207723,ancova_p_value,,1000.0,0.0033437517187474,0.10518548692289498,significant,non-significant,significant -> non-significant,false-positive risk
avg_shortestPathLength,2.0,1000,0.1,0.04577034649325166,-0.0042296535067483446,0.030563543135895,two_sample_t_p_value,1000.0,,0.0033060690977178,0.10270180224218406,significant,non-significant,significant -> non-significant,false-positive risk
avg_shortestPathLength,4.0,1000,0.1,0.04577034649325166,-0.0042296535067483446,0.030563543135895,ancova_p_value,,1000.0,0.0033060690977169,0.10270180224212444,significant,non-significant,significant -> non-significant,false-positive risk
betweeness,4.0,50,0.5,0.05094706873769324,0.0009470687376932352,0.1927742919041782,ancova_p_value,,50.0,0.0215036451816931,0.5361098603805673,non-significant,significant,non-significant -> significant,false-negative risk
betweeness,2.0,50,0.5,0.05094706873769324,0.0009470687376932352,0.1927742919041782,two_sample_t_p_value,50.0,,0.021503645181693,0.5361098603805665,non-significant,significant,non-significant -> significant,false-negative risk
betweeness,2.0,50,0.4,0.05094706873769324,0.0009470687376932352,0.1765933916024167,two_sample_t_p_value,50.0,,0.0196986932071715,0.5299199215670998,non-significant,significant,non-significant -> significant,false-negative risk
betweeness,4.0,50,0.4,0.05094706873769324,0.0009470687376932352,0.1765933916024167,ancova_p_value,,50.0,0.0196986932071716,0.5299199215670994,non-significant,significant,non-significant -> significant,false-negative risk
betweeness,2.0,50,0.3,0.05094706873769324,0.0009470687376932352,0.1247333168256184,two_sample_t_p_value,50.0,,0.0139137898568292,0.5073265433835283,non-significant,significant,non-significant -> significant,false-negative risk
betweeness,4.0,50,0.3,0.05094706873769324,0.0009470687376932352,0.1247333168256184,ancova_p_value,,50.0,0.0139137898568293,0.5073265433835281,non-significant,significant,non-significant -> significant,false-negative risk
betweeness,2.0,50,0.2,0.05094706873769324,0.0009470687376932352,0.0973272887753488,two_sample_t_p_value,50.0,,0.0108566939276404,0.4919811290269864,non-significant,significant,non-significant -> significant,false-negative risk
betweeness,4.0,50,0.2,0.05094706873769324,0.0009470687376932352,0.0973272887753488,ancova_p_value,,50.0,0.0108566939276404,0.4919811290269864,non-significant,significant,non-significant -> significant,false-negative risk
betweeness,4.0,50,0.1,0.05094706873769324,0.0009470687376932352,0.0692786045549923,ancova_p_value,,50.0,0.0077279107930734,0.47003394611531013,non-significant,significant,non-significant -> significant,false-negative risk
betweeness,2.0,50,0.1,0.05094706873769324,0.0009470687376932352,0.0692786045549923,two_sample_t_p_value,50.0,,0.0077279107930733,0.47003394611530797,non-significant,significant,non-significant -> significant,false-negative risk
betweeness,2.0,30,0.5,0.054625044962983094,0.004625044962983091,0.1927742919041782,two_sample_t_p_value,30.0,,0.0219193141307302,0.4651876311128638,non-significant,significant,non-significant -> significant,false-negative risk
betweeness,4.0,30,0.5,0.054625044962983094,0.004625044962983091,0.1927742919041782,ancova_p_value,,30.0,0.0219193141307302,0.4651876311128638,non-significant,significant,non-significant -> significant,false-negative risk
betweeness,2.0,50,0.05,0.05094706873769324,0.0009470687376932352,0.0626583545841557,two_sample_t_p_value,50.0,,0.0069894331414073,0.46302501681432884,non-significant,significant,non-significant -> significant,false-negative risk
betweeness,4.0,50,0.05,0.05094706873769324,0.0009470687376932352,0.0626583545841557,ancova_p_value,,50.0,0.0069894331414073,0.46302501681432884,non-significant,significant,non-significant -> significant,false-negative risk
betweeness,2.0,30,0.4,0.054625044962983094,0.004625044962983091,0.1765933916024167,two_sample_t_p_value,30.0,,0.0200794721417962,0.452920814359206,non-significant,significant,non-significant -> significant,false-negative risk
betweeness,4.0,30,0.4,0.054625044962983094,0.004625044962983091,0.1765933916024167,ancova_p_value,,30.0,0.0200794721417961,0.452920814359205,non-significant,significant,non-significant -> significant,false-negative risk
betweeness,2.0,30,0.3,0.054625044962983094,0.004625044962983091,0.1247333168256184,two_sample_t_p_value,30.0,,0.0141827456714386,0.40058035306662615,non-significant,significant,non-significant -> significant,false-negative risk
betweeness,4.0,30,0.3,0.054625044962983094,0.004625044962983091,0.1247333168256184,ancova_p_value,,30.0,0.0141827456714386,0.40058035306662615,non-significant,significant,non-significant -> significant,false-negative risk
betweeness,2.0,30,0.2,0.054625044962983094,0.004625044962983091,0.0973272887753488,two_sample_t_p_value,30.0,,0.0110665555821083,0.35768135918020505,non-significant,significant,non-significant -> significant,false-negative risk
betweeness,4.0,30,0.2,0.054625044962983094,0.004625044962983091,0.0973272887753488,ancova_p_value,,30.0,0.0110665555821083,0.35768135918020505,non-significant,significant,non-significant -> significant,false-negative risk
betweeness,2.0,30,0.1,0.054625044962983094,0.004625044962983091,0.0692786045549923,two_sample_t_p_value,30.0,,0.0078772925620929,0.288630905661114,non-significant,significant,non-significant -> significant,false-negative risk
betweeness,4.0,30,0.1,0.054625044962983094,0.004625044962983091,0.0692786045549923,ancova_p_value,,30.0,0.0078772925620929,0.288630905661114,non-significant,significant,non-significant -> significant,false-negative risk
betweeness,2.0,30,0.05,0.054625044962983094,0.004625044962983091,0.0626583545841557,two_sample_t_p_value,30.0,,0.0071245400176465,0.26579353394166366,non-significant,significant,non-significant -> significant,false-negative risk
betweeness,4.0,30,0.05,0.054625044962983094,0.004625044962983091,0.0626583545841557,ancova_p_value,,30.0,0.0071245400176465,0.26579353394166366,non-significant,significant,non-significant -> significant,false-negative risk
betweeness,0.2,75,0.5,0.08116706380718447,0.031167063807184467,0.1927742919041782,partial_correlation_p_value,75.0,,0.0340794021146407,0.18145186335300162,non-significant,significant,non-significant -> significant,false-negative risk
betweeness,0.1,300,0.5,0.0827480032540806,0.0327480032540806,0.1927742919041782,partial_correlation_p_value,300.0,,0.0342620932041019,0.16732686124179863,non-significant,significant,non-significant -> significant,false-negative risk
betweeness,0.2,75,0.4,0.08116706380718447,0.031167063807184467,0.1765933916024167,partial_correlation_p_value,75.0,,0.0312188785328202,0.15409861243942877,non-significant,significant,non-significant -> significant,false-negative risk
betweeness,0.1,300,0.4,0.0827480032540806,0.0327480032540806,0.1765933916024167,partial_correlation_p_value,300.0,,0.0313862350759818,0.14035698940773603,non-significant,significant,non-significant -> significant,false-negative risk
betweeness,0.3,30,0.5,0.09527344416868826,0.045273444168688254,0.1927742919041782,partial_correlation_p_value,30.0,,0.0395214203089589,0.1092217866931298,non-significant,significant,non-significant -> significant,false-negative risk
betweeness,4.0,75,0.2,0.04912138289485513,-0.0008786171051448702,0.0973272887753488,ancova_p_value,,75.0,0.0107454750829851,0.4402272026086651,significant,non-significant,significant -> non-significant,false-positive risk
betweeness,2.0,75,0.2,0.04912138289485513,-0.0008786171051448702,0.0973272887753488,two_sample_t_p_value,75.0,,0.0107454750829853,0.4402272026086649,significant,non-significant,significant -> non-significant,false-positive risk
betweeness,4.0,75,0.3,0.04912138289485513,-0.0008786171051448702,0.1247333168256184,ancova_p_value,,75.0,0.0137712533127426,0.4395427625717425,significant,non-significant,significant -> non-significant,false-positive risk
betweeness,2.0,75,0.3,0.04912138289485513,-0.0008786171051448702,0.1247333168256184,two_sample_t_p_value,75.0,,0.0137712533127428,0.4395427625717412,significant,non-significant,significant -> non-significant,false-positive risk
betweeness,2.0,75,0.1,0.04912138289485513,-0.0008786171051448702,0.0692786045549923,two_sample_t_p_value,75.0,,0.0076487440305458,0.4351254925711956,significant,non-significant,significant -> non-significant,false-positive risk
betweeness,4.0,75,0.1,0.04912138289485513,-0.0008786171051448702,0.0692786045549923,ancova_p_value,,75.0,0.0076487440305457,0.4351254925711949,significant,non-significant,significant -> non-significant,false-positive risk
betweeness,2.0,75,0.05,0.04912138289485513,-0.0008786171051448702,0.0626583545841557,two_sample_t_p_value,75.0,,0.0069178315393024,0.43222797233163013,significant,non-significant,significant -> non-significant,false-positive risk
betweeness,4.0,75,0.05,0.04912138289485513,-0.0008786171051448702,0.0626583545841557,ancova_p_value,,75.0,0.0069178315393023,0.4322279723316296,significant,non-significant,significant -> non-significant,false-positive risk
betweeness,4.0,75,0.4,0.04912138289485513,-0.0008786171051448702,0.1765933916024167,ancova_p_value,,75.0,0.0194968945828092,0.4321546626896866,significant,non-significant,significant -> non-significant,false-positive risk
betweeness,2.0,75,0.4,0.04912138289485513,-0.0008786171051448702,0.1765933916024167,two_sample_t_p_value,75.0,,0.0194968945828095,0.4321546626896856,significant,non-significant,significant -> non-significant,false-positive risk
betweeness,4.0,75,0.5,0.04912138289485513,-0.0008786171051448702,0.1927742919041782,ancova_p_value,,75.0,0.0212833561518166,0.429010270218784,significant,non-significant,significant -> non-significant,false-positive risk
betweeness,2.0,75,0.5,0.04912138289485513,-0.0008786171051448702,0.1927742919041782,two_sample_t_p_value,75.0,,0.0212833561518169,0.42901027021878346,significant,non-significant,significant -> non-significant,false-positive risk
betweeness,4.0,100,0.4,0.04821217873113365,-0.0017878212688663547,0.1765933916024167,ancova_p_value,,100.0,0.0193930070956474,0.4134874609760866,significant,non-significant,significant -> non-significant,false-positive risk
betweeness,2.0,100,0.4,0.04821217873113365,-0.0017878212688663547,0.1765933916024167,two_sample_t_p_value,100.0,,0.0193930070956479,0.41348746097608613,significant,non-significant,significant -> non-significant,false-positive risk
betweeness,2.0,100,0.3,0.04821217873113365,-0.0017878212688663547,0.1247333168256184,two_sample_t_p_value,100.0,,0.0136978744012628,0.413456341454568,significant,non-significant,significant -> non-significant,false-positive risk
betweeness,4.0,100,0.3,0.04821217873113365,-0.0017878212688663547,0.1247333168256184,ancova_p_value,,100.0,0.0136978744012624,0.41345634145456733,significant,non-significant,significant -> non-significant,false-positive risk
betweeness,4.0,100,0.5,0.04821217873113365,-0.0017878212688663547,0.1927742919041782,ancova_p_value,,100.0,0.0211699496613834,0.4118335742456213,significant,non-significant,significant -> non-significant,false-positive risk
betweeness,2.0,100,0.5,0.04821217873113365,-0.0017878212688663547,0.1927742919041782,two_sample_t_p_value,100.0,,0.021169949661384,0.41183357424562006,significant,non-significant,significant -> non-significant,false-positive risk
betweeness,4.0,100,0.2,0.04821217873113365,-0.0017878212688663547,0.0973272887753488,ancova_p_value,,100.0,0.0106882187645499,0.40703516570544296,significant,non-significant,significant -> non-significant,false-positive risk
betweeness,2.0,100,0.2,0.04821217873113365,-0.0017878212688663547,0.0973272887753488,two_sample_t_p_value,100.0,,0.0106882187645502,0.4070351657054425,significant,non-significant,significant -> non-significant,false-positive risk
betweeness,2.0,100,0.1,0.04821217873113365,-0.0017878212688663547,0.0692786045549923,two_sample_t_p_value,100.0,,0.0076079883710278,0.3889971959732059,significant,non-significant,significant -> non-significant,false-positive risk
betweeness,4.0,100,0.1,0.04821217873113365,-0.0017878212688663547,0.0692786045549923,ancova_p_value,,100.0,0.0076079883710276,0.3889971959731998,significant,non-significant,significant -> non-significant,false-positive risk
betweeness,2.0,100,0.05,0.04821217873113365,-0.0017878212688663547,0.0626583545841557,two_sample_t_p_value,100.0,,0.0068809704826776,0.38143187127304856,significant,non-significant,significant -> non-significant,false-positive risk
betweeness,4.0,100,0.05,0.04821217873113365,-0.0017878212688663547,0.0626583545841557,ancova_p_value,,100.0,0.0068809704826774,0.38143187127304645,significant,non-significant,significant -> non-significant,false-positive risk
betweeness,4.0,300,0.5,0.0464015209831491,-0.0035984790168509043,0.1927742919041782,ancova_p_value,,300.0,0.0209363885129362,0.3781614049271129,significant,non-significant,significant -> non-significant,false-positive risk
betweeness,2.0,300,0.5,0.0464015209831491,-0.0035984790168509043,0.1927742919041782,two_sample_t_p_value,300.0,,0.0209363885129329,0.3781614049271117,significant,non-significant,significant -> non-significant,false-positive risk
betweeness,4.0,300,0.4,0.0464015209831491,-0.0035984790168509043,0.1765933916024167,ancova_p_value,,300.0,0.0191790503748449,0.37694318334422305,significant,non-significant,significant -> non-significant,false-positive risk
betweeness,2.0,300,0.4,0.0464015209831491,-0.0035984790168509043,0.1765933916024167,two_sample_t_p_value,300.0,,0.0191790503748419,0.37694318334422094,significant,non-significant,significant -> non-significant,false-positive risk
betweeness,2.0,500,0.5,0.046040682769031456,-0.003959317230968547,0.1927742919041782,two_sample_t_p_value,500.0,,0.0208885713303898,0.37155167796981825,significant,non-significant,significant -> non-significant,false-positive risk
betweeness,4.0,500,0.5,0.046040682769031456,-0.003959317230968547,0.1927742919041782,ancova_p_value,,500.0,0.0208885713303906,0.37155167796981825,significant,non-significant,significant -> non-significant,false-positive risk
betweeness,4.0,500,0.4,0.046040682769031456,-0.003959317230968547,0.1765933916024167,ancova_p_value,,500.0,0.0191352468242822,0.3697808859455949,significant,non-significant,significant -> non-significant,false-positive risk
betweeness,2.0,500,0.4,0.046040682769031456,-0.003959317230968547,0.1765933916024167,two_sample_t_p_value,500.0,,0.0191352468242815,0.3697808859455938,significant,non-significant,significant -> non-significant,false-positive risk
betweeness,2.0,1000,0.5,0.04577034649325166,-0.0042296535067483446,0.1927742919041782,two_sample_t_p_value,1000.0,,0.020852462244482,0.3666242438294993,significant,non-significant,significant -> non-significant,false-positive risk
betweeness,4.0,1000,0.5,0.04577034649325166,-0.0042296535067483446,0.1927742919041782,ancova_p_value,,1000.0,0.0208524622444759,0.36662424382949355,significant,non-significant,significant -> non-significant,false-positive risk
betweeness,2.0,1000,0.4,0.04577034649325166,-0.0042296535067483446,0.1765933916024167,two_sample_t_p_value,1000.0,,0.0191021686275721,0.36444451795055244,significant,non-significant,significant -> non-significant,false-positive risk
betweeness,4.0,1000,0.4,0.04577034649325166,-0.0042296535067483446,0.1765933916024167,ancova_p_value,,1000.0,0.0191021686275665,0.36444451795054356,significant,non-significant,significant -> non-significant,false-positive risk
betweeness,4.0,300,0.3,0.0464015209831491,-0.0035984790168509043,0.1247333168256184,ancova_p_value,,300.0,0.0135467502215823,0.3627863396460145,significant,non-significant,significant -> non-significant,false-positive risk
betweeness,2.0,300,0.3,0.0464015209831491,-0.0035984790168509043,0.1247333168256184,two_sample_t_p_value,300.0,,0.0135467502215802,0.3627863396460045,significant,non-significant,significant -> non-significant,false-positive risk
betweeness,4.0,500,0.3,0.046040682769031456,-0.003959317230968547,0.1247333168256184,ancova_p_value,,500.0,0.0135158104332877,0.35294673163771617,significant,non-significant,significant -> non-significant,false-positive risk
betweeness,2.0,500,0.3,0.046040682769031456,-0.003959317230968547,0.1247333168256184,two_sample_t_p_value,500.0,,0.0135158104332872,0.3529467316377133,significant,non-significant,significant -> non-significant,false-positive risk
betweeness,2.0,1000,0.3,0.04577034649325166,-0.0042296535067483446,0.1247333168256184,two_sample_t_p_value,1000.0,,0.01349244629065,0.34564004392724945,significant,non-significant,significant -> non-significant,false-positive risk
betweeness,4.0,1000,0.3,0.04577034649325166,-0.0042296535067483446,0.1247333168256184,ancova_p_value,,1000.0,0.0134924462906461,0.345640043927226,significant,non-significant,significant -> non-significant,false-positive risk
betweeness,4.0,300,0.2,0.0464015209831491,-0.0035984790168509043,0.0973272887753488,ancova_p_value,,300.0,0.0105702991336848,0.34317966276269174,significant,non-significant,significant -> non-significant,false-positive risk
betweeness,2.0,300,0.2,0.0464015209831491,-0.0035984790168509043,0.0973272887753488,two_sample_t_p_value,300.0,,0.0105702991336831,0.3431796627626773,significant,non-significant,significant -> non-significant,false-positive risk
betweeness,0.2,100,0.5,0.043860884260170395,-0.006139115739829608,0.1927742919041782,partial_correlation_p_value,100.0,,0.0204414593739777,0.33211877733414163,significant,non-significant,significant -> non-significant,false-positive risk
betweeness,4.0,500,0.2,0.046040682769031456,-0.003959317230968547,0.0973272887753488,ancova_p_value,,500.0,0.0105461573423283,0.33092120645270273,significant,non-significant,significant -> non-significant,false-positive risk
betweeness,2.0,500,0.2,0.046040682769031456,-0.003959317230968547,0.0973272887753488,two_sample_t_p_value,500.0,,0.0105461573423279,0.33092120645270007,significant,non-significant,significant -> non-significant,false-positive risk
betweeness,0.2,100,0.4,0.043860884260170395,-0.006139115739829608,0.1765933916024167,partial_correlation_p_value,100.0,,0.0187256641147361,0.327089559757193,significant,non-significant,significant -> non-significant,false-positive risk
betweeness,2.0,1000,0.2,0.04577034649325166,-0.0042296535067483446,0.0973272887753488,two_sample_t_p_value,1000.0,,0.010527926698621,0.32185626314992355,significant,non-significant,significant -> non-significant,false-positive risk
betweeness,4.0,1000,0.2,0.04577034649325166,-0.0042296535067483446,0.0973272887753488,ancova_p_value,,1000.0,0.0105279266986179,0.32185626314988725,significant,non-significant,significant -> non-significant,false-positive risk
betweeness,4.0,300,0.1,0.0464015209831491,-0.0035984790168509043,0.0692786045549923,ancova_p_value,,300.0,0.0075240519172461,0.30231626312026094,significant,non-significant,significant -> non-significant,false-positive risk
betweeness,2.0,300,0.1,0.0464015209831491,-0.0035984790168509043,0.0692786045549923,two_sample_t_p_value,300.0,,0.0075240519172449,0.3023162631202352,significant,non-significant,significant -> non-significant,false-positive risk
betweeness,0.2,100,0.3,0.043860884260170395,-0.006139115739829608,0.1247333168256184,partial_correlation_p_value,100.0,,0.0132265096309613,0.2949468392632406,significant,non-significant,significant -> non-significant,false-positive risk
betweeness,4.0,300,0.05,0.0464015209831491,-0.0035984790168509043,0.0626583545841557,ancova_p_value,,300.0,0.0068050549800866,0.28697855213540424,significant,non-significant,significant -> non-significant,false-positive risk
betweeness,2.0,300,0.05,0.0464015209831491,-0.0035984790168509043,0.0626583545841557,two_sample_t_p_value,300.0,,0.0068050549800855,0.2869785521353785,significant,non-significant,significant -> non-significant,false-positive risk
betweeness,4.0,500,0.1,0.046040682769031456,-0.003959317230968547,0.0692786045549923,ancova_p_value,,500.0,0.0075068675320887,0.2861422180370925,significant,non-significant,significant -> non-significant,false-positive risk
betweeness,2.0,500,0.1,0.046040682769031456,-0.003959317230968547,0.0692786045549923,two_sample_t_p_value,500.0,,0.0075068675320885,0.2861422180370904,significant,non-significant,significant -> non-significant,false-positive risk
betweeness,2.0,1000,0.1,0.04577034649325166,-0.0042296535067483446,0.0692786045549923,two_sample_t_p_value,1000.0,,0.0074938907650168,0.27430450527549666,significant,non-significant,significant -> non-significant,false-positive risk
betweeness,4.0,1000,0.1,0.04577034649325166,-0.0042296535067483446,0.0692786045549923,ancova_p_value,,1000.0,0.0074938907650146,0.2743045052754485,significant,non-significant,significant -> non-significant,false-positive risk
betweeness,4.0,500,0.05,0.046040682769031456,-0.003959317230968547,0.0626583545841557,ancova_p_value,,500.0,0.0067895127314311,0.2695788487023145,significant,non-significant,significant -> non-significant,false-positive risk
betweeness,2.0,500,0.05,0.046040682769031456,-0.003959317230968547,0.0626583545841557,two_sample_t_p_value,500.0,,0.0067895127314309,0.2695788487023092,significant,non-significant,significant -> non-significant,false-positive risk
betweeness,0.2,100,0.2,0.043860884260170395,-0.006139115739829608,0.0973272887753488,partial_correlation_p_value,100.0,,0.0103204208394634,0.259938427422272,significant,non-significant,significant -> non-significant,false-positive risk
betweeness,2.0,1000,0.05,0.04577034649325166,-0.0042296535067483446,0.0626583545841557,two_sample_t_p_value,1000.0,,0.0067777760216955,0.25690308485609026,significant,non-significant,significant -> non-significant,false-positive risk
betweeness,4.0,1000,0.05,0.04577034649325166,-0.0042296535067483446,0.0626583545841557,ancova_p_value,,1000.0,0.0067777760216935,0.25690308485603675,significant,non-significant,significant -> non-significant,false-positive risk
betweeness,0.2,100,0.1,0.043860884260170395,-0.006139115739829608,0.0692786045549923,partial_correlation_p_value,100.0,,0.007346185876282,0.19674602347472958,significant,non-significant,significant -> non-significant,false-positive risk
betweeness,0.2,100,0.05,0.043860884260170395,-0.006139115739829608,0.0626583545841557,partial_correlation_p_value,100.0,,0.0066441857833873,0.1754146425432085,significant,non-significant,significant -> non-significant,false-positive risk
betweeness,0.3,50,0.5,0.030712033725595562,-0.01928796627440444,0.1927742919041782,partial_correlation_p_value,50.0,,0.0153362409908559,0.11149858117624134,significant,non-significant,significant -> non-significant,false-positive risk
clusteringcoef,2.0,50,0.5,0.05094706873769324,0.0009470687376932352,0.1286456916174014,two_sample_t_p_value,50.0,,0.0143502086267248,0.5092526509828824,non-significant,significant,non-significant -> significant,false-negative risk
clusteringcoef,4.0,50,0.5,0.05094706873769324,0.0009470687376932352,0.1286456916174014,ancova_p_value,,50.0,0.0143502086267248,0.5092526509828824,non-significant,significant,non-significant -> significant,false-negative risk
clusteringcoef,4.0,50,0.4,0.05094706873769324,0.0009470687376932352,0.0917389556213501,ancova_p_value,,50.0,0.010233324846039,0.48829307277449324,non-significant,significant,non-significant -> significant,false-negative risk
clusteringcoef,2.0,50,0.4,0.05094706873769324,0.0009470687376932352,0.0917389556213501,two_sample_t_p_value,50.0,,0.0102333248460389,0.48829307277449296,non-significant,significant,non-significant -> significant,false-negative risk
clusteringcoef,2.0,50,0.3,0.05094706873769324,0.0009470687376932352,0.0647762287635769,two_sample_t_p_value,50.0,,0.0072256784127238,0.46538105873524743,non-significant,significant,non-significant -> significant,false-negative risk
clusteringcoef,4.0,50,0.3,0.05094706873769324,0.0009470687376932352,0.0647762287635769,ancova_p_value,,50.0,0.0072256784127238,0.46538105873524743,non-significant,significant,non-significant -> significant,false-negative risk
clusteringcoef,2.0,50,0.2,0.05094706873769324,0.0009470687376932352,0.0543516798291376,two_sample_t_p_value,50.0,,0.0060628376664234,0.4524704437532713,non-significant,significant,non-significant -> significant,false-negative risk
clusteringcoef,4.0,50,0.2,0.05094706873769324,0.0009470687376932352,0.0543516798291376,ancova_p_value,,50.0,0.0060628376664234,0.4524704437532713,non-significant,significant,non-significant -> significant,false-negative risk
clusteringcoef,2.0,50,0.05,0.05094706873769324,0.0009470687376932352,0.0460629558710394,two_sample_t_p_value,50.0,,0.0051382445723788,0.43901934759696215,non-significant,significant,non-significant -> significant,false-negative risk
clusteringcoef,4.0,50,0.05,0.05094706873769324,0.0009470687376932352,0.0460629558710394,ancova_p_value,,50.0,0.0051382445723788,0.43901934759696215,non-significant,significant,non-significant -> significant,false-negative risk
clusteringcoef,2.0,50,0.1,0.05094706873769324,0.0009470687376932352,0.0450021927077514,two_sample_t_p_value,50.0,,0.0050199182413113,0.43700657527571535,non-significant,significant,non-significant -> significant,false-negative risk
clusteringcoef,4.0,50,0.1,0.05094706873769324,0.0009470687376932352,0.0450021927077514,ancova_p_value,,50.0,0.0050199182413113,0.43700657527571535,non-significant,significant,non-significant -> significant,false-negative risk
clusteringcoef,2.0,30,0.5,0.054625044962983094,0.004625044962983091,0.1286456916174014,two_sample_t_p_value,30.0,,0.0146276004869389,0.4055475043962331,non-significant,significant,non-significant -> significant,false-negative risk
clusteringcoef,4.0,30,0.5,0.054625044962983094,0.004625044962983091,0.1286456916174014,ancova_p_value,,30.0,0.0146276004869389,0.4055475043962331,non-significant,significant,non-significant -> significant,false-negative risk
clusteringcoef,2.0,30,0.4,0.054625044962983094,0.004625044962983091,0.0917389556213501,two_sample_t_p_value,30.0,,0.0104311366750553,0.3465758283857111,non-significant,significant,non-significant -> significant,false-negative risk
clusteringcoef,4.0,30,0.4,0.054625044962983094,0.004625044962983091,0.0917389556213501,ancova_p_value,,30.0,0.0104311366750553,0.3465758283857111,non-significant,significant,non-significant -> significant,false-negative risk
clusteringcoef,2.0,30,0.3,0.054625044962983094,0.004625044962983091,0.0647762287635769,two_sample_t_p_value,30.0,,0.0073653519483741,0.2734703109052782,non-significant,significant,non-significant -> significant,false-negative risk
clusteringcoef,4.0,30,0.3,0.054625044962983094,0.004625044962983091,0.0647762287635769,ancova_p_value,,30.0,0.0073653519483741,0.2734703109052782,non-significant,significant,non-significant -> significant,false-negative risk
clusteringcoef,2.0,30,0.2,0.054625044962983094,0.004625044962983091,0.0543516798291376,two_sample_t_p_value,30.0,,0.0061800333018467,0.23174086842722905,non-significant,significant,non-significant -> significant,false-negative risk
clusteringcoef,4.0,30,0.2,0.054625044962983094,0.004625044962983091,0.0543516798291376,ancova_p_value,,30.0,0.0061800333018467,0.23174086842722905,non-significant,significant,non-significant -> significant,false-negative risk
clusteringcoef,2.0,30,0.05,0.054625044962983094,0.004625044962983091,0.0460629558710394,two_sample_t_p_value,30.0,,0.0052375676733345,0.19021702167368304,non-significant,significant,non-significant -> significant,false-negative risk
clusteringcoef,4.0,30,0.05,0.054625044962983094,0.004625044962983091,0.0460629558710394,ancova_p_value,,30.0,0.0052375676733345,0.19021702167368304,non-significant,significant,non-significant -> significant,false-negative risk
clusteringcoef,2.0,30,0.1,0.054625044962983094,0.004625044962983091,0.0450021927077514,two_sample_t_p_value,30.0,,0.0051169540750961,0.18427243813089364,non-significant,significant,non-significant -> significant,false-negative risk
clusteringcoef,4.0,30,0.1,0.054625044962983094,0.004625044962983091,0.0450021927077514,ancova_p_value,,30.0,0.0051169540750961,0.18427243813089364,non-significant,significant,non-significant -> significant,false-negative risk
clusteringcoef,2.0,75,0.4,0.04912138289485513,-0.0008786171051448702,0.0917389556213501,two_sample_t_p_value,75.0,,0.0101284919591636,0.4398456471340144,significant,non-significant,significant -> non-significant,false-positive risk
clusteringcoef,4.0,75,0.4,0.04912138289485513,-0.0008786171051448702,0.0917389556213501,ancova_p_value,,75.0,0.0101284919591634,0.43984564713401264,significant,non-significant,significant -> non-significant,false-positive risk
clusteringcoef,4.0,75,0.5,0.04912138289485513,-0.0008786171051448702,0.1286456916174014,ancova_p_value,,75.0,0.0142032012933078,0.43919704024587447,significant,non-significant,significant -> non-significant,false-positive risk
clusteringcoef,2.0,75,0.5,0.04912138289485513,-0.0008786171051448702,0.1286456916174014,two_sample_t_p_value,75.0,,0.014203201293308,0.43919704024587336,significant,non-significant,significant -> non-significant,false-positive risk
clusteringcoef,2.0,75,0.3,0.04912138289485513,-0.0008786171051448702,0.0647762287635769,two_sample_t_p_value,75.0,,0.0071516566515625,0.4332602261687214,significant,non-significant,significant -> non-significant,false-positive risk
clusteringcoef,4.0,75,0.3,0.04912138289485513,-0.0008786171051448702,0.0647762287635769,ancova_p_value,,75.0,0.0071516566515624,0.43326022616871973,significant,non-significant,significant -> non-significant,false-positive risk
clusteringcoef,2.0,75,0.2,0.04912138289485513,-0.0008786171051448702,0.0543516798291376,two_sample_t_p_value,75.0,,0.0060007283534884,0.4269638364615691,significant,non-significant,significant -> non-significant,false-positive risk
clusteringcoef,4.0,75,0.2,0.04912138289485513,-0.0008786171051448702,0.0543516798291376,ancova_p_value,,75.0,0.0060007283534883,0.42696383646156755,significant,non-significant,significant -> non-significant,false-positive risk
clusteringcoef,2.0,75,0.05,0.04912138289485513,-0.0008786171051448702,0.0460629558710394,two_sample_t_p_value,75.0,,0.0050856070356937,0.4190093215849504,significant,non-significant,significant -> non-significant,false-positive risk
clusteringcoef,4.0,75,0.05,0.04912138289485513,-0.0008786171051448702,0.0460629558710394,ancova_p_value,,75.0,0.0050856070356936,0.41900932158494975,significant,non-significant,significant -> non-significant,false-positive risk
clusteringcoef,4.0,75,0.1,0.04912138289485513,-0.0008786171051448702,0.0450021927077514,ancova_p_value,,75.0,0.0049684928708639,0.41772154331209277,significant,non-significant,significant -> non-significant,false-positive risk
clusteringcoef,2.0,75,0.1,0.04912138289485513,-0.0008786171051448702,0.0450021927077514,two_sample_t_p_value,75.0,,0.004968492870864,0.41772154331209255,significant,non-significant,significant -> non-significant,false-positive risk
clusteringcoef,2.0,100,0.5,0.04821217873113365,-0.0017878212688663547,0.1286456916174014,two_sample_t_p_value,100.0,,0.0141275207850227,0.41387967596158437,significant,non-significant,significant -> non-significant,false-positive risk
clusteringcoef,4.0,100,0.5,0.04821217873113365,-0.0017878212688663547,0.1286456916174014,ancova_p_value,,100.0,0.0141275207850223,0.41387967596158437,significant,non-significant,significant -> non-significant,false-positive risk
clusteringcoef,2.0,100,0.4,0.04821217873113365,-0.0017878212688663547,0.0917389556213501,two_sample_t_p_value,100.0,,0.0100745231810125,0.4046916362381272,significant,non-significant,significant -> non-significant,false-positive risk
clusteringcoef,4.0,100,0.4,0.04821217873113365,-0.0017878212688663547,0.0917389556213501,ancova_p_value,,100.0,0.0100745231810122,0.404691636238125,significant,non-significant,significant -> non-significant,false-positive risk
clusteringcoef,2.0,100,0.3,0.04821217873113365,-0.0017878212688663547,0.0647762287635769,two_sample_t_p_value,100.0,,0.0071135496784024,0.38405589865526557,significant,non-significant,significant -> non-significant,false-positive risk
clusteringcoef,4.0,100,0.3,0.04821217873113365,-0.0017878212688663547,0.0647762287635769,ancova_p_value,,100.0,0.0071135496784022,0.38405589865526335,significant,non-significant,significant -> non-significant,false-positive risk
clusteringcoef,2.0,100,0.2,0.04821217873113365,-0.0017878212688663547,0.0543516798291376,two_sample_t_p_value,100.0,,0.005968754000489,0.36880720240919895,significant,non-significant,significant -> non-significant,false-positive risk
clusteringcoef,4.0,100,0.2,0.04821217873113365,-0.0017878212688663547,0.0543516798291376,ancova_p_value,,100.0,0.0059687540004888,0.3688072024091953,significant,non-significant,significant -> non-significant,false-positive risk
clusteringcoef,4.0,300,0.5,0.0464015209831491,-0.0035984790168509043,0.1286456916174014,ancova_p_value,,300.0,0.0139716564569516,0.36465873418438954,significant,non-significant,significant -> non-significant,false-positive risk
clusteringcoef,2.0,300,0.5,0.0464015209831491,-0.0035984790168509043,0.1286456916174014,two_sample_t_p_value,300.0,,0.0139716564569495,0.3646587341843799,significant,non-significant,significant -> non-significant,false-positive risk
clusteringcoef,4.0,500,0.5,0.046040682769031456,-0.003959317230968547,0.1286456916174014,ancova_p_value,,500.0,0.0139397462138429,0.3550901822050815,significant,non-significant,significant -> non-significant,false-positive risk
clusteringcoef,2.0,500,0.5,0.046040682769031456,-0.003959317230968547,0.1286456916174014,two_sample_t_p_value,500.0,,0.0139397462138424,0.3550901822050795,significant,non-significant,significant -> non-significant,false-positive risk
clusteringcoef,2.0,100,0.05,0.04821217873113365,-0.0017878212688663547,0.0460629558710394,two_sample_t_p_value,100.0,,0.0050585088261103,0.3511008955479227,significant,non-significant,significant -> non-significant,false-positive risk
clusteringcoef,4.0,100,0.05,0.04821217873113365,-0.0017878212688663547,0.0460629558710394,ancova_p_value,,100.0,0.0050585088261102,0.35110089554792,significant,non-significant,significant -> non-significant,false-positive risk
clusteringcoef,2.0,100,0.1,0.04821217873113365,-0.0017878212688663547,0.0450021927077514,two_sample_t_p_value,100.0,,0.0049420186938025,0.34833307361725163,significant,non-significant,significant -> non-significant,false-positive risk
clusteringcoef,4.0,100,0.1,0.04821217873113365,-0.0017878212688663547,0.0450021927077514,ancova_p_value,,100.0,0.0049420186938024,0.3483330736172494,significant,non-significant,significant -> non-significant,false-positive risk
clusteringcoef,2.0,1000,0.5,0.04577034649325166,-0.0042296535067483446,0.1286456916174014,two_sample_t_p_value,1000.0,,0.0139156492334598,0.3479819853500299,significant,non-significant,significant -> non-significant,false-positive risk
clusteringcoef,4.0,1000,0.5,0.04577034649325166,-0.0042296535067483446,0.1286456916174014,ancova_p_value,,1000.0,0.0139156492334557,0.34798198535000846,significant,non-significant,significant -> non-significant,false-positive risk
clusteringcoef,4.0,300,0.4,0.0464015209831491,-0.0035984790168509043,0.0917389556213501,ancova_p_value,,300.0,0.0099633742533175,0.3372677166370992,significant,non-significant,significant -> non-significant,false-positive risk
clusteringcoef,2.0,300,0.4,0.0464015209831491,-0.0035984790168509043,0.0917389556213501,two_sample_t_p_value,300.0,,0.0099633742533159,0.3372677166370821,significant,non-significant,significant -> non-significant,false-positive risk
clusteringcoef,4.0,500,0.4,0.046040682769031456,-0.003959317230968547,0.0917389556213501,ancova_p_value,,500.0,0.0099406186340689,0.3243716245972065,significant,non-significant,significant -> non-significant,false-positive risk
clusteringcoef,2.0,500,0.4,0.046040682769031456,-0.003959317230968547,0.0917389556213501,two_sample_t_p_value,500.0,,0.0099406186340685,0.3243716245972016,significant,non-significant,significant -> non-significant,false-positive risk
clusteringcoef,2.0,1000,0.4,0.04577034649325166,-0.0042296535067483446,0.0917389556213501,two_sample_t_p_value,1000.0,,0.0099234347565042,0.31484786669559917,significant,non-significant,significant -> non-significant,false-positive risk
clusteringcoef,4.0,1000,0.4,0.04577034649325166,-0.0042296535067483446,0.0917389556213501,ancova_p_value,,1000.0,0.0099234347565013,0.31484786669556386,significant,non-significant,significant -> non-significant,false-positive risk
clusteringcoef,0.2,100,0.5,0.043860884260170395,-0.006139115739829608,0.1286456916174014,partial_correlation_p_value,100.0,,0.0136413712267272,0.29860024423165044,significant,non-significant,significant -> non-significant,false-positive risk
clusteringcoef,4.0,300,0.3,0.0464015209831491,-0.0035984790168509043,0.0647762287635769,ancova_p_value,,300.0,0.0070350682054181,0.29222193734978374,significant,non-significant,significant -> non-significant,false-positive risk
clusteringcoef,2.0,300,0.3,0.0464015209831491,-0.0035984790168509043,0.0647762287635769,two_sample_t_p_value,300.0,,0.007035068205417,0.29222193734975943,significant,non-significant,significant -> non-significant,false-positive risk
clusteringcoef,4.0,500,0.3,0.046040682769031456,-0.003959317230968547,0.0647762287635769,ancova_p_value,,500.0,0.007019000623352,0.27522785973453157,significant,non-significant,significant -> non-significant,false-positive risk
clusteringcoef,2.0,500,0.3,0.046040682769031456,-0.003959317230968547,0.0647762287635769,two_sample_t_p_value,500.0,,0.0070190006233518,0.275227859734527,significant,non-significant,significant -> non-significant,false-positive risk
clusteringcoef,2.0,1000,0.3,0.04577034649325166,-0.0042296535067483446,0.0647762287635769,two_sample_t_p_value,1000.0,,0.0070068672087449,0.2628272616146331,significant,non-significant,significant -> non-significant,false-positive risk
clusteringcoef,4.0,1000,0.3,0.04577034649325166,-0.0042296535067483446,0.0647762287635769,ancova_p_value,,1000.0,0.0070068672087429,0.26282726161458303,significant,non-significant,significant -> non-significant,false-positive risk
clusteringcoef,4.0,300,0.2,0.0464015209831491,-0.0035984790168509043,0.0543516798291376,ancova_p_value,,300.0,0.0059029026847582,0.2626958895809677,significant,non-significant,significant -> non-significant,false-positive risk
clusteringcoef,2.0,300,0.2,0.0464015209831491,-0.0035984790168509043,0.0543516798291376,two_sample_t_p_value,300.0,,0.0059029026847573,0.26269588958094037,significant,non-significant,significant -> non-significant,false-positive risk
clusteringcoef,0.2,100,0.4,0.043860884260170395,-0.006139115739829608,0.0917389556213501,partial_correlation_p_value,100.0,,0.0097278434578668,0.250137645640089,significant,non-significant,significant -> non-significant,false-positive risk
clusteringcoef,4.0,500,0.2,0.046040682769031456,-0.003959317230968547,0.0543516798291376,ancova_p_value,,500.0,0.0058894208860683,0.24359763204088403,significant,non-significant,significant -> non-significant,false-positive risk
clusteringcoef,2.0,500,0.2,0.046040682769031456,-0.003959317230968547,0.0543516798291376,two_sample_t_p_value,500.0,,0.005889420886068,0.24359763204087392,significant,non-significant,significant -> non-significant,false-positive risk
clusteringcoef,4.0,300,0.05,0.0464015209831491,-0.0035984790168509043,0.0460629558710394,ancova_p_value,,300.0,0.0050026999484437,0.23083590871127135,significant,non-significant,significant -> non-significant,false-positive risk
clusteringcoef,2.0,300,0.05,0.0464015209831491,-0.0035984790168509043,0.0460629558710394,two_sample_t_p_value,300.0,,0.005002699948443,0.23083590871124304,significant,non-significant,significant -> non-significant,false-positive risk
clusteringcoef,2.0,1000,0.2,0.04577034649325166,-0.0042296535067483446,0.0543516798291376,two_sample_t_p_value,1000.0,,0.0058792401225606,0.22980075182984294,significant,non-significant,significant -> non-significant,false-positive risk
clusteringcoef,4.0,1000,0.2,0.04577034649325166,-0.0042296535067483446,0.0543516798291376,ancova_p_value,,1000.0,0.0058792401225589,0.2298007518297852,significant,non-significant,significant -> non-significant,false-positive risk
clusteringcoef,4.0,300,0.1,0.0464015209831491,-0.0035984790168509043,0.0450021927077514,ancova_p_value,,300.0,0.0048874950137637,0.22606284866539306,significant,non-significant,significant -> non-significant,false-positive risk
clusteringcoef,2.0,300,0.1,0.0464015209831491,-0.0035984790168509043,0.0450021927077514,two_sample_t_p_value,300.0,,0.0048874950137629,0.22606284866535953,significant,non-significant,significant -> non-significant,false-positive risk
clusteringcoef,4.0,500,0.05,0.046040682769031456,-0.003959317230968547,0.0460629558710394,ancova_p_value,,500.0,0.0049912741470689,0.2099759578830115,significant,non-significant,significant -> non-significant,false-positive risk
clusteringcoef,2.0,500,0.05,0.046040682769031456,-0.003959317230968547,0.0460629558710394,two_sample_t_p_value,500.0,,0.0049912741470687,0.20997595788300327,significant,non-significant,significant -> non-significant,false-positive risk
clusteringcoef,4.0,500,0.1,0.046040682769031456,-0.003959317230968547,0.0450021927077514,ancova_p_value,,500.0,0.0048763323320472,0.2049878405203046,significant,non-significant,significant -> non-significant,false-positive risk
clusteringcoef,2.0,500,0.1,0.046040682769031456,-0.003959317230968547,0.0450021927077514,two_sample_t_p_value,500.0,,0.004876332332047,0.20498784052029562,significant,non-significant,significant -> non-significant,false-positive risk
clusteringcoef,2.0,1000,0.05,0.04577034649325166,-0.0042296535067483446,0.0460629558710394,two_sample_t_p_value,1000.0,,0.0049826459673758,0.19510548001262373,significant,non-significant,significant -> non-significant,false-positive risk
clusteringcoef,4.0,1000,0.05,0.04577034649325166,-0.0042296535067483446,0.0460629558710394,ancova_p_value,,1000.0,0.0049826459673744,0.19510548001256256,significant,non-significant,significant -> non-significant,false-positive risk
clusteringcoef,2.0,1000,0.1,0.04577034649325166,-0.0042296535067483446,0.0450021927077514,two_sample_t_p_value,1000.0,,0.0048679028468367,0.1899978445499585,significant,non-significant,significant -> non-significant,false-positive risk
clusteringcoef,4.0,1000,0.1,0.04577034649325166,-0.0042296535067483446,0.0450021927077514,ancova_p_value,,1000.0,0.0048679028468353,0.1899978445498951,significant,non-significant,significant -> non-significant,false-positive risk
clusteringcoef,0.2,100,0.3,0.043860884260170395,-0.006139115739829608,0.0647762287635769,partial_correlation_p_value,100.0,,0.0068687615739152,0.18257153314607977,significant,non-significant,significant -> non-significant,false-positive risk
clusteringcoef,0.2,100,0.2,0.043860884260170395,-0.006139115739829608,0.0543516798291376,partial_correlation_p_value,100.0,,0.0057633600630057,0.14408617487281672,significant,non-significant,significant -> non-significant,false-positive risk
clusteringcoef,0.2,100,0.05,0.043860884260170395,-0.006139115739829608,0.0460629558710394,partial_correlation_p_value,100.0,,0.0048844378147228,0.1075431018622599,significant,non-significant,significant -> non-significant,false-positive risk
clusteringcoef,0.2,100,0.1,0.043860884260170395,-0.006139115739829608,0.0450021927077514,partial_correlation_p_value,100.0,,0.0047719562857098,0.10252205264881331,significant,non-significant,significant -> non-significant,false-positive risk
degree,2.0,50,0.05,0.05094706873769324,0.0009470687376932352,0.117434789749695,two_sample_t_p_value,50.0,,0.0130996515449238,0.5035871794627365,non-significant,significant,non-significant -> significant,false-negative risk
degree,4.0,50,0.05,0.05094706873769324,0.0009470687376932352,0.117434789749695,ancova_p_value,,50.0,0.0130996515449238,0.5035871794627365,non-significant,significant,non-significant -> significant,false-negative risk
degree,2.0,50,0.1,0.05094706873769324,0.0009470687376932352,0.0750776576472831,two_sample_t_p_value,50.0,,0.0083747853262627,0.47543071145552757,non-significant,significant,non-significant -> significant,false-negative risk
degree,4.0,50,0.1,0.05094706873769324,0.0009470687376932352,0.0750776576472831,ancova_p_value,,50.0,0.0083747853262627,0.47543071145552757,non-significant,significant,non-significant -> significant,false-negative risk
degree,2.0,50,0.2,0.05094706873769324,0.0009470687376932352,0.0558141861322291,two_sample_t_p_value,50.0,,0.0062259777630982,0.45450462857242657,non-significant,significant,non-significant -> significant,false-negative risk
degree,4.0,50,0.2,0.05094706873769324,0.0009470687376932352,0.0558141861322291,ancova_p_value,,50.0,0.0062259777630982,0.45450462857242657,non-significant,significant,non-significant -> significant,false-negative risk
degree,4.0,50,0.3,0.05094706873769324,0.0009470687376932352,0.0468999289895655,ancova_p_value,,50.0,0.0052316075036578,0.4405535691971022,non-significant,significant,non-significant -> significant,false-negative risk
degree,2.0,50,0.3,0.05094706873769324,0.0009470687376932352,0.0468999289895655,two_sample_t_p_value,50.0,,0.0052316075036577,0.4405535691970996,non-significant,significant,non-significant -> significant,false-negative risk
degree,4.0,50,0.4,0.05094706873769324,0.0009470687376932352,0.0452103422696232,ancova_p_value,,50.0,0.0050431369717707,0.43740777787698526,non-significant,significant,non-significant -> significant,false-negative risk
degree,2.0,50,0.4,0.05094706873769324,0.0009470687376932352,0.0452103422696232,two_sample_t_p_value,50.0,,0.0050431369717706,0.43740777787698265,non-significant,significant,non-significant -> significant,false-negative risk
degree,2.0,50,0.5,0.05094706873769324,0.0009470687376932352,0.0439356043225321,two_sample_t_p_value,50.0,,0.004900942116621,0.4349006612415867,non-significant,significant,non-significant -> significant,false-negative risk
degree,4.0,50,0.5,0.05094706873769324,0.0009470687376932352,0.0439356043225321,ancova_p_value,,50.0,0.004900942116621,0.4349006612415867,non-significant,significant,non-significant -> significant,false-negative risk
degree,2.0,30,0.05,0.054625044962983094,0.004625044962983091,0.117434789749695,two_sample_t_p_value,30.0,,0.013352869933919,0.3906622513833758,non-significant,significant,non-significant -> significant,false-negative risk
degree,4.0,30,0.05,0.054625044962983094,0.004625044962983091,0.117434789749695,ancova_p_value,,30.0,0.0133528699339189,0.3906622513833747,non-significant,significant,non-significant -> significant,false-negative risk
degree,2.0,30,0.1,0.054625044962983094,0.004625044962983091,0.0750776576472831,two_sample_t_p_value,30.0,,0.0085366712849253,0.30611600308318926,non-significant,significant,non-significant -> significant,false-negative risk
degree,4.0,30,0.1,0.054625044962983094,0.004625044962983091,0.0750776576472831,ancova_p_value,,30.0,0.0085366712849253,0.30611600308318926,non-significant,significant,non-significant -> significant,false-negative risk
degree,2.0,30,0.2,0.054625044962983094,0.004625044962983091,0.0558141861322291,two_sample_t_p_value,30.0,,0.0063463269230499,0.23823548682041631,non-significant,significant,non-significant -> significant,false-negative risk
degree,4.0,30,0.2,0.054625044962983094,0.004625044962983091,0.0558141861322291,ancova_p_value,,30.0,0.0063463269230499,0.23823548682041631,non-significant,significant,non-significant -> significant,false-negative risk
degree,2.0,30,0.3,0.054625044962983094,0.004625044962983091,0.0468999289895655,two_sample_t_p_value,30.0,,0.0053327353252176,0.19480136097730383,non-significant,significant,non-significant -> significant,false-negative risk
degree,4.0,30,0.3,0.054625044962983094,0.004625044962983091,0.0468999289895655,ancova_p_value,,30.0,0.0053327353252176,0.19480136097730383,non-significant,significant,non-significant -> significant,false-negative risk
degree,2.0,30,0.4,0.054625044962983094,0.004625044962983091,0.0452103422696232,two_sample_t_p_value,30.0,,0.0051406216273811,0.18545087986575753,non-significant,significant,non-significant -> significant,false-negative risk
degree,4.0,30,0.4,0.054625044962983094,0.004625044962983091,0.0452103422696232,ancova_p_value,,30.0,0.0051406216273811,0.18545087986575753,non-significant,significant,non-significant -> significant,false-negative risk
degree,2.0,30,0.5,0.054625044962983094,0.004625044962983091,0.0439356043225321,two_sample_t_p_value,30.0,,0.0049956781226188,0.1781414680592554,non-significant,significant,non-significant -> significant,false-negative risk
degree,4.0,30,0.5,0.054625044962983094,0.004625044962983091,0.0439356043225321,ancova_p_value,,30.0,0.0049956781226188,0.1781414680592554,non-significant,significant,non-significant -> significant,false-negative risk
degree,4.0,75,0.05,0.04912138289485513,-0.0008786171051448702,0.117434789749695,ancova_p_value,,75.0,0.0129654552490787,0.4400500403318739,significant,non-significant,significant -> non-significant,false-positive risk
degree,2.0,75,0.05,0.04912138289485513,-0.0008786171051448702,0.117434789749695,two_sample_t_p_value,75.0,,0.0129654552490789,0.4400500403318722,significant,non-significant,significant -> non-significant,false-positive risk
degree,2.0,75,0.1,0.04912138289485513,-0.0008786171051448702,0.0750776576472831,two_sample_t_p_value,75.0,,0.0082889918098912,0.4369762796010279,significant,non-significant,significant -> non-significant,false-positive risk
degree,4.0,75,0.1,0.04912138289485513,-0.0008786171051448702,0.0750776576472831,ancova_p_value,,75.0,0.0082889918098911,0.43697627960102525,significant,non-significant,significant -> non-significant,false-positive risk
degree,4.0,75,0.2,0.04912138289485513,-0.0008786171051448702,0.0558141861322291,ancova_p_value,,75.0,0.0061621971998553,0.4280534132554099,significant,non-significant,significant -> non-significant,false-positive risk
degree,2.0,75,0.2,0.04912138289485513,-0.0008786171051448702,0.0558141861322291,two_sample_t_p_value,75.0,,0.0061621971998554,0.4280534132554097,significant,non-significant,significant -> non-significant,false-positive risk
degree,2.0,75,0.3,0.04912138289485513,-0.0008786171051448702,0.0468999289895655,two_sample_t_p_value,75.0,,0.0051780135324061,0.41997547455627793,significant,non-significant,significant -> non-significant,false-positive risk
degree,4.0,75,0.3,0.04912138289485513,-0.0008786171051448702,0.0468999289895655,ancova_p_value,,75.0,0.005178013532406,0.41997547455627693,significant,non-significant,significant -> non-significant,false-positive risk
degree,2.0,75,0.4,0.04912138289485513,-0.0008786171051448702,0.0452103422696232,two_sample_t_p_value,75.0,,0.0049914737425062,0.4179800235587443,significant,non-significant,significant -> non-significant,false-positive risk
degree,4.0,75,0.4,0.04912138289485513,-0.0008786171051448702,0.0452103422696232,ancova_p_value,,75.0,0.0049914737425061,0.4179800235587432,significant,non-significant,significant -> non-significant,false-positive risk
degree,2.0,75,0.5,0.04912138289485513,-0.0008786171051448702,0.0439356043225321,two_sample_t_p_value,75.0,,0.0048507355690693,0.4163506392298225,significant,non-significant,significant -> non-significant,false-positive risk
degree,4.0,75,0.5,0.04912138289485513,-0.0008786171051448702,0.0439356043225321,ancova_p_value,,75.0,0.0048507355690693,0.4163506392298225,significant,non-significant,significant -> non-significant,false-positive risk
degree,2.0,100,0.05,0.04821217873113365,-0.0017878212688663547,0.117434789749695,two_sample_t_p_value,100.0,,0.0128963699616752,0.41239254262014535,significant,non-significant,significant -> non-significant,false-positive risk
degree,4.0,100,0.05,0.04821217873113365,-0.0017878212688663547,0.117434789749695,ancova_p_value,,100.0,0.0128963699616749,0.4123925426201449,significant,non-significant,significant -> non-significant,false-positive risk
degree,4.0,100,0.1,0.04821217873113365,-0.0017878212688663547,0.0750776576472831,ancova_p_value,,100.0,0.0082448246464191,0.394288483244138,significant,non-significant,significant -> non-significant,false-positive risk
degree,2.0,100,0.1,0.04821217873113365,-0.0017878212688663547,0.0750776576472831,two_sample_t_p_value,100.0,,0.0082448246464193,0.3942884832441367,significant,non-significant,significant -> non-significant,false-positive risk
degree,2.0,100,0.2,0.04821217873113365,-0.0017878212688663547,0.0558141861322291,two_sample_t_p_value,100.0,,0.0061293624743165,0.37134058644095747,significant,non-significant,significant -> non-significant,false-positive risk
degree,4.0,100,0.2,0.04821217873113365,-0.0017878212688663547,0.0558141861322291,ancova_p_value,,100.0,0.0061293624743163,0.37134058644095447,significant,non-significant,significant -> non-significant,false-positive risk
degree,4.0,300,0.05,0.0464015209831491,-0.0035984790168509043,0.117434789749695,ancova_p_value,,300.0,0.012754088519006,0.358774734794709,significant,non-significant,significant -> non-significant,false-positive risk
degree,2.0,300,0.05,0.0464015209831491,-0.0035984790168509043,0.117434789749695,two_sample_t_p_value,300.0,,0.012754088519004,0.3587747347946978,significant,non-significant,significant -> non-significant,false-positive risk
degree,2.0,100,0.3,0.04821217873113365,-0.0017878212688663547,0.0468999289895655,two_sample_t_p_value,100.0,,0.0051504229429363,0.35319265814184175,significant,non-significant,significant -> non-significant,false-positive risk
degree,4.0,100,0.3,0.04821217873113365,-0.0017878212688663547,0.0468999289895655,ancova_p_value,,100.0,0.0051504229429362,0.3531926581418403,significant,non-significant,significant -> non-significant,false-positive risk
degree,2.0,100,0.4,0.04821217873113365,-0.0017878212688663547,0.0452103422696232,two_sample_t_p_value,100.0,,0.0049648771138923,0.3488868384328345,significant,non-significant,significant -> non-significant,false-positive risk
degree,4.0,100,0.4,0.04821217873113365,-0.0017878212688663547,0.0452103422696232,ancova_p_value,,100.0,0.0049648771138922,0.34888683843283275,significant,non-significant,significant -> non-significant,false-positive risk
degree,4.0,500,0.05,0.046040682769031456,-0.003959317230968547,0.117434789749695,ancova_p_value,,500.0,0.0127249591121582,0.3483866568374553,significant,non-significant,significant -> non-significant,false-positive risk
degree,2.0,500,0.05,0.046040682769031456,-0.003959317230968547,0.117434789749695,two_sample_t_p_value,500.0,,0.0127249591121578,0.34838665683745307,significant,non-significant,significant -> non-significant,false-positive risk
degree,2.0,100,0.5,0.04821217873113365,-0.0017878212688663547,0.0439356043225321,two_sample_t_p_value,100.0,,0.0048248888514284,0.34541035254276176,significant,non-significant,significant -> non-significant,false-positive risk
degree,4.0,100,0.5,0.04821217873113365,-0.0017878212688663547,0.0439356043225321,ancova_p_value,,100.0,0.0048248888514283,0.3454103525427601,significant,non-significant,significant -> non-significant,false-positive risk
degree,2.0,1000,0.05,0.04577034649325166,-0.0042296535067483446,0.117434789749695,two_sample_t_p_value,1000.0,,0.0127029620768178,0.3406791420590276,significant,non-significant,significant -> non-significant,false-positive risk
degree,4.0,1000,0.05,0.04577034649325166,-0.0042296535067483446,0.117434789749695,ancova_p_value,,1000.0,0.0127029620768142,0.34067914205900407,significant,non-significant,significant -> non-significant,false-positive risk
degree,4.0,300,0.1,0.0464015209831491,-0.0035984790168509043,0.0750776576472831,ancova_p_value,,300.0,0.0081538621857631,0.31350551953437167,significant,non-significant,significant -> non-significant,false-positive risk
degree,2.0,300,0.1,0.0464015209831491,-0.0035984790168509043,0.0750776576472831,two_sample_t_p_value,300.0,,0.0081538621857618,0.31350551953435013,significant,non-significant,significant -> non-significant,false-positive risk
degree,4.0,500,0.1,0.046040682769031456,-0.003959317230968547,0.0750776576472831,ancova_p_value,,500.0,0.0081352393599425,0.2983024937186326,significant,non-significant,significant -> non-significant,false-positive risk
degree,2.0,500,0.1,0.046040682769031456,-0.003959317230968547,0.0750776576472831,two_sample_t_p_value,500.0,,0.0081352393599422,0.2983024937186274,significant,non-significant,significant -> non-significant,false-positive risk
degree,0.2,100,0.05,0.043860884260170395,-0.006139115739829608,0.117434789749695,partial_correlation_p_value,100.0,,0.0124525861827739,0.28736264085982755,significant,non-significant,significant -> non-significant,false-positive risk
degree,2.0,1000,0.1,0.04577034649325166,-0.0042296535067483446,0.0750776576472831,two_sample_t_p_value,1000.0,,0.0081211763561932,0.2871409000526125,significant,non-significant,significant -> non-significant,false-positive risk
degree,4.0,1000,0.1,0.04577034649325166,-0.0042296535067483446,0.0750776576472831,ancova_p_value,,1000.0,0.0081211763561909,0.28714090005256976,significant,non-significant,significant -> non-significant,false-positive risk
degree,4.0,300,0.2,0.0464015209831491,-0.0035984790168509043,0.0558141861322291,ancova_p_value,,300.0,0.0060617392176884,0.26745427995630733,significant,non-significant,significant -> non-significant,false-positive risk
degree,2.0,300,0.2,0.0464015209831491,-0.0035984790168509043,0.0558141861322291,two_sample_t_p_value,300.0,,0.0060617392176875,0.2674542799562809,significant,non-significant,significant -> non-significant,false-positive risk
degree,4.0,500,0.2,0.046040682769031456,-0.003959317230968547,0.0558141861322291,ancova_p_value,,500.0,0.0060478946479558,0.24866537967857405,significant,non-significant,significant -> non-significant,false-positive risk
degree,2.0,500,0.2,0.046040682769031456,-0.003959317230968547,0.0558141861322291,two_sample_t_p_value,500.0,,0.0060478946479556,0.24866537967856783,significant,non-significant,significant -> non-significant,false-positive risk
degree,2.0,1000,0.2,0.04577034649325166,-0.0042296535067483446,0.0558141861322291,two_sample_t_p_value,1000.0,,0.0060374399383467,0.23506816443734624,significant,non-significant,significant -> non-significant,false-positive risk
degree,4.0,1000,0.2,0.04577034649325166,-0.0042296535067483446,0.0558141861322291,ancova_p_value,,1000.0,0.0060374399383449,0.2350681644372874,significant,non-significant,significant -> non-significant,false-positive risk
degree,4.0,300,0.3,0.0464015209831491,-0.0035984790168509043,0.0468999289895655,ancova_p_value,,300.0,0.0050936000068035,0.2344790926964213,significant,non-significant,significant -> non-significant,false-positive risk
degree,2.0,300,0.3,0.0464015209831491,-0.0035984790168509043,0.0468999289895655,two_sample_t_p_value,300.0,,0.0050936000068027,0.23447909269639045,significant,non-significant,significant -> non-significant,false-positive risk
degree,4.0,300,0.4,0.0464015209831491,-0.0035984790168509043,0.0452103422696232,ancova_p_value,,300.0,0.0049101012443617,0.2270134942969998,significant,non-significant,significant -> non-significant,false-positive risk
degree,2.0,300,0.4,0.0464015209831491,-0.0035984790168509043,0.0452103422696232,two_sample_t_p_value,300.0,,0.0049101012443609,0.22701349429696627,significant,non-significant,significant -> non-significant,false-positive risk
degree,4.0,300,0.5,0.0464015209831491,-0.0035984790168509043,0.0439356043225321,ancova_p_value,,300.0,0.0047716574267299,0.22108090159273297,significant,non-significant,significant -> non-significant,false-positive risk
degree,2.0,300,0.5,0.0464015209831491,-0.0035984790168509043,0.0439356043225321,two_sample_t_p_value,300.0,,0.0047716574267291,0.22108090159269755,significant,non-significant,significant -> non-significant,false-positive risk
degree,4.0,500,0.3,0.046040682769031456,-0.003959317230968547,0.0468999289895655,ancova_p_value,,500.0,0.005081966596333,0.21379220310137503,significant,non-significant,significant -> non-significant,false-positive risk
degree,2.0,500,0.3,0.046040682769031456,-0.003959317230968547,0.0468999289895655,two_sample_t_p_value,500.0,,0.0050819665963328,0.21379220310136604,significant,non-significant,significant -> non-significant,false-positive risk
degree,0.2,100,0.1,0.043860884260170395,-0.006139115739829608,0.0750776576472831,partial_correlation_p_value,100.0,,0.0079611076431975,0.21308106120109072,significant,non-significant,significant -> non-significant,false-positive risk
degree,4.0,500,0.4,0.046040682769031456,-0.003959317230968547,0.0452103422696232,ancova_p_value,,500.0,0.0048988869316652,0.20598025043122326,significant,non-significant,significant -> non-significant,false-positive risk
degree,2.0,500,0.4,0.046040682769031456,-0.003959317230968547,0.0452103422696232,two_sample_t_p_value,500.0,,0.004898886931665,0.20598025043121349,significant,non-significant,significant -> non-significant,false-positive risk
degree,4.0,500,0.5,0.046040682769031456,-0.003959317230968547,0.0439356043225321,ancova_p_value,,500.0,0.0047607593096034,0.19979585108952802,significant,non-significant,significant -> non-significant,false-positive risk
degree,2.0,500,0.5,0.046040682769031456,-0.003959317230968547,0.0439356043225321,two_sample_t_p_value,500.0,,0.0047607593096032,0.19979585108951903,significant,non-significant,significant -> non-significant,false-positive risk
degree,2.0,1000,0.3,0.04577034649325166,-0.0042296535067483446,0.0468999289895655,two_sample_t_p_value,1000.0,,0.0050731816408897,0.199020450866487,significant,non-significant,significant -> non-significant,false-positive risk
degree,4.0,1000,0.3,0.04577034649325166,-0.0042296535067483446,0.0468999289895655,ancova_p_value,,1000.0,0.0050731816408882,0.1990204508664235,significant,non-significant,significant -> non-significant,false-positive risk
degree,2.0,1000,0.4,0.04577034649325166,-0.0042296535067483446,0.0452103422696232,two_sample_t_p_value,1000.0,,0.0048904184573845,0.19101316104705024,significant,non-significant,significant -> non-significant,false-positive risk
degree,4.0,1000,0.4,0.04577034649325166,-0.0042296535067483446,0.0452103422696232,ancova_p_value,,1000.0,0.0048904184573831,0.19101316104698696,significant,non-significant,significant -> non-significant,false-positive risk
degree,2.0,1000,0.5,0.04577034649325166,-0.0042296535067483446,0.0439356043225321,two_sample_t_p_value,1000.0,,0.004752529610014,0.18469321105089942,significant,non-significant,significant -> non-significant,false-positive risk
degree,4.0,1000,0.5,0.04577034649325166,-0.0042296535067483446,0.0439356043225321,ancova_p_value,,1000.0,0.0047525296100126,0.1846932110508348,significant,non-significant,significant -> non-significant,false-positive risk
degree,0.2,100,0.2,0.043860884260170395,-0.006139115739829608,0.0558141861322291,partial_correlation_p_value,100.0,,0.0059184417540524,0.1499901110606101,significant,non-significant,significant -> non-significant,false-positive risk
degree,0.2,100,0.3,0.043860884260170395,-0.006139115739829608,0.0468999289895655,partial_correlation_p_value,100.0,,0.0049731890264661,0.1114558895974217,significant,non-significant,significant -> non-significant,false-positive risk
degree,0.2,100,0.4,0.043860884260170395,-0.006139115739829608,0.0452103422696232,partial_correlation_p_value,100.0,,0.0047940281126671,0.10351254634601492,significant,non-significant,significant -> non-significant,false-positive risk
eigenvec,2.0,50,0.05,0.05094706873769324,0.0009470687376932352,0.168795738912578,two_sample_t_p_value,50.0,,0.0188288782799004,0.526830315950024,non-significant,significant,non-significant -> significant,false-negative risk
eigenvec,4.0,50,0.05,0.05094706873769324,0.0009470687376932352,0.168795738912578,ancova_p_value,,50.0,0.0188288782799005,0.5268303159500239,non-significant,significant,non-significant -> significant,false-negative risk
eigenvec,2.0,50,0.1,0.05094706873769324,0.0009470687376932352,0.1098462185691532,two_sample_t_p_value,50.0,,0.0122531593052661,0.49946248835264484,non-significant,significant,non-significant -> significant,false-negative risk
eigenvec,4.0,50,0.1,0.05094706873769324,0.0009470687376932352,0.1098462185691532,ancova_p_value,,50.0,0.0122531593052662,0.49946248835264473,non-significant,significant,non-significant -> significant,false-negative risk
eigenvec,2.0,50,0.2,0.05094706873769324,0.0009470687376932352,0.0830872345398325,two_sample_t_p_value,50.0,,0.0092682400387743,0.4820225536064255,non-significant,significant,non-significant -> significant,false-negative risk
eigenvec,4.0,50,0.2,0.05094706873769324,0.0009470687376932352,0.0830872345398325,ancova_p_value,,50.0,0.0092682400387743,0.4820225536064255,non-significant,significant,non-significant -> significant,false-negative risk
eigenvec,2.0,50,0.5,0.05094706873769324,0.0009470687376932352,0.0764850198454481,two_sample_t_p_value,50.0,,0.008531774191596,0.47665460976295254,non-significant,significant,non-significant -> significant,false-negative risk
eigenvec,4.0,50,0.5,0.05094706873769324,0.0009470687376932352,0.0764850198454481,ancova_p_value,,50.0,0.008531774191596,0.47665460976295254,non-significant,significant,non-significant -> significant,false-negative risk
eigenvec,2.0,50,0.3,0.05094706873769324,0.0009470687376932352,0.0742226531441458,two_sample_t_p_value,50.0,,0.0082794110246242,0.47467187752359097,non-significant,significant,non-significant -> significant,false-negative risk
eigenvec,4.0,50,0.3,0.05094706873769324,0.0009470687376932352,0.0742226531441458,ancova_p_value,,50.0,0.0082794110246242,0.47467187752359097,non-significant,significant,non-significant -> significant,false-negative risk
eigenvec,2.0,50,0.4,0.05094706873769324,0.0009470687376932352,0.0732660945651253,two_sample_t_p_value,50.0,,0.0081727085381278,0.47380861917716166,non-significant,significant,non-significant -> significant,false-negative risk
eigenvec,4.0,50,0.4,0.05094706873769324,0.0009470687376932352,0.0732660945651253,ancova_p_value,,50.0,0.0081727085381278,0.47380861917716166,non-significant,significant,non-significant -> significant,false-negative risk
eigenvec,2.0,30,0.05,0.054625044962983094,0.004625044962983091,0.168795738912578,two_sample_t_p_value,30.0,,0.0191928435509057,0.44649260561880916,non-significant,significant,non-significant -> significant,false-negative risk
eigenvec,4.0,30,0.05,0.054625044962983094,0.004625044962983091,0.168795738912578,ancova_p_value,,30.0,0.0191928435509056,0.4464926056188083,non-significant,significant,non-significant -> significant,false-negative risk
eigenvec,2.0,30,0.1,0.054625044962983094,0.004625044962983091,0.1098462185691532,two_sample_t_p_value,30.0,,0.0124900148619762,0.3793096394530569,non-significant,significant,non-significant -> significant,false-negative risk
eigenvec,4.0,30,0.1,0.054625044962983094,0.004625044962983091,0.1098462185691532,ancova_p_value,,30.0,0.0124900148619761,0.37930963945305535,non-significant,significant,non-significant -> significant,false-negative risk
eigenvec,2.0,30,0.2,0.054625044962983094,0.004625044962983091,0.0830872345398325,two_sample_t_p_value,30.0,,0.0094473966219391,0.3271345696037631,non-significant,significant,non-significant -> significant,false-negative risk
eigenvec,4.0,30,0.2,0.054625044962983094,0.004625044962983091,0.0830872345398325,ancova_p_value,,30.0,0.0094473966219391,0.3271345696037631,non-significant,significant,non-significant -> significant,false-negative risk
eigenvec,2.0,30,0.5,0.054625044962983094,0.004625044962983091,0.0764850198454481,two_sample_t_p_value,30.0,,0.0086966947704876,0.3100529689681266,non-significant,significant,non-significant -> significant,false-negative risk
eigenvec,4.0,30,0.5,0.054625044962983094,0.004625044962983091,0.0764850198454481,ancova_p_value,,30.0,0.0086966947704875,0.3100529689681238,non-significant,significant,non-significant -> significant,false-negative risk
eigenvec,2.0,30,0.3,0.054625044962983094,0.004625044962983091,0.0742226531441458,two_sample_t_p_value,30.0,,0.0084394533825674,0.30366873227797786,non-significant,significant,non-significant -> significant,false-negative risk
eigenvec,4.0,30,0.3,0.054625044962983094,0.004625044962983091,0.0742226531441458,ancova_p_value,,30.0,0.0084394533825674,0.30366873227797786,non-significant,significant,non-significant -> significant,false-negative risk
eigenvec,2.0,30,0.4,0.054625044962983094,0.004625044962983091,0.0732660945651253,two_sample_t_p_value,30.0,,0.008330688319701,0.3008794133320288,non-significant,significant,non-significant -> significant,false-negative risk
eigenvec,4.0,30,0.4,0.054625044962983094,0.004625044962983091,0.0732660945651253,ancova_p_value,,30.0,0.0083306883197009,0.30087941333202706,non-significant,significant,non-significant -> significant,false-negative risk
eigenvec,0.2,75,0.05,0.08116706380718447,0.031167063807184467,0.168795738912578,partial_correlation_p_value,75.0,,0.0298403786356482,0.14046799620321265,non-significant,significant,non-significant -> significant,false-negative risk
eigenvec,0.1,300,0.05,0.0827480032540806,0.0327480032540806,0.168795738912578,partial_correlation_p_value,300.0,,0.0300003453881324,0.1270270554425909,non-significant,significant,non-significant -> significant,false-negative risk
eigenvec,4.0,75,0.1,0.04912138289485513,-0.0008786171051448702,0.1098462185691532,ancova_p_value,,75.0,0.0121276346998575,0.44035542293096797,significant,non-significant,significant -> non-significant,false-positive risk
eigenvec,2.0,75,0.1,0.04912138289485513,-0.0008786171051448702,0.1098462185691532,two_sample_t_p_value,75.0,,0.0121276346998577,0.4403554229309672,significant,non-significant,significant -> non-significant,false-positive risk
eigenvec,2.0,75,0.2,0.04912138289485513,-0.0008786171051448702,0.0830872345398325,two_sample_t_p_value,75.0,,0.0091732937359708,0.4387343373817083,significant,non-significant,significant -> non-significant,false-positive risk
eigenvec,4.0,75,0.2,0.04912138289485513,-0.0008786171051448702,0.0830872345398325,ancova_p_value,,75.0,0.0091732937359706,0.438734337381707,significant,non-significant,significant -> non-significant,false-positive risk
eigenvec,4.0,75,0.5,0.04912138289485513,-0.0008786171051448702,0.0764850198454481,ancova_p_value,,75.0,0.0084443724397576,0.43734598859195484,significant,non-significant,significant -> non-significant,false-positive risk
eigenvec,2.0,75,0.5,0.04912138289485513,-0.0008786171051448702,0.0764850198454481,two_sample_t_p_value,75.0,,0.0084443724397577,0.4373459885919493,significant,non-significant,significant -> non-significant,false-positive risk
eigenvec,2.0,75,0.3,0.04912138289485513,-0.0008786171051448702,0.0742226531441458,two_sample_t_p_value,75.0,,0.0081945945478293,0.43673751863871957,significant,non-significant,significant -> non-significant,false-positive risk
eigenvec,4.0,75,0.3,0.04912138289485513,-0.0008786171051448702,0.0742226531441458,ancova_p_value,,75.0,0.0081945945478291,0.4367375186387161,significant,non-significant,significant -> non-significant,false-positive risk
eigenvec,4.0,75,0.4,0.04912138289485513,-0.0008786171051448702,0.0732660945651253,ancova_p_value,,75.0,0.0080889851498318,0.4364571668057948,significant,non-significant,significant -> non-significant,false-positive risk
eigenvec,2.0,75,0.4,0.04912138289485513,-0.0008786171051448702,0.0732660945651253,two_sample_t_p_value,75.0,,0.0080889851498319,0.4364571668057926,significant,non-significant,significant -> non-significant,false-positive risk
eigenvec,4.0,75,0.05,0.04912138289485513,-0.0008786171051448702,0.168795738912578,ancova_p_value,,75.0,0.0186359902697564,0.4335632608403568,significant,non-significant,significant -> non-significant,false-positive risk
eigenvec,2.0,75,0.05,0.04912138289485513,-0.0008786171051448702,0.168795738912578,two_sample_t_p_value,75.0,,0.0186359902697567,0.43356326084035646,significant,non-significant,significant -> non-significant,false-positive risk
eigenvec,2.0,100,0.05,0.04821217873113365,-0.0017878212688663547,0.168795738912578,two_sample_t_p_value,100.0,,0.0185366900354722,0.41407389475630163,significant,non-significant,significant -> non-significant,false-positive risk
eigenvec,4.0,100,0.05,0.04821217873113365,-0.0017878212688663547,0.168795738912578,ancova_p_value,,100.0,0.0185366900354717,0.41407389475630074,significant,non-significant,significant -> non-significant,false-positive risk
eigenvec,2.0,100,0.1,0.04821217873113365,-0.0017878212688663547,0.1098462185691532,two_sample_t_p_value,100.0,,0.0120630136655268,0.4108446073601886,significant,non-significant,significant -> non-significant,false-positive risk
eigenvec,4.0,100,0.1,0.04821217873113365,-0.0017878212688663547,0.1098462185691532,ancova_p_value,,100.0,0.0120630136655265,0.4108446073601877,significant,non-significant,significant -> non-significant,false-positive risk
eigenvec,2.0,100,0.2,0.04821217873113365,-0.0017878212688663547,0.0830872345398325,two_sample_t_p_value,100.0,,0.0091244146474996,0.4000347187724175,significant,non-significant,significant -> non-significant,false-positive risk
eigenvec,4.0,100,0.2,0.04821217873113365,-0.0017878212688663547,0.0830872345398325,ancova_p_value,,100.0,0.0091244146474994,0.40003471877241625,significant,non-significant,significant -> non-significant,false-positive risk
eigenvec,2.0,100,0.5,0.04821217873113365,-0.0017878212688663547,0.0764850198454481,two_sample_t_p_value,100.0,,0.0083993773442723,0.3954174026279802,significant,non-significant,significant -> non-significant,false-positive risk
eigenvec,4.0,100,0.5,0.04821217873113365,-0.0017878212688663547,0.0764850198454481,ancova_p_value,,100.0,0.0083993773442721,0.39541740262797775,significant,non-significant,significant -> non-significant,false-positive risk
eigenvec,4.0,100,0.3,0.04821217873113365,-0.0017878212688663547,0.0742226531441458,ancova_p_value,,100.0,0.0081509303718616,0.3935749430089457,significant,non-significant,significant -> non-significant,false-positive risk
eigenvec,2.0,100,0.3,0.04821217873113365,-0.0017878212688663547,0.0742226531441458,two_sample_t_p_value,100.0,,0.0081509303718618,0.39357494300894547,significant,non-significant,significant -> non-significant,false-positive risk
eigenvec,2.0,100,0.4,0.04821217873113365,-0.0017878212688663547,0.0732660945651253,two_sample_t_p_value,100.0,,0.0080458837042486,0.3927507856090471,significant,non-significant,significant -> non-significant,false-positive risk
eigenvec,4.0,100,0.4,0.04821217873113365,-0.0017878212688663547,0.0732660945651253,ancova_p_value,,100.0,0.0080458837042484,0.39275078560904464,significant,non-significant,significant -> non-significant,false-positive risk
eigenvec,4.0,300,0.05,0.0464015209831491,-0.0035984790168509043,0.168795738912578,ancova_p_value,,300.0,0.018332180781442,0.37594965639964184,significant,non-significant,significant -> non-significant,false-positive risk
eigenvec,2.0,300,0.05,0.0464015209831491,-0.0035984790168509043,0.168795738912578,two_sample_t_p_value,300.0,,0.0183321807814392,0.3759496563996376,significant,non-significant,significant -> non-significant,false-positive risk
eigenvec,4.0,500,0.05,0.046040682769031456,-0.003959317230968547,0.168795738912578,ancova_p_value,,500.0,0.0182903114191906,0.36848441615053695,significant,non-significant,significant -> non-significant,false-positive risk
eigenvec,2.0,500,0.05,0.046040682769031456,-0.003959317230968547,0.168795738912578,two_sample_t_p_value,500.0,,0.0182903114191899,0.3684844161505352,significant,non-significant,significant -> non-significant,false-positive risk
eigenvec,2.0,1000,0.05,0.04577034649325166,-0.0042296535067483446,0.168795738912578,two_sample_t_p_value,1000.0,,0.0182586938223772,0.3629241369943744,significant,non-significant,significant -> non-significant,false-positive risk
eigenvec,4.0,1000,0.05,0.04577034649325166,-0.0042296535067483446,0.168795738912578,ancova_p_value,,1000.0,0.0182586938223719,0.3629241369943632,significant,non-significant,significant -> non-significant,false-positive risk
eigenvec,4.0,300,0.1,0.0464015209831491,-0.0035984790168509043,0.1098462185691532,ancova_p_value,,300.0,0.0119299263710113,0.3537720648968513,significant,non-significant,significant -> non-significant,false-positive risk
eigenvec,2.0,300,0.1,0.0464015209831491,-0.0035984790168509043,0.1098462185691532,two_sample_t_p_value,300.0,,0.0119299263710095,0.35377206489683877,significant,non-significant,significant -> non-significant,false-positive risk
eigenvec,4.0,500,0.1,0.046040682769031456,-0.003959317230968547,0.1098462185691532,ancova_p_value,,500.0,0.0119026792903276,0.3427465412208357,significant,non-significant,significant -> non-significant,false-positive risk
eigenvec,2.0,500,0.1,0.046040682769031456,-0.003959317230968547,0.1098462185691532,two_sample_t_p_value,500.0,,0.0119026792903272,0.3427465412208325,significant,non-significant,significant -> non-significant,false-positive risk
eigenvec,2.0,1000,0.1,0.04577034649325166,-0.0042296535067483446,0.1098462185691532,two_sample_t_p_value,1000.0,,0.0118821036912481,0.3345746501281508,significant,non-significant,significant -> non-significant,false-positive risk
eigenvec,4.0,1000,0.1,0.04577034649325166,-0.0042296535067483446,0.1098462185691532,ancova_p_value,,1000.0,0.0118821036912447,0.33457465012812393,significant,non-significant,significant -> non-significant,false-positive risk
eigenvec,4.0,300,0.2,0.0464015209831491,-0.0035984790168509043,0.0830872345398325,ancova_p_value,,300.0,0.0090237479573057,0.32625236207126473,significant,non-significant,significant -> non-significant,false-positive risk
eigenvec,2.0,300,0.2,0.0464015209831491,-0.0035984790168509043,0.0830872345398325,two_sample_t_p_value,300.0,,0.0090237479573043,0.32625236207124897,significant,non-significant,significant -> non-significant,false-positive risk
eigenvec,0.2,100,0.05,0.043860884260170395,-0.006139115739829608,0.168795738912578,partial_correlation_p_value,100.0,,0.0178988142319158,0.3240200731098475,significant,non-significant,significant -> non-significant,false-positive risk
eigenvec,4.0,300,0.5,0.0464015209831491,-0.0035984790168509043,0.0764850198454481,ancova_p_value,,300.0,0.0083067097541196,0.31595401600418493,significant,non-significant,significant -> non-significant,false-positive risk
eigenvec,2.0,300,0.5,0.0464015209831491,-0.0035984790168509043,0.0764850198454481,two_sample_t_p_value,300.0,,0.0083067097541183,0.31595401600416395,significant,non-significant,significant -> non-significant,false-positive risk
eigenvec,4.0,500,0.2,0.046040682769031456,-0.003959317230968547,0.0830872345398325,ancova_p_value,,500.0,0.0090031383759038,0.3122413218164326,significant,non-significant,significant -> non-significant,false-positive risk
eigenvec,2.0,500,0.2,0.046040682769031456,-0.003959317230968547,0.0830872345398325,two_sample_t_p_value,500.0,,0.0090031383759034,0.3122413218164297,significant,non-significant,significant -> non-significant,false-positive risk
eigenvec,4.0,300,0.3,0.0464015209831491,-0.0035984790168509043,0.0742226531441458,ancova_p_value,,300.0,0.0080610038161061,0.311970014765267,significant,non-significant,significant -> non-significant,false-positive risk
eigenvec,2.0,300,0.3,0.0464015209831491,-0.0035984790168509043,0.0742226531441458,two_sample_t_p_value,300.0,,0.0080610038161049,0.31197001476524444,significant,non-significant,significant -> non-significant,false-positive risk
eigenvec,4.0,300,0.4,0.0464015209831491,-0.0035984790168509043,0.0732660945651253,ancova_p_value,,300.0,0.0079571160941078,0.31020750246219475,significant,non-significant,significant -> non-significant,false-positive risk
eigenvec,2.0,300,0.4,0.0464015209831491,-0.0035984790168509043,0.0732660945651253,two_sample_t_p_value,300.0,,0.0079571160941066,0.3102075024621731,significant,non-significant,significant -> non-significant,false-positive risk
eigenvec,2.0,1000,0.2,0.04577034649325166,-0.0042296535067483446,0.0830872345398325,two_sample_t_p_value,1000.0,,0.008987575076149,0.3019211985355207,significant,non-significant,significant -> non-significant,false-positive risk
eigenvec,4.0,1000,0.2,0.04577034649325166,-0.0042296535067483446,0.0830872345398325,ancova_p_value,,1000.0,0.0089875750761464,0.30192119853548305,significant,non-significant,significant -> non-significant,false-positive risk
eigenvec,4.0,500,0.5,0.046040682769031456,-0.003959317230968547,0.0764850198454481,ancova_p_value,,500.0,0.0082877378356141,0.30097256865121147,significant,non-significant,significant -> non-significant,false-positive risk
eigenvec,2.0,500,0.5,0.046040682769031456,-0.003959317230968547,0.0764850198454481,two_sample_t_p_value,500.0,,0.0082877378356138,0.3009725686512039,significant,non-significant,significant -> non-significant,false-positive risk
eigenvec,4.0,500,0.3,0.046040682769031456,-0.003959317230968547,0.0742226531441458,ancova_p_value,,500.0,0.0080425930720211,0.29662973845358176,significant,non-significant,significant -> non-significant,false-positive risk
eigenvec,2.0,500,0.3,0.046040682769031456,-0.003959317230968547,0.0742226531441458,two_sample_t_p_value,500.0,,0.0080425930720208,0.2966297384535769,significant,non-significant,significant -> non-significant,false-positive risk
eigenvec,4.0,500,0.4,0.046040682769031456,-0.003959317230968547,0.0732660945651253,ancova_p_value,,500.0,0.0079389426219938,0.294711280412878,significant,non-significant,significant -> non-significant,false-positive risk
eigenvec,2.0,500,0.4,0.046040682769031456,-0.003959317230968547,0.0732660945651253,two_sample_t_p_value,500.0,,0.0079389426219935,0.29471128041287376,significant,non-significant,significant -> non-significant,false-positive risk
eigenvec,2.0,1000,0.5,0.04577034649325166,-0.0042296535067483446,0.0764850198454481,two_sample_t_p_value,1000.0,,0.0082734112149582,0.2899665143118193,significant,non-significant,significant -> non-significant,false-positive risk
eigenvec,4.0,1000,0.5,0.04577034649325166,-0.0042296535067483446,0.0764850198454481,ancova_p_value,,1000.0,0.0082734112149558,0.28996651431177334,significant,non-significant,significant -> non-significant,false-positive risk
eigenvec,2.0,1000,0.3,0.04577034649325166,-0.0042296535067483446,0.0742226531441458,two_sample_t_p_value,1000.0,,0.0080286902215307,0.28537202063209466,significant,non-significant,significant -> non-significant,false-positive risk
eigenvec,4.0,1000,0.3,0.04577034649325166,-0.0042296535067483446,0.0742226531441458,ancova_p_value,,1000.0,0.0080286902215283,0.2853720206320467,significant,non-significant,significant -> non-significant,false-positive risk
eigenvec,2.0,1000,0.4,0.04577034649325166,-0.0042296535067483446,0.0732660945651253,two_sample_t_p_value,1000.0,,0.007925218947137,0.2833445569582641,significant,non-significant,significant -> non-significant,false-positive risk
eigenvec,4.0,1000,0.4,0.04577034649325166,-0.0042296535067483446,0.0732660945651253,ancova_p_value,,1000.0,0.0079252189471347,0.2833445569582178,significant,non-significant,significant -> non-significant,false-positive risk
eigenvec,0.2,100,0.1,0.043860884260170395,-0.006139115739829608,0.1098462185691532,partial_correlation_p_value,100.0,,0.0116479069490372,0.27826369946322305,significant,non-significant,significant -> non-significant,false-positive risk
eigenvec,0.2,100,0.2,0.043860884260170395,-0.006139115739829608,0.0830872345398325,partial_correlation_p_value,100.0,,0.0088104296094957,0.23253133721224817,significant,non-significant,significant -> non-significant,false-positive risk
eigenvec,0.2,100,0.5,0.043860884260170395,-0.006139115739829608,0.0764850198454481,partial_correlation_p_value,100.0,,0.0081103419467661,0.21674566969744236,significant,non-significant,significant -> non-significant,false-positive risk
eigenvec,0.2,100,0.3,0.043860884260170395,-0.006139115739829608,0.0742226531441458,partial_correlation_p_value,100.0,,0.0078704444139732,0.21079968079927724,significant,non-significant,significant -> non-significant,false-positive risk
eigenvec,0.2,100,0.4,0.043860884260170395,-0.006139115739829608,0.0732660945651253,partial_correlation_p_value,100.0,,0.0077690125625644,0.20819679056882134,significant,non-significant,significant -> non-significant,false-positive risk
smallworldness,2.0,50,0.05,0.05094706873769324,0.0009470687376932352,0.1769860805927448,two_sample_t_p_value,50.0,,0.0197424969977671,0.5300735082619437,non-significant,significant,non-significant -> significant,false-negative risk
smallworldness,4.0,50,0.05,0.05094706873769324,0.0009470687376932352,0.1769860805927448,ancova_p_value,,50.0,0.0197424969977671,0.5300735082619437,non-significant,significant,non-significant -> significant,false-negative risk
smallworldness,2.0,50,0.1,0.05094706873769324,0.0009470687376932352,0.1091701381745782,two_sample_t_p_value,50.0,,0.0121777436843571,0.49908162359761427,non-significant,significant,non-significant -> significant,false-negative risk
smallworldness,4.0,50,0.1,0.05094706873769324,0.0009470687376932352,0.1091701381745782,ancova_p_value,,50.0,0.0121777436843572,0.49908162359761427,non-significant,significant,non-significant -> significant,false-negative risk
smallworldness,2.0,30,0.05,0.054625044962983094,0.004625044962983091,0.1769860805927448,two_sample_t_p_value,30.0,,0.0201241226667685,0.4532348789538942,non-significant,significant,non-significant -> significant,false-negative risk
smallworldness,4.0,30,0.05,0.054625044962983094,0.004625044962983091,0.1769860805927448,ancova_p_value,,30.0,0.0201241226667684,0.45323487895389347,non-significant,significant,non-significant -> significant,false-negative risk
smallworldness,2.0,50,0.5,0.05094706873769324,0.0009470687376932352,0.0397091509227995,two_sample_t_p_value,50.0,,0.004429488410906,0.4256205944310489,non-significant,significant,non-significant -> significant,false-negative risk
smallworldness,4.0,50,0.5,0.05094706873769324,0.0009470687376932352,0.0397091509227995,ancova_p_value,,50.0,0.004429488410906,0.4256205944310489,non-significant,significant,non-significant -> significant,false-negative risk
smallworldness,2.0,50,0.2,0.05094706873769324,0.0009470687376932352,0.0392539019266324,two_sample_t_p_value,50.0,,0.0043787061578047,0.4245192410734689,non-significant,significant,non-significant -> significant,false-negative risk
smallworldness,4.0,50,0.2,0.05094706873769324,0.0009470687376932352,0.0392539019266324,ancova_p_value,,50.0,0.0043787061578047,0.4245192410734689,non-significant,significant,non-significant -> significant,false-negative risk
smallworldness,2.0,50,0.4,0.05094706873769324,0.0009470687376932352,0.0354884841336918,two_sample_t_p_value,50.0,,0.0039586801917881,0.41447675702062353,non-significant,significant,non-significant -> significant,false-negative risk
smallworldness,4.0,50,0.4,0.05094706873769324,0.0009470687376932352,0.0354884841336918,ancova_p_value,,50.0,0.0039586801917881,0.41447675702062353,non-significant,significant,non-significant -> significant,false-negative risk
smallworldness,2.0,50,0.3,0.05094706873769324,0.0009470687376932352,0.0305613197719839,two_sample_t_p_value,50.0,,0.0034090633671613,0.39810224467151045,non-significant,significant,non-significant -> significant,false-negative risk
smallworldness,4.0,50,0.3,0.05094706873769324,0.0009470687376932352,0.0305613197719839,ancova_p_value,,50.0,0.0034090633671613,0.39810224467151045,non-significant,significant,non-significant -> significant,false-negative risk
smallworldness,2.0,30,0.1,0.054625044962983094,0.004625044962983091,0.1091701381745782,two_sample_t_p_value,30.0,,0.0124131414448834,0.3782401145266649,non-significant,significant,non-significant -> significant,false-negative risk
smallworldness,4.0,30,0.1,0.054625044962983094,0.004625044962983091,0.1091701381745782,ancova_p_value,,30.0,0.0124131414448833,0.37824011452666395,non-significant,significant,non-significant -> significant,false-negative risk
smallworldness,0.2,75,0.05,0.08116706380718447,0.031167063807184467,0.1769860805927448,partial_correlation_p_value,75.0,,0.0312882996463681,0.15477799999085692,non-significant,significant,non-significant -> significant,false-negative risk
smallworldness,2.0,30,0.5,0.054625044962983094,0.004625044962983091,0.0397091509227995,two_sample_t_p_value,30.0,,0.0045151111403073,0.15230694638069006,non-significant,significant,non-significant -> significant,false-negative risk
smallworldness,4.0,30,0.5,0.054625044962983094,0.004625044962983091,0.0397091509227995,ancova_p_value,,30.0,0.0045151111403073,0.15230694638069006,non-significant,significant,non-significant -> significant,false-negative risk
smallworldness,2.0,30,0.2,0.054625044962983094,0.004625044962983091,0.0392539019266324,two_sample_t_p_value,30.0,,0.0044633472580172,0.14937780211055923,non-significant,significant,non-significant -> significant,false-negative risk
smallworldness,4.0,30,0.2,0.054625044962983094,0.004625044962983091,0.0392539019266324,ancova_p_value,,30.0,0.0044633472580172,0.14937780211055923,non-significant,significant,non-significant -> significant,false-negative risk
smallworldness,0.1,300,0.05,0.0827480032540806,0.0327480032540806,0.1769860805927448,partial_correlation_p_value,300.0,,0.0314560283386308,0.14102344913073425,non-significant,significant,non-significant -> significant,false-negative risk
smallworldness,2.0,30,0.4,0.054625044962983094,0.004625044962983091,0.0354884841336918,two_sample_t_p_value,30.0,,0.0040352021219535,0.12411830972460701,non-significant,significant,non-significant -> significant,false-negative risk
smallworldness,4.0,30,0.4,0.054625044962983094,0.004625044962983091,0.0354884841336918,ancova_p_value,,30.0,0.0040352021219535,0.12411830972460701,non-significant,significant,non-significant -> significant,false-negative risk
smallworldness,2.0,75,0.1,0.04912138289485513,-0.0008786171051448702,0.1091701381745782,two_sample_t_p_value,75.0,,0.01205299165652,0.44037010464770665,significant,non-significant,significant -> non-significant,false-positive risk
smallworldness,4.0,75,0.1,0.04912138289485513,-0.0008786171051448702,0.1091701381745782,ancova_p_value,,75.0,0.0120529916565198,0.44037010464770576,significant,non-significant,significant -> non-significant,false-positive risk
smallworldness,2.0,75,0.05,0.04912138289485513,-0.0008786171051448702,0.1769860805927448,two_sample_t_p_value,75.0,,0.0195402496357862,0.4320817348491228,significant,non-significant,significant -> non-significant,false-positive risk
smallworldness,4.0,75,0.05,0.04912138289485513,-0.0008786171051448702,0.1769860805927448,ancova_p_value,,75.0,0.0195402496357859,0.4320817348491227,significant,non-significant,significant -> non-significant,false-positive risk
smallworldness,4.0,100,0.05,0.04821217873113365,-0.0017878212688663547,0.1769860805927448,ancova_p_value,,100.0,0.0194361311350393,0.4134539925459608,significant,non-significant,significant -> non-significant,false-positive risk
smallworldness,2.0,100,0.05,0.04821217873113365,-0.0017878212688663547,0.1769860805927448,two_sample_t_p_value,100.0,,0.0194361311350399,0.4134539925459604,significant,non-significant,significant -> non-significant,false-positive risk
smallworldness,4.0,100,0.1,0.04821217873113365,-0.0017878212688663547,0.1091701381745782,ancova_p_value,,100.0,0.011988768351077,0.4106817899494265,significant,non-significant,significant -> non-significant,false-positive risk
smallworldness,2.0,100,0.1,0.04821217873113365,-0.0017878212688663547,0.1091701381745782,two_sample_t_p_value,100.0,,0.0119887683510773,0.4106817899494255,significant,non-significant,significant -> non-significant,false-positive risk
smallworldness,2.0,75,0.5,0.04912138289485513,-0.0008786171051448702,0.0397091509227995,two_sample_t_p_value,75.0,,0.0043841115598354,0.4100514344073569,significant,non-significant,significant -> non-significant,false-positive risk
smallworldness,4.0,75,0.5,0.04912138289485513,-0.0008786171051448702,0.0397091509227995,ancova_p_value,,75.0,0.0043841115598353,0.41005143440735625,significant,non-significant,significant -> non-significant,false-positive risk
smallworldness,2.0,75,0.2,0.04912138289485513,-0.0008786171051448702,0.0392539019266324,two_sample_t_p_value,75.0,,0.0043338495335689,0.40927854867737845,significant,non-significant,significant -> non-significant,false-positive risk
smallworldness,4.0,75,0.2,0.04912138289485513,-0.0008786171051448702,0.0392539019266324,ancova_p_value,,75.0,0.0043338495335689,0.40927854867737845,significant,non-significant,significant -> non-significant,false-positive risk
smallworldness,2.0,75,0.4,0.04912138289485513,-0.0008786171051448702,0.0354884841336918,two_sample_t_p_value,75.0,,0.003918126424663,0.40201979450221714,significant,non-significant,significant -> non-significant,false-positive risk
smallworldness,4.0,75,0.4,0.04912138289485513,-0.0008786171051448702,0.0354884841336918,ancova_p_value,,75.0,0.0039181264246629,0.4020197945022155,significant,non-significant,significant -> non-significant,false-positive risk
smallworldness,2.0,75,0.3,0.04912138289485513,-0.0008786171051448702,0.0305613197719839,two_sample_t_p_value,75.0,,0.0033741400201849,0.3895154986321401,significant,non-significant,significant -> non-significant,false-positive risk
smallworldness,4.0,75,0.3,0.04912138289485513,-0.0008786171051448702,0.0305613197719839,ancova_p_value,,75.0,0.0033741400201848,0.3895154986321363,significant,non-significant,significant -> non-significant,false-positive risk
smallworldness,4.0,300,0.05,0.0464015209831491,-0.0035984790168509043,0.1769860805927448,ancova_p_value,,300.0,0.0192216986407783,0.3769856237738137,significant,non-significant,significant -> non-significant,false-positive risk
smallworldness,2.0,300,0.05,0.0464015209831491,-0.0035984790168509043,0.1769860805927448,two_sample_t_p_value,300.0,,0.0192216986407753,0.3769856237738105,significant,non-significant,significant -> non-significant,false-positive risk
smallworldness,4.0,500,0.05,0.046040682769031456,-0.003959317230968547,0.1769860805927448,ancova_p_value,,500.0,0.0191777976846905,0.36983790019207596,significant,non-significant,significant -> non-significant,false-positive risk
smallworldness,2.0,500,0.05,0.046040682769031456,-0.003959317230968547,0.1769860805927448,two_sample_t_p_value,500.0,,0.0191777976846899,0.3698379001920752,significant,non-significant,significant -> non-significant,false-positive risk
smallworldness,2.0,1000,0.05,0.04577034649325166,-0.0042296535067483446,0.1769860805927448,two_sample_t_p_value,1000.0,,0.0191446459323193,0.36451230924909517,significant,non-significant,significant -> non-significant,false-positive risk
smallworldness,4.0,1000,0.05,0.04577034649325166,-0.0042296535067483446,0.1769860805927448,ancova_p_value,,1000.0,0.0191446459323137,0.36451230924908595,significant,non-significant,significant -> non-significant,false-positive risk
smallworldness,4.0,300,0.1,0.0464015209831491,-0.0035984790168509043,0.1091701381745782,ancova_p_value,,300.0,0.0118565001808955,0.353279718664797,significant,non-significant,significant -> non-significant,false-positive risk
smallworldness,2.0,300,0.1,0.0464015209831491,-0.0035984790168509043,0.1091701381745782,two_sample_t_p_value,300.0,,0.0118565001808937,0.3532797186647849,significant,non-significant,significant -> non-significant,false-positive risk
smallworldness,4.0,500,0.1,0.046040682769031456,-0.003959317230968547,0.1091701381745782,ancova_p_value,,500.0,0.0118294208002683,0.34219371017767375,significant,non-significant,significant -> non-significant,false-positive risk
smallworldness,2.0,500,0.1,0.046040682769031456,-0.003959317230968547,0.1091701381745782,two_sample_t_p_value,500.0,,0.0118294208002678,0.3421937101776693,significant,non-significant,significant -> non-significant,false-positive risk
smallworldness,2.0,1000,0.1,0.04577034649325166,-0.0042296535067483446,0.1091701381745782,two_sample_t_p_value,1000.0,,0.0118089718396778,0.3339778442266048,significant,non-significant,significant -> non-significant,false-positive risk
smallworldness,4.0,1000,0.1,0.04577034649325166,-0.0042296535067483446,0.1091701381745782,ancova_p_value,,1000.0,0.0118089718396744,0.3339778442265767,significant,non-significant,significant -> non-significant,false-positive risk
smallworldness,2.0,100,0.5,0.04821217873113365,-0.0017878212688663547,0.0397091509227995,two_sample_t_p_value,100.0,,0.0043607512071673,0.3322536512063431,significant,non-significant,significant -> non-significant,false-positive risk
smallworldness,4.0,100,0.5,0.04821217873113365,-0.0017878212688663547,0.0397091509227995,ancova_p_value,,100.0,0.0043607512071671,0.33225365120633765,significant,non-significant,significant -> non-significant,false-positive risk
smallworldness,2.0,100,0.2,0.04821217873113365,-0.0017878212688663547,0.0392539019266324,two_sample_t_p_value,100.0,,0.004310756997685,0.3306668239377464,significant,non-significant,significant -> non-significant,false-positive risk
smallworldness,4.0,100,0.2,0.04821217873113365,-0.0017878212688663547,0.0392539019266324,ancova_p_value,,100.0,0.0043107569976849,0.3306668239377437,significant,non-significant,significant -> non-significant,false-positive risk
smallworldness,0.2,100,0.05,0.043860884260170395,-0.006139115739829608,0.1769860805927448,partial_correlation_p_value,100.0,,0.0187673041900963,0.3272321109278242,significant,non-significant,significant -> non-significant,false-positive risk
smallworldness,2.0,100,0.4,0.04821217873113365,-0.0017878212688663547,0.0354884841336918,two_sample_t_p_value,100.0,,0.0038972490327834,0.316014061087013,significant,non-significant,significant -> non-significant,false-positive risk
smallworldness,4.0,100,0.4,0.04821217873113365,-0.0017878212688663547,0.0354884841336918,ancova_p_value,,100.0,0.0038972490327833,0.3160140610870088,significant,non-significant,significant -> non-significant,false-positive risk
smallworldness,2.0,100,0.3,0.04821217873113365,-0.0017878212688663547,0.0305613197719839,two_sample_t_p_value,100.0,,0.0033561612119937,0.2916897435525361,significant,non-significant,significant -> non-significant,false-positive risk
smallworldness,4.0,100,0.3,0.04821217873113365,-0.0017878212688663547,0.0305613197719839,ancova_p_value,,100.0,0.0033561612119936,0.2916897435525315,significant,non-significant,significant -> non-significant,false-positive risk
smallworldness,0.2,100,0.1,0.043860884260170395,-0.006139115739829608,0.1091701381745782,partial_correlation_p_value,100.0,,0.0115762165292062,0.27738596900968826,significant,non-significant,significant -> non-significant,false-positive risk
smallworldness,4.0,300,0.5,0.0464015209831491,-0.0035984790168509043,0.0397091509227995,ancova_p_value,,300.0,0.0043126404616845,0.19938189440739484,significant,non-significant,significant -> non-significant,false-positive risk
smallworldness,2.0,300,0.5,0.0464015209831491,-0.0035984790168509043,0.0397091509227995,two_sample_t_p_value,300.0,,0.0043126404616839,0.19938189440736453,significant,non-significant,significant -> non-significant,false-positive risk
smallworldness,4.0,300,0.2,0.0464015209831491,-0.0035984790168509043,0.0392539019266324,ancova_p_value,,300.0,0.0042631978220061,0.19684430299624278,significant,non-significant,significant -> non-significant,false-positive risk
smallworldness,2.0,300,0.2,0.0464015209831491,-0.0035984790168509043,0.0392539019266324,two_sample_t_p_value,300.0,,0.0042631978220055,0.19684430299621203,significant,non-significant,significant -> non-significant,false-positive risk
smallworldness,4.0,500,0.5,0.046040682769031456,-0.003959317230968547,0.0397091509227995,ancova_p_value,,500.0,0.0043027907057879,0.17736328501590426,significant,non-significant,significant -> non-significant,false-positive risk
smallworldness,2.0,500,0.5,0.046040682769031456,-0.003959317230968547,0.0397091509227995,two_sample_t_p_value,500.0,,0.0043027907057877,0.17736328501589416,significant,non-significant,significant -> non-significant,false-positive risk
smallworldness,4.0,500,0.2,0.046040682769031456,-0.003959317230968547,0.0392539019266324,ancova_p_value,,500.0,0.0042534609894881,0.1747601946373698,significant,non-significant,significant -> non-significant,false-positive risk
smallworldness,2.0,500,0.2,0.046040682769031456,-0.003959317230968547,0.0392539019266324,two_sample_t_p_value,500.0,,0.0042534609894879,0.1747601946373596,significant,non-significant,significant -> non-significant,false-positive risk
smallworldness,4.0,300,0.4,0.0464015209831491,-0.0035984790168509043,0.0354884841336918,ancova_p_value,,300.0,0.0038542519555847,0.17421400220217975,significant,non-significant,significant -> non-significant,false-positive risk
smallworldness,2.0,300,0.4,0.0464015209831491,-0.0035984790168509043,0.0354884841336918,two_sample_t_p_value,300.0,,0.0038542519555841,0.174214002202144,significant,non-significant,significant -> non-significant,false-positive risk
smallworldness,2.0,1000,0.5,0.04577034649325166,-0.0042296535067483446,0.0397091509227995,two_sample_t_p_value,1000.0,,0.0042953526748769,0.1619208897887987,significant,non-significant,significant -> non-significant,false-positive risk
smallworldness,4.0,1000,0.5,0.04577034649325166,-0.0042296535067483446,0.0397091509227995,ancova_p_value,,1000.0,0.0042953526748756,0.16192088978872965,significant,non-significant,significant -> non-significant,false-positive risk
smallworldness,2.0,1000,0.2,0.04577034649325166,-0.0042296535067483446,0.0392539019266324,two_sample_t_p_value,1000.0,,0.004246108232526,0.15929480766664073,significant,non-significant,significant -> non-significant,false-positive risk
smallworldness,4.0,1000,0.2,0.04577034649325166,-0.0042296535067483446,0.0392539019266324,ancova_p_value,,1000.0,0.0042461082325247,0.15929480766657067,significant,non-significant,significant -> non-significant,false-positive risk
smallworldness,4.0,500,0.4,0.046040682769031456,-0.003959317230968547,0.0354884841336918,ancova_p_value,,500.0,0.0038454491255635,0.15175134664464474,significant,non-significant,significant -> non-significant,false-positive risk
smallworldness,2.0,500,0.4,0.046040682769031456,-0.003959317230968547,0.0354884841336918,two_sample_t_p_value,500.0,,0.0038454491255634,0.15175134664463896,significant,non-significant,significant -> non-significant,false-positive risk
smallworldness,4.0,300,0.3,0.0464015209831491,-0.0035984790168509043,0.0305613197719839,ancova_p_value,,300.0,0.0033191337802054,0.13984425462056682,significant,non-significant,significant -> non-significant,false-positive risk
smallworldness,2.0,300,0.3,0.0464015209831491,-0.0035984790168509043,0.0305613197719839,two_sample_t_p_value,300.0,,0.0033191337802048,0.13984425462052474,significant,non-significant,significant -> non-significant,false-positive risk
smallworldness,2.0,1000,0.4,0.04577034649325166,-0.0042296535067483446,0.0354884841336918,two_sample_t_p_value,1000.0,,0.0038388016794249,0.13624785644658222,significant,non-significant,significant -> non-significant,false-positive risk
smallworldness,4.0,1000,0.4,0.04577034649325166,-0.0042296535067483446,0.0354884841336918,ancova_p_value,,1000.0,0.0038388016794237,0.13624785644651083,significant,non-significant,significant -> non-significant,false-positive risk
smallworldness,4.0,500,0.3,0.046040682769031456,-0.003959317230968547,0.0305613197719839,ancova_p_value,,500.0,0.0033115531210213,0.11761107982337915,significant,non-significant,significant -> non-significant,false-positive risk
smallworldness,2.0,500,0.3,0.046040682769031456,-0.003959317230968547,0.0305613197719839,two_sample_t_p_value,500.0,,0.0033115531210212,0.11761107982337182,significant,non-significant,significant -> non-significant,false-positive risk
smallworldness,2.0,1000,0.3,0.04577034649325166,-0.0042296535067483446,0.0305613197719839,two_sample_t_p_value,1000.0,,0.0033058285956698,0.10268590506159447,significant,non-significant,significant -> non-significant,false-positive risk
smallworldness,4.0,1000,0.3,0.04577034649325166,-0.0042296535067483446,0.0305613197719839,ancova_p_value,,1000.0,0.0033058285956688,0.1026859050615282,significant,non-significant,significant -> non-significant,false-positive risk
