Threshold,Metric,NPVR,n,formula,df,statistic,df2,p_value,sigma_p,p_minus_alpha,flip_probability,significance
0.05,avg_shortestPathLength,0.0351138182966801,30,two_sample_t_p_value,30.0,0.5,,0.6207230048851272,0.0244306904735895,0.5707230048851272,3.807672084003525e-210,non-significant
0.05,avg_shortestPathLength,0.0351138182966801,30,two_sample_t_p_value,30.0,1.0,,0.3253086154260302,0.0167137099562903,0.2753086154260302,2.8197595612331103e-131,non-significant
0.05,avg_shortestPathLength,0.0351138182966801,30,two_sample_t_p_value,30.0,2.0,,0.054625044962983094,0.0039926009115203,0.004625044962983091,0.12151127116219254,non-significant
0.05,avg_shortestPathLength,0.0351138182966801,30,two_sample_t_p_value,30.0,3.0,,0.005389964065651945,0.0004760775549762,-0.044610035934348057,0.0,significant
0.05,avg_shortestPathLength,0.0351138182966801,30,two_sample_t_p_value,30.0,4.0,,0.0003818456360837564,3.684959547674512e-05,-0.04961815436391625,0.0,significant
0.05,avg_shortestPathLength,0.0351138182966801,30,two_sample_t_p_value,30.0,5.0,,2.32966854670078e-05,2.309709861327247e-06,-0.049976703314532994,0.0,significant
0.05,avg_shortestPathLength,0.0351138182966801,30,two_sample_t_p_value,30.0,6.0,,1.3942768767204764e-06,1.3685104398847528e-07,-0.049998605723123285,0.0,significant
0.05,avg_shortestPathLength,0.0351138182966801,50,two_sample_t_p_value,50.0,0.5,,0.6192685675117714,0.0245477796614617,0.5692685675117714,1.2760898719610017e-207,non-significant
0.05,avg_shortestPathLength,0.0351138182966801,50,two_sample_t_p_value,50.0,1.0,,0.32212564510024433,0.0168245094845428,0.27212564510024434,1.4304186833774882e-126,non-significant
0.05,avg_shortestPathLength,0.0351138182966801,50,two_sample_t_p_value,50.0,2.0,,0.05094706873769324,0.0039168868533651,0.0009470687376932352,0.41337497191467926,non-significant
0.05,avg_shortestPathLength,0.0351138182966801,50,two_sample_t_p_value,50.0,3.0,,0.004201703187068241,0.0004095016018461,-0.04579829681293176,0.0,significant
0.05,avg_shortestPathLength,0.0351138182966801,50,two_sample_t_p_value,50.0,4.0,,0.00020919024636403336,2.3475321323898277e-05,-0.04979080975363597,0.0,significant
0.05,avg_shortestPathLength,0.0351138182966801,50,two_sample_t_p_value,50.0,5.0,,7.4332122472325795e-06,9.014044242111028e-07,-0.04999256678775277,0.0,significant
0.05,avg_shortestPathLength,0.0351138182966801,50,two_sample_t_p_value,50.0,6.0,,2.1889394850799978e-07,2.749611877097859e-08,-0.049999781106051494,0.0,significant
0.05,avg_shortestPathLength,0.0351138182966801,75,two_sample_t_p_value,75.0,0.5,,0.6185389578679419,0.0246065858825159,0.5685389578679418,2.2962483115433497e-206,non-significant
0.05,avg_shortestPathLength,0.0351138182966801,75,two_sample_t_p_value,75.0,1.0,,0.3205260061237414,0.0168803721028128,0.2705260061237414,2.9501387632064803e-124,non-significant
0.05,avg_shortestPathLength,0.0351138182966801,75,two_sample_t_p_value,75.0,2.0,,0.04912138289485513,0.003876761228255,-0.0008786171051448702,0.4012022940160733,significant
0.05,avg_shortestPathLength,0.0351138182966801,75,two_sample_t_p_value,75.0,3.0,,0.0036630774411349812,0.000376431234605,-0.04633692255886502,0.0,significant
0.05,avg_shortestPathLength,0.0351138182966801,75,two_sample_t_p_value,75.0,4.0,,0.00014717180322168836,1.7977347536313974e-05,-0.04985282819677832,0.0,significant
0.05,avg_shortestPathLength,0.0351138182966801,75,two_sample_t_p_value,75.0,5.0,,3.657912410473166e-06,4.992275252353442e-07,-0.04999634208758953,0.0,significant
0.05,avg_shortestPathLength,0.0351138182966801,75,two_sample_t_p_value,75.0,6.0,,6.480298590623212e-08,9.462923486091155e-09,-0.049999935197014095,0.0,significant
0.05,avg_shortestPathLength,0.0351138182966801,100,two_sample_t_p_value,100.0,0.5,,0.6181735658308866,0.0246360538993984,0.5681735658308865,9.698528916707354e-206,non-significant
0.05,avg_shortestPathLength,0.0351138182966801,100,two_sample_t_p_value,100.0,1.0,,0.31972415578412333,0.0169084199135728,0.26972415578412334,4.144565051505309e-123,non-significant
0.05,avg_shortestPathLength,0.0351138182966801,100,two_sample_t_p_value,100.0,2.0,,0.04821217873113365,0.0038561042471845,-0.0017878212688663547,0.3143901171522414,significant
0.05,avg_shortestPathLength,0.0351138182966801,100,two_sample_t_p_value,100.0,3.0,,0.0034079153433294465,0.0003599931647595,-0.04659208465667056,0.0,significant
0.05,avg_shortestPathLength,0.0351138182966801,100,two_sample_t_p_value,100.0,4.0,,0.00012152364430076177,1.553116182770151e-05,-0.04987847635569924,0.0,significant
0.05,avg_shortestPathLength,0.0351138182966801,100,two_sample_t_p_value,100.0,5.0,,2.450173413503802e-06,3.567604835815452e-07,-0.049997549826586496,0.0,significant
0.05,avg_shortestPathLength,0.0351138182966801,100,two_sample_t_p_value,100.0,6.0,,3.172491502802852e-08,5.042170511264399e-09,-0.049999968275084974,0.0,significant
0.05,avg_shortestPathLength,0.0351138182966801,300,two_sample_t_p_value,300.0,0.5,,0.617441622554225,0.0246951190178769,0.5674416225542249,1.7151318272891177e-204,non-significant
0.05,avg_shortestPathLength,0.0351138182966801,300,two_sample_t_p_value,300.0,1.0,,0.31811640443062633,0.0169647496840539,0.26811640443062634,7.82816698720221e-121,non-significant
0.05,avg_shortestPathLength,0.0351138182966801,300,two_sample_t_p_value,300.0,2.0,,0.0464015209831491,0.0038135611069823,-0.0035984790168509043,0.17179488428094258,significant
0.05,avg_shortestPathLength,0.0351138182966801,300,two_sample_t_p_value,300.0,3.0,,0.0029262198640661076,0.0003273813154624,-0.0470737801359339,0.0,significant
0.05,avg_shortestPathLength,0.0351138182966801,300,two_sample_t_p_value,300.0,4.0,,7.984004483719462e-05,1.1243437466583933e-05,-0.04992015995516281,0.0,significant
0.05,avg_shortestPathLength,0.0351138182966801,300,two_sample_t_p_value,300.0,5.0,,9.769154730247779e-07,1.641947306288162e-07,-0.04999902308452698,0.0,significant
0.05,avg_shortestPathLength,0.0351138182966801,300,two_sample_t_p_value,300.0,6.0,,5.676439092359154e-09,1.095831539076873e-09,-0.04999999432356091,0.0,significant
0.05,avg_shortestPathLength,0.0351138182966801,500,two_sample_t_p_value,500.0,0.5,,0.6172950500946657,0.0247069526151479,0.5672950500946656,3.0423461907881884e-204,non-significant
0.05,avg_shortestPathLength,0.0351138182966801,500,two_sample_t_p_value,500.0,1.0,,0.3177942072606085,0.0169760532280294,0.2677942072606085,2.2173962419487086e-120,non-significant
0.05,avg_shortestPathLength,0.0351138182966801,500,two_sample_t_p_value,500.0,2.0,,0.046040682769031456,0.0038048512118884,-0.003959317230968547,0.14931490277561432,significant
0.05,avg_shortestPathLength,0.0351138182966801,500,two_sample_t_p_value,500.0,3.0,,0.002834491812851143,0.0003209095065057,-0.04716550818714886,0.0,significant
0.05,avg_shortestPathLength,0.0351138182966801,500,two_sample_t_p_value,500.0,4.0,,7.291606940371305e-05,1.0481822484463896e-05,-0.04992708393059629,0.0,significant
0.05,avg_shortestPathLength,0.0351138182966801,500,two_sample_t_p_value,500.0,5.0,,7.94641504790956e-07,1.37810260872915e-07,-0.04999920535849521,0.0,significant
0.05,avg_shortestPathLength,0.0351138182966801,500,two_sample_t_p_value,500.0,6.0,,3.790442338479296e-09,7.64552371919762e-10,-0.04999999620955766,0.0,significant
0.05,avg_shortestPathLength,0.0351138182966801,1000,two_sample_t_p_value,1000.0,0.5,,0.6171850808338747,0.0247158322995771,0.5671850808338746,4.674754426678444e-204,non-significant
0.05,avg_shortestPathLength,0.0351138182966801,1000,two_sample_t_p_value,1000.0,1.0,,0.31755241808467255,0.0169845391308558,0.26755241808467256,4.834072923672955e-120,non-significant
0.05,avg_shortestPathLength,0.0351138182966801,1000,two_sample_t_p_value,1000.0,2.0,,0.04577034649325166,0.0037982739454443,-0.0042296535067483446,0.13382592803552318,significant
0.05,avg_shortestPathLength,0.0351138182966801,1000,two_sample_t_p_value,1000.0,3.0,,0.0027667090442381925,0.0003160682295639,-0.04723329095576181,0.0,significant
0.05,avg_shortestPathLength,0.0351138182966801,1000,two_sample_t_p_value,1000.0,4.0,,6.800991920878163e-05,9.931359830474114e-06,-0.04993199008079122,0.0,significant
0.05,avg_shortestPathLength,0.0351138182966801,1000,two_sample_t_p_value,1000.0,5.0,,6.767256364648635e-07,1.202305729643938e-07,-0.04999932327436354,0.0,significant
0.05,avg_shortestPathLength,0.0351138182966801,1000,two_sample_t_p_value,1000.0,6.0,,2.7553691733774752e-09,5.751113823329932e-10,-0.04999999724463083,0.0,significant
0.1,avg_shortestPathLength,0.030563543135895,30,two_sample_t_p_value,30.0,0.5,,0.6207230048851272,0.0212648039532587,0.5707230048851272,8.295320505249885e-277,non-significant
0.1,avg_shortestPathLength,0.030563543135895,30,two_sample_t_p_value,30.0,1.0,,0.3253086154260302,0.0145478395682822,0.2753086154260302,1.2260774625672833e-172,non-significant
0.1,avg_shortestPathLength,0.030563543135895,30,two_sample_t_p_value,30.0,2.0,,0.054625044962983094,0.0034752139215575,0.004625044962983091,0.08886254275504894,non-significant
0.1,avg_shortestPathLength,0.030563543135895,30,two_sample_t_p_value,30.0,3.0,,0.005389964065651945,0.0004143843533223,-0.044610035934348057,0.0,significant
0.1,avg_shortestPathLength,0.030563543135895,30,two_sample_t_p_value,30.0,4.0,,0.0003818456360837564,3.207438710817343e-05,-0.04961815436391625,0.0,significant
0.1,avg_shortestPathLength,0.030563543135895,30,two_sample_t_p_value,30.0,5.0,,2.32966854670078e-05,2.010402753173434e-06,-0.049976703314532994,0.0,significant
0.1,avg_shortestPathLength,0.030563543135895,30,two_sample_t_p_value,30.0,6.0,,1.3942768767204764e-06,1.1911700262256822e-07,-0.049998605723123285,0.0,significant
0.1,avg_shortestPathLength,0.030563543135895,50,two_sample_t_p_value,50.0,0.5,,0.6192685675117714,0.0213667199686018,0.5692685675117714,1.784872210585758e-273,non-significant
0.1,avg_shortestPathLength,0.030563543135895,50,two_sample_t_p_value,50.0,1.0,,0.32212564510024433,0.0146442809786857,0.27212564510024434,1.9839876834818212e-166,non-significant
0.1,avg_shortestPathLength,0.030563543135895,50,two_sample_t_p_value,50.0,2.0,,0.05094706873769324,0.0034093113796332,0.0009470687376932352,0.3981106841162424,non-significant
0.1,avg_shortestPathLength,0.030563543135895,50,two_sample_t_p_value,50.0,3.0,,0.004201703187068241,0.0003564357418066,-0.04579829681293176,0.0,significant
0.1,avg_shortestPathLength,0.030563543135895,50,two_sample_t_p_value,50.0,4.0,,0.00020919024636403336,2.043323770288453e-05,-0.04979080975363597,0.0,significant
0.1,avg_shortestPathLength,0.030563543135895,50,two_sample_t_p_value,50.0,5.0,,7.4332122472325795e-06,7.84594622250677e-07,-0.04999256678775277,0.0,significant
0.1,avg_shortestPathLength,0.030563543135895,50,two_sample_t_p_value,50.0,6.0,,2.1889394850799978e-07,2.393299427097484e-08,-0.049999781106051494,0.0,significant
0.1,avg_shortestPathLength,0.030563543135895,75,two_sample_t_p_value,75.0,0.5,,0.6185389578679419,0.0214179057000612,0.5685389578679418,8.093370438682694e-272,non-significant
0.1,avg_shortestPathLength,0.030563543135895,75,two_sample_t_p_value,75.0,1.0,,0.3205260061237414,0.0146929045584045,0.2705260061237414,2.2467500685498414e-163,non-significant
0.1,avg_shortestPathLength,0.030563543135895,75,two_sample_t_p_value,75.0,2.0,,0.04912138289485513,0.0033743854919514,-0.0008786171051448702,0.3895221191940109,significant
0.1,avg_shortestPathLength,0.030563543135895,75,two_sample_t_p_value,75.0,3.0,,0.0036630774411349812,0.0003276508461523,-0.04633692255886502,0.0,significant
0.1,avg_shortestPathLength,0.030563543135895,75,two_sample_t_p_value,75.0,4.0,,0.00014717180322168836,1.5647726836561567e-05,-0.04985282819677832,0.0,significant
0.1,avg_shortestPathLength,0.030563543135895,75,two_sample_t_p_value,75.0,5.0,,3.657912410473166e-06,4.345344010508582e-07,-0.04999634208758953,0.0,significant
0.1,avg_shortestPathLength,0.030563543135895,75,two_sample_t_p_value,75.0,6.0,,6.480298590623212e-08,8.236656797479805e-09,-0.049999935197014095,0.0,significant
0.1,avg_shortestPathLength,0.030563543135895,100,two_sample_t_p_value,100.0,0.5,,0.6181735658308866,0.021443555061162,0.5681735658308865,5.418843707312757e-271,non-significant
0.1,avg_shortestPathLength,0.030563543135895,100,two_sample_t_p_value,100.0,1.0,,0.31972415578412333,0.0147173177528565,0.26972415578412334,7.344294409081773e-162,non-significant
0.1,avg_shortestPathLength,0.030563543135895,100,two_sample_t_p_value,100.0,2.0,,0.04821217873113365,0.0033564053757855,-0.0017878212688663547,0.2917023453165598,significant
0.1,avg_shortestPathLength,0.030563543135895,100,two_sample_t_p_value,100.0,3.0,,0.0034079153433294465,0.0003133429274706,-0.04659208465667056,0.0,significant
0.1,avg_shortestPathLength,0.030563543135895,100,two_sample_t_p_value,100.0,4.0,,0.00012152364430076177,1.3518533657058908e-05,-0.04987847635569924,0.0,significant
0.1,avg_shortestPathLength,0.030563543135895,100,two_sample_t_p_value,100.0,5.0,,2.450173413503802e-06,3.10529157979901e-07,-0.049997549826586496,0.0,significant
0.1,avg_shortestPathLength,0.030563543135895,100,two_sample_t_p_value,100.0,6.0,,3.172491502802852e-08,4.3887735198008214e-09,-0.049999968275084974,0.0,significant
0.1,avg_shortestPathLength,0.030563543135895,300,two_sample_t_p_value,300.0,0.5,,0.617441622554225,0.0214949661404468,0.5674416225542249,2.401421000800689e-269,non-significant
0.1,avg_shortestPathLength,0.030563543135895,300,two_sample_t_p_value,300.0,1.0,,0.31811640443062633,0.0147663479481884,0.26811640443062634,7.405158796717731e-159,non-significant
0.1,avg_shortestPathLength,0.030563543135895,300,two_sample_t_p_value,300.0,2.0,,0.0464015209831491,0.0033193752502172,-0.0035984790168509043,0.1398610217614451,significant
0.1,avg_shortestPathLength,0.030563543135895,300,two_sample_t_p_value,300.0,3.0,,0.0029262198640661076,0.0002849571320464,-0.0470737801359339,0.0,significant
0.1,avg_shortestPathLength,0.030563543135895,300,two_sample_t_p_value,300.0,4.0,,7.984004483719462e-05,9.786440286904545e-06,-0.04992015995516281,0.0,significant
0.1,avg_shortestPathLength,0.030563543135895,300,two_sample_t_p_value,300.0,5.0,,9.769154730247779e-07,1.4291731790202245e-07,-0.04999902308452698,0.0,significant
0.1,avg_shortestPathLength,0.030563543135895,300,two_sample_t_p_value,300.0,6.0,,5.676439092359154e-09,9.538266169537259e-10,-0.04999999432356091,0.0,significant
0.1,avg_shortestPathLength,0.030563543135895,500,two_sample_t_p_value,500.0,0.5,,0.6172950500946657,0.0215052662638225,0.5672950500946656,5.1165725365684607e-269,non-significant
0.1,avg_shortestPathLength,0.030563543135895,500,two_sample_t_p_value,500.0,1.0,,0.3177942072606085,0.0147761867059949,0.2677942072606085,2.925637192885967e-158,non-significant
0.1,avg_shortestPathLength,0.030563543135895,500,two_sample_t_p_value,500.0,2.0,,0.046040682769031456,0.0033117940395337,-0.003959317230968547,0.11762746601374663,significant
0.1,avg_shortestPathLength,0.030563543135895,500,two_sample_t_p_value,500.0,3.0,,0.002834491812851143,0.0002793239818563,-0.04716550818714886,0.0,significant
0.1,avg_shortestPathLength,0.030563543135895,500,two_sample_t_p_value,500.0,4.0,,7.291606940371305e-05,9.123520288791704e-06,-0.04992708393059629,0.0,significant
0.1,avg_shortestPathLength,0.030563543135895,500,two_sample_t_p_value,500.0,5.0,,7.94641504790956e-07,1.1995191799339318e-07,-0.04999920535849521,0.0,significant
0.1,avg_shortestPathLength,0.030563543135895,500,two_sample_t_p_value,500.0,6.0,,3.790442338479296e-09,6.65476741987635e-10,-0.04999999620955766,0.0,significant
0.1,avg_shortestPathLength,0.030563543135895,1000,two_sample_t_p_value,1000.0,0.5,,0.6171850808338747,0.0215129952614437,0.5671850808338746,9.019583230491614e-269,non-significant
0.1,avg_shortestPathLength,0.030563543135895,1000,two_sample_t_p_value,1000.0,1.0,,0.31755241808467255,0.0147835729507744,0.26755241808467256,8.181891594158054e-158,non-significant
0.1,avg_shortestPathLength,0.030563543135895,1000,two_sample_t_p_value,1000.0,2.0,,0.04577034649325166,0.0033060690977178,-0.0042296535067483446,0.10270180224218406,significant
0.1,avg_shortestPathLength,0.030563543135895,1000,two_sample_t_p_value,1000.0,3.0,,0.0027667090442381925,0.0002751100688208,-0.04723329095576181,0.0,significant
0.1,avg_shortestPathLength,0.030563543135895,1000,two_sample_t_p_value,1000.0,4.0,,6.800991920878163e-05,8.644390137585492e-06,-0.04993199008079122,0.0,significant
0.1,avg_shortestPathLength,0.030563543135895,1000,two_sample_t_p_value,1000.0,5.0,,6.767256364648635e-07,1.0465031948399785e-07,-0.04999932327436354,0.0,significant
0.1,avg_shortestPathLength,0.030563543135895,1000,two_sample_t_p_value,1000.0,6.0,,2.7553691733774752e-09,5.00584738274975e-10,-0.04999999724463083,0.0,significant
0.2,avg_shortestPathLength,0.0315754464419614,30,two_sample_t_p_value,30.0,0.5,,0.6207230048851272,0.0219688429230693,0.5707230048851272,1.831000481640381e-259,non-significant
0.2,avg_shortestPathLength,0.0315754464419614,30,two_sample_t_p_value,30.0,1.0,,0.3253086154260302,0.0150294920681189,0.2753086154260302,7.06785635924495e-162,non-significant
0.2,avg_shortestPathLength,0.0315754464419614,30,two_sample_t_p_value,30.0,2.0,,0.054625044962983094,0.0035902719317129,0.004625044962983091,0.09624083528081141,non-significant
0.2,avg_shortestPathLength,0.0315754464419614,30,two_sample_t_p_value,30.0,3.0,,0.005389964065651945,0.0004281038653319,-0.044610035934348057,0.0,significant
0.2,avg_shortestPathLength,0.0315754464419614,30,two_sample_t_p_value,30.0,4.0,,0.0003818456360837564,3.3136311709339725e-05,-0.04961815436391625,0.0,significant
0.2,avg_shortestPathLength,0.0315754464419614,30,two_sample_t_p_value,30.0,5.0,,2.32966854670078e-05,2.076963530613926e-06,-0.049976703314532994,0.0,significant
0.2,avg_shortestPathLength,0.0315754464419614,30,two_sample_t_p_value,30.0,6.0,,1.3942768767204764e-06,1.2306074985850096e-07,-0.049998605723123285,0.0,significant
0.2,avg_shortestPathLength,0.0315754464419614,50,two_sample_t_p_value,50.0,0.5,,0.6192685675117714,0.0220741331922549,0.5692685675117714,2.4284964795881558e-256,non-significant
0.2,avg_shortestPathLength,0.0315754464419614,50,two_sample_t_p_value,50.0,1.0,,0.32212564510024433,0.0151291264781558,0.27212564510024434,4.645455369205384e-156,non-significant
0.2,avg_shortestPathLength,0.0315754464419614,50,two_sample_t_p_value,50.0,2.0,,0.05094706873769324,0.0035221874765282,0.0009470687376932352,0.40184161436809734,non-significant
0.2,avg_shortestPathLength,0.0315754464419614,50,two_sample_t_p_value,50.0,3.0,,0.004201703187068241,0.0003682366807204,-0.04579829681293176,0.0,significant
0.2,avg_shortestPathLength,0.0315754464419614,50,two_sample_t_p_value,50.0,4.0,,0.00020919024636403336,2.110974502709284e-05,-0.04979080975363597,0.0,significant
0.2,avg_shortestPathLength,0.0315754464419614,50,two_sample_t_p_value,50.0,5.0,,7.4332122472325795e-06,8.105711227057224e-07,-0.04999256678775277,0.0,significant
0.2,avg_shortestPathLength,0.0315754464419614,50,two_sample_t_p_value,50.0,6.0,,2.1889394850799978e-07,2.4725372167712385e-08,-0.049999781106051494,0.0,significant
0.2,avg_shortestPathLength,0.0315754464419614,75,two_sample_t_p_value,75.0,0.5,,0.6185389578679419,0.0221270135901559,0.5685389578679418,8.658039165672491e-255,non-significant
0.2,avg_shortestPathLength,0.0315754464419614,75,two_sample_t_p_value,75.0,1.0,,0.3205260061237414,0.0151793598961335,0.2705260061237414,3.3774652731178313e-153,non-significant
0.2,avg_shortestPathLength,0.0315754464419614,75,two_sample_t_p_value,75.0,2.0,,0.04912138289485513,0.0034861052562492,-0.0008786171051448702,0.3924327458148805,significant
0.2,avg_shortestPathLength,0.0315754464419614,75,two_sample_t_p_value,75.0,3.0,,0.0036630774411349812,0.0003384987695421,-0.04633692255886502,0.0,significant
0.2,avg_shortestPathLength,0.0315754464419614,75,two_sample_t_p_value,75.0,4.0,,0.00014717180322168836,1.6165794602721327e-05,-0.04985282819677832,0.0,significant
0.2,avg_shortestPathLength,0.0315754464419614,75,two_sample_t_p_value,75.0,5.0,,3.657912410473166e-06,4.48921044479857e-07,-0.04999634208758953,0.0,significant
0.2,avg_shortestPathLength,0.0315754464419614,75,two_sample_t_p_value,75.0,6.0,,6.480298590623212e-08,8.50935751831068e-09,-0.049999935197014095,0.0,significant
0.2,avg_shortestPathLength,0.0315754464419614,100,two_sample_t_p_value,100.0,0.5,,0.6181735658308866,0.0221535121549363,0.5681735658308865,5.142014805390027e-254,non-significant
0.2,avg_shortestPathLength,0.0315754464419614,100,two_sample_t_p_value,100.0,1.0,,0.31972415578412333,0.0152045813670366,0.26972415578412334,8.862488479458198e-152,non-significant
0.2,avg_shortestPathLength,0.0315754464419614,100,two_sample_t_p_value,100.0,2.0,,0.04821217873113365,0.00346752985115,-0.0017878212688663547,0.2972699263745975,significant
0.2,avg_shortestPathLength,0.0315754464419614,100,two_sample_t_p_value,100.0,3.0,,0.0034079153433294465,0.0003237171417046,-0.04659208465667056,0.0,significant
0.2,avg_shortestPathLength,0.0315754464419614,100,two_sample_t_p_value,100.0,4.0,,0.00012152364430076177,1.3966107710889144e-05,-0.04987847635569924,0.0,significant
0.2,avg_shortestPathLength,0.0315754464419614,100,two_sample_t_p_value,100.0,5.0,,2.450173413503802e-06,3.208102134253621e-07,-0.049997549826586496,0.0,significant
0.2,avg_shortestPathLength,0.0315754464419614,100,two_sample_t_p_value,100.0,6.0,,3.172491502802852e-08,4.534077826128035e-09,-0.049999968275084974,0.0,significant
0.2,avg_shortestPathLength,0.0315754464419614,300,two_sample_t_p_value,300.0,0.5,,0.617441622554225,0.0222066253615192,0.5674416225542249,1.7942504928811345e-252,non-significant
0.2,avg_shortestPathLength,0.0315754464419614,300,two_sample_t_p_value,300.0,1.0,,0.31811640443062633,0.0152552348629306,0.26811640443062634,5.77922905859802e-149,non-significant
0.2,avg_shortestPathLength,0.0315754464419614,300,two_sample_t_p_value,300.0,2.0,,0.0464015209831491,0.0034292737254966,-0.0035984790168509043,0.14737462533501677,significant
0.2,avg_shortestPathLength,0.0315754464419614,300,two_sample_t_p_value,300.0,3.0,,0.0029262198640661076,0.0002943915442388,-0.0470737801359339,0.0,significant
0.2,avg_shortestPathLength,0.0315754464419614,300,two_sample_t_p_value,300.0,4.0,,7.984004483719462e-05,1.011045151940166e-05,-0.04992015995516281,0.0,significant
0.2,avg_shortestPathLength,0.0315754464419614,300,two_sample_t_p_value,300.0,5.0,,9.769154730247779e-07,1.4764905027467904e-07,-0.04999902308452698,0.0,significant
0.2,avg_shortestPathLength,0.0315754464419614,300,two_sample_t_p_value,300.0,6.0,,5.676439092359154e-09,9.854060808535134e-10,-0.04999999432356091,0.0,significant
0.2,avg_shortestPathLength,0.0315754464419614,500,two_sample_t_p_value,500.0,0.5,,0.6172950500946657,0.0222172665032398,0.5672950500946656,3.644870284314873e-252,non-significant
0.2,avg_shortestPathLength,0.0315754464419614,500,two_sample_t_p_value,500.0,1.0,,0.3177942072606085,0.0152653993641075,0.2677942072606085,2.0939022390558595e-148,non-significant
0.2,avg_shortestPathLength,0.0315754464419614,500,two_sample_t_p_value,500.0,2.0,,0.046040682769031456,0.0034214415147205,-0.003959317230968547,0.12499851727181321,significant
0.2,avg_shortestPathLength,0.0315754464419614,500,two_sample_t_p_value,500.0,3.0,,0.002834491812851143,0.0002885718906948,-0.04716550818714886,0.0,significant
0.2,avg_shortestPathLength,0.0315754464419614,500,two_sample_t_p_value,500.0,4.0,,7.291606940371305e-05,9.425583446264757e-06,-0.04992708393059629,0.0,significant
0.2,avg_shortestPathLength,0.0315754464419614,500,two_sample_t_p_value,500.0,5.0,,7.94641504790956e-07,1.239233077582129e-07,-0.04999920535849521,0.0,significant
0.2,avg_shortestPathLength,0.0315754464419614,500,two_sample_t_p_value,500.0,6.0,,3.790442338479296e-09,6.875094661496686e-10,-0.04999999620955766,0.0,significant
0.2,avg_shortestPathLength,0.0315754464419614,1000,two_sample_t_p_value,1000.0,0.5,,0.6171850808338747,0.0222252513939102,0.5671850808338746,6.199642248922826e-252,non-significant
0.2,avg_shortestPathLength,0.0315754464419614,1000,two_sample_t_p_value,1000.0,1.0,,0.31755241808467255,0.0152730301540131,0.26755241808467256,5.4883978073166675e-148,non-significant
0.2,avg_shortestPathLength,0.0315754464419614,1000,two_sample_t_p_value,1000.0,2.0,,0.04577034649325166,0.0034155270304971,-0.0042296535067483446,0.10987506379366274,significant
0.2,avg_shortestPathLength,0.0315754464419614,1000,two_sample_t_p_value,1000.0,3.0,,0.0027667090442381925,0.0002842184626655,-0.04723329095576181,0.0,significant
0.2,avg_shortestPathLength,0.0315754464419614,1000,two_sample_t_p_value,1000.0,4.0,,6.800991920878163e-05,8.930590167479191e-06,-0.04993199008079122,0.0,significant
0.2,avg_shortestPathLength,0.0315754464419614,1000,two_sample_t_p_value,1000.0,5.0,,6.767256364648635e-07,1.0811510116182609e-07,-0.04999932327436354,0.0,significant
0.2,avg_shortestPathLength,0.0315754464419614,1000,two_sample_t_p_value,1000.0,6.0,,2.7553691733774752e-09,5.171581881977991e-10,-0.04999999724463083,0.0,significant
0.3,avg_shortestPathLength,0.0244643192954368,30,two_sample_t_p_value,30.0,0.5,,0.6207230048851272,0.0170212252995109,0.5707230048851272,0.0,non-significant
0.3,avg_shortestPathLength,0.0244643192954368,30,two_sample_t_p_value,30.0,1.0,,0.3253086154260302,0.0116446902335502,0.2753086154260302,2.7266059413720756e-268,non-significant
0.3,avg_shortestPathLength,0.0244643192954368,30,two_sample_t_p_value,30.0,2.0,,0.054625044962983094,0.0027817044188532,0.004625044962983091,0.045232183667195155,non-significant
0.3,avg_shortestPathLength,0.0244643192954368,30,two_sample_t_p_value,30.0,3.0,,0.005389964065651945,0.0003316903110884,-0.044610035934348057,0.0,significant
0.3,avg_shortestPathLength,0.0244643192954368,30,two_sample_t_p_value,30.0,4.0,,0.0003818456360837564,2.567366106510866e-05,-0.04961815436391625,0.0,significant
0.3,avg_shortestPathLength,0.0244643192954368,30,two_sample_t_p_value,30.0,5.0,,2.32966854670078e-05,1.609209202198077e-06,-0.049976703314532994,0.0,significant
0.3,avg_shortestPathLength,0.0244643192954368,30,two_sample_t_p_value,30.0,6.0,,1.3942768767204764e-06,9.534615711001915e-08,-0.049998605723123285,0.0,significant
0.3,avg_shortestPathLength,0.0244643192954368,50,two_sample_t_p_value,50.0,0.5,,0.6192685675117714,0.0171028030776365,0.5692685675117714,0.0,non-significant
0.3,avg_shortestPathLength,0.0244643192954368,50,two_sample_t_p_value,50.0,1.0,,0.32212564510024433,0.0117218859123013,0.27212564510024434,1.3298578454859785e-258,non-significant
0.3,avg_shortestPathLength,0.0244643192954368,50,two_sample_t_p_value,50.0,2.0,,0.05094706873769324,0.0027289533087856,0.0009470687376932352,0.3698924618060685,non-significant
0.3,avg_shortestPathLength,0.0244643192954368,50,two_sample_t_p_value,50.0,3.0,,0.004201703187068241,0.0002853058546613,-0.04579829681293176,0.0,significant
0.3,avg_shortestPathLength,0.0244643192954368,50,two_sample_t_p_value,50.0,4.0,,0.00020919024636403336,1.6355605408060176e-05,-0.04979080975363597,0.0,significant
0.3,avg_shortestPathLength,0.0244643192954368,50,two_sample_t_p_value,50.0,5.0,,7.4332122472325795e-06,6.280218648367486e-07,-0.04999256678775277,0.0,significant
0.3,avg_shortestPathLength,0.0244643192954368,50,two_sample_t_p_value,50.0,6.0,,2.1889394850799978e-07,1.9156954772476928e-08,-0.049999781106051494,0.0,significant
0.3,avg_shortestPathLength,0.0244643192954368,75,two_sample_t_p_value,75.0,0.5,,0.6185389578679419,0.0171437742462024,0.5685389578679418,0.0,non-significant
0.3,avg_shortestPathLength,0.0244643192954368,75,two_sample_t_p_value,75.0,1.0,,0.3205260061237414,0.0117608062290406,0.2705260061237414,7.745748941713332e-254,non-significant
0.3,avg_shortestPathLength,0.0244643192954368,75,two_sample_t_p_value,75.0,2.0,,0.04912138289485513,0.0027009971891654,-0.0008786171051448702,0.36662855508852266,significant
0.3,avg_shortestPathLength,0.0244643192954368,75,two_sample_t_p_value,75.0,3.0,,0.0036630774411349812,0.0002622652380992,-0.04633692255886502,0.0,significant
0.3,avg_shortestPathLength,0.0244643192954368,75,two_sample_t_p_value,75.0,4.0,,0.00014717180322168836,1.2525085323888035e-05,-0.04985282819677832,0.0,significant
0.3,avg_shortestPathLength,0.0244643192954368,75,two_sample_t_p_value,75.0,5.0,,3.657912410473166e-06,3.478192395722148e-07,-0.04999634208758953,0.0,significant
0.3,avg_shortestPathLength,0.0244643192954368,75,two_sample_t_p_value,75.0,6.0,,6.480298590623212e-08,6.592959491788162e-09,-0.049999935197014095,0.0,significant
0.3,avg_shortestPathLength,0.0244643192954368,100,two_sample_t_p_value,100.0,0.5,,0.6181735658308866,0.0171643050517083,0.5681735658308865,0.0,non-significant
0.3,avg_shortestPathLength,0.0244643192954368,100,two_sample_t_p_value,100.0,1.0,,0.31972415578412333,0.0117803475558247,0.26972415578412334,1.786493527192896e-251,non-significant
0.3,avg_shortestPathLength,0.0244643192954368,100,two_sample_t_p_value,100.0,2.0,,0.04821217873113365,0.0026866051633163,-0.0017878212688663547,0.24973489057336917,significant
0.3,avg_shortestPathLength,0.0244643192954368,100,two_sample_t_p_value,100.0,3.0,,0.0034079153433294465,0.0002508125904292,-0.04659208465667056,0.0,significant
0.3,avg_shortestPathLength,0.0244643192954368,100,two_sample_t_p_value,100.0,4.0,,0.00012152364430076177,1.0820791369701692e-05,-0.04987847635569924,0.0,significant
0.3,avg_shortestPathLength,0.0244643192954368,100,two_sample_t_p_value,100.0,5.0,,2.450173413503802e-06,2.485603333875699e-07,-0.049997549826586496,0.0,significant
0.3,avg_shortestPathLength,0.0244643192954368,100,two_sample_t_p_value,100.0,6.0,,3.172491502802852e-08,3.512955164470698e-09,-0.049999968275084974,0.0,significant
0.3,avg_shortestPathLength,0.0244643192954368,300,two_sample_t_p_value,300.0,0.5,,0.617441622554225,0.0172054565979592,0.5674416225542249,0.0,non-significant
0.3,avg_shortestPathLength,0.0244643192954368,300,two_sample_t_p_value,300.0,1.0,,0.31811640443062633,0.0118195933444553,0.26811640443062634,8.680098091086385e-247,non-significant
0.3,avg_shortestPathLength,0.0244643192954368,300,two_sample_t_p_value,300.0,2.0,,0.0464015209831491,0.0026569647249867,-0.0035984790168509043,0.09005798537875254,significant
0.3,avg_shortestPathLength,0.0244643192954368,300,two_sample_t_p_value,300.0,3.0,,0.0029262198640661076,0.0002280914301362,-0.0470737801359339,0.0,significant
0.3,avg_shortestPathLength,0.0244643192954368,300,two_sample_t_p_value,300.0,4.0,,7.984004483719462e-05,7.83347005548504e-06,-0.04992015995516281,0.0,significant
0.3,avg_shortestPathLength,0.0244643192954368,300,two_sample_t_p_value,300.0,5.0,,9.769154730247779e-07,1.1439691015065089e-07,-0.04999902308452698,0.0,significant
0.3,avg_shortestPathLength,0.0244643192954368,300,two_sample_t_p_value,300.0,6.0,,5.676439092359154e-09,7.634821265940547e-10,-0.04999999432356091,0.0,significant
0.3,avg_shortestPathLength,0.0244643192954368,500,two_sample_t_p_value,500.0,0.5,,0.6172950500946657,0.0172137012411251,0.5672950500946656,0.0,non-significant
0.3,avg_shortestPathLength,0.0244643192954368,500,two_sample_t_p_value,500.0,1.0,,0.3177942072606085,0.0118274686916093,0.2677942072606085,7.405191614898861e-246,non-significant
0.3,avg_shortestPathLength,0.0244643192954368,500,two_sample_t_p_value,500.0,2.0,,0.046040682769031456,0.0026508964115722,-0.003959317230968547,0.070407348113399,significant
0.3,avg_shortestPathLength,0.0244643192954368,500,two_sample_t_p_value,500.0,3.0,,0.002834491812851143,0.0002235824246103,-0.04716550818714886,0.0,significant
0.3,avg_shortestPathLength,0.0244643192954368,500,two_sample_t_p_value,500.0,4.0,,7.291606940371305e-05,7.302841573405818e-06,-0.04992708393059629,0.0,significant
0.3,avg_shortestPathLength,0.0244643192954368,500,two_sample_t_p_value,500.0,5.0,,7.94641504790956e-07,9.601445777547898e-08,-0.04999920535849521,0.0,significant
0.3,avg_shortestPathLength,0.0244643192954368,500,two_sample_t_p_value,500.0,6.0,,3.790442338479296e-09,5.326750052271311e-10,-0.04999999620955766,0.0,significant
0.3,avg_shortestPathLength,0.0244643192954368,1000,two_sample_t_p_value,1000.0,0.5,,0.6171850808338747,0.0172198878492942,0.5671850808338746,0.0,non-significant
0.3,avg_shortestPathLength,0.0244643192954368,1000,two_sample_t_p_value,1000.0,1.0,,0.31755241808467255,0.0118333809462807,0.26755241808467256,3.684844006756498e-245,non-significant
0.3,avg_shortestPathLength,0.0244643192954368,1000,two_sample_t_p_value,1000.0,2.0,,0.04577034649325166,0.0026463139322468,-0.0042296535067483446,0.05798752335631441,significant
0.3,avg_shortestPathLength,0.0244643192954368,1000,two_sample_t_p_value,1000.0,3.0,,0.0027667090442381925,0.0002202094349826,-0.04723329095576181,0.0,significant
0.3,avg_shortestPathLength,0.0244643192954368,1000,two_sample_t_p_value,1000.0,4.0,,6.800991920878163e-05,6.91932605784331e-06,-0.04993199008079122,0.0,significant
0.3,avg_shortestPathLength,0.0244643192954368,1000,two_sample_t_p_value,1000.0,5.0,,6.767256364648635e-07,8.37664278268575e-08,-0.04999932327436354,0.0,significant
0.3,avg_shortestPathLength,0.0244643192954368,1000,two_sample_t_p_value,1000.0,6.0,,2.7553691733774752e-09,4.0068865108767217e-10,-0.04999999724463083,0.0,significant
0.4,avg_shortestPathLength,0.0309119068207723,30,two_sample_t_p_value,30.0,0.5,,0.6207230048851272,0.0215071804810851,0.5707230048851272,1.2083318023021612e-270,non-significant
0.4,avg_shortestPathLength,0.0309119068207723,30,two_sample_t_p_value,30.0,1.0,,0.3253086154260302,0.014713656043698,0.2753086154260302,8.174302027715086e-169,non-significant
0.4,avg_shortestPathLength,0.0309119068207723,30,two_sample_t_p_value,30.0,2.0,,0.054625044962983094,0.0035148244576157,0.004625044962983091,0.09140677404723073,non-significant
0.4,avg_shortestPathLength,0.0309119068207723,30,two_sample_t_p_value,30.0,3.0,,0.005389964065651945,0.0004191075118787,-0.044610035934348057,0.0,significant
0.4,avg_shortestPathLength,0.0309119068207723,30,two_sample_t_p_value,30.0,4.0,,0.0003818456360837564,3.2439971413419165e-05,-0.04961815436391625,0.0,significant
0.4,avg_shortestPathLength,0.0309119068207723,30,two_sample_t_p_value,30.0,5.0,,2.32966854670078e-05,2.0333173513948834e-06,-0.049976703314532994,0.0,significant
0.4,avg_shortestPathLength,0.0309119068207723,30,two_sample_t_p_value,30.0,6.0,,1.3942768767204764e-06,1.2047469985618518e-07,-0.049998605723123285,0.0,significant
0.4,avg_shortestPathLength,0.0309119068207723,50,two_sample_t_p_value,50.0,0.5,,0.6192685675117714,0.0216102581365723,0.5692685675117714,2.189214931216419e-267,non-significant
0.4,avg_shortestPathLength,0.0309119068207723,50,two_sample_t_p_value,50.0,1.0,,0.32212564510024433,0.0148111966946232,0.27212564510024434,9.603356151865497e-163,non-significant
0.4,avg_shortestPathLength,0.0309119068207723,50,two_sample_t_p_value,50.0,2.0,,0.05094706873769324,0.0034481707576125,0.0009470687376932352,0.39941963869615044,non-significant
0.4,avg_shortestPathLength,0.0309119068207723,50,two_sample_t_p_value,50.0,3.0,,0.004201703187068241,0.0003604984012923,-0.04579829681293176,0.0,significant
0.4,avg_shortestPathLength,0.0309119068207723,50,two_sample_t_p_value,50.0,4.0,,0.00020919024636403336,2.0666136027156063e-05,-0.04979080975363597,0.0,significant
0.4,avg_shortestPathLength,0.0309119068207723,50,two_sample_t_p_value,50.0,5.0,,7.4332122472325795e-06,7.935374425423845e-07,-0.04999256678775277,0.0,significant
0.4,avg_shortestPathLength,0.0309119068207723,50,two_sample_t_p_value,50.0,6.0,,2.1889394850799978e-07,2.420578286872719e-08,-0.049999781106051494,0.0,significant
0.4,avg_shortestPathLength,0.0309119068207723,75,two_sample_t_p_value,75.0,0.5,,0.6185389578679419,0.0216620272837027,0.5685389578679418,9.113725379333695e-266,non-significant
0.4,avg_shortestPathLength,0.0309119068207723,75,two_sample_t_p_value,75.0,1.0,,0.3205260061237414,0.0148603744865721,0.2705260061237414,9.290670360619087e-160,non-significant
0.4,avg_shortestPathLength,0.0309119068207723,75,two_sample_t_p_value,75.0,2.0,,0.04912138289485513,0.0034128467841827,-0.0008786171051448702,0.3905469956219232,significant
0.4,avg_shortestPathLength,0.0309119068207723,75,two_sample_t_p_value,75.0,3.0,,0.0036630774411349812,0.0003313854150016,-0.04633692255886502,0.0,significant
0.4,avg_shortestPathLength,0.0309119068207723,75,two_sample_t_p_value,75.0,4.0,,0.00014717180322168836,1.5826079842183355e-05,-0.04985282819677832,0.0,significant
0.4,avg_shortestPathLength,0.0309119068207723,75,two_sample_t_p_value,75.0,5.0,,3.657912410473166e-06,4.394872301283955e-07,-0.04999634208758953,0.0,significant
0.4,avg_shortestPathLength,0.0309119068207723,75,two_sample_t_p_value,75.0,6.0,,6.480298590623212e-08,8.330538324902254e-09,-0.049999935197014095,0.0,significant
0.4,avg_shortestPathLength,0.0309119068207723,100,two_sample_t_p_value,100.0,0.5,,0.6181735658308866,0.0216879689965739,0.5681735658308865,5.847516378375174e-265,non-significant
0.4,avg_shortestPathLength,0.0309119068207723,100,two_sample_t_p_value,100.0,1.0,,0.31972415578412333,0.0148850659429502,0.26972415578412334,2.808855364395289e-158,non-significant
0.4,avg_shortestPathLength,0.0309119068207723,100,two_sample_t_p_value,100.0,2.0,,0.04821217873113365,0.0033946617304055,-0.0017878212688663547,0.29365651758159994,significant
0.4,avg_shortestPathLength,0.0309119068207723,100,two_sample_t_p_value,100.0,3.0,,0.0034079153433294465,0.000316914414466,-0.04659208465667056,0.0,significant
0.4,avg_shortestPathLength,0.0309119068207723,100,two_sample_t_p_value,100.0,4.0,,0.00012152364430076177,1.367261808954671e-05,-0.04987847635569924,0.0,significant
0.4,avg_shortestPathLength,0.0309119068207723,100,two_sample_t_p_value,100.0,5.0,,2.450173413503802e-06,3.140685735919829e-07,-0.049997549826586496,0.0,significant
0.4,avg_shortestPathLength,0.0309119068207723,100,two_sample_t_p_value,100.0,6.0,,3.172491502802852e-08,4.438796820720214e-09,-0.049999968275084974,0.0,significant
0.4,avg_shortestPathLength,0.0309119068207723,300,two_sample_t_p_value,300.0,0.5,,0.617441622554225,0.0217399660600473,0.5674416225542249,2.3803545425871886e-263,non-significant
0.4,avg_shortestPathLength,0.0309119068207723,300,two_sample_t_p_value,300.0,1.0,,0.31811640443062633,0.0149346549851225,0.26811640443062634,2.4257893131041015e-155,non-significant
0.4,avg_shortestPathLength,0.0309119068207723,300,two_sample_t_p_value,300.0,2.0,,0.0464015209831491,0.0033572095349569,-0.0035984790168509043,0.14247421211833822,significant
0.4,avg_shortestPathLength,0.0309119068207723,300,two_sample_t_p_value,300.0,3.0,,0.0029262198640661076,0.0002882050773553,-0.0470737801359339,0.0,significant
0.4,avg_shortestPathLength,0.0309119068207723,300,two_sample_t_p_value,300.0,4.0,,7.984004483719462e-05,9.897986267847236e-06,-0.04992015995516281,0.0,significant
0.4,avg_shortestPathLength,0.0309119068207723,300,two_sample_t_p_value,300.0,5.0,,9.769154730247779e-07,1.4454629145642222e-07,-0.04999902308452698,0.0,significant
0.4,avg_shortestPathLength,0.0309119068207723,300,two_sample_t_p_value,300.0,6.0,,5.676439092359154e-09,9.646983458478084e-10,-0.04999999432356091,0.0,significant
0.4,avg_shortestPathLength,0.0309119068207723,500,two_sample_t_p_value,500.0,0.5,,0.6172950500946657,0.0217503835843708,0.5672950500946656,4.986457822275886e-263,non-significant
0.4,avg_shortestPathLength,0.0309119068207723,500,two_sample_t_p_value,500.0,1.0,,0.3177942072606085,0.0149446058852258,0.2677942072606085,9.29346061745228e-155,non-significant
0.4,avg_shortestPathLength,0.0309119068207723,500,two_sample_t_p_value,500.0,2.0,,0.046040682769031456,0.0033495419135297,-0.003959317230968547,0.12018474702804505,significant
0.4,avg_shortestPathLength,0.0309119068207723,500,two_sample_t_p_value,500.0,3.0,,0.002834491812851143,0.0002825077204419,-0.04716550818714886,0.0,significant
0.4,avg_shortestPathLength,0.0309119068207723,500,two_sample_t_p_value,500.0,4.0,,7.291606940371305e-05,9.227510298481504e-06,-0.04992708393059629,0.0,significant
0.4,avg_shortestPathLength,0.0309119068207723,500,two_sample_t_p_value,500.0,5.0,,7.94641504790956e-07,1.2131913160388592e-07,-0.04999920535849521,0.0,significant
0.4,avg_shortestPathLength,0.0309119068207723,500,two_sample_t_p_value,500.0,6.0,,3.790442338479296e-09,6.730618550423674e-10,-0.04999999620955766,0.0,significant
0.4,avg_shortestPathLength,0.0309119068207723,1000,two_sample_t_p_value,1000.0,0.5,,0.6171850808338747,0.0217582006772131,0.5671850808338746,8.679269594255364e-263,non-significant
0.4,avg_shortestPathLength,0.0309119068207723,1000,two_sample_t_p_value,1000.0,1.0,,0.31755241808467255,0.0149520763185248,0.26755241808467256,2.5398566332396995e-154,non-significant
0.4,avg_shortestPathLength,0.0309119068207723,1000,two_sample_t_p_value,1000.0,2.0,,0.04577034649325166,0.0033437517187483,-0.0042296535067483446,0.10518548692295393,significant
0.4,avg_shortestPathLength,0.0309119068207723,1000,two_sample_t_p_value,1000.0,3.0,,0.0027667090442381925,0.0002782457771677,-0.04723329095576181,0.0,significant
0.4,avg_shortestPathLength,0.0309119068207723,1000,two_sample_t_p_value,1000.0,4.0,,6.800991920878163e-05,8.74291901522434e-06,-0.04993199008079122,0.0,significant
0.4,avg_shortestPathLength,0.0309119068207723,1000,two_sample_t_p_value,1000.0,5.0,,6.767256364648635e-07,1.0584312526430073e-07,-0.04999932327436354,0.0,significant
0.4,avg_shortestPathLength,0.0309119068207723,1000,two_sample_t_p_value,1000.0,6.0,,2.7553691733774752e-09,5.062904100043106e-10,-0.04999999724463083,0.0,significant
0.5,avg_shortestPathLength,0.0330051703414683,30,two_sample_t_p_value,30.0,0.5,,0.6207230048851272,0.0229635835621085,0.5707230048851272,1.2690729450914513e-237,non-significant
0.5,avg_shortestPathLength,0.0330051703414683,30,two_sample_t_p_value,30.0,1.0,,0.3253086154260302,0.015710021607004,0.2753086154260302,2.5157255465510933e-148,non-significant
0.5,avg_shortestPathLength,0.0330051703414683,30,two_sample_t_p_value,30.0,2.0,,0.054625044962983094,0.0037528380444655,0.004625044962983091,0.10657450152700278,non-significant
0.5,avg_shortestPathLength,0.0330051703414683,30,two_sample_t_p_value,30.0,3.0,,0.005389964065651945,0.0004474882413806,-0.044610035934348057,0.0,significant
0.5,avg_shortestPathLength,0.0330051703414683,30,two_sample_t_p_value,30.0,4.0,,0.0003818456360837564,3.463671097936856e-05,-0.04961815436391625,0.0,significant
0.5,avg_shortestPathLength,0.0330051703414683,30,two_sample_t_p_value,30.0,5.0,,2.32966854670078e-05,2.1710076292011357e-06,-0.049976703314532994,0.0,significant
0.5,avg_shortestPathLength,0.0330051703414683,30,two_sample_t_p_value,30.0,6.0,,1.3942768767204764e-06,1.286328926146561e-07,-0.049998605723123285,0.0,significant
0.5,avg_shortestPathLength,0.0330051703414683,50,two_sample_t_p_value,50.0,0.5,,0.6192685675117714,0.0230736413336164,0.5692685675117714,9.152639489857309e-235,non-significant
0.5,avg_shortestPathLength,0.0330051703414683,50,two_sample_t_p_value,50.0,1.0,,0.32212564510024433,0.0158141674242669,0.27212564510024434,5.3174502125492775e-143,non-significant
0.5,avg_shortestPathLength,0.0330051703414683,50,two_sample_t_p_value,50.0,2.0,,0.05094706873769324,0.003681670751705,0.0009470687376932352,0.4067650885182644,non-significant
0.5,avg_shortestPathLength,0.0330051703414683,50,two_sample_t_p_value,50.0,3.0,,0.004201703187068241,0.0003849102939999,-0.04579829681293176,0.0,significant
0.5,avg_shortestPathLength,0.0330051703414683,50,two_sample_t_p_value,50.0,4.0,,0.00020919024636403336,2.206558604847657e-05,-0.04979080975363597,0.0,significant
0.5,avg_shortestPathLength,0.0330051703414683,50,two_sample_t_p_value,50.0,5.0,,7.4332122472325795e-06,8.472734669944299e-07,-0.04999256678775277,0.0,significant
0.5,avg_shortestPathLength,0.0330051703414683,50,two_sample_t_p_value,50.0,6.0,,2.1889394850799978e-07,2.5844927375818736e-08,-0.049999781106051494,0.0,significant
0.5,avg_shortestPathLength,0.0330051703414683,75,two_sample_t_p_value,75.0,0.5,,0.6185389578679419,0.0231289161353094,0.5685389578679418,2.410556590193129e-233,non-significant
0.5,avg_shortestPathLength,0.0330051703414683,75,two_sample_t_p_value,75.0,1.0,,0.3205260061237414,0.0158666753918181,0.2705260061237414,2.2127327327580417e-140,non-significant
0.5,avg_shortestPathLength,0.0330051703414683,75,two_sample_t_p_value,75.0,2.0,,0.04912138289485513,0.003643954742565,-0.0008786171051448702,0.39622113690473226,significant
0.5,avg_shortestPathLength,0.0330051703414683,75,two_sample_t_p_value,75.0,3.0,,0.0036630774411349812,0.0003538258618021,-0.04633692255886502,0.0,significant
0.5,avg_shortestPathLength,0.0330051703414683,75,two_sample_t_p_value,75.0,4.0,,0.00014717180322168836,1.6897775477180647e-05,-0.04985282819677832,0.0,significant
0.5,avg_shortestPathLength,0.0330051703414683,75,two_sample_t_p_value,75.0,5.0,,3.657912410473166e-06,4.6924801428103467e-07,-0.04999634208758953,0.0,significant
0.5,avg_shortestPathLength,0.0330051703414683,75,two_sample_t_p_value,75.0,6.0,,6.480298590623212e-08,8.894657907831372e-09,-0.049999935197014095,0.0,significant
0.5,avg_shortestPathLength,0.0330051703414683,100,two_sample_t_p_value,100.0,0.5,,0.6181735658308866,0.0231566145447678,0.5681735658308865,1.2310419585571712e-232,non-significant
0.5,avg_shortestPathLength,0.0330051703414683,100,two_sample_t_p_value,100.0,1.0,,0.31972415578412333,0.0158930388810866,0.26972415578412334,4.402786530475705e-139,non-significant
0.5,avg_shortestPathLength,0.0330051703414683,100,two_sample_t_p_value,100.0,2.0,,0.04821217873113365,0.0036245382503679,-0.0017878212688663547,0.30460033272706377,significant
0.5,avg_shortestPathLength,0.0330051703414683,100,two_sample_t_p_value,100.0,3.0,,0.0034079153433294465,0.0003383749276214,-0.04659208465667056,0.0,significant
0.5,avg_shortestPathLength,0.0330051703414683,100,two_sample_t_p_value,100.0,4.0,,0.00012152364430076177,1.4598487620831135e-05,-0.04987847635569924,0.0,significant
0.5,avg_shortestPathLength,0.0330051703414683,100,two_sample_t_p_value,100.0,5.0,,2.450173413503802e-06,3.3533637476351535e-07,-0.049997549826586496,0.0,significant
0.5,avg_shortestPathLength,0.0330051703414683,100,two_sample_t_p_value,100.0,6.0,,3.172491502802852e-08,4.739379101666765e-09,-0.049999968275084974,0.0,significant
0.5,avg_shortestPathLength,0.0330051703414683,300,two_sample_t_p_value,300.0,0.5,,0.617441622554225,0.0232121326966291,0.5674416225542249,3.179088831977031e-231,non-significant
0.5,avg_shortestPathLength,0.0330051703414683,300,two_sample_t_p_value,300.0,1.0,,0.31811640443062633,0.0159459859475182,0.26811640443062634,1.6584903874175937e-136,non-significant
0.5,avg_shortestPathLength,0.0330051703414683,300,two_sample_t_p_value,300.0,2.0,,0.0464015209831491,0.0035845499022659,-0.0035984790168509043,0.15758813433779872,significant
0.5,avg_shortestPathLength,0.0330051703414683,300,two_sample_t_p_value,300.0,3.0,,0.0029262198640661076,0.0003077214785403,-0.0470737801359339,0.0,significant
0.5,avg_shortestPathLength,0.0330051703414683,300,two_sample_t_p_value,300.0,4.0,,7.984004483719462e-05,1.056824882081636e-05,-0.04992015995516281,0.0,significant
0.5,avg_shortestPathLength,0.0330051703414683,300,two_sample_t_p_value,300.0,5.0,,9.769154730247779e-07,1.5433454168349316e-07,-0.04999902308452698,0.0,significant
0.5,avg_shortestPathLength,0.0330051703414683,300,two_sample_t_p_value,300.0,6.0,,5.676439092359154e-09,1.0300248838561983e-09,-0.04999999432356091,0.0,significant
0.5,avg_shortestPathLength,0.0330051703414683,500,two_sample_t_p_value,500.0,0.5,,0.6172950500946657,0.0232232556650964,0.5672950500946656,6.081648828444996e-231,non-significant
0.5,avg_shortestPathLength,0.0330051703414683,500,two_sample_t_p_value,500.0,1.0,,0.3177942072606085,0.0159566106933439,0.2677942072606085,5.388328104739431e-136,non-significant
0.5,avg_shortestPathLength,0.0330051703414683,500,two_sample_t_p_value,500.0,2.0,,0.046040682769031456,0.0035763630520407,-0.003959317230968547,0.1351044998931863,significant
0.5,avg_shortestPathLength,0.0330051703414683,500,two_sample_t_p_value,500.0,3.0,,0.002834491812851143,0.0003016383133537,-0.04716550818714886,0.0,significant
0.5,avg_shortestPathLength,0.0330051703414683,500,two_sample_t_p_value,500.0,4.0,,7.291606940371305e-05,9.852370188447213e-06,-0.04992708393059629,0.0,significant
0.5,avg_shortestPathLength,0.0330051703414683,500,two_sample_t_p_value,500.0,5.0,,7.94641504790956e-07,1.2953450679964318e-07,-0.04999920535849521,0.0,significant
0.5,avg_shortestPathLength,0.0330051703414683,500,two_sample_t_p_value,500.0,6.0,,3.790442338479296e-09,7.186396266273093e-10,-0.04999999620955766,0.0,significant
0.5,avg_shortestPathLength,0.0330051703414683,1000,two_sample_t_p_value,1000.0,0.5,,0.6171850808338747,0.0232316021085019,0.5671850808338746,9.889164666719452e-231,non-significant
0.5,avg_shortestPathLength,0.0330051703414683,1000,two_sample_t_p_value,1000.0,1.0,,0.31755241808467255,0.0159645870024403,0.26755241808467256,1.3016798903005536e-135,non-significant
0.5,avg_shortestPathLength,0.0330051703414683,1000,two_sample_t_p_value,1000.0,2.0,,0.04577034649325166,0.0035701807622785,-0.0042296535067483446,0.11977823965801693,significant
0.5,avg_shortestPathLength,0.0330051703414683,1000,two_sample_t_p_value,1000.0,3.0,,0.0027667090442381925,0.0002970877638012,-0.04723329095576181,0.0,significant
0.5,avg_shortestPathLength,0.0330051703414683,1000,two_sample_t_p_value,1000.0,4.0,,6.800991920878163e-05,9.334963807060682e-06,-0.04993199008079122,0.0,significant
0.5,avg_shortestPathLength,0.0330051703414683,1000,two_sample_t_p_value,1000.0,5.0,,6.767256364648635e-07,1.1301051077425365e-07,-0.04999932327436354,0.0,significant
0.5,avg_shortestPathLength,0.0330051703414683,1000,two_sample_t_p_value,1000.0,6.0,,2.7553691733774752e-09,5.405749092519624e-10,-0.04999999724463083,0.0,significant
0.05,betweeness,0.0626583545841557,30,two_sample_t_p_value,30.0,0.5,,0.6207230048851272,0.0435949987977997,0.5707230048851272,4.2981771387876485e-67,non-significant
0.05,betweeness,0.0626583545841557,30,two_sample_t_p_value,30.0,1.0,,0.3253086154260302,0.0298245424638706,0.2753086154260302,1.803313387787975e-42,non-significant
0.05,betweeness,0.0626583545841557,30,two_sample_t_p_value,30.0,2.0,,0.054625044962983094,0.0071245400176465,0.004625044962983091,0.26579353394166366,non-significant
0.05,betweeness,0.0626583545841557,30,two_sample_t_p_value,30.0,3.0,,0.005389964065651945,0.0008495298345858,-0.044610035934348057,0.0,significant
0.05,betweeness,0.0626583545841557,30,two_sample_t_p_value,30.0,4.0,,0.0003818456360837564,6.575573753205009e-05,-0.04961815436391625,0.0,significant
0.05,betweeness,0.0626583545841557,30,two_sample_t_p_value,30.0,5.0,,2.32966854670078e-05,4.121528973431146e-06,-0.049976703314532994,0.0,significant
0.05,betweeness,0.0626583545841557,30,two_sample_t_p_value,30.0,6.0,,1.3942768767204764e-06,2.442019027094099e-07,-0.049998605723123285,0.0,significant
0.05,betweeness,0.0626583545841557,50,two_sample_t_p_value,50.0,0.5,,0.6192685675117714,0.0438039369369015,0.5692685675117714,2.6731736238368694e-66,non-significant
0.05,betweeness,0.0626583545841557,50,two_sample_t_p_value,50.0,1.0,,0.32212564510024433,0.0300222571091521,0.27212564510024434,5.458260256241938e-41,non-significant
0.05,betweeness,0.0626583545841557,50,two_sample_t_p_value,50.0,2.0,,0.05094706873769324,0.0069894331414073,0.0009470687376932352,0.46302501681432884,non-significant
0.05,betweeness,0.0626583545841557,50,two_sample_t_p_value,50.0,3.0,,0.004201703187068241,0.0007307293201343,-0.04579829681293176,0.0,significant
0.05,betweeness,0.0626583545841557,50,two_sample_t_p_value,50.0,4.0,,0.00020919024636403336,4.189020388104248e-05,-0.04979080975363597,0.0,significant
0.05,betweeness,0.0626583545841557,50,two_sample_t_p_value,50.0,5.0,,7.4332122472325795e-06,1.6084983284568066e-06,-0.04999256678775277,0.0,significant
0.05,betweeness,0.0626583545841557,50,two_sample_t_p_value,50.0,6.0,,2.1889394850799978e-07,4.9065058806291286e-08,-0.049999781106051494,0.0,significant
0.05,betweeness,0.0626583545841557,75,two_sample_t_p_value,75.0,0.5,,0.6185389578679419,0.0439088728632493,0.5685389578679418,6.630599106932726e-66,non-significant
0.05,betweeness,0.0626583545841557,75,two_sample_t_p_value,75.0,1.0,,0.3205260061237414,0.0301219403652989,0.2705260061237414,2.921198049721024e-40,non-significant
0.05,betweeness,0.0626583545841557,75,two_sample_t_p_value,75.0,2.0,,0.04912138289485513,0.0069178315393024,-0.0008786171051448702,0.43222797233163013,significant
0.05,betweeness,0.0626583545841557,75,two_sample_t_p_value,75.0,3.0,,0.0036630774411349812,0.0006717173727774,-0.04633692255886502,0.0,significant
0.05,betweeness,0.0626583545841557,75,two_sample_t_p_value,75.0,4.0,,0.00014717180322168836,3.207942260495946e-05,-0.04985282819677832,0.0,significant
0.05,betweeness,0.0626583545841557,75,two_sample_t_p_value,75.0,5.0,,3.657912410473166e-06,8.908394703780828e-07,-0.04999634208758953,0.0,significant
0.05,betweeness,0.0626583545841557,75,two_sample_t_p_value,75.0,6.0,,6.480298590623212e-08,1.688597947920389e-08,-0.049999935197014095,0.0,significant
0.05,betweeness,0.0626583545841557,100,two_sample_t_p_value,100.0,0.5,,0.6181735658308866,0.0439614566476476,0.5681735658308865,1.0428573071898323e-65,non-significant
0.05,betweeness,0.0626583545841557,100,two_sample_t_p_value,100.0,1.0,,0.31972415578412333,0.0301719898830431,0.26972415578412334,6.711521008469266e-40,non-significant
0.05,betweeness,0.0626583545841557,100,two_sample_t_p_value,100.0,2.0,,0.04821217873113365,0.0068809704826776,-0.0017878212688663547,0.38143187127304856,significant
0.05,betweeness,0.0626583545841557,100,two_sample_t_p_value,100.0,3.0,,0.0034079153433294465,0.0006423846923963,-0.04659208465667056,0.0,significant
0.05,betweeness,0.0626583545841557,100,two_sample_t_p_value,100.0,4.0,,0.00012152364430076177,2.7714361243249743e-05,-0.04987847635569924,0.0,significant
0.05,betweeness,0.0626583545841557,100,two_sample_t_p_value,100.0,5.0,,2.450173413503802e-06,6.366161803594231e-07,-0.049997549826586496,0.0,significant
0.05,betweeness,0.0626583545841557,100,two_sample_t_p_value,100.0,6.0,,3.172491502802852e-08,8.997429590231969e-09,-0.049999968275084974,0.0,significant
0.05,betweeness,0.0626583545841557,300,two_sample_t_p_value,300.0,0.5,,0.617441622554225,0.0440668545598288,0.5674416225542249,2.572656727615019e-65,non-significant
0.05,betweeness,0.0626583545841557,300,two_sample_t_p_value,300.0,1.0,,0.31811640443062633,0.0302725067423212,0.26811640443062634,3.494287630067711e-39,non-significant
0.05,betweeness,0.0626583545841557,300,two_sample_t_p_value,300.0,2.0,,0.0464015209831491,0.0068050549800855,-0.0035984790168509043,0.2869785521353785,significant
0.05,betweeness,0.0626583545841557,300,two_sample_t_p_value,300.0,3.0,,0.0029262198640661076,0.0005841909408755,-0.0470737801359339,0.0,significant
0.05,betweeness,0.0626583545841557,300,two_sample_t_p_value,300.0,4.0,,7.984004483719462e-05,2.006319237553852e-05,-0.04992015995516281,0.0,significant
0.05,betweeness,0.0626583545841557,300,two_sample_t_p_value,300.0,5.0,,9.769154730247779e-07,2.929949561641095e-07,-0.04999902308452698,0.0,significant
0.05,betweeness,0.0626583545841557,300,two_sample_t_p_value,300.0,6.0,,5.676439092359154e-09,1.955441033493975e-09,-0.04999999432356091,0.0,significant
0.05,betweeness,0.0626583545841557,500,two_sample_t_p_value,500.0,0.5,,0.6172950500946657,0.0440879708544895,0.5672950500946656,3.0805100673237876e-65,non-significant
0.05,betweeness,0.0626583545841557,500,two_sample_t_p_value,500.0,1.0,,0.3177942072606085,0.0302926771909034,0.2677942072606085,4.849640994550062e-39,non-significant
0.05,betweeness,0.0626583545841557,500,two_sample_t_p_value,500.0,2.0,,0.046040682769031456,0.0067895127314309,-0.003959317230968547,0.2695788487023092,significant
0.05,betweeness,0.0626583545841557,500,two_sample_t_p_value,500.0,3.0,,0.002834491812851143,0.0005726424132566,-0.04716550818714886,0.0,significant
0.05,betweeness,0.0626583545841557,500,two_sample_t_p_value,500.0,4.0,,7.291606940371305e-05,1.8704139332571823e-05,-0.04992708393059629,0.0,significant
0.05,betweeness,0.0626583545841557,500,two_sample_t_p_value,500.0,5.0,,7.94641504790956e-07,2.4591356366181666e-07,-0.04999920535849521,0.0,significant
0.05,betweeness,0.0626583545841557,500,two_sample_t_p_value,500.0,6.0,,3.790442338479296e-09,1.3642946264956624e-09,-0.04999999620955766,0.0,significant
0.05,betweeness,0.0626583545841557,1000,two_sample_t_p_value,1000.0,0.5,,0.6171850808338747,0.0441038160813133,0.5671850808338746,3.5258304369763775e-65,non-significant
0.05,betweeness,0.0626583545841557,1000,two_sample_t_p_value,1000.0,1.0,,0.31755241808467255,0.0303078197397361,0.26755241808467256,6.19817223362774e-39,non-significant
0.05,betweeness,0.0626583545841557,1000,two_sample_t_p_value,1000.0,2.0,,0.04577034649325166,0.0067777760216955,-0.0042296535067483446,0.25690308485609026,significant
0.05,betweeness,0.0626583545841557,1000,two_sample_t_p_value,1000.0,3.0,,0.0027667090442381925,0.0005640034653444,-0.04723329095576181,0.0,significant
0.05,betweeness,0.0626583545841557,1000,two_sample_t_p_value,1000.0,4.0,,6.800991920878163e-05,1.772187406402118e-05,-0.04993199008079122,0.0,significant
0.05,betweeness,0.0626583545841557,1000,two_sample_t_p_value,1000.0,5.0,,6.767256364648635e-07,2.1454373913450065e-07,-0.04999932327436354,0.0,significant
0.05,betweeness,0.0626583545841557,1000,two_sample_t_p_value,1000.0,6.0,,2.7553691733774752e-09,1.0262493419296316e-09,-0.04999999724463083,0.0,significant
0.1,betweeness,0.0692786045549923,30,two_sample_t_p_value,30.0,0.5,,0.6207230048851272,0.0482010851119899,0.5707230048851272,3.7593148385345524e-55,non-significant
0.1,betweeness,0.0692786045549923,30,two_sample_t_p_value,30.0,1.0,,0.3253086154260302,0.0329756932990153,0.2753086154260302,4.7632384938568207e-35,non-significant
0.1,betweeness,0.0692786045549923,30,two_sample_t_p_value,30.0,2.0,,0.054625044962983094,0.0078772925620929,0.004625044962983091,0.288630905661114,non-significant
0.1,betweeness,0.0692786045549923,30,two_sample_t_p_value,30.0,3.0,,0.005389964065651945,0.0009392880144801,-0.044610035934348057,0.0,significant
0.1,betweeness,0.0692786045549923,30,two_sample_t_p_value,30.0,4.0,,0.0003818456360837564,7.270324552787883e-05,-0.04961815436391625,0.0,significant
0.1,betweeness,0.0692786045549923,30,two_sample_t_p_value,30.0,5.0,,2.32966854670078e-05,4.55699447914456e-06,-0.049976703314532994,0.0,significant
0.1,betweeness,0.0692786045549923,30,two_sample_t_p_value,30.0,6.0,,1.3942768767204764e-06,2.7000337244189186e-07,-0.049998605723123285,0.0,significant
0.1,betweeness,0.0692786045549923,50,two_sample_t_p_value,50.0,0.5,,0.6192685675117714,0.0484320988820028,0.5692685675117714,1.6772023900955088e-54,non-significant
0.1,betweeness,0.0692786045549923,50,two_sample_t_p_value,50.0,1.0,,0.32212564510024433,0.0331942977423667,0.27212564510024434,7.766645021926195e-34,non-significant
0.1,betweeness,0.0692786045549923,50,two_sample_t_p_value,50.0,2.0,,0.05094706873769324,0.0077279107930733,0.0009470687376932352,0.47003394611530797,non-significant
0.1,betweeness,0.0692786045549923,50,two_sample_t_p_value,50.0,3.0,,0.004201703187068241,0.0008079354771171,-0.04579829681293176,0.0,significant
0.1,betweeness,0.0692786045549923,50,two_sample_t_p_value,50.0,4.0,,0.00020919024636403336,4.631616787039909e-05,-0.04979080975363597,0.0,significant
0.1,betweeness,0.0692786045549923,50,two_sample_t_p_value,50.0,5.0,,7.4332122472325795e-06,1.7784463119735906e-06,-0.04999256678775277,0.0,significant
0.1,betweeness,0.0692786045549923,50,two_sample_t_p_value,50.0,6.0,,2.1889394850799978e-07,5.424909142711569e-08,-0.049999781106051494,0.0,significant
0.1,betweeness,0.0692786045549923,75,two_sample_t_p_value,75.0,0.5,,0.6185389578679419,0.0485481219501683,0.5685389578679418,3.5269982982080916e-54,non-significant
0.1,betweeness,0.0692786045549923,75,two_sample_t_p_value,75.0,1.0,,0.3205260061237414,0.0333045131626276,0.2705260061237414,3.0662122673668274e-33,non-significant
0.1,betweeness,0.0692786045549923,75,two_sample_t_p_value,75.0,2.0,,0.04912138289485513,0.0076487440305458,-0.0008786171051448702,0.4351254925711956,significant
0.1,betweeness,0.0692786045549923,75,two_sample_t_p_value,75.0,3.0,,0.0036630774411349812,0.0007426885456889,-0.04633692255886502,0.0,significant
0.1,betweeness,0.0692786045549923,75,two_sample_t_p_value,75.0,4.0,,0.00014717180322168836,3.54688157349642e-05,-0.04985282819677832,0.0,significant
0.1,betweeness,0.0692786045549923,75,two_sample_t_p_value,75.0,5.0,,3.657912410473166e-06,9.8496227358495e-07,-0.04999634208758953,0.0,significant
0.1,betweeness,0.0692786045549923,75,two_sample_t_p_value,75.0,6.0,,6.480298590623212e-08,1.867008960939577e-08,-0.049999935197014095,0.0,significant
0.1,betweeness,0.0692786045549923,100,two_sample_t_p_value,100.0,0.5,,0.6181735658308866,0.0486062615427176,0.5681735658308865,5.108954420063339e-54,non-significant
0.1,betweeness,0.0692786045549923,100,two_sample_t_p_value,100.0,1.0,,0.31972415578412333,0.0333598507272825,0.26972415578412334,6.058145221037373e-33,non-significant
0.1,betweeness,0.0692786045549923,100,two_sample_t_p_value,100.0,2.0,,0.04821217873113365,0.0076079883710278,-0.0017878212688663547,0.3889971959732059,significant
0.1,betweeness,0.0692786045549923,100,two_sample_t_p_value,100.0,3.0,,0.0034079153433294465,0.0007102566828009,-0.04659208465667056,0.0,significant
0.1,betweeness,0.0692786045549923,100,two_sample_t_p_value,100.0,4.0,,0.00012152364430076177,3.064255813622679e-05,-0.04987847635569924,0.0,significant
0.1,betweeness,0.0692786045549923,100,two_sample_t_p_value,100.0,5.0,,2.450173413503802e-06,7.038786911200282e-07,-0.049997549826586496,0.0,significant
0.1,betweeness,0.0692786045549923,100,two_sample_t_p_value,100.0,6.0,,3.172491502802852e-08,9.948064719061216e-09,-0.049999968275084974,0.0,significant
0.1,betweeness,0.0692786045549923,300,two_sample_t_p_value,300.0,0.5,,0.617441622554225,0.048722795408431,0.5674416225542249,1.0695830808307044e-53,non-significant
0.1,betweeness,0.0692786045549923,300,two_sample_t_p_value,300.0,1.0,,0.31811640443062633,0.0334709878260981,0.26811640443062634,2.3384312896204858e-32,non-significant
0.1,betweeness,0.0692786045549923,300,two_sample_t_p_value,300.0,2.0,,0.0464015209831491,0.0075240519172449,-0.0035984790168509043,0.3023162631202352,significant
0.1,betweeness,0.0692786045549923,300,two_sample_t_p_value,300.0,3.0,,0.0029262198640661076,0.0006459143947543,-0.0470737801359339,0.0,significant
0.1,betweeness,0.0692786045549923,300,two_sample_t_p_value,300.0,4.0,,7.984004483719462e-05,2.218299506778213e-05,-0.04992015995516281,0.0,significant
0.1,betweeness,0.0692786045549923,300,two_sample_t_p_value,300.0,5.0,,9.769154730247779e-07,3.239517194381201e-07,-0.04999902308452698,0.0,significant
0.1,betweeness,0.0692786045549923,300,two_sample_t_p_value,300.0,6.0,,5.676439092359154e-09,2.162045699876879e-09,-0.04999999432356091,0.0,significant
0.1,betweeness,0.0692786045549923,500,two_sample_t_p_value,500.0,0.5,,0.6172950500946657,0.0487461427726759,0.5672950500946656,1.239467475147025e-53,non-significant
0.1,betweeness,0.0692786045549923,500,two_sample_t_p_value,500.0,1.0,,0.3177942072606085,0.0334932894096665,0.2677942072606085,3.058156160349898e-32,non-significant
0.1,betweeness,0.0692786045549923,500,two_sample_t_p_value,500.0,2.0,,0.046040682769031456,0.0075068675320885,-0.003959317230968547,0.2861422180370904,significant
0.1,betweeness,0.0692786045549923,500,two_sample_t_p_value,500.0,3.0,,0.002834491812851143,0.0006331456924254,-0.04716550818714886,0.0,significant
0.1,betweeness,0.0692786045549923,500,two_sample_t_p_value,500.0,4.0,,7.291606940371305e-05,2.0680349507460363e-05,-0.04992708393059629,0.0,significant
0.1,betweeness,0.0692786045549923,500,two_sample_t_p_value,500.0,5.0,,7.94641504790956e-07,2.718958811590613e-07,-0.04999920535849521,0.0,significant
0.1,betweeness,0.0692786045549923,500,two_sample_t_p_value,500.0,6.0,,3.790442338479296e-09,1.5084409501776814e-09,-0.04999999620955766,0.0,significant
0.1,betweeness,0.0692786045549923,1000,two_sample_t_p_value,1000.0,0.5,,0.6171850808338747,0.0487636621475541,0.5671850808338746,1.3842559622604045e-53,non-significant
0.1,betweeness,0.0692786045549923,1000,two_sample_t_p_value,1000.0,1.0,,0.31755241808467255,0.0335100318641963,0.26755241808467256,3.7384362219192887e-32,non-significant
0.1,betweeness,0.0692786045549923,1000,two_sample_t_p_value,1000.0,2.0,,0.04577034649325166,0.0074938907650168,-0.0042296535067483446,0.27430450527549666,significant
0.1,betweeness,0.0692786045549923,1000,two_sample_t_p_value,1000.0,3.0,,0.0027667090442381925,0.0006235939852324,-0.04723329095576181,0.0,significant
0.1,betweeness,0.0692786045549923,1000,two_sample_t_p_value,1000.0,4.0,,6.800991920878163e-05,1.9594301724053825e-05,-0.04993199008079122,0.0,significant
0.1,betweeness,0.0692786045549923,1000,two_sample_t_p_value,1000.0,5.0,,6.767256364648635e-07,2.3721163700980666e-07,-0.04999932327436354,0.0,significant
0.1,betweeness,0.0692786045549923,1000,two_sample_t_p_value,1000.0,6.0,,2.7553691733774752e-09,1.1346790512807727e-09,-0.04999999724463083,0.0,significant
0.2,betweeness,0.0973272887753488,30,two_sample_t_p_value,30.0,0.5,,0.6207230048851272,0.0677161579698958,0.5707230048851272,1.2777378604389993e-28,non-significant
0.2,betweeness,0.0973272887753488,30,two_sample_t_p_value,30.0,1.0,,0.3253086154260302,0.0463264935097386,0.2753086154260302,1.5337884679956114e-18,non-significant
0.2,betweeness,0.0973272887753488,30,two_sample_t_p_value,30.0,2.0,,0.054625044962983094,0.0110665555821083,0.004625044962983091,0.35768135918020505,non-significant
0.2,betweeness,0.0973272887753488,30,two_sample_t_p_value,30.0,3.0,,0.005389964065651945,0.0013195755950304,-0.044610035934348057,0.0,significant
0.2,betweeness,0.0973272887753488,30,two_sample_t_p_value,30.0,4.0,,0.0003818456360837564,0.0001021384570005,-0.04961815436391625,0.0,significant
0.2,betweeness,0.0973272887753488,30,two_sample_t_p_value,30.0,5.0,,2.32966854670078e-05,6.401975335217865e-06,-0.049976703314532994,0.0,significant
0.2,betweeness,0.0973272887753488,30,two_sample_t_p_value,30.0,6.0,,1.3942768767204764e-06,3.7931907504156557e-07,-0.049998605723123285,0.0,significant
0.2,betweeness,0.0973272887753488,50,two_sample_t_p_value,50.0,0.5,,0.6192685675117714,0.0680407018034438,0.5692685675117714,2.7291000758844663e-28,non-significant
0.2,betweeness,0.0973272887753488,50,two_sample_t_p_value,50.0,1.0,,0.32212564510024433,0.0466336038784059,0.27212564510024434,6.3438402491326976e-18,non-significant
0.2,betweeness,0.0973272887753488,50,two_sample_t_p_value,50.0,2.0,,0.05094706873769324,0.0108566939276404,0.0009470687376932352,0.4919811290269864,non-significant
0.2,betweeness,0.0973272887753488,50,two_sample_t_p_value,50.0,3.0,,0.004201703187068241,0.0011350426296594,-0.04579829681293176,0.0,significant
0.2,betweeness,0.0973272887753488,50,two_sample_t_p_value,50.0,4.0,,0.00020919024636403336,6.50680982136645e-05,-0.04979080975363597,0.0,significant
0.2,betweeness,0.0973272887753488,50,two_sample_t_p_value,50.0,5.0,,7.4332122472325795e-06,2.4984821632703417e-06,-0.04999256678775277,0.0,significant
0.2,betweeness,0.0973272887753488,50,two_sample_t_p_value,50.0,6.0,,2.1889394850799978e-07,7.621280799523135e-08,-0.049999781106051494,0.0,significant
0.2,betweeness,0.0973272887753488,75,two_sample_t_p_value,75.0,0.5,,0.6185389578679419,0.0682036988893765,0.5685389578679418,3.9795779708561304e-28,non-significant
0.2,betweeness,0.0973272887753488,75,two_sample_t_p_value,75.0,1.0,,0.3205260061237414,0.0467884419861324,0.2705260061237414,1.2755569841488335e-17,non-significant
0.2,betweeness,0.0973272887753488,75,two_sample_t_p_value,75.0,2.0,,0.04912138289485513,0.0107454750829853,-0.0008786171051448702,0.4402272026086649,significant
0.2,betweeness,0.0973272887753488,75,two_sample_t_p_value,75.0,3.0,,0.0036630774411349812,0.0010433793091059,-0.04633692255886502,0.0,significant
0.2,betweeness,0.0973272887753488,75,two_sample_t_p_value,75.0,4.0,,0.00014717180322168836,4.982900122961172e-05,-0.04985282819677832,0.0,significant
0.2,betweeness,0.0973272887753488,75,two_sample_t_p_value,75.0,5.0,,3.657912410473166e-06,1.383741896214601e-06,-0.04999634208758953,0.0,significant
0.2,betweeness,0.0973272887753488,75,two_sample_t_p_value,75.0,6.0,,6.480298590623212e-08,2.6229009873212845e-08,-0.049999935197014095,0.0,significant
0.2,betweeness,0.0973272887753488,100,two_sample_t_p_value,100.0,0.5,,0.6181735658308866,0.0682853773375739,0.5681735658308865,4.802874302606762e-28,non-significant
0.2,betweeness,0.0973272887753488,100,two_sample_t_p_value,100.0,1.0,,0.31972415578412333,0.0468661839552423,0.26972415578412334,1.8035926697207435e-17,non-significant
0.2,betweeness,0.0973272887753488,100,two_sample_t_p_value,100.0,2.0,,0.04821217873113365,0.0106882187645502,-0.0017878212688663547,0.4070351657054425,significant
0.2,betweeness,0.0973272887753488,100,two_sample_t_p_value,100.0,3.0,,0.0034079153433294465,0.0009978168254921,-0.04659208465667056,0.0,significant
0.2,betweeness,0.0973272887753488,100,two_sample_t_p_value,100.0,4.0,,0.00012152364430076177,4.304874677682934e-05,-0.04987847635569924,0.0,significant
0.2,betweeness,0.0973272887753488,100,two_sample_t_p_value,100.0,5.0,,2.450173413503802e-06,9.88856589613811e-07,-0.049997549826586496,0.0,significant
0.2,betweeness,0.0973272887753488,100,two_sample_t_p_value,100.0,6.0,,3.172491502802852e-08,1.3975716945906057e-08,-0.049999968275084974,0.0,significant
0.2,betweeness,0.0973272887753488,300,two_sample_t_p_value,300.0,0.5,,0.617441622554225,0.0684490920265929,0.5674416225542249,6.9877606801157055e-28,non-significant
0.2,betweeness,0.0973272887753488,300,two_sample_t_p_value,300.0,1.0,,0.31811640443062633,0.0470223168995987,0.26811640443062634,3.585479660430368e-17,non-significant
0.2,betweeness,0.0973272887753488,300,two_sample_t_p_value,300.0,2.0,,0.0464015209831491,0.0105702991336831,-0.0035984790168509043,0.3431796627626773,significant
0.2,betweeness,0.0973272887753488,300,two_sample_t_p_value,300.0,3.0,,0.0029262198640661076,0.0009074244094005,-0.0470737801359339,0.0,significant
0.2,betweeness,0.0973272887753488,300,two_sample_t_p_value,300.0,4.0,,7.984004483719462e-05,3.1164178042159895e-05,-0.04992015995516281,0.0,significant
0.2,betweeness,0.0973272887753488,300,two_sample_t_p_value,300.0,5.0,,9.769154730247779e-07,4.551093768350541e-07,-0.04999902308452698,0.0,significant
0.2,betweeness,0.0973272887753488,300,two_sample_t_p_value,300.0,6.0,,5.676439092359154e-09,3.037388635771165e-09,-0.04999999432356091,0.0,significant
0.2,betweeness,0.0973272887753488,500,two_sample_t_p_value,500.0,0.5,,0.6172950500946657,0.0684818919895338,0.5672950500946656,7.530545959283553e-28,non-significant
0.2,betweeness,0.0973272887753488,500,two_sample_t_p_value,500.0,1.0,,0.3177942072606085,0.0470536476788206,0.2677942072606085,4.1099290316870594e-17,non-significant
0.2,betweeness,0.0973272887753488,500,two_sample_t_p_value,500.0,2.0,,0.046040682769031456,0.0105461573423279,-0.003959317230968547,0.33092120645270007,significant
0.2,betweeness,0.0973272887753488,500,two_sample_t_p_value,500.0,3.0,,0.002834491812851143,0.0008894860691751,-0.04716550818714886,0.0,significant
0.2,betweeness,0.0973272887753488,500,two_sample_t_p_value,500.0,4.0,,7.291606940371305e-05,2.905315950597759e-05,-0.04992708393059629,0.0,significant
0.2,betweeness,0.0973272887753488,500,two_sample_t_p_value,500.0,5.0,,7.94641504790956e-07,3.819777998182692e-07,-0.04999920535849521,0.0,significant
0.2,betweeness,0.0973272887753488,500,two_sample_t_p_value,500.0,6.0,,3.790442338479296e-09,2.119160293449145e-09,-0.04999999620955766,0.0,significant
0.2,betweeness,0.0973272887753488,1000,two_sample_t_p_value,1000.0,0.5,,0.6171850808338747,0.0685065043972012,0.5671850808338746,7.964811187909289e-28,non-significant
0.2,betweeness,0.0973272887753488,1000,two_sample_t_p_value,1000.0,1.0,,0.31755241808467255,0.0470771686160176,0.26755241808467256,4.5521160048634155e-17,non-significant
0.2,betweeness,0.0973272887753488,1000,two_sample_t_p_value,1000.0,2.0,,0.04577034649325166,0.010527926698621,-0.0042296535067483446,0.32185626314992355,significant
0.2,betweeness,0.0973272887753488,1000,two_sample_t_p_value,1000.0,3.0,,0.0027667090442381925,0.0008760671822007,-0.04723329095576181,0.0,significant
0.2,betweeness,0.0973272887753488,1000,two_sample_t_p_value,1000.0,4.0,,6.800991920878163e-05,2.752740582028476e-05,-0.04993199008079122,0.0,significant
0.2,betweeness,0.0973272887753488,1000,two_sample_t_p_value,1000.0,5.0,,6.767256364648635e-07,3.332510180368952e-07,-0.04999932327436354,0.0,significant
0.2,betweeness,0.0973272887753488,1000,two_sample_t_p_value,1000.0,6.0,,2.7553691733774752e-09,1.5940741936232386e-09,-0.04999999724463083,0.0,significant
0.3,betweeness,0.1247333168256184,30,two_sample_t_p_value,30.0,0.5,,0.6207230048851272,0.0867840981964349,0.5707230048851272,6.516103926506748e-18,non-significant
0.3,betweeness,0.1247333168256184,30,two_sample_t_p_value,30.0,1.0,,0.3253086154260302,0.0593713979406951,0.2753086154260302,7.335662804609715e-12,non-significant
0.3,betweeness,0.1247333168256184,30,two_sample_t_p_value,30.0,2.0,,0.054625044962983094,0.0141827456714386,0.004625044962983091,0.40058035306662615,non-significant
0.3,betweeness,0.1247333168256184,30,two_sample_t_p_value,30.0,3.0,,0.005389964065651945,0.0016911499625783,-0.044610035934348057,0.0,significant
0.3,betweeness,0.1247333168256184,30,two_sample_t_p_value,30.0,4.0,,0.0003818456360837564,0.0001308992439575,-0.04961815436391625,0.0,significant
0.3,betweeness,0.1247333168256184,30,two_sample_t_p_value,30.0,5.0,,2.32966854670078e-05,8.204683679627783e-06,-0.049976703314532994,0.0,significant
0.3,betweeness,0.1247333168256184,30,two_sample_t_p_value,30.0,6.0,,1.3942768767204764e-06,4.861301178785512e-07,-0.049998605723123285,0.0,significant
0.3,betweeness,0.1247333168256184,50,two_sample_t_p_value,50.0,0.5,,0.6192685675117714,0.0872000291169723,0.5692685675117714,1.035263952456577e-17,non-significant
0.3,betweeness,0.1247333168256184,50,two_sample_t_p_value,50.0,1.0,,0.32212564510024433,0.0597649863720324,0.27212564510024434,1.748447790180292e-11,non-significant
0.3,betweeness,0.1247333168256184,50,two_sample_t_p_value,50.0,2.0,,0.05094706873769324,0.0139137898568292,0.0009470687376932352,0.5073265433835283,non-significant
0.3,betweeness,0.1247333168256184,50,two_sample_t_p_value,50.0,3.0,,0.004201703187068241,0.0014546550481096,-0.04579829681293176,0.0,significant
0.3,betweeness,0.1247333168256184,50,two_sample_t_p_value,50.0,4.0,,0.00020919024636403336,8.33903811752038e-05,-0.04979080975363597,0.0,significant
0.3,betweeness,0.1247333168256184,50,two_sample_t_p_value,50.0,5.0,,7.4332122472325795e-06,3.2020204320464915e-06,-0.04999256678775277,0.0,significant
0.3,betweeness,0.1247333168256184,50,two_sample_t_p_value,50.0,6.0,,2.1889394850799978e-07,9.767328819547862e-08,-0.049999781106051494,0.0,significant
0.3,betweeness,0.1247333168256184,75,two_sample_t_p_value,75.0,0.5,,0.6185389578679419,0.087408923944077,0.5685389578679418,1.3031425238815524e-17,non-significant
0.3,betweeness,0.1247333168256184,75,two_sample_t_p_value,75.0,1.0,,0.3205260061237414,0.0599634247647047,0.2705260061237414,2.6807828499433468e-11,non-significant
0.3,betweeness,0.1247333168256184,75,two_sample_t_p_value,75.0,2.0,,0.04912138289485513,0.0137712533127428,-0.0008786171051448702,0.4395427625717412,significant
0.3,betweeness,0.1247333168256184,75,two_sample_t_p_value,75.0,3.0,,0.0036630774411349812,0.0013371805951813,-0.04633692255886502,0.0,significant
0.3,betweeness,0.1247333168256184,75,two_sample_t_p_value,75.0,4.0,,0.00014717180322168836,6.386016373910867e-05,-0.04985282819677832,0.0,significant
0.3,betweeness,0.1247333168256184,75,two_sample_t_p_value,75.0,5.0,,3.657912410473166e-06,1.7733846130637708e-06,-0.04999634208758953,0.0,significant
0.3,betweeness,0.1247333168256184,75,two_sample_t_p_value,75.0,6.0,,6.480298590623212e-08,3.361473888468549e-08,-0.049999935197014095,0.0,significant
0.3,betweeness,0.1247333168256184,100,two_sample_t_p_value,100.0,0.5,,0.6181735658308866,0.087513601921703,0.5681735658308865,1.461549677966034e-17,non-significant
0.3,betweeness,0.1247333168256184,100,two_sample_t_p_value,100.0,1.0,,0.31972415578412333,0.0600630578047868,0.26972415578412334,3.313732810780806e-11,non-significant
0.3,betweeness,0.1247333168256184,100,two_sample_t_p_value,100.0,2.0,,0.04821217873113365,0.0136978744012628,-0.0017878212688663547,0.413456341454568,significant
0.3,betweeness,0.1247333168256184,100,two_sample_t_p_value,100.0,3.0,,0.0034079153433294465,0.0012787883418321,-0.04659208465667056,0.0,significant
0.3,betweeness,0.1247333168256184,100,two_sample_t_p_value,100.0,4.0,,0.00012152364430076177,5.517068273682454e-05,-0.04987847635569924,0.0,significant
0.3,betweeness,0.1247333168256184,100,two_sample_t_p_value,100.0,5.0,,2.450173413503802e-06,1.2673050265696974e-06,-0.049997549826586496,0.0,significant
0.3,betweeness,0.1247333168256184,100,two_sample_t_p_value,100.0,6.0,,3.172491502802852e-08,1.791108692755853e-08,-0.049999968275084974,0.0,significant
0.3,betweeness,0.1247333168256184,300,two_sample_t_p_value,300.0,0.5,,0.617441622554225,0.0877234164190692,0.5674416225542249,1.837206286421926e-17,non-significant
0.3,betweeness,0.1247333168256184,300,two_sample_t_p_value,300.0,1.0,,0.31811640443062633,0.0602631556423037,0.26811640443062634,5.0458371984120475e-11,non-significant
0.3,betweeness,0.1247333168256184,300,two_sample_t_p_value,300.0,2.0,,0.0464015209831491,0.0135467502215802,-0.0035984790168509043,0.3627863396460045,significant
0.3,betweeness,0.1247333168256184,300,two_sample_t_p_value,300.0,3.0,,0.0029262198640661076,0.0011629426626104,-0.0470737801359339,0.0,significant
0.3,betweeness,0.1247333168256184,300,two_sample_t_p_value,300.0,4.0,,7.984004483719462e-05,3.993958264177261e-05,-0.04992015995516281,0.0,significant
0.3,betweeness,0.1247333168256184,300,two_sample_t_p_value,300.0,5.0,,9.769154730247779e-07,5.832619279276036e-07,-0.04999902308452698,0.0,significant
0.3,betweeness,0.1247333168256184,300,two_sample_t_p_value,300.0,6.0,,5.676439092359154e-09,3.892675567102993e-09,-0.04999999432356091,0.0,significant
0.3,betweeness,0.1247333168256184,500,two_sample_t_p_value,500.0,0.5,,0.6172950500946657,0.0877654524011751,0.5672950500946656,1.9229978232657815e-17,non-significant
0.3,betweeness,0.1247333168256184,500,two_sample_t_p_value,500.0,1.0,,0.3177942072606085,0.0603033087387296,0.2677942072606085,5.485512191103227e-11,non-significant
0.3,betweeness,0.1247333168256184,500,two_sample_t_p_value,500.0,2.0,,0.046040682769031456,0.0135158104332872,-0.003959317230968547,0.3529467316377133,significant
0.3,betweeness,0.1247333168256184,500,two_sample_t_p_value,500.0,3.0,,0.002834491812851143,0.0011399531321013,-0.04716550818714886,0.0,significant
0.3,betweeness,0.1247333168256184,500,two_sample_t_p_value,500.0,4.0,,7.291606940371305e-05,3.72341302736689e-05,-0.04992708393059629,0.0,significant
0.3,betweeness,0.1247333168256184,500,two_sample_t_p_value,500.0,5.0,,7.94641504790956e-07,4.895375030435709e-07,-0.04999920535849521,0.0,significant
0.3,betweeness,0.1247333168256184,500,two_sample_t_p_value,500.0,6.0,,3.790442338479296e-09,2.7158867324167413e-09,-0.04999999620955766,0.0,significant
0.3,betweeness,0.1247333168256184,1000,two_sample_t_p_value,1000.0,0.5,,0.6171850808338747,0.0877969953248715,0.5671850808338746,1.989912214414696e-17,non-significant
0.3,betweeness,0.1247333168256184,1000,two_sample_t_p_value,1000.0,1.0,,0.31755241808467255,0.0603334528488589,0.26755241808467256,5.839529422194521e-11,non-significant
0.3,betweeness,0.1247333168256184,1000,two_sample_t_p_value,1000.0,2.0,,0.04577034649325166,0.01349244629065,-0.0042296535067483446,0.34564004392724945,significant
0.3,betweeness,0.1247333168256184,1000,two_sample_t_p_value,1000.0,3.0,,0.0027667090442381925,0.001122755670819,-0.04723329095576181,0.0,significant
0.3,betweeness,0.1247333168256184,1000,two_sample_t_p_value,1000.0,4.0,,6.800991920878163e-05,3.5278745301272734e-05,-0.04993199008079122,0.0,significant
0.3,betweeness,0.1247333168256184,1000,two_sample_t_p_value,1000.0,5.0,,6.767256364648635e-07,4.270899286139798e-07,-0.04999932327436354,0.0,significant
0.3,betweeness,0.1247333168256184,1000,two_sample_t_p_value,1000.0,6.0,,2.7553691733774752e-09,2.04294359720324e-09,-0.04999999724463083,0.0,significant
0.4,betweeness,0.1765933916024167,30,two_sample_t_p_value,30.0,0.5,,0.6207230048851272,0.1228661165091216,0.5707230048851272,1.7113605703176198e-09,non-significant
0.4,betweeness,0.1765933916024167,30,two_sample_t_p_value,30.0,1.0,,0.3253086154260302,0.0840561029991844,0.2753086154260302,1.382786148178811e-06,non-significant
0.4,betweeness,0.1765933916024167,30,two_sample_t_p_value,30.0,2.0,,0.054625044962983094,0.0200794721417962,0.004625044962983091,0.452920814359206,non-significant
0.4,betweeness,0.1765933916024167,30,two_sample_t_p_value,30.0,3.0,,0.005389964065651945,0.0023942753644363,-0.044610035934348057,4.440892098500626e-16,significant
0.4,betweeness,0.1765933916024167,30,two_sample_t_p_value,30.0,4.0,,0.0003818456360837564,0.000185322911608,-0.04961815436391625,0.0,significant
0.4,betweeness,0.1765933916024167,30,two_sample_t_p_value,30.0,5.0,,2.32966854670078e-05,1.1615925519210477e-05,-0.049976703314532994,0.0,significant
0.4,betweeness,0.1765933916024167,30,two_sample_t_p_value,30.0,6.0,,1.3942768767204764e-06,6.882472819693686e-07,-0.049998605723123285,0.0,significant
0.4,betweeness,0.1765933916024167,50,two_sample_t_p_value,50.0,0.5,,0.6192685675117714,0.1234549780402609,0.5692685675117714,2.1586200330524206e-09,non-significant
0.4,betweeness,0.1765933916024167,50,two_sample_t_p_value,50.0,1.0,,0.32212564510024433,0.0846133327574735,0.27212564510024434,2.1438025850663376e-06,non-significant
0.4,betweeness,0.1765933916024167,50,two_sample_t_p_value,50.0,2.0,,0.05094706873769324,0.0196986932071715,0.0009470687376932352,0.5299199215670998,non-significant
0.4,betweeness,0.1765933916024167,50,two_sample_t_p_value,50.0,3.0,,0.004201703187068241,0.0020594535212784,-0.04579829681293176,0.0,significant
0.4,betweeness,0.1765933916024167,50,two_sample_t_p_value,50.0,4.0,,0.00020919024636403336,0.0001180614018252,-0.04979080975363597,0.0,significant
0.4,betweeness,0.1765933916024167,50,two_sample_t_p_value,50.0,5.0,,7.4332122472325795e-06,4.533316859246616e-06,-0.04999256678775277,0.0,significant
0.4,betweeness,0.1765933916024167,50,two_sample_t_p_value,50.0,6.0,,2.1889394850799978e-07,1.3828267916192604e-07,-0.049999781106051494,0.0,significant
0.4,betweeness,0.1765933916024167,75,two_sample_t_p_value,75.0,0.5,,0.6185389578679419,0.1237507245733078,0.5685389578679418,2.422700097410481e-09,non-significant
0.4,betweeness,0.1765933916024167,75,two_sample_t_p_value,75.0,1.0,,0.3205260061237414,0.084894275409188,0.2705260061237414,2.6602338077670284e-06,non-significant
0.4,betweeness,0.1765933916024167,75,two_sample_t_p_value,75.0,2.0,,0.04912138289485513,0.0194968945828095,-0.0008786171051448702,0.4321546626896856,significant
0.4,betweeness,0.1765933916024167,75,two_sample_t_p_value,75.0,3.0,,0.0036630774411349812,0.0018931369941693,-0.04633692255886502,0.0,significant
0.4,betweeness,0.1765933916024167,75,two_sample_t_p_value,75.0,4.0,,0.00014717180322168836,9.04111522885334e-05,-0.04985282819677832,0.0,significant
0.4,betweeness,0.1765933916024167,75,two_sample_t_p_value,75.0,5.0,,3.657912410473166e-06,2.5107005201688867e-06,-0.04999634208758953,0.0,significant
0.4,betweeness,0.1765933916024167,75,two_sample_t_p_value,75.0,6.0,,6.480298590623212e-08,4.7590659003922616e-08,-0.049999935197014095,0.0,significant
0.4,betweeness,0.1765933916024167,100,two_sample_t_p_value,100.0,0.5,,0.6181735658308866,0.123898924264982,0.5681735658308865,2.5661815526429484e-09,non-significant
0.4,betweeness,0.1765933916024167,100,two_sample_t_p_value,100.0,1.0,,0.31972415578412333,0.0850353326416222,0.26972415578412334,2.960859427292299e-06,non-significant
0.4,betweeness,0.1765933916024167,100,two_sample_t_p_value,100.0,2.0,,0.04821217873113365,0.0193930070956479,-0.0017878212688663547,0.41348746097608613,significant
0.4,betweeness,0.1765933916024167,100,two_sample_t_p_value,100.0,3.0,,0.0034079153433294465,0.0018104671323819,-0.04659208465667056,0.0,significant
0.4,betweeness,0.1765933916024167,100,two_sample_t_p_value,100.0,4.0,,0.00012152364430076177,7.810886641567863e-05,-0.04987847635569924,0.0,significant
0.4,betweeness,0.1765933916024167,100,two_sample_t_p_value,100.0,5.0,,2.450173413503802e-06,1.7942094264166066e-06,-0.049997549826586496,0.0,significant
0.4,betweeness,0.1765933916024167,100,two_sample_t_p_value,100.0,6.0,,3.172491502802852e-08,2.5357936983630666e-08,-0.049999968275084974,0.0,significant
0.4,betweeness,0.1765933916024167,300,two_sample_t_p_value,300.0,0.5,,0.617441622554225,0.1241959728374099,0.5674416225542249,2.878154258890746e-09,non-significant
0.4,betweeness,0.1765933916024167,300,two_sample_t_p_value,300.0,1.0,,0.31811640443062633,0.0853186246816215,0.26811640443062634,3.6616380221937676e-06,non-significant
0.4,betweeness,0.1765933916024167,300,two_sample_t_p_value,300.0,2.0,,0.0464015209831491,0.0191790503748419,-0.0035984790168509043,0.37694318334422094,significant
0.4,betweeness,0.1765933916024167,300,two_sample_t_p_value,300.0,3.0,,0.0029262198640661076,0.0016464565703534,-0.0470737801359339,0.0,significant
0.4,betweeness,0.1765933916024167,300,two_sample_t_p_value,300.0,4.0,,7.984004483719462e-05,5.6545168022398303e-05,-0.04992015995516281,0.0,significant
0.4,betweeness,0.1765933916024167,300,two_sample_t_p_value,300.0,5.0,,9.769154730247779e-07,8.257633539024523e-07,-0.04999902308452698,0.0,significant
0.4,betweeness,0.1765933916024167,300,two_sample_t_p_value,300.0,6.0,,5.676439092359154e-09,5.511124038845346e-09,-0.04999999432356091,0.0,significant
0.4,betweeness,0.1765933916024167,500,two_sample_t_p_value,500.0,0.5,,0.6172950500946657,0.1242554860199208,0.5672950500946656,2.944798095592016e-09,non-significant
0.4,betweeness,0.1765933916024167,500,two_sample_t_p_value,500.0,1.0,,0.3177942072606085,0.0853754721355469,0.2677942072606085,3.8195208283886596e-06,non-significant
0.4,betweeness,0.1765933916024167,500,two_sample_t_p_value,500.0,2.0,,0.046040682769031456,0.0191352468242815,-0.003959317230968547,0.3697808859455938,significant
0.4,betweeness,0.1765933916024167,500,two_sample_t_p_value,500.0,3.0,,0.002834491812851143,0.0016139087373665,-0.04716550818714886,0.0,significant
0.4,betweeness,0.1765933916024167,500,two_sample_t_p_value,500.0,4.0,,7.291606940371305e-05,5.2714876151220406e-05,-0.04992708393059629,0.0,significant
0.4,betweeness,0.1765933916024167,500,two_sample_t_p_value,500.0,5.0,,7.94641504790956e-07,6.930713475686809e-07,-0.04999920535849521,0.0,significant
0.4,betweeness,0.1765933916024167,500,two_sample_t_p_value,500.0,6.0,,3.790442338479296e-09,3.845064506349863e-09,-0.04999999620955766,0.0,significant
0.4,betweeness,0.1765933916024167,1000,two_sample_t_p_value,1000.0,0.5,,0.6171850808338747,0.1243001434700582,0.5671850808338746,2.995755590037737e-09,non-significant
0.4,betweeness,0.1765933916024167,1000,two_sample_t_p_value,1000.0,1.0,,0.31755241808467255,0.0854181491907238,0.26755241808467256,3.942150310699831e-06,non-significant
0.4,betweeness,0.1765933916024167,1000,two_sample_t_p_value,1000.0,2.0,,0.04577034649325166,0.0191021686275721,-0.0042296535067483446,0.36444451795055244,significant
0.4,betweeness,0.1765933916024167,1000,two_sample_t_p_value,1000.0,3.0,,0.0027667090442381925,0.0015895611284672,-0.04723329095576181,0.0,significant
0.4,betweeness,0.1765933916024167,1000,two_sample_t_p_value,1000.0,4.0,,6.800991920878163e-05,4.994650541474276e-05,-0.04993199008079122,0.0,significant
0.4,betweeness,0.1765933916024167,1000,two_sample_t_p_value,1000.0,5.0,,6.767256364648635e-07,6.046600934906455e-07,-0.04999932327436354,0.0,significant
0.4,betweeness,0.1765933916024167,1000,two_sample_t_p_value,1000.0,6.0,,2.7553691733774752e-09,2.8923334026860787e-09,-0.04999999724463083,0.0,significant
0.5,betweeness,0.1927742919041782,30,two_sample_t_p_value,30.0,0.5,,0.6207230048851272,0.1341240937395193,0.5707230048851272,3.941756693812971e-08,non-significant
0.5,betweeness,0.1927742919041782,30,two_sample_t_p_value,30.0,1.0,,0.3253086154260302,0.0917579960884034,0.2753086154260302,9.975484345861844e-06,non-significant
0.5,betweeness,0.1927742919041782,30,two_sample_t_p_value,30.0,2.0,,0.054625044962983094,0.0219193141307302,0.004625044962983091,0.4651876311128638,non-significant
0.5,betweeness,0.1927742919041782,30,two_sample_t_p_value,30.0,3.0,,0.005389964065651945,0.0026136580413041,-0.044610035934348057,7.926992395823618e-14,significant
0.5,betweeness,0.1927742919041782,30,two_sample_t_p_value,30.0,4.0,,0.0003818456360837564,0.000202303680419,-0.04961815436391625,0.0,significant
0.5,betweeness,0.1927742919041782,30,two_sample_t_p_value,30.0,5.0,,2.32966854670078e-05,1.2680269609515949e-05,-0.049976703314532994,0.0,significant
0.5,betweeness,0.1927742919041782,30,two_sample_t_p_value,30.0,6.0,,1.3942768767204764e-06,7.51310007881431e-07,-0.049998605723123285,0.0,significant
0.5,betweeness,0.1927742919041782,50,two_sample_t_p_value,50.0,0.5,,0.6192685675117714,0.1347669114784218,0.5692685675117714,4.79157754523826e-08,non-significant
0.5,betweeness,0.1927742919041782,50,two_sample_t_p_value,50.0,1.0,,0.32212564510024433,0.092366283698191,0.27212564510024434,1.443555020904495e-05,non-significant
0.5,betweeness,0.1927742919041782,50,two_sample_t_p_value,50.0,2.0,,0.05094706873769324,0.021503645181693,0.0009470687376932352,0.5361098603805665,non-significant
0.5,betweeness,0.1927742919041782,50,two_sample_t_p_value,50.0,3.0,,0.004201703187068241,0.002248157140375,-0.04579829681293176,1.4432899320127035e-15,significant
0.5,betweeness,0.1927742919041782,50,two_sample_t_p_value,50.0,4.0,,0.00020919024636403336,0.0001288791326309,-0.04979080975363597,0.0,significant
0.5,betweeness,0.1927742919041782,50,two_sample_t_p_value,50.0,5.0,,7.4332122472325795e-06,4.948695642507723e-06,-0.04999256678775277,0.0,significant
0.5,betweeness,0.1927742919041782,50,two_sample_t_p_value,50.0,6.0,,2.1889394850799978e-07,1.509532452837728e-07,-0.049999781106051494,0.0,significant
0.5,betweeness,0.1927742919041782,75,two_sample_t_p_value,75.0,0.5,,0.6185389578679419,0.1350897566765003,0.5685389578679418,5.279910035827416e-08,non-significant
0.5,betweeness,0.1927742919041782,75,two_sample_t_p_value,75.0,1.0,,0.3205260061237414,0.0926729685648131,0.2705260061237414,1.7315928842111003e-05,non-significant
0.5,betweeness,0.1927742919041782,75,two_sample_t_p_value,75.0,2.0,,0.04912138289485513,0.0212833561518169,-0.0008786171051448702,0.42901027021878346,significant
0.5,betweeness,0.1927742919041782,75,two_sample_t_p_value,75.0,3.0,,0.0036630774411349812,0.002066601361563,-0.04633692255886502,1.1102230246251565e-16,significant
0.5,betweeness,0.1927742919041782,75,two_sample_t_p_value,75.0,4.0,,0.00014717180322168836,9.86953458706001e-05,-0.04985282819677832,0.0,significant
0.5,betweeness,0.1927742919041782,75,two_sample_t_p_value,75.0,5.0,,3.657912410473166e-06,2.7407510018760266e-06,-0.04999634208758953,0.0,significant
0.5,betweeness,0.1927742919041782,75,two_sample_t_p_value,75.0,6.0,,6.480298590623212e-08,5.19512961809429e-08,-0.049999935197014095,0.0,significant
0.5,betweeness,0.1927742919041782,100,two_sample_t_p_value,100.0,0.5,,0.6181735658308866,0.1352515356103758,0.5681735658308865,5.5416422783733586e-08,non-significant
0.5,betweeness,0.1927742919041782,100,two_sample_t_p_value,100.0,1.0,,0.31972415578412333,0.0928269505901524,0.26972415578412334,1.895147822896343e-05,non-significant
0.5,betweeness,0.1927742919041782,100,two_sample_t_p_value,100.0,2.0,,0.04821217873113365,0.021169949661384,-0.0017878212688663547,0.41183357424562006,significant
0.5,betweeness,0.1927742919041782,100,two_sample_t_p_value,100.0,3.0,,0.0034079153433294465,0.0019763566252042,-0.04659208465667056,0.0,significant
0.5,betweeness,0.1927742919041782,100,two_sample_t_p_value,100.0,4.0,,0.00012152364430076177,8.526582607700723e-05,-0.04987847635569924,0.0,significant
0.5,betweeness,0.1927742919041782,100,two_sample_t_p_value,100.0,5.0,,2.450173413503802e-06,1.958609258063141e-06,-0.049997549826586496,0.0,significant
0.5,betweeness,0.1927742919041782,100,two_sample_t_p_value,100.0,6.0,,3.172491502802852e-08,2.7681434179461543e-08,-0.049999968275084974,0.0,significant
0.5,betweeness,0.1927742919041782,300,two_sample_t_p_value,300.0,0.5,,0.617441622554225,0.1355758021511073,0.5674416225542249,6.102920622313334e-08,non-significant
0.5,betweeness,0.1927742919041782,300,two_sample_t_p_value,300.0,1.0,,0.31811640443062633,0.0931362001148227,0.26811640443062634,2.2668378290496124e-05,non-significant
0.5,betweeness,0.1927742919041782,300,two_sample_t_p_value,300.0,2.0,,0.0464015209831491,0.0209363885129329,-0.0035984790168509043,0.3781614049271117,significant
0.5,betweeness,0.1927742919041782,300,two_sample_t_p_value,300.0,3.0,,0.0029262198640661076,0.0017973181024545,-0.0470737801359339,0.0,significant
0.5,betweeness,0.1927742919041782,300,two_sample_t_p_value,300.0,4.0,,7.984004483719462e-05,6.17262890032825e-05,-0.04992015995516281,0.0,significant
0.5,betweeness,0.1927742919041782,300,two_sample_t_p_value,300.0,5.0,,9.769154730247779e-07,9.014264032447864e-07,-0.04999902308452698,0.0,significant
0.5,betweeness,0.1927742919041782,300,two_sample_t_p_value,300.0,6.0,,5.676439092359154e-09,6.016097343984457e-09,-0.04999999432356091,0.0,significant
0.5,betweeness,0.1927742919041782,500,two_sample_t_p_value,500.0,0.5,,0.6172950500946657,0.1356407684078476,0.5672950500946656,6.221535008780451e-08,non-significant
0.5,betweeness,0.1927742919041782,500,two_sample_t_p_value,500.0,1.0,,0.3177942072606085,0.0931982563875834,0.2677942072606085,2.3489687448057953e-05,non-significant
0.5,betweeness,0.1927742919041782,500,two_sample_t_p_value,500.0,2.0,,0.046040682769031456,0.0208885713303898,-0.003959317230968547,0.37155167796981825,significant
0.5,betweeness,0.1927742919041782,500,two_sample_t_p_value,500.0,3.0,,0.002834491812851143,0.0017617879764394,-0.04716550818714886,0.0,significant
0.5,betweeness,0.1927742919041782,500,two_sample_t_p_value,500.0,4.0,,7.291606940371305e-05,5.754503512649505e-05,-0.04992708393059629,0.0,significant
0.5,betweeness,0.1927742919041782,500,two_sample_t_p_value,500.0,5.0,,7.94641504790956e-07,7.565760929912318e-07,-0.04999920535849521,0.0,significant
0.5,betweeness,0.1927742919041782,500,two_sample_t_p_value,500.0,6.0,,3.790442338479296e-09,4.197380099059945e-09,-0.04999999620955766,0.0,significant
0.5,betweeness,0.1927742919041782,1000,two_sample_t_p_value,1000.0,0.5,,0.6171850808338747,0.1356895177310831,0.5671850808338746,6.31194243610801e-08,non-significant
0.5,betweeness,0.1927742919041782,1000,two_sample_t_p_value,1000.0,1.0,,0.31755241808467255,0.0932448438562176,0.26755241808467256,2.412394078373126e-05,non-significant
0.5,betweeness,0.1927742919041782,1000,two_sample_t_p_value,1000.0,2.0,,0.04577034649325166,0.020852462244482,-0.0042296535067483446,0.3666242438294993,significant
0.5,betweeness,0.1927742919041782,1000,two_sample_t_p_value,1000.0,3.0,,0.0027667090442381925,0.0017352094446918,-0.04723329095576181,0.0,significant
0.5,betweeness,0.1927742919041782,1000,two_sample_t_p_value,1000.0,4.0,,6.800991920878163e-05,5.452300410024784e-05,-0.04993199008079122,0.0,significant
0.5,betweeness,0.1927742919041782,1000,two_sample_t_p_value,1000.0,5.0,,6.767256364648635e-07,6.600638920158675e-07,-0.04999932327436354,0.0,significant
0.5,betweeness,0.1927742919041782,1000,two_sample_t_p_value,1000.0,6.0,,2.7553691733774752e-09,3.157352144348196e-09,-0.04999999724463083,0.0,significant
0.05,clusteringcoef,0.0460629558710394,30,two_sample_t_p_value,30.0,0.5,,0.6207230048851272,0.0320486313301443,0.5707230048851272,8.027770930896697e-123,non-significant
0.05,clusteringcoef,0.0460629558710394,30,two_sample_t_p_value,30.0,1.0,,0.3253086154260302,0.0219253536500399,0.2753086154260302,4.434072436865644e-77,non-significant
0.05,clusteringcoef,0.0460629558710394,30,two_sample_t_p_value,30.0,2.0,,0.054625044962983094,0.0052375676733345,0.004625044962983091,0.19021702167368304,non-significant
0.05,clusteringcoef,0.0460629558710394,30,two_sample_t_p_value,30.0,3.0,,0.005389964065651945,0.0006245273362405,-0.044610035934348057,0.0,significant
0.05,clusteringcoef,0.0460629558710394,30,two_sample_t_p_value,30.0,4.0,,0.0003818456360837564,4.833998045924408e-05,-0.04961815436391625,0.0,significant
0.05,clusteringcoef,0.0460629558710394,30,two_sample_t_p_value,30.0,5.0,,2.32966854670078e-05,3.0299200878213963e-06,-0.049976703314532994,0.0,significant
0.05,clusteringcoef,0.0460629558710394,30,two_sample_t_p_value,30.0,6.0,,1.3942768767204764e-06,1.795237290028014e-07,-0.049998605723123285,0.0,significant
0.05,clusteringcoef,0.0460629558710394,50,two_sample_t_p_value,50.0,0.5,,0.6192685675117714,0.0322022310910237,0.5692685675117714,2.3573976513920617e-121,non-significant
0.05,clusteringcoef,0.0460629558710394,50,two_sample_t_p_value,50.0,1.0,,0.32212564510024433,0.0220707025191747,0.27212564510024434,2.4157855320565852e-74,non-significant
0.05,clusteringcoef,0.0460629558710394,50,two_sample_t_p_value,50.0,2.0,,0.05094706873769324,0.0051382445723788,0.0009470687376932352,0.43901934759696215,non-significant
0.05,clusteringcoef,0.0460629558710394,50,two_sample_t_p_value,50.0,3.0,,0.004201703187068241,0.0005371917703618,-0.04579829681293176,0.0,significant
0.05,clusteringcoef,0.0460629558710394,50,two_sample_t_p_value,50.0,4.0,,0.00020919024636403336,3.0795360420926766e-05,-0.04979080975363597,0.0,significant
0.05,clusteringcoef,0.0460629558710394,50,two_sample_t_p_value,50.0,5.0,,7.4332122472325795e-06,1.1824789848707917e-06,-0.04999256678775277,0.0,significant
0.05,clusteringcoef,0.0460629558710394,50,two_sample_t_p_value,50.0,6.0,,2.1889394850799978e-07,3.6069916830782075e-08,-0.049999781106051494,0.0,significant
0.05,clusteringcoef,0.0460629558710394,75,two_sample_t_p_value,75.0,0.5,,0.6185389578679419,0.0322793741787528,0.5685389578679418,1.2647647560066397e-120,non-significant
0.05,clusteringcoef,0.0460629558710394,75,two_sample_t_p_value,75.0,1.0,,0.3205260061237414,0.0221439841343631,0.2705260061237414,5.3576893257932173e-73,non-significant
0.05,clusteringcoef,0.0460629558710394,75,two_sample_t_p_value,75.0,2.0,,0.04912138289485513,0.0050856070356937,-0.0008786171051448702,0.4190093215849504,significant
0.05,clusteringcoef,0.0460629558710394,75,two_sample_t_p_value,75.0,3.0,,0.0036630774411349812,0.0004938094513558,-0.04633692255886502,0.0,significant
0.05,clusteringcoef,0.0460629558710394,75,two_sample_t_p_value,75.0,4.0,,0.00014717180322168836,2.358301678407508e-05,-0.04985282819677832,0.0,significant
0.05,clusteringcoef,0.0460629558710394,75,two_sample_t_p_value,75.0,5.0,,3.657912410473166e-06,6.548958951210971e-07,-0.04999634208758953,0.0,significant
0.05,clusteringcoef,0.0460629558710394,75,two_sample_t_p_value,75.0,6.0,,6.480298590623212e-08,1.2413637937861382e-08,-0.049999935197014095,0.0,significant
0.05,clusteringcoef,0.0460629558710394,100,two_sample_t_p_value,100.0,0.5,,0.6181735658308866,0.0323180308679739,0.5681735658308865,2.92216597550225e-120,non-significant
0.05,clusteringcoef,0.0460629558710394,100,two_sample_t_p_value,100.0,1.0,,0.31972415578412333,0.0221807777709423,0.26972415578412334,2.4910928646414983e-72,non-significant
0.05,clusteringcoef,0.0460629558710394,100,two_sample_t_p_value,100.0,2.0,,0.04821217873113365,0.0050585088261103,-0.0017878212688663547,0.3511008955479227,significant
0.05,clusteringcoef,0.0460629558710394,100,two_sample_t_p_value,100.0,3.0,,0.0034079153433294465,0.0004722456874979,-0.04659208465667056,0.0,significant
0.05,clusteringcoef,0.0460629558710394,100,two_sample_t_p_value,100.0,4.0,,0.00012152364430076177,2.03740651572212e-05,-0.04987847635569924,0.0,significant
0.05,clusteringcoef,0.0460629558710394,100,two_sample_t_p_value,100.0,5.0,,2.450173413503802e-06,4.680049965771202e-07,-0.049997549826586496,0.0,significant
0.05,clusteringcoef,0.0460629558710394,100,two_sample_t_p_value,100.0,6.0,,3.172491502802852e-08,6.6144124740939205e-09,-0.049999968275084974,0.0,significant
0.05,clusteringcoef,0.0460629558710394,300,two_sample_t_p_value,300.0,0.5,,0.617441622554225,0.0323955135821296,0.5674416225542249,1.5520207630781276e-119,non-significant
0.05,clusteringcoef,0.0460629558710394,300,two_sample_t_p_value,300.0,1.0,,0.31811640443062633,0.0222546722050358,0.26811640443062634,5.249630682767064e-71,non-significant
0.05,clusteringcoef,0.0460629558710394,300,two_sample_t_p_value,300.0,2.0,,0.0464015209831491,0.005002699948443,-0.0035984790168509043,0.23083590871124304,significant
0.05,clusteringcoef,0.0460629558710394,300,two_sample_t_p_value,300.0,3.0,,0.0029262198640661076,0.0004294648608059,-0.0470737801359339,0.0,significant
0.05,clusteringcoef,0.0460629558710394,300,two_sample_t_p_value,300.0,4.0,,7.984004483719462e-05,1.474934908776392e-05,-0.04992015995516281,0.0,significant
0.05,clusteringcoef,0.0460629558710394,300,two_sample_t_p_value,300.0,5.0,,9.769154730247779e-07,2.1539368254711985e-07,-0.04999902308452698,0.0,significant
0.05,clusteringcoef,0.0460629558710394,300,two_sample_t_p_value,300.0,6.0,,5.676439092359154e-09,1.4375320678629719e-09,-0.04999999432356091,0.0,significant
0.05,clusteringcoef,0.0460629558710394,500,two_sample_t_p_value,500.0,0.5,,0.6172950500946657,0.0324110371137571,0.5672950500946656,2.165625047178916e-119,non-significant
0.05,clusteringcoef,0.0460629558710394,500,two_sample_t_p_value,500.0,1.0,,0.3177942072606085,0.0222695004029529,0.2677942072606085,9.618420712621034e-71,non-significant
0.05,clusteringcoef,0.0460629558710394,500,two_sample_t_p_value,500.0,2.0,,0.046040682769031456,0.0049912741470687,-0.003959317230968547,0.20997595788300327,significant
0.05,clusteringcoef,0.0460629558710394,500,two_sample_t_p_value,500.0,3.0,,0.002834491812851143,0.0004209750221943,-0.04716550818714886,0.0,significant
0.05,clusteringcoef,0.0460629558710394,500,two_sample_t_p_value,500.0,4.0,,7.291606940371305e-05,1.3750248476839057e-05,-0.04992708393059629,0.0,significant
0.05,clusteringcoef,0.0460629558710394,500,two_sample_t_p_value,500.0,5.0,,7.94641504790956e-07,1.80782047441582e-07,-0.04999920535849521,0.0,significant
0.05,clusteringcoef,0.0460629558710394,500,two_sample_t_p_value,500.0,6.0,,3.790442338479296e-09,1.002953933157654e-09,-0.04999999620955766,0.0,significant
0.05,clusteringcoef,0.0460629558710394,1000,two_sample_t_p_value,1000.0,0.5,,0.6171850808338747,0.0324226856479198,0.5671850808338746,2.7798425276438785e-119,non-significant
0.05,clusteringcoef,0.0460629558710394,1000,two_sample_t_p_value,1000.0,1.0,,0.31755241808467255,0.0222806323671305,0.26755241808467256,1.513378042556795e-70,non-significant
0.05,clusteringcoef,0.0460629558710394,1000,two_sample_t_p_value,1000.0,2.0,,0.04577034649325166,0.0049826459673758,-0.0042296535067483446,0.19510548001262373,significant
0.05,clusteringcoef,0.0460629558710394,1000,two_sample_t_p_value,1000.0,3.0,,0.0027667090442381925,0.0004146241456178,-0.04723329095576181,0.0,significant
0.05,clusteringcoef,0.0460629558710394,1000,two_sample_t_p_value,1000.0,4.0,,6.800991920878163e-05,1.3028141392808728e-05,-0.04993199008079122,0.0,significant
0.05,clusteringcoef,0.0460629558710394,1000,two_sample_t_p_value,1000.0,5.0,,6.767256364648635e-07,1.5772068790742337e-07,-0.04999932327436354,0.0,significant
0.05,clusteringcoef,0.0460629558710394,1000,two_sample_t_p_value,1000.0,6.0,,2.7553691733774752e-09,7.54441741467968e-10,-0.04999999724463083,0.0,significant
0.1,clusteringcoef,0.0450021927077514,30,two_sample_t_p_value,30.0,0.5,,0.6207230048851272,0.0313105977648648,0.5707230048851272,1.3311514564382454e-128,non-significant
0.1,clusteringcoef,0.0450021927077514,30,two_sample_t_p_value,30.0,1.0,,0.3253086154260302,0.0214204445087521,0.2753086154260302,1.1439674127283901e-80,non-significant
0.1,clusteringcoef,0.0450021927077514,30,two_sample_t_p_value,30.0,2.0,,0.054625044962983094,0.0051169540750961,0.004625044962983091,0.18427243813089364,non-significant
0.1,clusteringcoef,0.0450021927077514,30,two_sample_t_p_value,30.0,3.0,,0.005389964065651945,0.0006101453761552,-0.044610035934348057,0.0,significant
0.1,clusteringcoef,0.0450021927077514,30,two_sample_t_p_value,30.0,4.0,,0.0003818456360837564,4.722678071737804e-05,-0.04961815436391625,0.0,significant
0.1,clusteringcoef,0.0450021927077514,30,two_sample_t_p_value,30.0,5.0,,2.32966854670078e-05,2.960145416263942e-06,-0.049976703314532994,0.0,significant
0.1,clusteringcoef,0.0450021927077514,30,two_sample_t_p_value,30.0,6.0,,1.3942768767204764e-06,1.753895575181183e-07,-0.049998605723123285,0.0,significant
0.1,clusteringcoef,0.0450021927077514,50,two_sample_t_p_value,50.0,0.5,,0.6192685675117714,0.0314606603457012,0.5692685675117714,4.592300022859665e-127,non-significant
0.1,clusteringcoef,0.0450021927077514,50,two_sample_t_p_value,50.0,1.0,,0.32212564510024433,0.0215624462039315,0.27212564510024434,8.413061211594146e-78,non-significant
0.1,clusteringcoef,0.0450021927077514,50,two_sample_t_p_value,50.0,2.0,,0.05094706873769324,0.0050199182413113,0.0009470687376932352,0.43700657527571535,non-significant
0.1,clusteringcoef,0.0450021927077514,50,two_sample_t_p_value,50.0,3.0,,0.004201703187068241,0.0005248210218754,-0.04579829681293176,0.0,significant
0.1,clusteringcoef,0.0450021927077514,50,two_sample_t_p_value,50.0,4.0,,0.00020919024636403336,3.008618786964387e-05,-0.04979080975363597,0.0,significant
0.1,clusteringcoef,0.0450021927077514,50,two_sample_t_p_value,50.0,5.0,,7.4332122472325795e-06,1.1552482063678915e-06,-0.04999256678775277,0.0,significant
0.1,clusteringcoef,0.0450021927077514,50,two_sample_t_p_value,50.0,6.0,,2.1889394850799978e-07,3.5239278884227466e-08,-0.049999781106051494,0.0,significant
0.1,clusteringcoef,0.0450021927077514,75,two_sample_t_p_value,75.0,0.5,,0.6185389578679419,0.0315360269398419,0.5685389578679418,2.669208060174542e-126,non-significant
0.1,clusteringcoef,0.0450021927077514,75,two_sample_t_p_value,75.0,1.0,,0.3205260061237414,0.0216340402496517,0.2705260061237414,2.162491620271414e-76,non-significant
0.1,clusteringcoef,0.0450021927077514,75,two_sample_t_p_value,75.0,2.0,,0.04912138289485513,0.004968492870864,-0.0008786171051448702,0.41772154331209255,significant
0.1,clusteringcoef,0.0450021927077514,75,two_sample_t_p_value,75.0,3.0,,0.0036630774411349812,0.0004824377348479,-0.04633692255886502,0.0,significant
0.1,clusteringcoef,0.0450021927077514,75,two_sample_t_p_value,75.0,4.0,,0.00014717180322168836,2.303993406151195e-05,-0.04985282819677832,0.0,significant
0.1,clusteringcoef,0.0450021927077514,75,two_sample_t_p_value,75.0,5.0,,3.657912410473166e-06,6.398145911058299e-07,-0.04999634208758953,0.0,significant
0.1,clusteringcoef,0.0450021927077514,75,two_sample_t_p_value,75.0,6.0,,6.480298590623212e-08,1.2127769834135182e-08,-0.049999935197014095,0.0,significant
0.1,clusteringcoef,0.0450021927077514,100,two_sample_t_p_value,100.0,0.5,,0.6181735658308866,0.0315737934214946,0.5681735658308865,6.418196583870173e-126,non-significant
0.1,clusteringcoef,0.0450021927077514,100,two_sample_t_p_value,100.0,1.0,,0.31972415578412333,0.0216699865820667,0.26972415578412334,1.0817885467617191e-75,non-significant
0.1,clusteringcoef,0.0450021927077514,100,two_sample_t_p_value,100.0,2.0,,0.04821217873113365,0.0049420186938025,-0.0017878212688663547,0.34833307361725163,significant
0.1,clusteringcoef,0.0450021927077514,100,two_sample_t_p_value,100.0,3.0,,0.0034079153433294465,0.000461370553242,-0.04659208465667056,0.0,significant
0.1,clusteringcoef,0.0450021927077514,100,two_sample_t_p_value,100.0,4.0,,0.00012152364430076177,1.9904879943278e-05,-0.04987847635569924,0.0,significant
0.1,clusteringcoef,0.0450021927077514,100,two_sample_t_p_value,100.0,5.0,,2.450173413503802e-06,4.5722751929160673e-07,-0.049997549826586496,0.0,significant
0.1,clusteringcoef,0.0450021927077514,100,two_sample_t_p_value,100.0,6.0,,3.172491502802852e-08,6.462092134101957e-09,-0.049999968275084974,0.0,significant
0.1,clusteringcoef,0.0450021927077514,300,two_sample_t_p_value,300.0,0.5,,0.617441622554225,0.0316494918209572,0.5674416225542249,3.691235260219367e-125,non-significant
0.1,clusteringcoef,0.0450021927077514,300,two_sample_t_p_value,300.0,1.0,,0.31811640443062633,0.0217421793343602,0.26811640443062634,2.6357401323855244e-74,non-significant
0.1,clusteringcoef,0.0450021927077514,300,two_sample_t_p_value,300.0,2.0,,0.0464015209831491,0.0048874950137629,-0.0035984790168509043,0.22606284866535953,significant
0.1,clusteringcoef,0.0450021927077514,300,two_sample_t_p_value,300.0,3.0,,0.0029262198640661076,0.0004195749070316,-0.0470737801359339,0.0,significant
0.1,clusteringcoef,0.0450021927077514,300,two_sample_t_p_value,300.0,4.0,,7.984004483719462e-05,1.4409692938936266e-05,-0.04992015995516281,0.0,significant
0.1,clusteringcoef,0.0450021927077514,300,two_sample_t_p_value,300.0,5.0,,9.769154730247779e-07,2.104334779807736e-07,-0.04999902308452698,0.0,significant
0.1,clusteringcoef,0.0450021927077514,300,two_sample_t_p_value,300.0,6.0,,5.676439092359154e-09,1.404427786237984e-09,-0.04999999432356091,0.0,significant
0.1,clusteringcoef,0.0450021927077514,500,two_sample_t_p_value,500.0,0.5,,0.6172950500946657,0.0316646578681331,0.5672950500946656,5.233037456114414e-125,non-significant
0.1,clusteringcoef,0.0450021927077514,500,two_sample_t_p_value,500.0,1.0,,0.3177942072606085,0.0217566660603542,0.2677942072606085,4.9704667380008146e-74,non-significant
0.1,clusteringcoef,0.0450021927077514,500,two_sample_t_p_value,500.0,2.0,,0.046040682769031456,0.004876332332047,-0.003959317230968547,0.20498784052029562,significant
0.1,clusteringcoef,0.0450021927077514,500,two_sample_t_p_value,500.0,3.0,,0.002834491812851143,0.0004112805771079,-0.04716550818714886,0.0,significant
0.1,clusteringcoef,0.0450021927077514,500,two_sample_t_p_value,500.0,4.0,,7.291606940371305e-05,1.3433600168139048e-05,-0.04992708393059629,0.0,significant
0.1,clusteringcoef,0.0450021927077514,500,two_sample_t_p_value,500.0,5.0,,7.94641504790956e-07,1.7661889870560645e-07,-0.04999920535849521,0.0,significant
0.1,clusteringcoef,0.0450021927077514,500,two_sample_t_p_value,500.0,6.0,,3.790442338479296e-09,9.79857356599541e-10,-0.04999999620955766,0.0,significant
0.1,clusteringcoef,0.0450021927077514,1000,two_sample_t_p_value,1000.0,0.5,,0.6171850808338747,0.031676038153424,0.5671850808338746,6.797658836213649e-125,non-significant
0.1,clusteringcoef,0.0450021927077514,1000,two_sample_t_p_value,1000.0,1.0,,0.31755241808467255,0.0217675416715186,0.26755241808467256,7.991199679834357e-74,non-significant
0.1,clusteringcoef,0.0450021927077514,1000,two_sample_t_p_value,1000.0,2.0,,0.04577034649325166,0.0048679028468367,-0.0042296535067483446,0.1899978445499585,significant
0.1,clusteringcoef,0.0450021927077514,1000,two_sample_t_p_value,1000.0,3.0,,0.0027667090442381925,0.0004050759520213,-0.04723329095576181,0.0,significant
0.1,clusteringcoef,0.0450021927077514,1000,two_sample_t_p_value,1000.0,4.0,,6.800991920878163e-05,1.2728122164466332e-05,-0.04993199008079122,0.0,significant
0.1,clusteringcoef,0.0450021927077514,1000,two_sample_t_p_value,1000.0,5.0,,6.767256364648635e-07,1.5408860888303265e-07,-0.04999932327436354,0.0,significant
0.1,clusteringcoef,0.0450021927077514,1000,two_sample_t_p_value,1000.0,6.0,,2.7553691733774752e-09,7.370680407780559e-10,-0.04999999724463083,0.0,significant
0.2,clusteringcoef,0.0543516798291376,30,two_sample_t_p_value,30.0,0.5,,0.6207230048851272,0.037815570366235,0.5707230048851272,1.1493082997963487e-88,non-significant
0.2,clusteringcoef,0.0543516798291376,30,two_sample_t_p_value,30.0,1.0,,0.3253086154260302,0.0258706758867989,0.2753086154260302,7.1598413876118865e-56,non-significant
0.2,clusteringcoef,0.0543516798291376,30,two_sample_t_p_value,30.0,2.0,,0.054625044962983094,0.0061800333018467,0.004625044962983091,0.23174086842722905,non-significant
0.2,clusteringcoef,0.0543516798291376,30,two_sample_t_p_value,30.0,3.0,,0.005389964065651945,0.0007369068958345,-0.044610035934348057,0.0,significant
0.2,clusteringcoef,0.0543516798291376,30,two_sample_t_p_value,30.0,4.0,,0.0003818456360837564,5.7038439917388574e-05,-0.04961815436391625,0.0,significant
0.2,clusteringcoef,0.0543516798291376,30,two_sample_t_p_value,30.0,5.0,,2.32966854670078e-05,3.5751341486246005e-06,-0.049976703314532994,0.0,significant
0.2,clusteringcoef,0.0543516798291376,30,two_sample_t_p_value,30.0,6.0,,1.3942768767204764e-06,2.118278355347097e-07,-0.049998605723123285,0.0,significant
0.2,clusteringcoef,0.0543516798291376,50,two_sample_t_p_value,50.0,0.5,,0.6192685675117714,0.0379968093872072,0.5692685675117714,1.3031751075228078e-87,non-significant
0.2,clusteringcoef,0.0543516798291376,50,two_sample_t_p_value,50.0,1.0,,0.32212564510024433,0.0260421793226805,0.27212564510024434,6.631080275772685e-54,non-significant
0.2,clusteringcoef,0.0543516798291376,50,two_sample_t_p_value,50.0,2.0,,0.05094706873769324,0.0060628376664234,0.0009470687376932352,0.4524704437532713,non-significant
0.2,clusteringcoef,0.0543516798291376,50,two_sample_t_p_value,50.0,3.0,,0.004201703187068241,0.0006338558730642,-0.04579829681293176,0.0,significant
0.2,clusteringcoef,0.0543516798291376,50,two_sample_t_p_value,50.0,4.0,,0.00020919024636403336,3.633678165394163e-05,-0.04979080975363597,0.0,significant
0.2,clusteringcoef,0.0543516798291376,50,two_sample_t_p_value,50.0,5.0,,7.4332122472325795e-06,1.395258249824745e-06,-0.04999256678775277,0.0,significant
0.2,clusteringcoef,0.0543516798291376,50,two_sample_t_p_value,50.0,6.0,,2.1889394850799978e-07,4.2560459570569264e-08,-0.049999781106051494,0.0,significant
0.2,clusteringcoef,0.0543516798291376,75,two_sample_t_p_value,75.0,0.5,,0.6185389578679419,0.0380878338628622,0.5685389578679418,4.356800648845586e-87,non-significant
0.2,clusteringcoef,0.0543516798291376,75,two_sample_t_p_value,75.0,1.0,,0.3205260061237414,0.0261286474793752,0.2705260061237414,6.1515445104346025e-53,non-significant
0.2,clusteringcoef,0.0543516798291376,75,two_sample_t_p_value,75.0,2.0,,0.04912138289485513,0.0060007283534884,-0.0008786171051448702,0.4269638364615691,significant
0.2,clusteringcoef,0.0543516798291376,75,two_sample_t_p_value,75.0,3.0,,0.0036630774411349812,0.0005826671929572,-0.04633692255886502,0.0,significant
0.2,clusteringcoef,0.0543516798291376,75,two_sample_t_p_value,75.0,4.0,,0.00014717180322168836,2.7826624527565385e-05,-0.04985282819677832,0.0,significant
0.2,clusteringcoef,0.0543516798291376,75,two_sample_t_p_value,75.0,5.0,,3.657912410473166e-06,7.727400758364567e-07,-0.04999634208758953,0.0,significant
0.2,clusteringcoef,0.0543516798291376,75,two_sample_t_p_value,75.0,6.0,,6.480298590623212e-08,1.4647389902689137e-08,-0.049999935197014095,0.0,significant
0.2,clusteringcoef,0.0543516798291376,100,two_sample_t_p_value,100.0,0.5,,0.6181735658308866,0.0381334465673896,0.5681735658308865,7.951791346411951e-87,non-significant
0.2,clusteringcoef,0.0543516798291376,100,two_sample_t_p_value,100.0,1.0,,0.31972415578412333,0.0261720618872717,0.26972415578412334,1.8565326532410507e-52,non-significant
0.2,clusteringcoef,0.0543516798291376,100,two_sample_t_p_value,100.0,2.0,,0.04821217873113365,0.005968754000489,-0.0017878212688663547,0.36880720240919895,significant
0.2,clusteringcoef,0.0543516798291376,100,two_sample_t_p_value,100.0,3.0,,0.0034079153433294465,0.0005572231725519,-0.04659208465667056,0.0,significant
0.2,clusteringcoef,0.0543516798291376,100,two_sample_t_p_value,100.0,4.0,,0.00012152364430076177,2.4040243299703094e-05,-0.04987847635569924,0.0,significant
0.2,clusteringcoef,0.0543516798291376,100,two_sample_t_p_value,100.0,5.0,,2.450173413503802e-06,5.522193973745588e-07,-0.049997549826586496,0.0,significant
0.2,clusteringcoef,0.0543516798291376,100,two_sample_t_p_value,100.0,6.0,,3.172491502802852e-08,7.804632209367906e-09,-0.049999968275084974,0.0,significant
0.2,clusteringcoef,0.0543516798291376,300,two_sample_t_p_value,300.0,0.5,,0.617441622554225,0.0382248717829982,0.5674416225542249,2.6392549880622422e-86,non-significant
0.2,clusteringcoef,0.0543516798291376,300,two_sample_t_p_value,300.0,1.0,,0.31811640443062633,0.0262592531355765,0.26811640443062634,1.6602844606395105e-51,non-significant
0.2,clusteringcoef,0.0543516798291376,300,two_sample_t_p_value,300.0,2.0,,0.0464015209831491,0.0059029026847573,-0.0035984790168509043,0.26269588958094037,significant
0.2,clusteringcoef,0.0543516798291376,300,two_sample_t_p_value,300.0,3.0,,0.0029262198640661076,0.0005067442193188,-0.0470737801359339,0.0,significant
0.2,clusteringcoef,0.0543516798291376,300,two_sample_t_p_value,300.0,4.0,,7.984004483719462e-05,1.7403396810892463e-05,-0.04992015995516281,0.0,significant
0.2,clusteringcoef,0.0543516798291376,300,two_sample_t_p_value,300.0,5.0,,9.769154730247779e-07,2.5415234974923445e-07,-0.04999902308452698,0.0,significant
0.2,clusteringcoef,0.0543516798291376,300,two_sample_t_p_value,300.0,6.0,,5.676439092359154e-09,1.696206446571734e-09,-0.04999999432356091,0.0,significant
0.2,clusteringcoef,0.0543516798291376,500,two_sample_t_p_value,500.0,0.5,,0.6172950500946657,0.0382431886713715,0.5672950500946656,3.352982376510841e-86,non-significant
0.2,clusteringcoef,0.0543516798291376,500,two_sample_t_p_value,500.0,1.0,,0.3177942072606085,0.0262767495695416,0.2677942072606085,2.5657013552616423e-51,non-significant
0.2,clusteringcoef,0.0543516798291376,500,two_sample_t_p_value,500.0,2.0,,0.046040682769031456,0.005889420886068,-0.003959317230968547,0.24359763204087392,significant
0.2,clusteringcoef,0.0543516798291376,500,two_sample_t_p_value,500.0,3.0,,0.002834491812851143,0.0004967266904544,-0.04716550818714886,0.0,significant
0.2,clusteringcoef,0.0543516798291376,500,two_sample_t_p_value,500.0,4.0,,7.291606940371305e-05,1.6224514659384136e-05,-0.04992708393059629,0.0,significant
0.2,clusteringcoef,0.0543516798291376,500,two_sample_t_p_value,500.0,5.0,,7.94641504790956e-07,2.133125800460949e-07,-0.04999920535849521,0.0,significant
0.2,clusteringcoef,0.0543516798291376,500,two_sample_t_p_value,500.0,6.0,,3.790442338479296e-09,1.183428853566731e-09,-0.04999999620955766,0.0,significant
0.2,clusteringcoef,0.0543516798291376,1000,two_sample_t_p_value,1000.0,0.5,,0.6171850808338747,0.0382569332821399,0.5671850808338746,4.011789560309489e-86,non-significant
0.2,clusteringcoef,0.0543516798291376,1000,two_sample_t_p_value,1000.0,1.0,,0.31755241808467255,0.026289884656976,0.26755241808467256,3.5538214488133186e-51,non-significant
0.2,clusteringcoef,0.0543516798291376,1000,two_sample_t_p_value,1000.0,2.0,,0.04577034649325166,0.0058792401225606,-0.0042296535067483446,0.22980075182984294,significant
0.2,clusteringcoef,0.0543516798291376,1000,two_sample_t_p_value,1000.0,3.0,,0.0027667090442381925,0.0004892330156827,-0.04723329095576181,0.0,significant
0.2,clusteringcoef,0.0543516798291376,1000,two_sample_t_p_value,1000.0,4.0,,6.800991920878163e-05,1.5372469186152916e-05,-0.04993199008079122,0.0,significant
0.2,clusteringcoef,0.0543516798291376,1000,two_sample_t_p_value,1000.0,5.0,,6.767256364648635e-07,1.8610148153703745e-07,-0.04999932327436354,0.0,significant
0.2,clusteringcoef,0.0543516798291376,1000,two_sample_t_p_value,1000.0,6.0,,2.7553691733774752e-09,8.901985382094134e-10,-0.04999999724463083,0.0,significant
0.3,clusteringcoef,0.0647762287635769,30,two_sample_t_p_value,30.0,0.5,,0.6207230048851272,0.0450685249208285,0.5707230048851272,7.128504399337511e-63,non-significant
0.3,clusteringcoef,0.0647762287635769,30,two_sample_t_p_value,30.0,1.0,,0.3253086154260302,0.0308326223730301,0.2753086154260302,7.555386228712111e-40,non-significant
0.3,clusteringcoef,0.0647762287635769,30,two_sample_t_p_value,30.0,2.0,,0.054625044962983094,0.0073653519483741,0.004625044962983091,0.2734703109052782,non-significant
0.3,clusteringcoef,0.0647762287635769,30,two_sample_t_p_value,30.0,3.0,,0.005389964065651945,0.0008782442384871,-0.044610035934348057,0.0,significant
0.3,clusteringcoef,0.0647762287635769,30,two_sample_t_p_value,30.0,4.0,,0.0003818456360837564,6.79783043324739e-05,-0.04961815436391625,0.0,significant
0.3,clusteringcoef,0.0647762287635769,30,two_sample_t_p_value,30.0,5.0,,2.32966854670078e-05,4.260838086325941e-06,-0.049976703314532994,0.0,significant
0.3,clusteringcoef,0.0647762287635769,30,two_sample_t_p_value,30.0,6.0,,1.3942768767204764e-06,2.524560119618187e-07,-0.049998605723123285,0.0,significant
0.3,clusteringcoef,0.0647762287635769,50,two_sample_t_p_value,50.0,0.5,,0.6192685675117714,0.045284525241707,0.5692685675117714,3.942322135532466e-62,non-significant
0.3,clusteringcoef,0.0647762287635769,50,two_sample_t_p_value,50.0,1.0,,0.32212564510024433,0.0310370198420933,0.27212564510024434,1.8377576356483374e-38,non-significant
0.3,clusteringcoef,0.0647762287635769,50,two_sample_t_p_value,50.0,2.0,,0.05094706873769324,0.0072256784127238,0.0009470687376932352,0.46538105873524743,non-significant
0.3,clusteringcoef,0.0647762287635769,50,two_sample_t_p_value,50.0,3.0,,0.004201703187068241,0.0007554282253247,-0.04579829681293176,0.0,significant
0.3,clusteringcoef,0.0647762287635769,50,two_sample_t_p_value,50.0,4.0,,0.00020919024636403336,4.330610734290556e-05,-0.04979080975363597,0.0,significant
0.3,clusteringcoef,0.0647762287635769,50,two_sample_t_p_value,50.0,5.0,,7.4332122472325795e-06,1.6628661314431662e-06,-0.04999256678775277,0.0,significant
0.3,clusteringcoef,0.0647762287635769,50,two_sample_t_p_value,50.0,6.0,,2.1889394850799978e-07,5.072347486025999e-08,-0.049999781106051494,0.0,significant
0.3,clusteringcoef,0.0647762287635769,75,two_sample_t_p_value,75.0,0.5,,0.6185389578679419,0.0453930080388653,0.5685389578679418,9.224314913222684e-62,non-significant
0.3,clusteringcoef,0.0647762287635769,75,two_sample_t_p_value,75.0,1.0,,0.3205260061237414,0.0311400724269707,0.2705260061237414,8.832681676330401e-38,non-significant
0.3,clusteringcoef,0.0647762287635769,75,two_sample_t_p_value,75.0,2.0,,0.04912138289485513,0.0071516566515625,-0.0008786171051448702,0.4332602261687214,significant
0.3,clusteringcoef,0.0647762287635769,75,two_sample_t_p_value,75.0,3.0,,0.0036630774411349812,0.000694421653621,-0.04633692255886502,0.0,significant
0.3,clusteringcoef,0.0647762287635769,75,two_sample_t_p_value,75.0,4.0,,0.00014717180322168836,3.316371824720354e-05,-0.04985282819677832,0.0,significant
0.3,clusteringcoef,0.0647762287635769,75,two_sample_t_p_value,75.0,5.0,,3.657912410473166e-06,9.209501543378574e-07,-0.04999634208758953,0.0,significant
0.3,clusteringcoef,0.0647762287635769,75,two_sample_t_p_value,75.0,6.0,,6.480298590623212e-08,1.7456731459056956e-08,-0.049999935197014095,0.0,significant
0.3,clusteringcoef,0.0647762287635769,100,two_sample_t_p_value,100.0,0.5,,0.6181735658308866,0.0454473691734664,0.5681735658308865,1.4091994465416257e-61,non-significant
0.3,clusteringcoef,0.0647762287635769,100,two_sample_t_p_value,100.0,1.0,,0.31972415578412333,0.0311918136358234,0.26972415578412334,1.923953103061741e-37,non-significant
0.3,clusteringcoef,0.0647762287635769,100,two_sample_t_p_value,100.0,2.0,,0.04821217873113365,0.0071135496784024,-0.0017878212688663547,0.38405589865526557,significant
0.3,clusteringcoef,0.0647762287635769,100,two_sample_t_p_value,100.0,3.0,,0.0034079153433294465,0.0006640975184402,-0.04659208465667056,0.0,significant
0.3,clusteringcoef,0.0647762287635769,100,two_sample_t_p_value,100.0,4.0,,0.00012152364430076177,2.8651116293167262e-05,-0.04987847635569924,0.0,significant
0.3,clusteringcoef,0.0647762287635769,100,two_sample_t_p_value,100.0,5.0,,2.450173413503802e-06,6.581340286899938e-07,-0.049997549826586496,0.0,significant
0.3,clusteringcoef,0.0647762287635769,100,two_sample_t_p_value,100.0,6.0,,3.172491502802852e-08,9.301545839960798e-09,-0.049999968275084974,0.0,significant
0.3,clusteringcoef,0.0647762287635769,300,two_sample_t_p_value,300.0,0.5,,0.617441622554225,0.04555632957174,0.5674416225542249,3.280486755259286e-61,non-significant
0.3,clusteringcoef,0.0647762287635769,300,two_sample_t_p_value,300.0,1.0,,0.31811640443062633,0.031295727999908,0.26811640443062634,9.011604340721472e-37,non-significant
0.3,clusteringcoef,0.0647762287635769,300,two_sample_t_p_value,300.0,2.0,,0.0464015209831491,0.007035068205417,-0.0035984790168509043,0.29222193734975943,significant
0.3,clusteringcoef,0.0647762287635769,300,two_sample_t_p_value,300.0,3.0,,0.0029262198640661076,0.0006039367978764,-0.0470737801359339,0.0,significant
0.3,clusteringcoef,0.0647762287635769,300,two_sample_t_p_value,300.0,4.0,,7.984004483719462e-05,2.0741335256418737e-05,-0.04992015995516281,0.0,significant
0.3,clusteringcoef,0.0647762287635769,300,two_sample_t_p_value,300.0,5.0,,9.769154730247779e-07,3.028982875949915e-07,-0.04999902308452698,0.0,significant
0.3,clusteringcoef,0.0647762287635769,300,two_sample_t_p_value,300.0,6.0,,5.676439092359154e-09,2.0215356205877904e-09,-0.04999999432356091,0.0,significant
0.3,clusteringcoef,0.0647762287635769,500,two_sample_t_p_value,500.0,0.5,,0.6172950500946657,0.0455781596045051,0.5672950500946656,3.8828724276365364e-61,non-significant
0.3,clusteringcoef,0.0647762287635769,500,two_sample_t_p_value,500.0,1.0,,0.3177942072606085,0.0313165802166681,0.2677942072606085,1.2246973380888157e-36,non-significant
0.3,clusteringcoef,0.0647762287635769,500,two_sample_t_p_value,500.0,2.0,,0.046040682769031456,0.0070190006233518,-0.003959317230968547,0.275227859734527,significant
0.3,clusteringcoef,0.0647762287635769,500,two_sample_t_p_value,500.0,3.0,,0.002834491812851143,0.0005919979260071,-0.04716550818714886,0.0,significant
0.3,clusteringcoef,0.0647762287635769,500,two_sample_t_p_value,500.0,4.0,,7.291606940371305e-05,1.9336345747879883e-05,-0.04992708393059629,0.0,significant
0.3,clusteringcoef,0.0647762287635769,500,two_sample_t_p_value,500.0,5.0,,7.94641504790956e-07,2.542255276497844e-07,-0.04999920535849521,0.0,significant
0.3,clusteringcoef,0.0647762287635769,500,two_sample_t_p_value,500.0,6.0,,3.790442338479296e-09,1.4104082594142786e-09,-0.04999999620955766,0.0,significant
0.3,clusteringcoef,0.0647762287635769,1000,two_sample_t_p_value,1000.0,0.5,,0.6171850808338747,0.045594540405507,0.5671850808338746,4.405803612453307e-61,non-significant
0.3,clusteringcoef,0.0647762287635769,1000,two_sample_t_p_value,1000.0,1.0,,0.31755241808467255,0.0313322345889185,0.26755241808467256,1.540824270244328e-36,non-significant
0.3,clusteringcoef,0.0647762287635769,1000,two_sample_t_p_value,1000.0,2.0,,0.04577034649325166,0.0070068672087449,-0.0042296535067483446,0.2628272616146331,significant
0.3,clusteringcoef,0.0647762287635769,1000,two_sample_t_p_value,1000.0,3.0,,0.0027667090442381925,0.0005830669786505,-0.04723329095576181,0.0,significant
0.3,clusteringcoef,0.0647762287635769,1000,two_sample_t_p_value,1000.0,4.0,,6.800991920878163e-05,1.8320879571590567e-05,-0.04993199008079122,0.0,significant
0.3,clusteringcoef,0.0647762287635769,1000,two_sample_t_p_value,1000.0,5.0,,6.767256364648635e-07,2.217953921420684e-07,-0.04999932327436354,0.0,significant
0.3,clusteringcoef,0.0647762287635769,1000,two_sample_t_p_value,1000.0,6.0,,2.7553691733774752e-09,1.0609369266475102e-09,-0.04999999724463083,0.0,significant
0.4,clusteringcoef,0.0917389556213501,30,two_sample_t_p_value,30.0,0.5,,0.6207230048851272,0.0638280351689201,0.5707230048851272,4.7735214471460207e-32,non-significant
0.4,clusteringcoef,0.0917389556213501,30,two_sample_t_p_value,30.0,1.0,,0.3253086154260302,0.0436665213390708,0.2753086154260302,1.1238025842543505e-20,non-significant
0.4,clusteringcoef,0.0917389556213501,30,two_sample_t_p_value,30.0,2.0,,0.054625044962983094,0.0104311366750553,0.004625044962983091,0.3465758283857111,non-significant
0.4,clusteringcoef,0.0917389556213501,30,two_sample_t_p_value,30.0,3.0,,0.005389964065651945,0.0012438082728363,-0.044610035934348057,0.0,significant
0.4,clusteringcoef,0.0917389556213501,30,two_sample_t_p_value,30.0,4.0,,0.0003818456360837564,9.627387644212542e-05,-0.04961815436391625,0.0,significant
0.4,clusteringcoef,0.0917389556213501,30,two_sample_t_p_value,30.0,5.0,,2.32966854670078e-05,6.034387051735942e-06,-0.049976703314532994,0.0,significant
0.4,clusteringcoef,0.0917389556213501,30,two_sample_t_p_value,30.0,6.0,,1.3942768767204764e-06,3.57539352317636e-07,-0.049998605723123285,0.0,significant
0.4,clusteringcoef,0.0917389556213501,50,two_sample_t_p_value,50.0,0.5,,0.6192685675117714,0.0641339443616827,0.5692685675117714,1.1211501294545583e-31,non-significant
0.4,clusteringcoef,0.0917389556213501,50,two_sample_t_p_value,50.0,1.0,,0.32212564510024433,0.0439559980607234,0.27212564510024434,5.547479358765204e-20,non-significant
0.4,clusteringcoef,0.0917389556213501,50,two_sample_t_p_value,50.0,2.0,,0.05094706873769324,0.0102333248460389,0.0009470687376932352,0.48829307277449296,non-significant
0.4,clusteringcoef,0.0917389556213501,50,two_sample_t_p_value,50.0,3.0,,0.004201703187068241,0.0010698708115769,-0.04579829681293176,0.0,significant
0.4,clusteringcoef,0.0917389556213501,50,two_sample_t_p_value,50.0,4.0,,0.00020919024636403336,6.133202156866129e-05,-0.04979080975363597,0.0,significant
0.4,clusteringcoef,0.0917389556213501,50,two_sample_t_p_value,50.0,5.0,,7.4332122472325795e-06,2.355024445672701e-06,-0.04999256678775277,0.0,significant
0.4,clusteringcoef,0.0917389556213501,50,two_sample_t_p_value,50.0,6.0,,2.1889394850799978e-07,7.183682498945629e-08,-0.049999781106051494,0.0,significant
0.4,clusteringcoef,0.0917389556213501,75,two_sample_t_p_value,75.0,0.5,,0.6185389578679419,0.0642875824894981,0.5685389578679418,1.713889351340797e-31,non-significant
0.4,clusteringcoef,0.0917389556213501,75,two_sample_t_p_value,75.0,1.0,,0.3205260061237414,0.0441019456821146,0.2705260061237414,1.216822903650838e-19,non-significant
0.4,clusteringcoef,0.0917389556213501,75,two_sample_t_p_value,75.0,2.0,,0.04912138289485513,0.0101284919591636,-0.0008786171051448702,0.4398456471340144,significant
0.4,clusteringcoef,0.0917389556213501,75,two_sample_t_p_value,75.0,3.0,,0.0036630774411349812,0.0009834706107476,-0.04633692255886502,0.0,significant
0.4,clusteringcoef,0.0917389556213501,75,two_sample_t_p_value,75.0,4.0,,0.00014717180322168836,4.696792225468182e-05,-0.04985282819677832,0.0,significant
0.4,clusteringcoef,0.0917389556213501,75,two_sample_t_p_value,75.0,5.0,,3.657912410473166e-06,1.3042902767100036e-06,-0.04999634208758953,0.0,significant
0.4,clusteringcoef,0.0917389556213501,75,two_sample_t_p_value,75.0,6.0,,6.480298590623212e-08,2.472299396220393e-08,-0.049999935197014095,0.0,significant
0.4,clusteringcoef,0.0917389556213501,100,two_sample_t_p_value,100.0,0.5,,0.6181735658308866,0.0643645711288476,0.5681735658308865,2.1177122704737137e-31,non-significant
0.4,clusteringcoef,0.0917389556213501,100,two_sample_t_p_value,100.0,1.0,,0.31972415578412333,0.0441752238669262,0.26972415578412334,1.7963947937334684e-19,non-significant
0.4,clusteringcoef,0.0917389556213501,100,two_sample_t_p_value,100.0,2.0,,0.04821217873113365,0.0100745231810125,-0.0017878212688663547,0.4046916362381272,significant
0.4,clusteringcoef,0.0917389556213501,100,two_sample_t_p_value,100.0,3.0,,0.0034079153433294465,0.0009405242314244,-0.04659208465667056,0.0,significant
0.4,clusteringcoef,0.0917389556213501,100,two_sample_t_p_value,100.0,4.0,,0.00012152364430076177,4.057697609588151e-05,-0.04987847635569924,0.0,significant
0.4,clusteringcoef,0.0917389556213501,100,two_sample_t_p_value,100.0,5.0,,2.450173413503802e-06,9.320784738990682e-07,-0.049997549826586496,0.0,significant
0.4,clusteringcoef,0.0917389556213501,100,two_sample_t_p_value,100.0,6.0,,3.172491502802852e-08,1.3173259964493769e-08,-0.049999968275084974,0.0,significant
0.4,clusteringcoef,0.0917389556213501,300,two_sample_t_p_value,300.0,0.5,,0.617441622554225,0.064518885656453,0.5674416225542249,3.229102826123832e-31,non-significant
0.4,clusteringcoef,0.0917389556213501,300,two_sample_t_p_value,300.0,1.0,,0.31811640443062633,0.0443223919780857,0.26811640443062634,3.890182998581215e-19,non-significant
0.4,clusteringcoef,0.0917389556213501,300,two_sample_t_p_value,300.0,2.0,,0.0464015209831491,0.0099633742533159,-0.0035984790168509043,0.3372677166370821,significant
0.4,clusteringcoef,0.0917389556213501,300,two_sample_t_p_value,300.0,3.0,,0.0029262198640661076,0.0008553219623314,-0.0470737801359339,0.0,significant
0.4,clusteringcoef,0.0917389556213501,300,two_sample_t_p_value,300.0,4.0,,7.984004483719462e-05,2.9374794904486063e-05,-0.04992015995516281,0.0,significant
0.4,clusteringcoef,0.0917389556213501,300,two_sample_t_p_value,300.0,5.0,,9.769154730247779e-07,4.289779305442457e-07,-0.04999902308452698,0.0,significant
0.4,clusteringcoef,0.0917389556213501,300,two_sample_t_p_value,300.0,6.0,,5.676439092359154e-09,2.8629880146459e-09,-0.04999999432356091,0.0,significant
0.4,clusteringcoef,0.0917389556213501,500,two_sample_t_p_value,500.0,0.5,,0.6172950500946657,0.0645498023128449,0.5672950500946656,3.512659190298445e-31,non-significant
0.4,clusteringcoef,0.0917389556213501,500,two_sample_t_p_value,500.0,1.0,,0.3177942072606085,0.0443519238082721,0.2677942072606085,4.535645017038033e-19,non-significant
0.4,clusteringcoef,0.0917389556213501,500,two_sample_t_p_value,500.0,2.0,,0.046040682769031456,0.0099406186340685,-0.003959317230968547,0.3243716245972016,significant
0.4,clusteringcoef,0.0917389556213501,500,two_sample_t_p_value,500.0,3.0,,0.002834491812851143,0.0008384136047826,-0.04716550818714886,0.0,significant
0.4,clusteringcoef,0.0917389556213501,500,two_sample_t_p_value,500.0,4.0,,7.291606940371305e-05,2.7384986719715928e-05,-0.04992708393059629,0.0,significant
0.4,clusteringcoef,0.0917389556213501,500,two_sample_t_p_value,500.0,5.0,,7.94641504790956e-07,3.6004541857478205e-07,-0.04999920535849521,0.0,significant
0.4,clusteringcoef,0.0917389556213501,500,two_sample_t_p_value,500.0,6.0,,3.790442338479296e-09,1.9974824590459433e-09,-0.04999999620955766,0.0,significant
0.4,clusteringcoef,0.0917389556213501,1000,two_sample_t_p_value,1000.0,0.5,,0.6171850808338747,0.0645730015265818,0.5671850808338746,3.741382710059453e-31,non-significant
0.4,clusteringcoef,0.0917389556213501,1000,two_sample_t_p_value,1000.0,1.0,,0.31755241808467255,0.0443740942215328,0.26755241808467256,5.087959133918403e-19,non-significant
0.4,clusteringcoef,0.0917389556213501,1000,two_sample_t_p_value,1000.0,2.0,,0.04577034649325166,0.0099234347565042,-0.0042296535067483446,0.31484786669559917,significant
0.4,clusteringcoef,0.0917389556213501,1000,two_sample_t_p_value,1000.0,3.0,,0.0027667090442381925,0.0008257652027556,-0.04723329095576181,0.0,significant
0.4,clusteringcoef,0.0917389556213501,1000,two_sample_t_p_value,1000.0,4.0,,6.800991920878163e-05,2.594683867899563e-05,-0.04993199008079122,0.0,significant
0.4,clusteringcoef,0.0917389556213501,1000,two_sample_t_p_value,1000.0,5.0,,6.767256364648635e-07,3.141164285899621e-07,-0.04999932327436354,0.0,significant
0.4,clusteringcoef,0.0917389556213501,1000,two_sample_t_p_value,1000.0,6.0,,2.7553691733774752e-09,1.5025457253154396e-09,-0.04999999724463083,0.0,significant
0.5,clusteringcoef,0.1286456916174014,30,two_sample_t_p_value,30.0,0.5,,0.6207230048851272,0.0895061609680521,0.5707230048851272,6.541728942452593e-17,non-significant
0.5,clusteringcoef,0.1286456916174014,30,two_sample_t_p_value,30.0,1.0,,0.3253086154260302,0.0612336362469275,0.2753086154260302,3.10107333909394e-11,non-significant
0.5,clusteringcoef,0.1286456916174014,30,two_sample_t_p_value,30.0,2.0,,0.054625044962983094,0.0146276004869389,0.004625044962983091,0.4055475043962331,non-significant
0.5,clusteringcoef,0.1286456916174014,30,two_sample_t_p_value,30.0,3.0,,0.005389964065651945,0.0017441944309778,-0.044610035934348057,0.0,significant
0.5,clusteringcoef,0.1286456916174014,30,two_sample_t_p_value,30.0,4.0,,0.0003818456360837564,0.0001350050187044,-0.04961815436391625,0.0,significant
0.5,clusteringcoef,0.1286456916174014,30,two_sample_t_p_value,30.0,5.0,,2.32966854670078e-05,8.462031102270329e-06,-0.049976703314532994,0.0,significant
0.5,clusteringcoef,0.1286456916174014,30,two_sample_t_p_value,30.0,6.0,,1.3942768767204764e-06,5.013780345307916e-07,-0.049998605723123285,0.0,significant
0.5,clusteringcoef,0.1286456916174014,50,two_sample_t_p_value,50.0,0.5,,0.6192685675117714,0.0899351379430843,0.5692685675117714,1.0110532890073198e-16,non-significant
0.5,clusteringcoef,0.1286456916174014,50,two_sample_t_p_value,50.0,1.0,,0.32212564510024433,0.0616395699401106,0.27212564510024434,7.021085039001904e-11,non-significant
0.5,clusteringcoef,0.1286456916174014,50,two_sample_t_p_value,50.0,2.0,,0.05094706873769324,0.0143502086267248,0.0009470687376932352,0.5092526509828824,non-significant
0.5,clusteringcoef,0.1286456916174014,50,two_sample_t_p_value,50.0,3.0,,0.004201703187068241,0.0015002816367854,-0.04579829681293176,0.0,significant
0.5,clusteringcoef,0.1286456916174014,50,two_sample_t_p_value,50.0,4.0,,0.00020919024636403336,8.600599690234073e-05,-0.04979080975363597,0.0,significant
0.5,clusteringcoef,0.1286456916174014,50,two_sample_t_p_value,50.0,5.0,,7.4332122472325795e-06,3.302454737330192e-06,-0.04999256678775277,0.0,significant
0.5,clusteringcoef,0.1286456916174014,50,two_sample_t_p_value,50.0,6.0,,2.1889394850799978e-07,1.0073690039061317e-07,-0.049999781106051494,0.0,significant
0.5,clusteringcoef,0.1286456916174014,75,two_sample_t_p_value,75.0,0.5,,0.6185389578679419,0.090150584947879,0.5685389578679418,1.2553347708084488e-16,non-significant
0.5,clusteringcoef,0.1286456916174014,75,two_sample_t_p_value,75.0,1.0,,0.3205260061237414,0.0618442325348242,0.2705260061237414,1.0496250799117525e-10,non-significant
0.5,clusteringcoef,0.1286456916174014,75,two_sample_t_p_value,75.0,2.0,,0.04912138289485513,0.014203201293308,-0.0008786171051448702,0.43919704024587336,significant
0.5,clusteringcoef,0.1286456916174014,75,two_sample_t_p_value,75.0,3.0,,0.0036630774411349812,0.0013791224899837,-0.04633692255886502,0.0,significant
0.5,clusteringcoef,0.1286456916174014,75,two_sample_t_p_value,75.0,4.0,,0.00014717180322168836,6.586319629825496e-05,-0.04985282819677832,0.0,significant
0.5,clusteringcoef,0.1286456916174014,75,two_sample_t_p_value,75.0,5.0,,3.657912410473166e-06,1.829008446638134e-06,-0.04999634208758953,0.0,significant
0.5,clusteringcoef,0.1286456916174014,75,two_sample_t_p_value,75.0,6.0,,6.480298590623212e-08,3.466909597541107e-08,-0.049999935197014095,0.0,significant
0.5,clusteringcoef,0.1286456916174014,100,two_sample_t_p_value,100.0,0.5,,0.6181735658308866,0.0902585462462034,0.5681735658308865,1.3983390987564306e-16,non-significant
0.5,clusteringcoef,0.1286456916174014,100,two_sample_t_p_value,100.0,1.0,,0.31972415578412333,0.0619469906565154,0.26972415578412334,1.281285458545893e-10,non-significant
0.5,clusteringcoef,0.1286456916174014,100,two_sample_t_p_value,100.0,2.0,,0.04821217873113365,0.0141275207850227,-0.0017878212688663547,0.41387967596158437,significant
0.5,clusteringcoef,0.1286456916174014,100,two_sample_t_p_value,100.0,3.0,,0.0034079153433294465,0.0013188987100956,-0.04659208465667056,0.0,significant
0.5,clusteringcoef,0.1286456916174014,100,two_sample_t_p_value,100.0,4.0,,0.00012152364430076177,5.69011617610196e-05,-0.04987847635569924,0.0,significant
0.5,clusteringcoef,0.1286456916174014,100,two_sample_t_p_value,100.0,5.0,,2.450173413503802e-06,1.3070552101263717e-06,-0.049997549826586496,0.0,significant
0.5,clusteringcoef,0.1286456916174014,100,two_sample_t_p_value,100.0,6.0,,3.172491502802852e-08,1.8472884583326642e-08,-0.049999968275084974,0.0,significant
0.5,clusteringcoef,0.1286456916174014,300,two_sample_t_p_value,300.0,0.5,,0.617441622554225,0.0904749417675602,0.5674416225542249,1.7339531394648287e-16,non-significant
0.5,clusteringcoef,0.1286456916174014,300,two_sample_t_p_value,300.0,1.0,,0.31811640443062633,0.062153364746082,0.26811640443062634,1.9031103115951761e-10,non-significant
0.5,clusteringcoef,0.1286456916174014,300,two_sample_t_p_value,300.0,2.0,,0.0464015209831491,0.0139716564569495,-0.0035984790168509043,0.3646587341843799,significant
0.5,clusteringcoef,0.1286456916174014,300,two_sample_t_p_value,300.0,3.0,,0.0029262198640661076,0.0011994194249805,-0.0470737801359339,0.0,significant
0.5,clusteringcoef,0.1286456916174014,300,two_sample_t_p_value,300.0,4.0,,7.984004483719462e-05,4.119232425322562e-05,-0.04992015995516281,0.0,significant
0.5,clusteringcoef,0.1286456916174014,300,two_sample_t_p_value,300.0,5.0,,9.769154730247779e-07,6.015564728166883e-07,-0.04999902308452698,0.0,significant
0.5,clusteringcoef,0.1286456916174014,300,two_sample_t_p_value,300.0,6.0,,5.676439092359154e-09,4.0147729036359e-09,-0.04999999432356091,0.0,significant
0.5,clusteringcoef,0.1286456916174014,500,two_sample_t_p_value,500.0,0.5,,0.6172950500946657,0.090518296246768,0.5672950500946656,1.8099943196968967e-16,non-significant
0.5,clusteringcoef,0.1286456916174014,500,two_sample_t_p_value,500.0,1.0,,0.3177942072606085,0.0621947772811749,0.2677942072606085,2.0587464747349013e-10,non-significant
0.5,clusteringcoef,0.1286456916174014,500,two_sample_t_p_value,500.0,2.0,,0.046040682769031456,0.0139397462138424,-0.003959317230968547,0.3550901822050795,significant
0.5,clusteringcoef,0.1286456916174014,500,two_sample_t_p_value,500.0,3.0,,0.002834491812851143,0.0011757088067787,-0.04716550818714886,0.0,significant
0.5,clusteringcoef,0.1286456916174014,500,two_sample_t_p_value,500.0,4.0,,7.291606940371305e-05,3.840201289223442e-05,-0.04992708393059629,0.0,significant
0.5,clusteringcoef,0.1286456916174014,500,two_sample_t_p_value,500.0,5.0,,7.94641504790956e-07,5.048922954541474e-07,-0.04999920535849521,0.0,significant
0.5,clusteringcoef,0.1286456916174014,500,two_sample_t_p_value,500.0,6.0,,3.790442338479296e-09,2.801073008703293e-09,-0.04999999620955766,0.0,significant
0.5,clusteringcoef,0.1286456916174014,1000,two_sample_t_p_value,1000.0,0.5,,0.6171850808338747,0.0905508285431731,0.5671850808338746,1.8691631421897703e-16,non-significant
0.5,clusteringcoef,0.1286456916174014,1000,two_sample_t_p_value,1000.0,1.0,,0.31755241808467255,0.0622258668889434,0.26755241808467256,2.1835237506756965e-10,non-significant
0.5,clusteringcoef,0.1286456916174014,1000,two_sample_t_p_value,1000.0,2.0,,0.04577034649325166,0.0139156492334598,-0.0042296535067483446,0.3479819853500299,significant
0.5,clusteringcoef,0.1286456916174014,1000,two_sample_t_p_value,1000.0,3.0,,0.0027667090442381925,0.001157971931363,-0.04723329095576181,0.0,significant
0.5,clusteringcoef,0.1286456916174014,1000,two_sample_t_p_value,1000.0,4.0,,6.800991920878163e-05,3.638529547820255e-05,-0.04993199008079122,0.0,significant
0.5,clusteringcoef,0.1286456916174014,1000,two_sample_t_p_value,1000.0,5.0,,6.767256364648635e-07,4.404859956236446e-07,-0.04999932327436354,0.0,significant
0.5,clusteringcoef,0.1286456916174014,1000,two_sample_t_p_value,1000.0,6.0,,2.7553691733774752e-09,2.1070223953474966e-09,-0.04999999724463083,0.0,significant
0.05,degree,0.117434789749695,30,two_sample_t_p_value,30.0,0.5,,0.6207230048851272,0.0817060957303272,0.5707230048851272,4.712551782595058e-20,non-significant
0.05,degree,0.117434789749695,30,two_sample_t_p_value,30.0,1.0,,0.3253086154260302,0.055897396235029,0.2753086154260302,3.3754980562871496e-13,non-significant
0.05,degree,0.117434789749695,30,two_sample_t_p_value,30.0,2.0,,0.054625044962983094,0.013352869933919,0.004625044962983091,0.3906622513833758,non-significant
0.05,degree,0.117434789749695,30,two_sample_t_p_value,30.0,3.0,,0.005389964065651945,0.0015921956165748,-0.044610035934348057,0.0,significant
0.05,degree,0.117434789749695,30,two_sample_t_p_value,30.0,4.0,,0.0003818456360837564,0.0001232399296655,-0.04961815436391625,0.0,significant
0.05,degree,0.117434789749695,30,two_sample_t_p_value,30.0,5.0,,2.32966854670078e-05,7.72460259536649e-06,-0.049976703314532994,0.0,significant
0.05,degree,0.117434789749695,30,two_sample_t_p_value,30.0,6.0,,1.3942768767204764e-06,4.5768516092515997e-07,-0.049998605723123285,0.0,significant
0.05,degree,0.117434789749695,50,two_sample_t_p_value,50.0,0.5,,0.6192685675117714,0.0820976892632082,0.5692685675117714,7.942470299059744e-20,non-significant
0.05,degree,0.117434789749695,50,two_sample_t_p_value,50.0,1.0,,0.32212564510024433,0.0562679546059463,0.27212564510024434,8.980638360486065e-13,non-significant
0.05,degree,0.117434789749695,50,two_sample_t_p_value,50.0,2.0,,0.05094706873769324,0.0130996515449238,0.0009470687376932352,0.5035871794627365,non-significant
0.05,degree,0.117434789749695,50,two_sample_t_p_value,50.0,3.0,,0.004201703187068241,0.0013695387413766,-0.04579829681293176,0.0,significant
0.05,degree,0.117434789749695,50,two_sample_t_p_value,50.0,4.0,,0.00020919024636403336,7.851095545024147e-05,-0.04979080975363597,0.0,significant
0.05,degree,0.117434789749695,50,two_sample_t_p_value,50.0,5.0,,7.4332122472325795e-06,3.014660443426744e-06,-0.04999256678775277,0.0,significant
0.05,degree,0.117434789749695,50,two_sample_t_p_value,50.0,6.0,,2.1889394850799978e-07,9.195812598676585e-08,-0.049999781106051494,0.0,significant
0.05,degree,0.117434789749695,75,two_sample_t_p_value,75.0,0.5,,0.6185389578679419,0.0822943610163945,0.5685389578679418,1.0295292576423981e-19,non-significant
0.05,degree,0.117434789749695,75,two_sample_t_p_value,75.0,1.0,,0.3205260061237414,0.0564547817625937,0.2705260061237414,1.4534686858859587e-12,non-significant
0.05,degree,0.117434789749695,75,two_sample_t_p_value,75.0,2.0,,0.04912138289485513,0.0129654552490789,-0.0008786171051448702,0.4400500403318722,significant
0.05,degree,0.117434789749695,75,two_sample_t_p_value,75.0,3.0,,0.0036630774411349812,0.0012589380772422,-0.04633692255886502,0.0,significant
0.05,degree,0.117434789749695,75,two_sample_t_p_value,75.0,4.0,,0.00014717180322168836,6.012351064605904e-05,-0.04985282819677832,0.0,significant
0.05,degree,0.117434789749695,75,two_sample_t_p_value,75.0,5.0,,3.657912410473166e-06,1.669618466665477e-06,-0.04999634208758953,0.0,significant
0.05,degree,0.117434789749695,75,two_sample_t_p_value,75.0,6.0,,6.480298590623212e-08,3.1647837914329964e-08,-0.049999935197014095,0.0,significant
0.05,degree,0.117434789749695,100,two_sample_t_p_value,100.0,0.5,,0.6181735658308866,0.0823929139660537,0.5681735658308865,1.171689063512968e-19,non-significant
0.05,degree,0.117434789749695,100,two_sample_t_p_value,100.0,1.0,,0.31972415578412333,0.0565485849694027,0.26972415578412334,1.8454795675731432e-12,non-significant
0.05,degree,0.117434789749695,100,two_sample_t_p_value,100.0,2.0,,0.04821217873113365,0.0128963699616752,-0.0017878212688663547,0.41239254262014535,significant
0.05,degree,0.117434789749695,100,two_sample_t_p_value,100.0,3.0,,0.0034079153433294465,0.0012039625328601,-0.04659208465667056,0.0,significant
0.05,degree,0.117434789749695,100,two_sample_t_p_value,100.0,4.0,,0.00012152364430076177,5.1942477699073215e-05,-0.04987847635569924,0.0,significant
0.05,degree,0.117434789749695,100,two_sample_t_p_value,100.0,5.0,,2.450173413503802e-06,1.1931511414228458e-06,-0.049997549826586496,0.0,significant
0.05,degree,0.117434789749695,100,two_sample_t_p_value,100.0,6.0,,3.172491502802852e-08,1.686305456357705e-08,-0.049999968275084974,0.0,significant
0.05,degree,0.117434789749695,300,two_sample_t_p_value,300.0,0.5,,0.617441622554225,0.0825904515767875,0.5674416225542249,1.5164298710608074e-19,non-significant
0.05,degree,0.117434789749695,300,two_sample_t_p_value,300.0,1.0,,0.31811640443062633,0.056736974471712,0.26811640443062634,2.963646991437944e-12,non-significant
0.05,degree,0.117434789749695,300,two_sample_t_p_value,300.0,2.0,,0.0464015209831491,0.012754088519004,-0.0035984790168509043,0.3587747347946978,significant
0.05,degree,0.117434789749695,300,two_sample_t_p_value,300.0,3.0,,0.0029262198640661076,0.0010948953379114,-0.0470737801359339,0.0,significant
0.05,degree,0.117434789749695,300,two_sample_t_p_value,300.0,4.0,,7.984004483719462e-05,3.760259575863227e-05,-0.04992015995516281,0.0,significant
0.05,degree,0.117434789749695,300,two_sample_t_p_value,300.0,5.0,,9.769154730247779e-07,5.491334923045352e-07,-0.04999902308452698,0.0,significant
0.05,degree,0.117434789749695,300,two_sample_t_p_value,300.0,6.0,,5.676439092359154e-09,3.664903238527733e-09,-0.04999999432356091,0.0,significant
0.05,degree,0.117434789749695,500,two_sample_t_p_value,500.0,0.5,,0.6172950500946657,0.0826300279052791,0.5672950500946656,1.596504529041758e-19,non-significant
0.05,degree,0.117434789749695,500,two_sample_t_p_value,500.0,1.0,,0.3177942072606085,0.0567747780879116,0.2677942072606085,3.256114795680818e-12,non-significant
0.05,degree,0.117434789749695,500,two_sample_t_p_value,500.0,2.0,,0.046040682769031456,0.0127249591121578,-0.003959317230968547,0.34838665683745307,significant
0.05,degree,0.117434789749695,500,two_sample_t_p_value,500.0,3.0,,0.002834491812851143,0.0010732509950006,-0.04716550818714886,0.0,significant
0.05,degree,0.117434789749695,500,two_sample_t_p_value,500.0,4.0,,7.291606940371305e-05,3.505544766611222e-05,-0.04992708393059629,0.0,significant
0.05,degree,0.117434789749695,500,two_sample_t_p_value,500.0,5.0,,7.94641504790956e-07,4.6089316958422345e-07,-0.04999920535849521,0.0,significant
0.05,degree,0.117434789749695,500,two_sample_t_p_value,500.0,6.0,,3.790442338479296e-09,2.5569719103295803e-09,-0.04999999620955766,0.0,significant
0.05,degree,0.117434789749695,1000,two_sample_t_p_value,1000.0,0.5,,0.6171850808338747,0.0826597251562354,0.5671850808338746,1.6592779540574002e-19,non-significant
0.05,degree,0.117434789749695,1000,two_sample_t_p_value,1000.0,1.0,,0.31755241808467255,0.0568031583741521,0.26755241808467256,3.493780022001677e-12,non-significant
0.05,degree,0.117434789749695,1000,two_sample_t_p_value,1000.0,2.0,,0.04577034649325166,0.0127029620768178,-0.0042296535067483446,0.3406791420590276,significant
0.05,degree,0.117434789749695,1000,two_sample_t_p_value,1000.0,3.0,,0.0027667090442381925,0.0010570598096677,-0.04723329095576181,0.0,significant
0.05,degree,0.117434789749695,1000,two_sample_t_p_value,1000.0,4.0,,6.800991920878163e-05,3.321447823663663e-05,-0.04993199008079122,0.0,significant
0.05,degree,0.117434789749695,1000,two_sample_t_p_value,1000.0,5.0,,6.767256364648635e-07,4.0209959333570635e-07,-0.04999932327436354,0.0,significant
0.05,degree,0.117434789749695,1000,two_sample_t_p_value,1000.0,6.0,,2.7553691733774752e-09,1.9234047319005752e-09,-0.04999999724463083,0.0,significant
0.1,degree,0.0750776576472831,30,two_sample_t_p_value,30.0,0.5,,0.6207230048851272,0.0522358178186595,0.5707230048851272,3.570839307568617e-47,non-significant
0.1,degree,0.0750776576472831,30,two_sample_t_p_value,30.0,1.0,,0.3253086154260302,0.0357359653544995,0.2753086154260302,4.346566748881742e-30,non-significant
0.1,degree,0.0750776576472831,30,two_sample_t_p_value,30.0,2.0,,0.054625044962983094,0.0085366712849253,0.004625044962983091,0.30611600308318926,non-significant
0.1,degree,0.0750776576472831,30,two_sample_t_p_value,30.0,3.0,,0.005389964065651945,0.0010179123040412,-0.044610035934348057,0.0,significant
0.1,degree,0.0750776576472831,30,two_sample_t_p_value,30.0,4.0,,0.0003818456360837564,7.878896251808401e-05,-0.04961815436391625,0.0,significant
0.1,degree,0.0750776576472831,30,two_sample_t_p_value,30.0,5.0,,2.32966854670078e-05,4.938443457448657e-06,-0.049976703314532994,0.0,significant
0.1,degree,0.0750776576472831,30,two_sample_t_p_value,30.0,6.0,,1.3942768767204764e-06,2.926043457430388e-07,-0.049998605723123285,0.0,significant
0.1,degree,0.0750776576472831,50,two_sample_t_p_value,50.0,0.5,,0.6192685675117714,0.0524861688880588,0.5692685675117714,1.2762664868841439e-46,non-significant
0.1,degree,0.0750776576472831,50,two_sample_t_p_value,50.0,1.0,,0.32212564510024433,0.0359728683588764,0.27212564510024434,4.689585700921243e-29,non-significant
0.1,degree,0.0750776576472831,50,two_sample_t_p_value,50.0,2.0,,0.05094706873769324,0.0083747853262627,0.0009470687376932352,0.47543071145552757,non-significant
0.1,degree,0.0750776576472831,50,two_sample_t_p_value,50.0,3.0,,0.004201703187068241,0.0008755647366417,-0.04579829681293176,0.0,significant
0.1,degree,0.0750776576472831,50,two_sample_t_p_value,50.0,4.0,,0.00020919024636403336,5.019312119873432e-05,-0.04979080975363597,0.0,significant
0.1,degree,0.0750776576472831,50,two_sample_t_p_value,50.0,5.0,,7.4332122472325795e-06,1.927313406672894e-06,-0.04999256678775277,0.0,significant
0.1,degree,0.0750776576472831,50,two_sample_t_p_value,50.0,6.0,,2.1889394850799978e-07,5.8790080140949596e-08,-0.049999781106051494,0.0,significant
0.1,degree,0.0750776576472831,75,two_sample_t_p_value,75.0,0.5,,0.6185389578679419,0.0526119038136809,0.5685389578679418,2.4037731267760053e-46,non-significant
0.1,degree,0.0750776576472831,75,two_sample_t_p_value,75.0,1.0,,0.3205260061237414,0.0360923095000909,0.2705260061237414,1.5110967083592942e-28,non-significant
0.1,degree,0.0750776576472831,75,two_sample_t_p_value,75.0,2.0,,0.04912138289485513,0.0082889918098912,-0.0008786171051448702,0.4369762796010279,significant
0.1,degree,0.0750776576472831,75,two_sample_t_p_value,75.0,3.0,,0.0036630774411349812,0.0008048562284122,-0.04633692255886502,0.0,significant
0.1,degree,0.0750776576472831,75,two_sample_t_p_value,75.0,4.0,,0.00014717180322168836,3.843777775273213e-05,-0.04985282819677832,0.0,significant
0.1,degree,0.0750776576472831,75,two_sample_t_p_value,75.0,5.0,,3.657912410473166e-06,1.067409784690469e-06,-0.04999634208758953,0.0,significant
0.1,degree,0.0750776576472831,75,two_sample_t_p_value,75.0,6.0,,6.480298590623212e-08,2.0232893040241016e-08,-0.049999935197014095,0.0,significant
0.1,degree,0.0750776576472831,100,two_sample_t_p_value,100.0,0.5,,0.6181735658308866,0.0526749100542541,0.5681735658308865,3.2957801302417186e-46,non-significant
0.1,degree,0.0750776576472831,100,two_sample_t_p_value,100.0,1.0,,0.31972415578412333,0.0361522791654859,0.26972415578412334,2.6995355200282175e-28,non-significant
0.1,degree,0.0750776576472831,100,two_sample_t_p_value,100.0,2.0,,0.04821217873113365,0.0082448246464193,-0.0017878212688663547,0.3942884832441367,significant
0.1,degree,0.0750776576472831,100,two_sample_t_p_value,100.0,3.0,,0.0034079153433294465,0.0007697096154801,-0.04659208465667056,0.0,significant
0.1,degree,0.0750776576472831,100,two_sample_t_p_value,100.0,4.0,,0.00012152364430076177,3.320753216618914e-05,-0.04987847635569924,0.0,significant
0.1,degree,0.0750776576472831,100,two_sample_t_p_value,100.0,5.0,,2.450173413503802e-06,7.627977459502551e-07,-0.049997549826586496,0.0,significant
0.1,degree,0.0750776576472831,100,two_sample_t_p_value,100.0,6.0,,3.172491502802852e-08,1.0780780040652142e-08,-0.049999968275084974,0.0,significant
0.1,degree,0.0750776576472831,300,two_sample_t_p_value,300.0,0.5,,0.617441622554225,0.0528011985343778,0.5674416225542249,6.183879568755022e-46,non-significant
0.1,degree,0.0750776576472831,300,two_sample_t_p_value,300.0,1.0,,0.31811640443062633,0.0362727191355226,0.26811640443062634,8.533392329921135e-28,non-significant
0.1,degree,0.0750776576472831,300,two_sample_t_p_value,300.0,2.0,,0.0464015209831491,0.0081538621857618,-0.0035984790168509043,0.31350551953435013,significant
0.1,degree,0.0750776576472831,300,two_sample_t_p_value,300.0,3.0,,0.0029262198640661076,0.000699981474949,-0.0470737801359339,0.0,significant
0.1,degree,0.0750776576472831,300,two_sample_t_p_value,300.0,4.0,,7.984004483719462e-05,2.4039850686777468e-05,-0.04992015995516281,0.0,significant
0.1,degree,0.0750776576472831,300,two_sample_t_p_value,300.0,5.0,,9.769154730247779e-07,3.5106850726067695e-07,-0.04999902308452698,0.0,significant
0.1,degree,0.0750776576472831,300,two_sample_t_p_value,300.0,6.0,,5.676439092359154e-09,2.343022465821878e-09,-0.04999999432356091,0.0,significant
0.1,degree,0.0750776576472831,500,two_sample_t_p_value,500.0,0.5,,0.6172950500946657,0.0528265002192342,0.5672950500946656,7.011143633006757e-46,non-significant
0.1,degree,0.0750776576472831,500,two_sample_t_p_value,500.0,1.0,,0.3177942072606085,0.0362968875013102,0.2677942072606085,1.0725632039892164e-27,non-significant
0.1,degree,0.0750776576472831,500,two_sample_t_p_value,500.0,2.0,,0.046040682769031456,0.0081352393599422,-0.003959317230968547,0.2983024937186274,significant
0.1,degree,0.0750776576472831,500,two_sample_t_p_value,500.0,3.0,,0.002834491812851143,0.000686143952265,-0.04716550818714886,0.0,significant
0.1,degree,0.0750776576472831,500,two_sample_t_p_value,500.0,4.0,,7.291606940371305e-05,2.241142428200633e-05,-0.04992708393059629,0.0,significant
0.1,degree,0.0750776576472831,500,two_sample_t_p_value,500.0,5.0,,7.94641504790956e-07,2.946552692925939e-07,-0.04999920535849521,0.0,significant
0.1,degree,0.0750776576472831,500,two_sample_t_p_value,500.0,6.0,,3.790442338479296e-09,1.6347069050544475e-09,-0.04999999620955766,0.0,significant
0.1,degree,0.0750776576472831,1000,two_sample_t_p_value,1000.0,0.5,,0.6171850808338747,0.0528454860755134,0.5671850808338746,7.702924431181453e-46,non-significant
0.1,degree,0.0750776576472831,1000,two_sample_t_p_value,1000.0,1.0,,0.31755241808467255,0.036315031404142,0.26755241808467256,1.2727798912625814e-27,non-significant
0.1,degree,0.0750776576472831,1000,two_sample_t_p_value,1000.0,2.0,,0.04577034649325166,0.0081211763561932,-0.0042296535067483446,0.2871409000526125,significant
0.1,degree,0.0750776576472831,1000,two_sample_t_p_value,1000.0,3.0,,0.0027667090442381925,0.0006757927073577,-0.04723329095576181,0.0,significant
0.1,degree,0.0750776576472831,1000,two_sample_t_p_value,1000.0,4.0,,6.800991920878163e-05,2.1234467497224916e-05,-0.04993199008079122,0.0,significant
0.1,degree,0.0750776576472831,1000,two_sample_t_p_value,1000.0,5.0,,6.767256364648635e-07,2.570677366810572e-07,-0.04999932327436354,0.0,significant
0.1,degree,0.0750776576472831,1000,two_sample_t_p_value,1000.0,6.0,,2.7553691733774752e-09,1.229658794353747e-09,-0.04999999724463083,0.0,significant
0.2,degree,0.0558141861322291,30,two_sample_t_p_value,30.0,0.5,,0.6207230048851272,0.0388331195972704,0.5707230048851272,3.6803303798169375e-84,non-significant
0.2,degree,0.0558141861322291,30,two_sample_t_p_value,30.0,1.0,,0.3253086154260302,0.026566809413281,0.2753086154260302,4.499900065910593e-53,non-significant
0.2,degree,0.0558141861322291,30,two_sample_t_p_value,30.0,2.0,,0.054625044962983094,0.0063463269230499,0.004625044962983091,0.23823548682041631,non-significant
0.2,degree,0.0558141861322291,30,two_sample_t_p_value,30.0,3.0,,0.005389964065651945,0.0007567357398249,-0.044610035934348057,0.0,significant
0.2,degree,0.0558141861322291,30,two_sample_t_p_value,30.0,4.0,,0.0003818456360837564,5.857324211963745e-05,-0.04961815436391625,0.0,significant
0.2,degree,0.0558141861322291,30,two_sample_t_p_value,30.0,5.0,,2.32966854670078e-05,3.671334601732917e-06,-0.049976703314532994,0.0,significant
0.2,degree,0.0558141861322291,30,two_sample_t_p_value,30.0,6.0,,1.3942768767204764e-06,2.1752774298216385e-07,-0.049998605723123285,0.0,significant
0.2,degree,0.0558141861322291,50,two_sample_t_p_value,50.0,0.5,,0.6192685675117714,0.0390192354355069,0.5692685675117714,3.6809837620767234e-83,non-significant
0.2,degree,0.0558141861322291,50,two_sample_t_p_value,50.0,1.0,,0.32212564510024433,0.0267429276992788,0.27212564510024434,3.299256670660639e-51,non-significant
0.2,degree,0.0558141861322291,50,two_sample_t_p_value,50.0,2.0,,0.05094706873769324,0.0062259777630982,0.0009470687376932352,0.45450462857242657,non-significant
0.2,degree,0.0558141861322291,50,two_sample_t_p_value,50.0,3.0,,0.004201703187068241,0.0006509117987048,-0.04579829681293176,0.0,significant
0.2,degree,0.0558141861322291,50,two_sample_t_p_value,50.0,4.0,,0.00020919024636403336,3.731453933079746e-05,-0.04979080975363597,0.0,significant
0.2,degree,0.0558141861322291,50,two_sample_t_p_value,50.0,5.0,,7.4332122472325795e-06,1.4328021489502907e-06,-0.04999256678775277,0.0,significant
0.2,degree,0.0558141861322291,50,two_sample_t_p_value,50.0,6.0,,2.1889394850799978e-07,4.37056852669986e-08,-0.049999781106051494,0.0,significant
0.2,degree,0.0558141861322291,75,two_sample_t_p_value,75.0,0.5,,0.6185389578679419,0.0391127092166811,0.5685389578679418,1.1562336508627727e-82,non-significant
0.2,degree,0.0558141861322291,75,two_sample_t_p_value,75.0,1.0,,0.3205260061237414,0.0268317225591146,0.2705260061237414,2.728403439162475e-50,non-significant
0.2,degree,0.0558141861322291,75,two_sample_t_p_value,75.0,2.0,,0.04912138289485513,0.0061621971998554,-0.0008786171051448702,0.4280534132554097,significant
0.2,degree,0.0558141861322291,75,two_sample_t_p_value,75.0,3.0,,0.0036630774411349812,0.000598345722949,-0.04633692255886502,0.0,significant
0.2,degree,0.0558141861322291,75,two_sample_t_p_value,75.0,4.0,,0.00014717180322168836,2.857538912680612e-05,-0.04985282819677832,0.0,significant
0.2,degree,0.0558141861322291,75,two_sample_t_p_value,75.0,5.0,,3.657912410473166e-06,7.935331264857645e-07,-0.04999634208758953,0.0,significant
0.2,degree,0.0558141861322291,75,two_sample_t_p_value,75.0,6.0,,6.480298590623212e-08,1.5041524916066173e-08,-0.049999935197014095,0.0,significant
0.2,degree,0.0558141861322291,100,two_sample_t_p_value,100.0,0.5,,0.6181735658308866,0.0391595492773469,0.5681735658308865,2.045699869324279e-82,non-significant
0.2,degree,0.0558141861322291,100,two_sample_t_p_value,100.0,1.0,,0.31972415578412333,0.0268763051709267,0.26972415578412334,7.778211288876839e-50,non-significant
0.2,degree,0.0558141861322291,100,two_sample_t_p_value,100.0,2.0,,0.04821217873113365,0.0061293624743165,-0.0017878212688663547,0.37134058644095747,significant
0.2,degree,0.0558141861322291,100,two_sample_t_p_value,100.0,3.0,,0.0034079153433294465,0.0005722170495516,-0.04659208465667056,0.0,significant
0.2,degree,0.0558141861322291,100,two_sample_t_p_value,100.0,4.0,,0.00012152364430076177,2.4687123165499263e-05,-0.04987847635569924,0.0,significant
0.2,degree,0.0558141861322291,100,two_sample_t_p_value,100.0,5.0,,2.450173413503802e-06,5.670786317512802e-07,-0.049997549826586496,0.0,significant
0.2,degree,0.0558141861322291,100,two_sample_t_p_value,100.0,6.0,,3.172491502802852e-08,8.014640875804602e-09,-0.049999968275084974,0.0,significant
0.2,degree,0.0558141861322291,300,two_sample_t_p_value,300.0,0.5,,0.617441622554225,0.0392534345816687,0.5674416225542249,6.381723900352493e-82,non-significant
0.2,degree,0.0558141861322291,300,two_sample_t_p_value,300.0,1.0,,0.31811640443062633,0.026965842579472,0.26811640443062634,6.212660896080744e-49,non-significant
0.2,degree,0.0558141861322291,300,two_sample_t_p_value,300.0,2.0,,0.0464015209831491,0.0060617392176875,-0.0035984790168509043,0.2674542799562809,significant
0.2,degree,0.0558141861322291,300,two_sample_t_p_value,300.0,3.0,,0.0029262198640661076,0.000520379798148,-0.0470737801359339,0.0,significant
0.2,degree,0.0558141861322291,300,two_sample_t_p_value,300.0,4.0,,7.984004483719462e-05,1.7871691031257805e-05,-0.04992015995516281,0.0,significant
0.2,degree,0.0558141861322291,300,two_sample_t_p_value,300.0,5.0,,9.769154730247779e-07,2.609911340264134e-07,-0.04999902308452698,0.0,significant
0.2,degree,0.0558141861322291,300,two_sample_t_p_value,300.0,6.0,,5.676439092359154e-09,1.7418483223565134e-09,-0.04999999432356091,0.0,significant
0.2,degree,0.0558141861322291,500,two_sample_t_p_value,500.0,0.5,,0.6172950500946657,0.0392722443446833,0.5672950500946656,8.007869455275529e-82,non-significant
0.2,degree,0.0558141861322291,500,two_sample_t_p_value,500.0,1.0,,0.3177942072606085,0.0269838098111206,0.2677942072606085,9.387518839326285e-49,non-significant
0.2,degree,0.0558141861322291,500,two_sample_t_p_value,500.0,2.0,,0.046040682769031456,0.0060478946479556,-0.003959317230968547,0.24866537967856783,significant
0.2,degree,0.0558141861322291,500,two_sample_t_p_value,500.0,3.0,,0.002834491812851143,0.0005100927155338,-0.04716550818714886,0.0,significant
0.2,degree,0.0558141861322291,500,two_sample_t_p_value,500.0,4.0,,7.291606940371305e-05,1.6661087273672113e-05,-0.04992708393059629,0.0,significant
0.2,degree,0.0558141861322291,500,two_sample_t_p_value,500.0,5.0,,7.94641504790956e-07,2.1905243930760893e-07,-0.04999920535849521,0.0,significant
0.2,degree,0.0558141861322291,500,two_sample_t_p_value,500.0,6.0,,3.790442338479296e-09,1.2152728032485558e-09,-0.04999999620955766,0.0,significant
0.2,degree,0.0558141861322291,1000,two_sample_t_p_value,1000.0,0.5,,0.6171850808338747,0.0392863587982964,0.5671850808338746,9.492891644104888e-82,non-significant
0.2,degree,0.0558141861322291,1000,two_sample_t_p_value,1000.0,1.0,,0.31755241808467255,0.026997298340219,0.26755241808467256,1.2786212727116511e-48,non-significant
0.2,degree,0.0558141861322291,1000,two_sample_t_p_value,1000.0,2.0,,0.04577034649325166,0.0060374399383467,-0.0042296535067483446,0.23506816443734624,significant
0.2,degree,0.0558141861322291,1000,two_sample_t_p_value,1000.0,3.0,,0.0027667090442381925,0.000502397399403,-0.04723329095576181,0.0,significant
0.2,degree,0.0558141861322291,1000,two_sample_t_p_value,1000.0,4.0,,6.800991920878163e-05,1.5786114783667198e-05,-0.04993199008079122,0.0,significant
0.2,degree,0.0558141861322291,1000,two_sample_t_p_value,1000.0,5.0,,6.767256364648635e-07,1.9110913890141333e-07,-0.04999932327436354,0.0,significant
0.2,degree,0.0558141861322291,1000,two_sample_t_p_value,1000.0,6.0,,2.7553691733774752e-09,9.141521855893451e-10,-0.04999999724463083,0.0,significant
0.3,degree,0.0468999289895655,30,two_sample_t_p_value,30.0,0.5,,0.6207230048851272,0.0326309613695795,0.5707230048851272,1.554782038748673e-118,non-significant
0.3,degree,0.0468999289895655,30,two_sample_t_p_value,30.0,1.0,,0.3253086154260302,0.0223237417098647,0.2753086154260302,2.0337174142684935e-74,non-significant
0.3,degree,0.0468999289895655,30,two_sample_t_p_value,30.0,2.0,,0.054625044962983094,0.0053327353252176,0.004625044962983091,0.19480136097730383,non-significant
0.3,degree,0.0468999289895655,30,two_sample_t_p_value,30.0,3.0,,0.005389964065651945,0.0006358751228151,-0.044610035934348057,0.0,significant
0.3,degree,0.0468999289895655,30,two_sample_t_p_value,30.0,4.0,,0.0003818456360837564,4.921832756983195e-05,-0.04961815436391625,0.0,significant
0.3,degree,0.0468999289895655,30,two_sample_t_p_value,30.0,5.0,,2.32966854670078e-05,3.084974341653664e-06,-0.049976703314532994,0.0,significant
0.3,degree,0.0468999289895655,30,two_sample_t_p_value,30.0,6.0,,1.3942768767204764e-06,1.8278571105479082e-07,-0.049998605723123285,0.0,significant
0.3,degree,0.0468999289895655,50,two_sample_t_p_value,50.0,0.5,,0.6192685675117714,0.0327873520688266,0.5692685675117714,4.0515478456355004e-117,non-significant
0.3,degree,0.0468999289895655,50,two_sample_t_p_value,50.0,1.0,,0.32212564510024433,0.0224717315970145,0.27212564510024434,8.870050540985459e-72,non-significant
0.3,degree,0.0468999289895655,50,two_sample_t_p_value,50.0,2.0,,0.05094706873769324,0.0052316075036577,0.0009470687376932352,0.4405535691970996,non-significant
0.3,degree,0.0468999289895655,50,two_sample_t_p_value,50.0,3.0,,0.004201703187068241,0.0005469526522415,-0.04579829681293176,0.0,significant
0.3,degree,0.0468999289895655,50,two_sample_t_p_value,50.0,4.0,,0.00020919024636403336,3.135491827734829e-05,-0.04979080975363597,0.0,significant
0.3,degree,0.0468999289895655,50,two_sample_t_p_value,50.0,5.0,,7.4332122472325795e-06,1.20396486446414e-06,-0.04999256678775277,0.0,significant
0.3,degree,0.0468999289895655,50,two_sample_t_p_value,50.0,6.0,,2.1889394850799978e-07,3.6725314431825245e-08,-0.049999781106051494,0.0,significant
0.3,degree,0.0468999289895655,75,two_sample_t_p_value,75.0,0.5,,0.6185389578679419,0.0328658968618845,0.5685389578679418,2.0483696071599729e-116,non-significant
0.3,degree,0.0468999289895655,75,two_sample_t_p_value,75.0,1.0,,0.3205260061237414,0.0225463447538036,0.2705260061237414,1.76328356596128e-70,non-significant
0.3,degree,0.0468999289895655,75,two_sample_t_p_value,75.0,2.0,,0.04912138289485513,0.0051780135324061,-0.0008786171051448702,0.41997547455627793,significant
0.3,degree,0.0468999289895655,75,two_sample_t_p_value,75.0,3.0,,0.0036630774411349812,0.0005027820678248,-0.04633692255886502,0.0,significant
0.3,degree,0.0468999289895655,75,two_sample_t_p_value,75.0,4.0,,0.00014717180322168836,2.4011524914497307e-05,-0.04985282819677832,0.0,significant
0.3,degree,0.0468999289895655,75,two_sample_t_p_value,75.0,5.0,,3.657912410473166e-06,6.667954844827529e-07,-0.04999634208758953,0.0,significant
0.3,degree,0.0468999289895655,75,two_sample_t_p_value,75.0,6.0,,6.480298590623212e-08,1.2639196221315744e-08,-0.049999935197014095,0.0,significant
0.3,degree,0.0468999289895655,100,two_sample_t_p_value,100.0,0.5,,0.6181735658308866,0.0329052559508783,0.5681735658308865,4.594596306150599e-116,non-significant
0.3,degree,0.0468999289895655,100,two_sample_t_p_value,100.0,1.0,,0.31972415578412333,0.0225838069381163,0.26972415578412334,7.765502779332446e-70,non-significant
0.3,degree,0.0468999289895655,100,two_sample_t_p_value,100.0,2.0,,0.04821217873113365,0.0051504229429363,-0.0017878212688663547,0.35319265814184175,significant
0.3,degree,0.0468999289895655,100,two_sample_t_p_value,100.0,3.0,,0.0034079153433294465,0.0004808264860659,-0.04659208465667056,0.0,significant
0.3,degree,0.0468999289895655,100,two_sample_t_p_value,100.0,4.0,,0.00012152364430076177,2.074426599494934e-05,-0.04987847635569924,0.0,significant
0.3,degree,0.0468999289895655,100,two_sample_t_p_value,100.0,5.0,,2.450173413503802e-06,4.765087409431482e-07,-0.049997549826586496,0.0,significant
0.3,degree,0.0468999289895655,100,two_sample_t_p_value,100.0,6.0,,3.172491502802852e-08,6.734597671308781e-09,-0.049999968275084974,0.0,significant
0.3,degree,0.0468999289895655,300,two_sample_t_p_value,300.0,0.5,,0.617441622554225,0.0329841465414429,0.5674416225542249,2.3004118436412466e-115,non-significant
0.3,degree,0.0468999289895655,300,two_sample_t_p_value,300.0,1.0,,0.31811640443062633,0.0226590440488526,0.26811640443062634,1.4695058624902396e-68,non-significant
0.3,degree,0.0468999289895655,300,two_sample_t_p_value,300.0,2.0,,0.0464015209831491,0.0050936000068027,-0.0035984790168509043,0.23447909269639045,significant
0.3,degree,0.0468999289895655,300,two_sample_t_p_value,300.0,3.0,,0.0029262198640661076,0.0004372683231988,-0.0470737801359339,0.0,significant
0.3,degree,0.0468999289895655,300,two_sample_t_p_value,300.0,4.0,,7.984004483719462e-05,1.5017347709840564e-05,-0.04992015995516281,0.0,significant
0.3,degree,0.0468999289895655,300,two_sample_t_p_value,300.0,5.0,,9.769154730247779e-07,2.193074288272544e-07,-0.04999902308452698,0.0,significant
0.3,degree,0.0468999289895655,300,two_sample_t_p_value,300.0,6.0,,5.676439092359154e-09,1.4636523129724915e-09,-0.04999999432356091,0.0,significant
0.3,degree,0.0468999289895655,500,two_sample_t_p_value,500.0,0.5,,0.6172950500946657,0.032999952138744,0.5672950500946656,3.1723196074596157e-115,non-significant
0.3,degree,0.0468999289895655,500,two_sample_t_p_value,500.0,1.0,,0.3177942072606085,0.0226741416780908,0.2677942072606085,2.635492257823083e-68,non-significant
0.3,degree,0.0468999289895655,500,two_sample_t_p_value,500.0,2.0,,0.046040682769031456,0.0050819665963328,-0.003959317230968547,0.21379220310136604,significant
0.3,degree,0.0468999289895655,500,two_sample_t_p_value,500.0,3.0,,0.002834491812851143,0.0004286242225221,-0.04716550818714886,0.0,significant
0.3,degree,0.0468999289895655,500,two_sample_t_p_value,500.0,4.0,,7.291606940371305e-05,1.40000932410437e-05,-0.04992708393059629,0.0,significant
0.3,degree,0.0468999289895655,500,two_sample_t_p_value,500.0,5.0,,7.94641504790956e-07,1.8406689339120647e-07,-0.04999920535849521,0.0,significant
0.3,degree,0.0468999289895655,500,two_sample_t_p_value,500.0,6.0,,3.790442338479296e-09,1.021177806665102e-09,-0.04999999620955766,0.0,significant
0.3,degree,0.0468999289895655,1000,two_sample_t_p_value,1000.0,0.5,,0.6171850808338747,0.0330118123291016,0.5671850808338746,4.0362755199992808e-115,non-significant
0.3,degree,0.0468999289895655,1000,two_sample_t_p_value,1000.0,1.0,,0.31755241808467255,0.0226854759122834,0.26755241808467256,4.080897556353815e-68,non-significant
0.3,degree,0.0468999289895655,1000,two_sample_t_p_value,1000.0,2.0,,0.04577034649325166,0.0050731816408897,-0.0042296535067483446,0.199020450866487,significant
0.3,degree,0.0468999289895655,1000,two_sample_t_p_value,1000.0,3.0,,0.0027667090442381925,0.0004221579492483,-0.04723329095576181,0.0,significant
0.3,degree,0.0468999289895655,1000,two_sample_t_p_value,1000.0,4.0,,6.800991920878163e-05,1.3264865326910269e-05,-0.04993199008079122,0.0,significant
0.3,degree,0.0468999289895655,1000,two_sample_t_p_value,1000.0,5.0,,6.767256364648635e-07,1.6058650434316265e-07,-0.04999932327436354,0.0,significant
0.3,degree,0.0468999289895655,1000,two_sample_t_p_value,1000.0,6.0,,2.7553691733774752e-09,7.681500987620709e-10,-0.04999999724463083,0.0,significant
0.4,degree,0.0452103422696232,30,two_sample_t_p_value,30.0,0.5,,0.6207230048851272,0.0314554193127619,0.5707230048851272,1.9525875558087643e-127,non-significant
0.4,degree,0.0452103422696232,30,two_sample_t_p_value,30.0,1.0,,0.3253086154260302,0.0215195209286179,0.2753086154260302,6.060067090660033e-80,non-significant
0.4,degree,0.0452103422696232,30,two_sample_t_p_value,30.0,2.0,,0.054625044962983094,0.0051406216273811,0.004625044962983091,0.18545087986575753,non-significant
0.4,degree,0.0452103422696232,30,two_sample_t_p_value,30.0,3.0,,0.005389964065651945,0.0006129674940362,-0.044610035934348057,0.0,significant
0.4,degree,0.0452103422696232,30,two_sample_t_p_value,30.0,4.0,,0.0003818456360837564,4.744521971164608e-05,-0.04961815436391625,0.0,significant
0.4,degree,0.0452103422696232,30,two_sample_t_p_value,30.0,5.0,,2.32966854670078e-05,2.9738370373694624e-06,-0.049976703314532994,0.0,significant
0.4,degree,0.0452103422696232,30,two_sample_t_p_value,30.0,6.0,,1.3942768767204764e-06,1.762007904238428e-07,-0.049998605723123285,0.0,significant
0.4,degree,0.0452103422696232,50,two_sample_t_p_value,50.0,0.5,,0.6192685675117714,0.031606175981121,0.5692685675117714,6.520712849708753e-126,non-significant
0.4,degree,0.0452103422696232,50,two_sample_t_p_value,50.0,1.0,,0.32212564510024433,0.0216621794271408,0.27212564510024434,4.194958384177299e-77,non-significant
0.4,degree,0.0452103422696232,50,two_sample_t_p_value,50.0,2.0,,0.05094706873769324,0.0050431369717706,0.0009470687376932352,0.43740777787698265,non-significant
0.4,degree,0.0452103422696232,50,two_sample_t_p_value,50.0,3.0,,0.004201703187068241,0.0005272484872763,-0.04579829681293176,0.0,significant
0.4,degree,0.0452103422696232,50,two_sample_t_p_value,50.0,4.0,,0.00020919024636403336,3.0225346129423076e-05,-0.04979080975363597,0.0,significant
0.4,degree,0.0452103422696232,50,two_sample_t_p_value,50.0,5.0,,7.4332122472325795e-06,1.160591599512538e-06,-0.04999256678775277,0.0,significant
0.4,degree,0.0452103422696232,50,two_sample_t_p_value,50.0,6.0,,2.1889394850799978e-07,3.5402271841216576e-08,-0.049999781106051494,0.0,significant
0.4,degree,0.0452103422696232,75,two_sample_t_p_value,75.0,0.5,,0.6185389578679419,0.0316818911699103,0.5685389578679418,3.72932254540328e-125,non-significant
0.4,degree,0.0452103422696232,75,two_sample_t_p_value,75.0,1.0,,0.3205260061237414,0.0217341046182643,0.2705260061237414,1.0466394233170214e-75,non-significant
0.4,degree,0.0452103422696232,75,two_sample_t_p_value,75.0,2.0,,0.04912138289485513,0.0049914737425062,-0.0008786171051448702,0.4179800235587443,significant
0.4,degree,0.0452103422696232,75,two_sample_t_p_value,75.0,3.0,,0.0036630774411349812,0.0004846691639649,-0.04633692255886502,0.0,significant
0.4,degree,0.0452103422696232,75,two_sample_t_p_value,75.0,4.0,,0.00014717180322168836,2.3146501139511966e-05,-0.04985282819677832,0.0,significant
0.4,degree,0.0452103422696232,75,two_sample_t_p_value,75.0,5.0,,3.657912410473166e-06,6.427739386132441e-07,-0.04999634208758953,0.0,significant
0.4,degree,0.0452103422696232,75,two_sample_t_p_value,75.0,6.0,,6.480298590623212e-08,1.2183864655866442e-08,-0.049999935197014095,0.0,significant
0.4,degree,0.0452103422696232,100,two_sample_t_p_value,100.0,0.5,,0.6181735658308866,0.0317198323336426,0.5681735658308865,8.895337080533311e-125,non-significant
0.4,degree,0.0452103422696232,100,two_sample_t_p_value,100.0,1.0,,0.31972415578412333,0.0217702172139854,0.26972415578412334,5.159089306652917e-75,non-significant
0.4,degree,0.0452103422696232,100,two_sample_t_p_value,100.0,2.0,,0.04821217873113365,0.0049648771138923,-0.0017878212688663547,0.3488868384328345,significant
0.4,degree,0.0452103422696232,100,two_sample_t_p_value,100.0,3.0,,0.0034079153433294465,0.0004635045398933,-0.04659208465667056,0.0,significant
0.4,degree,0.0452103422696232,100,two_sample_t_p_value,100.0,4.0,,0.00012152364430076177,1.9996946391377768e-05,-0.04987847635569924,0.0,significant
0.4,degree,0.0452103422696232,100,two_sample_t_p_value,100.0,5.0,,2.450173413503802e-06,4.593423430832902e-07,-0.049997549826586496,0.0,significant
0.4,degree,0.0452103422696232,100,two_sample_t_p_value,100.0,6.0,,3.172491502802852e-08,6.491981380948741e-09,-0.049999968275084974,0.0,significant
0.4,degree,0.0452103422696232,300,two_sample_t_p_value,300.0,0.5,,0.617441622554225,0.0317958808624596,0.5674416225542249,5.034380451715504e-124,non-significant
0.4,degree,0.0452103422696232,300,two_sample_t_p_value,300.0,1.0,,0.31811640443062633,0.0218427438808918,0.26811640443062634,1.2207203165845292e-73,non-significant
0.4,degree,0.0452103422696232,300,two_sample_t_p_value,300.0,2.0,,0.0464015209831491,0.0049101012443609,-0.0035984790168509043,0.22701349429696627,significant
0.4,degree,0.0452103422696232,300,two_sample_t_p_value,300.0,3.0,,0.0029262198640661076,0.0004215155754261,-0.0470737801359339,0.0,significant
0.4,degree,0.0452103422696232,300,two_sample_t_p_value,300.0,4.0,,7.984004483719462e-05,1.4476342386251532e-05,-0.04992015995516281,0.0,significant
0.4,degree,0.0452103422696232,300,two_sample_t_p_value,300.0,5.0,,9.769154730247779e-07,2.114068002481864e-07,-0.04999902308452698,0.0,significant
0.4,degree,0.0452103422696232,300,two_sample_t_p_value,300.0,6.0,,5.676439092359154e-09,1.4109237147871646e-09,-0.04999999432356091,0.0,significant
0.4,degree,0.0452103422696232,500,two_sample_t_p_value,500.0,0.5,,0.6172950500946657,0.0318111170574636,0.5672950500946656,7.114371330267989e-124,non-significant
0.4,degree,0.0452103422696232,500,two_sample_t_p_value,500.0,1.0,,0.3177942072606085,0.0218572976126357,0.2677942072606085,2.2886766160290322e-73,non-significant
0.4,degree,0.0452103422696232,500,two_sample_t_p_value,500.0,2.0,,0.046040682769031456,0.004898886931665,-0.003959317230968547,0.20598025043121349,significant
0.4,degree,0.0452103422696232,500,two_sample_t_p_value,500.0,3.0,,0.002834491812851143,0.0004131828815687,-0.04716550818714886,0.0,significant
0.4,degree,0.0452103422696232,500,two_sample_t_p_value,500.0,4.0,,7.291606940371305e-05,1.349573487360813e-05,-0.04992708393059629,0.0,significant
0.4,degree,0.0452103422696232,500,two_sample_t_p_value,500.0,5.0,,7.94641504790956e-07,1.7743581770825586e-07,-0.04999920535849521,0.0,significant
0.4,degree,0.0452103422696232,500,two_sample_t_p_value,500.0,6.0,,3.790442338479296e-09,9.843895108613914e-10,-0.04999999620955766,0.0,significant
0.4,degree,0.0452103422696232,1000,two_sample_t_p_value,1000.0,0.5,,0.6171850808338747,0.0318225499802207,0.5671850808338746,9.21932403648565e-124,non-significant
0.4,degree,0.0452103422696232,1000,two_sample_t_p_value,1000.0,1.0,,0.31755241808467255,0.0218682235269868,0.26755241808467256,3.663601587702933e-73,non-significant
0.4,degree,0.0452103422696232,1000,two_sample_t_p_value,1000.0,2.0,,0.04577034649325166,0.0048904184573845,-0.0042296535067483446,0.19101316104705024,significant
0.4,degree,0.0452103422696232,1000,two_sample_t_p_value,1000.0,3.0,,0.0027667090442381925,0.0004069495581028,-0.04723329095576181,0.0,significant
0.4,degree,0.0452103422696232,1000,two_sample_t_p_value,1000.0,4.0,,6.800991920878163e-05,1.2786993808103554e-05,-0.04993199008079122,0.0,significant
0.4,degree,0.0452103422696232,1000,two_sample_t_p_value,1000.0,5.0,,6.767256364648635e-07,1.548013180755986e-07,-0.04999932327436354,0.0,significant
0.4,degree,0.0452103422696232,1000,two_sample_t_p_value,1000.0,6.0,,2.7553691733774752e-09,7.404772166543065e-10,-0.04999999724463083,0.0,significant
0.5,degree,0.0439356043225321,30,two_sample_t_p_value,30.0,0.5,,0.6207230048851272,0.0305685112597215,0.5707230048851272,7.680610521971399e-135,non-significant
0.5,degree,0.0439356043225321,30,two_sample_t_p_value,30.0,1.0,,0.3253086154260302,0.0209127626393899,0.2753086154260302,1.5332185115278586e-84,non-significant
0.5,degree,0.0439356043225321,30,two_sample_t_p_value,30.0,2.0,,0.054625044962983094,0.0049956781226188,0.004625044962983091,0.1781414680592554,non-significant
0.5,degree,0.0439356043225321,30,two_sample_t_p_value,30.0,3.0,,0.005389964065651945,0.0005956844369799,-0.044610035934348057,0.0,significant
0.5,degree,0.0439356043225321,30,two_sample_t_p_value,30.0,4.0,,0.0003818456360837564,4.6107467796081695e-05,-0.04961815436391625,0.0,significant
0.5,degree,0.0439356043225321,30,two_sample_t_p_value,30.0,5.0,,2.32966854670078e-05,2.889987574399418e-06,-0.049976703314532994,0.0,significant
0.5,degree,0.0439356043225321,30,two_sample_t_p_value,30.0,6.0,,1.3942768767204764e-06,1.7123268307085706e-07,-0.049998605723123285,0.0,significant
0.5,degree,0.0439356043225321,50,two_sample_t_p_value,50.0,0.5,,0.6192685675117714,0.0307150172359539,0.5692685675117714,3.152962089723973e-133,non-significant
0.5,degree,0.0439356043225321,50,two_sample_t_p_value,50.0,1.0,,0.32212564510024433,0.0210513987794786,0.27212564510024434,1.5587409735372814e-81,non-significant
0.5,degree,0.0439356043225321,50,two_sample_t_p_value,50.0,2.0,,0.05094706873769324,0.004900942116621,0.0009470687376932352,0.4349006612415867,non-significant
0.5,degree,0.0439356043225321,50,two_sample_t_p_value,50.0,3.0,,0.004201703187068241,0.0005123823389453,-0.04579829681293176,0.0,significant
0.5,degree,0.0439356043225321,50,two_sample_t_p_value,50.0,4.0,,0.00020919024636403336,2.937312086987164e-05,-0.04979080975363597,0.0,significant
0.5,degree,0.0439356043225321,50,two_sample_t_p_value,50.0,5.0,,7.4332122472325795e-06,1.1278678889918188e-06,-0.04999256678775277,0.0,significant
0.5,degree,0.0439356043225321,50,two_sample_t_p_value,50.0,6.0,,2.1889394850799978e-07,3.4404079457268285e-08,-0.049999781106051494,0.0,significant
0.5,degree,0.0439356043225321,75,two_sample_t_p_value,75.0,0.5,,0.6185389578679419,0.030788597580823,0.5685389578679418,1.998054804225819e-132,non-significant
0.5,degree,0.0439356043225321,75,two_sample_t_p_value,75.0,1.0,,0.3205260061237414,0.0211212959883777,0.2705260061237414,4.698331527220001e-80,non-significant
0.5,degree,0.0439356043225321,75,two_sample_t_p_value,75.0,2.0,,0.04912138289485513,0.0048507355690693,-0.0008786171051448702,0.4163506392298225,significant
0.5,degree,0.0439356043225321,75,two_sample_t_p_value,75.0,3.0,,0.0036630774411349812,0.000471003570119,-0.04633692255886502,0.0,significant
0.5,degree,0.0439356043225321,75,two_sample_t_p_value,75.0,4.0,,0.00014717180322168836,2.249386897917665e-05,-0.04985282819677832,0.0,significant
0.5,degree,0.0439356043225321,75,two_sample_t_p_value,75.0,5.0,,3.657912410473166e-06,6.246504675263632e-07,-0.04999634208758953,0.0,significant
0.5,degree,0.0439356043225321,75,two_sample_t_p_value,75.0,6.0,,6.480298590623212e-08,1.184033187466274e-08,-0.049999935197014095,0.0,significant
0.5,degree,0.0439356043225321,100,two_sample_t_p_value,100.0,0.5,,0.6181735658308866,0.030825468966298,0.5681735658308865,5.0159119912002e-132,non-significant
0.5,degree,0.0439356043225321,100,two_sample_t_p_value,100.0,1.0,,0.31972415578412333,0.0211563903636249,0.26972415578412334,2.5434907161245786e-79,non-significant
0.5,degree,0.0439356043225321,100,two_sample_t_p_value,100.0,2.0,,0.04821217873113365,0.0048248888514284,-0.0017878212688663547,0.34541035254276176,significant
0.5,degree,0.0439356043225321,100,two_sample_t_p_value,100.0,3.0,,0.0034079153433294465,0.0004504356977659,-0.04659208465667056,0.0,significant
0.5,degree,0.0439356043225321,100,two_sample_t_p_value,100.0,4.0,,0.00012152364430076177,1.9433118180588866e-05,-0.04987847635569924,0.0,significant
0.5,degree,0.0439356043225321,100,two_sample_t_p_value,100.0,5.0,,2.450173413503802e-06,4.463908570728109e-07,-0.049997549826586496,0.0,significant
0.5,degree,0.0439356043225321,100,two_sample_t_p_value,100.0,6.0,,3.172491502802852e-08,6.308935321072645e-09,-0.049999968275084974,0.0,significant
0.5,degree,0.0439356043225321,300,two_sample_t_p_value,300.0,0.5,,0.617441622554225,0.0308993732524344,0.5674416225542249,3.143542082185115e-131,non-significant
0.5,degree,0.0439356043225321,300,two_sample_t_p_value,300.0,1.0,,0.31811640443062633,0.021226872089267,0.26811640443062634,7.247958126877905e-78,non-significant
0.5,degree,0.0439356043225321,300,two_sample_t_p_value,300.0,2.0,,0.0464015209831491,0.0047716574267291,-0.0035984790168509043,0.22108090159269755,significant
0.5,degree,0.0439356043225321,300,two_sample_t_p_value,300.0,3.0,,0.0029262198640661076,0.0004096306421938,-0.0470737801359339,0.0,significant
0.5,degree,0.0439356043225321,300,two_sample_t_p_value,300.0,4.0,,7.984004483719462e-05,1.4068171555232697e-05,-0.04992015995516281,0.0,significant
0.5,degree,0.0439356043225321,300,two_sample_t_p_value,300.0,5.0,,9.769154730247779e-07,2.0544603425923837e-07,-0.04999902308452698,0.0,significant
0.5,degree,0.0439356043225321,300,two_sample_t_p_value,300.0,6.0,,5.676439092359154e-09,1.371141711170298e-09,-0.04999999432356091,0.0,significant
0.5,degree,0.0439356043225321,500,two_sample_t_p_value,500.0,0.5,,0.6172950500946657,0.0309141798520191,0.5672950500946656,4.533622526098905e-131,non-significant
0.5,degree,0.0439356043225321,500,two_sample_t_p_value,500.0,1.0,,0.3177942072606085,0.0212410154681315,0.2677942072606085,1.4100154876067924e-77,non-significant
0.5,degree,0.0439356043225321,500,two_sample_t_p_value,500.0,2.0,,0.046040682769031456,0.0047607593096032,-0.003959317230968547,0.19979585108951903,significant
0.5,degree,0.0439356043225321,500,two_sample_t_p_value,500.0,3.0,,0.002834491812851143,0.0004015328946015,-0.04716550818714886,0.0,significant
0.5,degree,0.0439356043225321,500,two_sample_t_p_value,500.0,4.0,,7.291606940371305e-05,1.3115212973006905e-05,-0.04992708393059629,0.0,significant
0.5,degree,0.0439356043225321,500,two_sample_t_p_value,500.0,5.0,,7.94641504790956e-07,1.724328878773568e-07,-0.04999920535849521,0.0,significant
0.5,degree,0.0439356043225321,500,two_sample_t_p_value,500.0,6.0,,3.790442338479296e-09,9.566339442981055e-10,-0.04999999620955766,0.0,significant
0.5,degree,0.0439356043225321,1000,two_sample_t_p_value,1000.0,0.5,,0.6171850808338747,0.0309252904153391,0.5671850808338746,5.965266687618441e-131,non-significant
0.5,degree,0.0439356043225321,1000,two_sample_t_p_value,1000.0,1.0,,0.31755241808467255,0.0212516333185103,0.26755241808467256,2.320352250828309e-77,non-significant
0.5,degree,0.0439356043225321,1000,two_sample_t_p_value,1000.0,2.0,,0.04577034649325166,0.004752529610014,-0.0042296535067483446,0.18469321105089942,significant
0.5,degree,0.0439356043225321,1000,two_sample_t_p_value,1000.0,3.0,,0.0027667090442381925,0.0003954753241505,-0.04723329095576181,0.0,significant
0.5,degree,0.0439356043225321,1000,two_sample_t_p_value,1000.0,4.0,,6.800991920878163e-05,1.2426455368929638e-05,-0.04993199008079122,0.0,significant
0.5,degree,0.0439356043225321,1000,two_sample_t_p_value,1000.0,5.0,,6.767256364648635e-07,1.5043658415622566e-07,-0.04999932327436354,0.0,significant
0.5,degree,0.0439356043225321,1000,two_sample_t_p_value,1000.0,6.0,,2.7553691733774752e-09,7.195989317389576e-10,-0.04999999724463083,0.0,significant
0.05,eigenvec,0.168795738912578,30,two_sample_t_p_value,30.0,0.5,,0.6207230048851272,0.1174408438236953,0.5707230048851272,2.725661779715067e-10,non-significant
0.05,eigenvec,0.168795738912578,30,two_sample_t_p_value,30.0,1.0,,0.3253086154260302,0.080344524147329,0.2753086154260302,4.3555098387675234e-07,non-significant
0.05,eigenvec,0.168795738912578,30,two_sample_t_p_value,30.0,2.0,,0.054625044962983094,0.0191928435509057,0.004625044962983091,0.44649260561880916,non-significant
0.05,eigenvec,0.168795738912578,30,two_sample_t_p_value,30.0,3.0,,0.005389964065651945,0.002288553810723,-0.044610035934348057,0.0,significant
0.05,eigenvec,0.168795738912578,30,two_sample_t_p_value,30.0,4.0,,0.0003818456360837564,0.0001771397984853,-0.04961815436391625,0.0,significant
0.05,eigenvec,0.168795738912578,30,two_sample_t_p_value,30.0,5.0,,2.32966854670078e-05,1.1103013048092853e-05,-0.049976703314532994,0.0,significant
0.05,eigenvec,0.168795738912578,30,two_sample_t_p_value,30.0,6.0,,1.3942768767204764e-06,6.578570549012728e-07,-0.049998605723123285,0.0,significant
0.05,eigenvec,0.168795738912578,50,two_sample_t_p_value,50.0,0.5,,0.6192685675117714,0.1180037036021044,0.5692685675117714,3.5134865125009693e-10,non-significant
0.05,eigenvec,0.168795738912578,50,two_sample_t_p_value,50.0,1.0,,0.32212564510024433,0.0808771488845346,0.27212564510024434,7.03161961859138e-07,non-significant
0.05,eigenvec,0.168795738912578,50,two_sample_t_p_value,50.0,2.0,,0.05094706873769324,0.0188288782799004,0.0009470687376932352,0.526830315950024,non-significant
0.05,eigenvec,0.168795738912578,50,two_sample_t_p_value,50.0,3.0,,0.004201703187068241,0.0019685163511835,-0.04579829681293176,0.0,significant
0.05,eigenvec,0.168795738912578,50,two_sample_t_p_value,50.0,4.0,,0.00020919024636403336,0.0001128482859823,-0.04979080975363597,0.0,significant
0.05,eigenvec,0.168795738912578,50,two_sample_t_p_value,50.0,5.0,,7.4332122472325795e-06,4.3331438511819605e-06,-0.04999256678775277,0.0,significant
0.05,eigenvec,0.168795738912578,50,two_sample_t_p_value,50.0,6.0,,2.1889394850799978e-07,1.3217667318208316e-07,-0.049999781106051494,0.0,significant
0.05,eigenvec,0.168795738912578,75,two_sample_t_p_value,75.0,0.5,,0.6185389578679419,0.1182863911597956,0.5685389578679418,3.986113217983888e-10,non-significant
0.05,eigenvec,0.168795738912578,75,two_sample_t_p_value,75.0,1.0,,0.3205260061237414,0.0811456862406491,0.2705260061237414,8.901044927484955e-07,non-significant
0.05,eigenvec,0.168795738912578,75,two_sample_t_p_value,75.0,2.0,,0.04912138289485513,0.0186359902697567,-0.0008786171051448702,0.43356326084035646,significant
0.05,eigenvec,0.168795738912578,75,two_sample_t_p_value,75.0,3.0,,0.0036630774411349812,0.0018095436918329,-0.04633692255886502,0.0,significant
0.05,eigenvec,0.168795738912578,75,two_sample_t_p_value,75.0,4.0,,0.00014717180322168836,8.641896006414183e-05,-0.04985282819677832,0.0,significant
0.05,eigenvec,0.168795738912578,75,two_sample_t_p_value,75.0,5.0,,3.657912410473166e-06,2.3998381006478244e-06,-0.04999634208758953,0.0,significant
0.05,eigenvec,0.168795738912578,75,two_sample_t_p_value,75.0,6.0,,6.480298590623212e-08,4.548924724198863e-08,-0.049999935197014095,0.0,significant
0.05,eigenvec,0.168795738912578,100,two_sample_t_p_value,100.0,0.5,,0.6181735658308866,0.1184280469501723,0.5681735658308865,4.2449664294248e-10,non-significant
0.05,eigenvec,0.168795738912578,100,two_sample_t_p_value,100.0,1.0,,0.31972415578412333,0.0812805149540095,0.26972415578412334,1.0005265948117973e-06,non-significant
0.05,eigenvec,0.168795738912578,100,two_sample_t_p_value,100.0,2.0,,0.04821217873113365,0.0185366900354722,-0.0017878212688663547,0.41407389475630163,significant
0.05,eigenvec,0.168795738912578,100,two_sample_t_p_value,100.0,3.0,,0.0034079153433294465,0.0017305241980706,-0.04659208465667056,0.0,significant
0.05,eigenvec,0.168795738912578,100,two_sample_t_p_value,100.0,4.0,,0.00012152364430076177,7.465989357032027e-05,-0.04987847635569924,0.0,significant
0.05,eigenvec,0.168795738912578,100,two_sample_t_p_value,100.0,5.0,,2.450173413503802e-06,1.7149843668994873e-06,-0.049997549826586496,0.0,significant
0.05,eigenvec,0.168795738912578,100,two_sample_t_p_value,100.0,6.0,,3.172491502802852e-08,2.423823265191737e-08,-0.049999968275084974,0.0,significant
0.05,eigenvec,0.168795738912578,300,two_sample_t_p_value,300.0,0.5,,0.617441622554225,0.1187119790544313,0.5674416225542249,4.812387893610857e-10,non-significant
0.05,eigenvec,0.168795738912578,300,two_sample_t_p_value,300.0,1.0,,0.31811640443062633,0.0815512979588877,0.26811640443062634,1.2618111553288005e-06,non-significant
0.05,eigenvec,0.168795738912578,300,two_sample_t_p_value,300.0,2.0,,0.0464015209831491,0.0183321807814392,-0.0035984790168509043,0.3759496563996376,significant
0.05,eigenvec,0.168795738912578,300,two_sample_t_p_value,300.0,3.0,,0.0029262198640661076,0.0015737556816734,-0.0470737801359339,0.0,significant
0.05,eigenvec,0.168795738912578,300,two_sample_t_p_value,300.0,4.0,,7.984004483719462e-05,5.404836121934463e-05,-0.04992015995516281,0.0,significant
0.05,eigenvec,0.168795738912578,300,two_sample_t_p_value,300.0,5.0,,9.769154730247779e-07,7.893009711411284e-07,-0.04999902308452698,0.0,significant
0.05,eigenvec,0.168795738912578,300,two_sample_t_p_value,300.0,6.0,,5.676439092359154e-09,5.2677750052513344e-09,-0.04999999432356091,0.0,significant
0.05,eigenvec,0.168795738912578,500,two_sample_t_p_value,500.0,0.5,,0.6172950500946657,0.1187688643745772,0.5672950500946656,4.934370412426023e-10,non-significant
0.05,eigenvec,0.168795738912578,500,two_sample_t_p_value,500.0,1.0,,0.3177942072606085,0.0816056352582824,0.2677942072606085,1.3213506068010021e-06,non-significant
0.05,eigenvec,0.168795738912578,500,two_sample_t_p_value,500.0,2.0,,0.046040682769031456,0.0182903114191899,-0.003959317230968547,0.3684844161505352,significant
0.05,eigenvec,0.168795738912578,500,two_sample_t_p_value,500.0,3.0,,0.002834491812851143,0.0015426450298581,-0.04716550818714886,0.0,significant
0.05,eigenvec,0.168795738912578,500,two_sample_t_p_value,500.0,4.0,,7.291606940371305e-05,5.038719960520037e-05,-0.04992708393059629,0.0,significant
0.05,eigenvec,0.168795738912578,500,two_sample_t_p_value,500.0,5.0,,7.94641504790956e-07,6.624681091995668e-07,-0.04999920535849521,0.0,significant
0.05,eigenvec,0.168795738912578,500,two_sample_t_p_value,500.0,6.0,,3.790442338479296e-09,3.675281949265025e-09,-0.04999999620955766,0.0,significant
0.05,eigenvec,0.168795738912578,1000,two_sample_t_p_value,1000.0,0.5,,0.6171850808338747,0.1188115499316385,0.5671850808338746,5.027815750223679e-10,non-significant
0.05,eigenvec,0.168795738912578,1000,two_sample_t_p_value,1000.0,1.0,,0.31755241808467255,0.0816464278666458,0.26755241808467256,1.3677526019983748e-06,non-significant
0.05,eigenvec,0.168795738912578,1000,two_sample_t_p_value,1000.0,2.0,,0.04577034649325166,0.0182586938223772,-0.0042296535067483446,0.3629241369943744,significant
0.05,eigenvec,0.168795738912578,1000,two_sample_t_p_value,1000.0,3.0,,0.0027667090442381925,0.0015193725132728,-0.04723329095576181,0.0,significant
0.05,eigenvec,0.168795738912578,1000,two_sample_t_p_value,1000.0,4.0,,6.800991920878163e-05,4.774106896685938e-05,-0.04993199008079122,0.0,significant
0.05,eigenvec,0.168795738912578,1000,two_sample_t_p_value,1000.0,5.0,,6.767256364648635e-07,5.779607398984076e-07,-0.04999932327436354,0.0,significant
0.05,eigenvec,0.168795738912578,1000,two_sample_t_p_value,1000.0,6.0,,2.7553691733774752e-09,2.7646196126471947e-09,-0.04999999724463083,0.0,significant
0.1,eigenvec,0.1098462185691532,30,two_sample_t_p_value,30.0,0.5,,0.6207230048851272,0.0764262930018912,0.5707230048851272,9.63086731447665e-23,non-significant
0.1,eigenvec,0.1098462185691532,30,two_sample_t_p_value,30.0,1.0,,0.3253086154260302,0.0522853373976045,0.2753086154260302,7.076125703956929e-15,non-significant
0.1,eigenvec,0.1098462185691532,30,two_sample_t_p_value,30.0,2.0,,0.054625044962983094,0.0124900148619762,0.004625044962983091,0.3793096394530569,non-significant
0.1,eigenvec,0.1098462185691532,30,two_sample_t_p_value,30.0,3.0,,0.005389964065651945,0.0014893088162026,-0.044610035934348057,0.0,significant
0.1,eigenvec,0.1098462185691532,30,two_sample_t_p_value,30.0,4.0,,0.0003818456360837564,0.0001152762335535,-0.04961815436391625,0.0,significant
0.1,eigenvec,0.1098462185691532,30,two_sample_t_p_value,30.0,5.0,,2.32966854670078e-05,7.225443046809554e-06,-0.049976703314532994,0.0,significant
0.1,eigenvec,0.1098462185691532,30,two_sample_t_p_value,30.0,6.0,,1.3942768767204764e-06,4.281097988935067e-07,-0.049998605723123285,0.0,significant
0.1,eigenvec,0.1098462185691532,50,two_sample_t_p_value,50.0,0.5,,0.6192685675117714,0.0767925819772008,0.5692685675117714,1.7483246258730082e-22,non-significant
0.1,eigenvec,0.1098462185691532,50,two_sample_t_p_value,50.0,1.0,,0.32212564510024433,0.0526319504914856,0.27212564510024434,2.1619699629653083e-14,non-significant
0.1,eigenvec,0.1098462185691532,50,two_sample_t_p_value,50.0,2.0,,0.05094706873769324,0.0122531593052661,0.0009470687376932352,0.49946248835264484,non-significant
0.1,eigenvec,0.1098462185691532,50,two_sample_t_p_value,50.0,3.0,,0.004201703187068241,0.0012810399051663,-0.04579829681293176,0.0,significant
0.1,eigenvec,0.1098462185691532,50,two_sample_t_p_value,50.0,4.0,,0.00020919024636403336,7.343762092001935e-05,-0.04979080975363597,0.0,significant
0.1,eigenvec,0.1098462185691532,50,two_sample_t_p_value,50.0,5.0,,7.4332122472325795e-06,2.819854752465246e-06,-0.04999256678775277,0.0,significant
0.1,eigenvec,0.1098462185691532,50,two_sample_t_p_value,50.0,6.0,,2.1889394850799978e-07,8.60158427318021e-08,-0.049999781106051494,0.0,significant
0.1,eigenvec,0.1098462185691532,75,two_sample_t_p_value,75.0,0.5,,0.6185389578679419,0.0769765449104417,0.5685389578679418,2.3514635452198187e-22,non-significant
0.1,eigenvec,0.1098462185691532,75,two_sample_t_p_value,75.0,1.0,,0.3205260061237414,0.0528067049805726,0.2705260061237414,3.745429099692366e-14,non-significant
0.1,eigenvec,0.1098462185691532,75,two_sample_t_p_value,75.0,2.0,,0.04912138289485513,0.0121276346998577,-0.0008786171051448702,0.4403554229309672,significant
0.1,eigenvec,0.1098462185691532,75,two_sample_t_p_value,75.0,3.0,,0.0036630774411349812,0.001177586194794,-0.04633692255886502,0.0,significant
0.1,eigenvec,0.1098462185691532,75,two_sample_t_p_value,75.0,4.0,,0.00014717180322168836,5.623836263213444e-05,-0.04985282819677832,0.0,significant
0.1,eigenvec,0.1098462185691532,75,two_sample_t_p_value,75.0,5.0,,3.657912410473166e-06,1.5617286445297765e-06,-0.04999634208758953,0.0,significant
0.1,eigenvec,0.1098462185691532,75,two_sample_t_p_value,75.0,6.0,,6.480298590623212e-08,2.960277212730865e-08,-0.049999935197014095,0.0,significant
0.1,eigenvec,0.1098462185691532,100,two_sample_t_p_value,100.0,0.5,,0.6181735658308866,0.0770687294229866,0.5681735658308865,2.725865489557449e-22,non-significant
0.1,eigenvec,0.1098462185691532,100,two_sample_t_p_value,100.0,1.0,,0.31972415578412333,0.0528944466760241,0.26972415578412334,4.9188065725090094e-14,non-significant
0.1,eigenvec,0.1098462185691532,100,two_sample_t_p_value,100.0,2.0,,0.04821217873113365,0.0120630136655268,-0.0017878212688663547,0.4108446073601886,significant
0.1,eigenvec,0.1098462185691532,100,two_sample_t_p_value,100.0,3.0,,0.0034079153433294465,0.0011261631396923,-0.04659208465667056,0.0,significant
0.1,eigenvec,0.1098462185691532,100,two_sample_t_p_value,100.0,4.0,,0.00012152364430076177,4.858598351065367e-05,-0.04987847635569924,0.0,significant
0.1,eigenvec,0.1098462185691532,100,two_sample_t_p_value,100.0,5.0,,2.450173413503802e-06,1.1160503743917923e-06,-0.049997549826586496,0.0,significant
0.1,eigenvec,0.1098462185691532,100,two_sample_t_p_value,100.0,6.0,,3.172491502802852e-08,1.5773373301748107e-08,-0.049999968275084974,0.0,significant
0.1,eigenvec,0.1098462185691532,300,two_sample_t_p_value,300.0,0.5,,0.617441622554225,0.0772535022625391,0.5674416225542249,3.659746509073939e-22,non-significant
0.1,eigenvec,0.1098462185691532,300,two_sample_t_p_value,300.0,1.0,,0.31811640443062633,0.0530706625528602,0.26811640443062634,8.445825770626478e-14,non-significant
0.1,eigenvec,0.1098462185691532,300,two_sample_t_p_value,300.0,2.0,,0.0464015209831491,0.0119299263710095,-0.0035984790168509043,0.35377206489683877,significant
0.1,eigenvec,0.1098462185691532,300,two_sample_t_p_value,300.0,3.0,,0.0029262198640661076,0.0010241438065748,-0.0470737801359339,0.0,significant
0.1,eigenvec,0.1098462185691532,300,two_sample_t_p_value,300.0,4.0,,7.984004483719462e-05,3.5172736812269565e-05,-0.04992015995516281,0.0,significant
0.1,eigenvec,0.1098462185691532,300,two_sample_t_p_value,300.0,5.0,,9.769154730247779e-07,5.136487896635678e-07,-0.04999902308452698,0.0,significant
0.1,eigenvec,0.1098462185691532,300,two_sample_t_p_value,300.0,6.0,,5.676439092359154e-09,3.428079217684812e-09,-0.04999999432356091,0.0,significant
0.1,eigenvec,0.1098462185691532,500,two_sample_t_p_value,500.0,0.5,,0.6172950500946657,0.0772905211905664,0.5672950500946656,3.8813105615524528e-22,non-significant
0.1,eigenvec,0.1098462185691532,500,two_sample_t_p_value,500.0,1.0,,0.3177942072606085,0.0531060233202837,0.2677942072606085,9.403496211071268e-14,non-significant
0.1,eigenvec,0.1098462185691532,500,two_sample_t_p_value,500.0,2.0,,0.046040682769031456,0.0119026792903272,-0.003959317230968547,0.3427465412208325,significant
0.1,eigenvec,0.1098462185691532,500,two_sample_t_p_value,500.0,3.0,,0.002834491812851143,0.0010038981091351,-0.04716550818714886,0.0,significant
0.1,eigenvec,0.1098462185691532,500,two_sample_t_p_value,500.0,4.0,,7.291606940371305e-05,3.279018402109649e-05,-0.04992708393059629,0.0,significant
0.1,eigenvec,0.1098462185691532,500,two_sample_t_p_value,500.0,5.0,,7.94641504790956e-07,4.311105078068222e-07,-0.04999920535849521,0.0,significant
0.1,eigenvec,0.1098462185691532,500,two_sample_t_p_value,500.0,6.0,,3.790442338479296e-09,2.391741799307626e-09,-0.04999999620955766,0.0,significant
0.1,eigenvec,0.1098462185691532,1000,two_sample_t_p_value,1000.0,0.5,,0.6171850808338747,0.0773182994215864,0.5671850808338746,4.0561158745542857e-22,non-significant
0.1,eigenvec,0.1098462185691532,1000,two_sample_t_p_value,1000.0,1.0,,0.31755241808467255,0.0531325696881195,0.26755241808467256,1.0190773997762965e-13,non-significant
0.1,eigenvec,0.1098462185691532,1000,two_sample_t_p_value,1000.0,2.0,,0.04577034649325166,0.0118821036912481,-0.0042296535067483446,0.3345746501281508,significant
0.1,eigenvec,0.1098462185691532,1000,two_sample_t_p_value,1000.0,3.0,,0.0027667090442381925,0.0009887531892458,-0.04723329095576181,0.0,significant
0.1,eigenvec,0.1098462185691532,1000,two_sample_t_p_value,1000.0,4.0,,6.800991920878163e-05,3.1068177018228493e-05,-0.04993199008079122,0.0,significant
0.1,eigenvec,0.1098462185691532,1000,two_sample_t_p_value,1000.0,5.0,,6.767256364648635e-07,3.761161399468195e-07,-0.04999932327436354,0.0,significant
0.1,eigenvec,0.1098462185691532,1000,two_sample_t_p_value,1000.0,6.0,,2.7553691733774752e-09,1.7991153816311307e-09,-0.04999999724463083,0.0,significant
0.2,eigenvec,0.0830872345398325,30,two_sample_t_p_value,30.0,0.5,,0.6207230048851272,0.0578085382853707,0.5707230048851272,8.982213351545942e-39,non-significant
0.2,eigenvec,0.0830872345398325,30,two_sample_t_p_value,30.0,1.0,,0.3253086154260302,0.0395484173049994,0.2753086154260302,7.312078083422214e-25,non-significant
0.2,eigenvec,0.0830872345398325,30,two_sample_t_p_value,30.0,2.0,,0.054625044962983094,0.0094473966219391,0.004625044962983091,0.3271345696037631,non-significant
0.2,eigenvec,0.0830872345398325,30,two_sample_t_p_value,30.0,3.0,,0.005389964065651945,0.0011265071526897,-0.044610035934348057,0.0,significant
0.2,eigenvec,0.0830872345398325,30,two_sample_t_p_value,30.0,4.0,,0.0003818456360837564,8.719447586717587e-05,-0.04961815436391625,0.0,significant
0.2,eigenvec,0.0830872345398325,30,two_sample_t_p_value,30.0,5.0,,2.32966854670078e-05,5.465295837257471e-06,-0.049976703314532994,0.0,significant
0.2,eigenvec,0.0830872345398325,30,two_sample_t_p_value,30.0,6.0,,1.3942768767204764e-06,3.23820516835289e-07,-0.049998605723123285,0.0,significant
0.2,eigenvec,0.0830872345398325,50,two_sample_t_p_value,50.0,0.5,,0.6192685675117714,0.0580855977817952,0.5692685675117714,2.542327422652547e-38,non-significant
0.2,eigenvec,0.0830872345398325,50,two_sample_t_p_value,50.0,1.0,,0.32212564510024433,0.0398105940444539,0.27212564510024434,5.1090316191192905e-24,non-significant
0.2,eigenvec,0.0830872345398325,50,two_sample_t_p_value,50.0,2.0,,0.05094706873769324,0.0092682400387743,0.0009470687376932352,0.4820225536064255,non-significant
0.2,eigenvec,0.0830872345398325,50,two_sample_t_p_value,50.0,3.0,,0.004201703187068241,0.0009689733924562,-0.04579829681293176,0.0,significant
0.2,eigenvec,0.0830872345398325,50,two_sample_t_p_value,50.0,4.0,,0.00020919024636403336,5.554791883516354e-05,-0.04979080975363597,0.0,significant
0.2,eigenvec,0.0830872345398325,50,two_sample_t_p_value,50.0,5.0,,7.4332122472325795e-06,2.13292670642861e-06,-0.04999256678775277,0.0,significant
0.2,eigenvec,0.0830872345398325,50,two_sample_t_p_value,50.0,6.0,,2.1889394850799978e-07,6.506203483645036e-08,-0.049999781106051494,0.0,significant
0.2,eigenvec,0.0830872345398325,75,two_sample_t_p_value,75.0,0.5,,0.6185389578679419,0.0582247465989318,0.5685389578679418,4.264048819014173e-38,non-significant
0.2,eigenvec,0.0830872345398325,75,two_sample_t_p_value,75.0,1.0,,0.3205260061237414,0.0399427776317526,0.2705260061237414,1.3294981239554954e-23,non-significant
0.2,eigenvec,0.0830872345398325,75,two_sample_t_p_value,75.0,2.0,,0.04912138289485513,0.0091732937359708,-0.0008786171051448702,0.4387343373817083,significant
0.2,eigenvec,0.0830872345398325,75,two_sample_t_p_value,75.0,3.0,,0.0036630774411349812,0.0008907214252089,-0.04633692255886502,0.0,significant
0.2,eigenvec,0.0830872345398325,75,two_sample_t_p_value,75.0,4.0,,0.00014717180322168836,4.253846957153681e-05,-0.04985282819677832,0.0,significant
0.2,eigenvec,0.0830872345398325,75,two_sample_t_p_value,75.0,5.0,,3.657912410473166e-06,1.181285217332543e-06,-0.04999634208758953,0.0,significant
0.2,eigenvec,0.0830872345398325,75,two_sample_t_p_value,75.0,6.0,,6.480298590623212e-08,2.239141686267945e-08,-0.049999935197014095,0.0,significant
0.2,eigenvec,0.0830872345398325,100,two_sample_t_p_value,100.0,0.5,,0.6181735658308866,0.0582944745906144,0.5681735658308865,5.518000861836744e-38,non-significant
0.2,eigenvec,0.0830872345398325,100,two_sample_t_p_value,100.0,1.0,,0.31972415578412333,0.0400091450945916,0.26972415578412334,2.136308610178671e-23,non-significant
0.2,eigenvec,0.0830872345398325,100,two_sample_t_p_value,100.0,2.0,,0.04821217873113365,0.0091244146474996,-0.0017878212688663547,0.4000347187724175,significant
0.2,eigenvec,0.0830872345398325,100,two_sample_t_p_value,100.0,3.0,,0.0034079153433294465,0.0008518252347378,-0.04659208465667056,0.0,significant
0.2,eigenvec,0.0830872345398325,100,two_sample_t_p_value,100.0,4.0,,0.00012152364430076177,3.675024101768892e-05,-0.04987847635569924,0.0,significant
0.2,eigenvec,0.0830872345398325,100,two_sample_t_p_value,100.0,5.0,,2.450173413503802e-06,8.441759800496114e-07,-0.049997549826586496,0.0,significant
0.2,eigenvec,0.0830872345398325,100,two_sample_t_p_value,100.0,6.0,,3.172491502802852e-08,1.1930915638954071e-08,-0.049999968275084974,0.0,significant
0.2,eigenvec,0.0830872345398325,300,two_sample_t_p_value,300.0,0.5,,0.617441622554225,0.0584342360176026,0.5674416225542249,9.226268657164303e-38,non-significant
0.2,eigenvec,0.0830872345398325,300,two_sample_t_p_value,300.0,1.0,,0.31811640443062633,0.0401424340696609,0.26811640443062634,5.472964533613204e-23,non-significant
0.2,eigenvec,0.0830872345398325,300,two_sample_t_p_value,300.0,2.0,,0.0464015209831491,0.0090237479573043,-0.0035984790168509043,0.32625236207124897,significant
0.2,eigenvec,0.0830872345398325,300,two_sample_t_p_value,300.0,3.0,,0.0029262198640661076,0.0007746582246327,-0.0470737801359339,0.0,significant
0.2,eigenvec,0.0830872345398325,300,two_sample_t_p_value,300.0,4.0,,7.984004483719462e-05,2.66045155763742e-05,-0.04992015995516281,0.0,significant
0.2,eigenvec,0.0830872345398325,300,two_sample_t_p_value,300.0,5.0,,9.769154730247779e-07,3.88521862780469e-07,-0.04999902308452698,0.0,significant
0.2,eigenvec,0.0830872345398325,300,two_sample_t_p_value,300.0,6.0,,5.676439092359154e-09,2.592985226902374e-09,-0.04999999432356091,0.0,significant
0.2,eigenvec,0.0830872345398325,500,two_sample_t_p_value,500.0,0.5,,0.6172950500946657,0.0584622369847318,0.5672950500946656,1.0222723742916053e-37,non-significant
0.2,eigenvec,0.0830872345398325,500,two_sample_t_p_value,500.0,1.0,,0.3177942072606085,0.0401691808108296,0.2677942072606085,6.597686350259936e-23,non-significant
0.2,eigenvec,0.0830872345398325,500,two_sample_t_p_value,500.0,2.0,,0.046040682769031456,0.0090031383759034,-0.003959317230968547,0.3122413218164297,significant
0.2,eigenvec,0.0830872345398325,500,two_sample_t_p_value,500.0,3.0,,0.002834491812851143,0.0007593444611413,-0.04716550818714886,0.0,significant
0.2,eigenvec,0.0830872345398325,500,two_sample_t_p_value,500.0,4.0,,7.291606940371305e-05,2.480236230116514e-05,-0.04992708393059629,0.0,significant
0.2,eigenvec,0.0830872345398325,500,two_sample_t_p_value,500.0,5.0,,7.94641504790956e-07,3.260902408960172e-07,-0.04999920535849521,0.0,significant
0.2,eigenvec,0.0830872345398325,500,two_sample_t_p_value,500.0,6.0,,3.790442338479296e-09,1.8091038037207294e-09,-0.04999999620955766,0.0,significant
0.2,eigenvec,0.0830872345398325,1000,two_sample_t_p_value,1000.0,0.5,,0.6171850808338747,0.0584832483260954,0.5671850808338746,1.1039470913901837e-37,non-significant
0.2,eigenvec,0.0830872345398325,1000,two_sample_t_p_value,1000.0,1.0,,0.31755241808467255,0.0401892603758732,0.26755241808467256,7.588392464392863e-23,non-significant
0.2,eigenvec,0.0830872345398325,1000,two_sample_t_p_value,1000.0,2.0,,0.04577034649325166,0.008987575076149,-0.0042296535067483446,0.3019211985355207,significant
0.2,eigenvec,0.0830872345398325,1000,two_sample_t_p_value,1000.0,3.0,,0.0027667090442381925,0.0007478889051165,-0.04723329095576181,0.0,significant
0.2,eigenvec,0.0830872345398325,1000,two_sample_t_p_value,1000.0,4.0,,6.800991920878163e-05,2.3499843183163332e-05,-0.04993199008079122,0.0,significant
0.2,eigenvec,0.0830872345398325,1000,two_sample_t_p_value,1000.0,5.0,,6.767256364648635e-07,2.844927239284461e-07,-0.04999932327436354,0.0,significant
0.2,eigenvec,0.0830872345398325,1000,two_sample_t_p_value,1000.0,6.0,,2.7553691733774752e-09,1.3608435831926184e-09,-0.04999999724463083,0.0,significant
0.3,eigenvec,0.0742226531441458,30,two_sample_t_p_value,30.0,0.5,,0.6207230048851272,0.0516409423142872,0.5707230048851272,3.108852149791651e-48,non-significant
0.3,eigenvec,0.0742226531441458,30,two_sample_t_p_value,30.0,1.0,,0.3253086154260302,0.035328994595694,0.2753086154260302,9.524546672201712e-31,non-significant
0.3,eigenvec,0.0742226531441458,30,two_sample_t_p_value,30.0,2.0,,0.054625044962983094,0.0084394533825674,0.004625044962983091,0.30366873227797786,non-significant
0.3,eigenvec,0.0742226531441458,30,two_sample_t_p_value,30.0,3.0,,0.005389964065651945,0.0010063200456913,-0.044610035934348057,0.0,significant
0.3,eigenvec,0.0742226531441458,30,two_sample_t_p_value,30.0,4.0,,0.0003818456360837564,7.789169267960611e-05,-0.04961815436391625,0.0,significant
0.3,eigenvec,0.0742226531441458,30,two_sample_t_p_value,30.0,5.0,,2.32966854670078e-05,4.882203138731677e-06,-0.049976703314532994,0.0,significant
0.3,eigenvec,0.0742226531441458,30,two_sample_t_p_value,30.0,6.0,,1.3942768767204764e-06,2.892720889693501e-07,-0.049998605723123285,0.0,significant
0.3,eigenvec,0.0742226531441458,50,two_sample_t_p_value,50.0,0.5,,0.6192685675117714,0.0518884423185574,0.5692685675117714,1.144367030924631e-47,non-significant
0.3,eigenvec,0.0742226531441458,50,two_sample_t_p_value,50.0,1.0,,0.32212564510024433,0.0355631996851132,0.27212564510024434,1.0855712331008561e-29,non-significant
0.3,eigenvec,0.0742226531441458,50,two_sample_t_p_value,50.0,2.0,,0.05094706873769324,0.0082794110246242,0.0009470687376932352,0.47467187752359097,non-significant
0.3,eigenvec,0.0742226531441458,50,two_sample_t_p_value,50.0,3.0,,0.004201703187068241,0.0008655935705708,-0.04579829681293176,0.0,significant
0.3,eigenvec,0.0742226531441458,50,two_sample_t_p_value,50.0,4.0,,0.00020919024636403336,4.962150847137606e-05,-0.04979080975363597,0.0,significant
0.3,eigenvec,0.0742226531441458,50,two_sample_t_p_value,50.0,5.0,,7.4332122472325795e-06,1.9053646446403343e-06,-0.04999256678775277,0.0,significant
0.3,eigenvec,0.0742226531441458,50,two_sample_t_p_value,50.0,6.0,,2.1889394850799978e-07,5.812056293922143e-08,-0.049999781106051494,0.0,significant
0.3,eigenvec,0.0742226531441458,75,two_sample_t_p_value,75.0,0.5,,0.6185389578679419,0.0520127453411209,0.5685389578679418,2.187140412504985e-47,non-significant
0.3,eigenvec,0.0742226531441458,75,two_sample_t_p_value,75.0,1.0,,0.3205260061237414,0.0356812805985743,0.2705260061237414,3.5936437851460236e-29,non-significant
0.3,eigenvec,0.0742226531441458,75,two_sample_t_p_value,75.0,2.0,,0.04912138289485513,0.0081945945478293,-0.0008786171051448702,0.43673751863871957,significant
0.3,eigenvec,0.0742226531441458,75,two_sample_t_p_value,75.0,3.0,,0.0036630774411349812,0.0007956903097989,-0.04633692255886502,0.0,significant
0.3,eigenvec,0.0742226531441458,75,two_sample_t_p_value,75.0,4.0,,0.00014717180322168836,3.800003802963668e-05,-0.04985282819677832,0.0,significant
0.3,eigenvec,0.0742226531441458,75,two_sample_t_p_value,75.0,5.0,,3.657912410473166e-06,1.0552538357543585e-06,-0.04999634208758953,0.0,significant
0.3,eigenvec,0.0742226531441458,75,two_sample_t_p_value,75.0,6.0,,6.480298590623212e-08,2.0002475427291857e-08,-0.049999935197014095,0.0,significant
0.3,eigenvec,0.0742226531441458,100,two_sample_t_p_value,100.0,0.5,,0.6181735658308866,0.0520750340497266,0.5681735658308865,3.020727083849111e-47,non-significant
0.3,eigenvec,0.0742226531441458,100,two_sample_t_p_value,100.0,1.0,,0.31972415578412333,0.0357405673133343,0.26972415578412334,6.506430675432627e-29,non-significant
0.3,eigenvec,0.0742226531441458,100,two_sample_t_p_value,100.0,2.0,,0.04821217873113365,0.0081509303718618,-0.0017878212688663547,0.39357494300894547,significant
0.3,eigenvec,0.0742226531441458,100,two_sample_t_p_value,100.0,3.0,,0.0034079153433294465,0.0007609439559222,-0.04659208465667056,0.0,significant
0.3,eigenvec,0.0742226531441458,100,two_sample_t_p_value,100.0,4.0,,0.00012152364430076177,3.282935588272599e-05,-0.04987847635569924,0.0,significant
0.3,eigenvec,0.0742226531441458,100,two_sample_t_p_value,100.0,5.0,,2.450173413503802e-06,7.541108006164719e-07,-0.049997549826586496,0.0,significant
0.3,eigenvec,0.0742226531441458,100,two_sample_t_p_value,100.0,6.0,,3.172491502802852e-08,1.0658005625853605e-08,-0.049999968275084974,0.0,significant
0.3,eigenvec,0.0742226531441458,300,two_sample_t_p_value,300.0,0.5,,0.617441622554225,0.0521998843227646,0.5674416225542249,5.750892417373806e-47,non-significant
0.3,eigenvec,0.0742226531441458,300,two_sample_t_p_value,300.0,1.0,,0.31811640443062633,0.035859635680687,0.26811640443062634,2.112032538890663e-28,non-significant
0.3,eigenvec,0.0742226531441458,300,two_sample_t_p_value,300.0,2.0,,0.0464015209831491,0.0080610038161049,-0.0035984790168509043,0.31197001476524444,significant
0.3,eigenvec,0.0742226531441458,300,two_sample_t_p_value,300.0,3.0,,0.0029262198640661076,0.0006920098981584,-0.0470737801359339,0.0,significant
0.3,eigenvec,0.0742226531441458,300,two_sample_t_p_value,300.0,4.0,,7.984004483719462e-05,2.376607841902097e-05,-0.04992015995516281,0.0,significant
0.3,eigenvec,0.0742226531441458,300,two_sample_t_p_value,300.0,5.0,,9.769154730247779e-07,3.4707044493396253e-07,-0.04999902308452698,0.0,significant
0.3,eigenvec,0.0742226531441458,300,two_sample_t_p_value,300.0,6.0,,5.676439092359154e-09,2.3163394975193636e-09,-0.04999999432356091,0.0,significant
0.3,eigenvec,0.0742226531441458,500,two_sample_t_p_value,500.0,0.5,,0.6172950500946657,0.0522248978652473,0.5672950500946656,6.539193648340932e-47,non-significant
0.3,eigenvec,0.0742226531441458,500,two_sample_t_p_value,500.0,1.0,,0.3177942072606085,0.0358835288106424,0.2677942072606085,2.6686481831274697e-28,non-significant
0.3,eigenvec,0.0742226531441458,500,two_sample_t_p_value,500.0,2.0,,0.046040682769031456,0.0080425930720208,-0.003959317230968547,0.2966297384535769,significant
0.3,eigenvec,0.0742226531441458,500,two_sample_t_p_value,500.0,3.0,,0.002834491812851143,0.0006783299608943,-0.04716550818714886,0.0,significant
0.3,eigenvec,0.0742226531441458,500,two_sample_t_p_value,500.0,4.0,,7.291606940371305e-05,2.2156196970935187e-05,-0.04992708393059629,0.0,significant
0.3,eigenvec,0.0742226531441458,500,two_sample_t_p_value,500.0,5.0,,7.94641504790956e-07,2.912996560514099e-07,-0.04999920535849521,0.0,significant
0.3,eigenvec,0.0742226531441458,500,two_sample_t_p_value,500.0,6.0,,3.790442338479296e-09,1.616090424347264e-09,-0.04999999620955766,0.0,significant
0.3,eigenvec,0.0742226531441458,1000,two_sample_t_p_value,1000.0,0.5,,0.6171850808338747,0.0522436675055027,0.5671850808338746,7.200060270287627e-47,non-significant
0.3,eigenvec,0.0742226531441458,1000,two_sample_t_p_value,1000.0,1.0,,0.31755241808467255,0.0359014660858421,0.26755241808467256,3.1793292184487307e-28,non-significant
0.3,eigenvec,0.0742226531441458,1000,two_sample_t_p_value,1000.0,2.0,,0.04577034649325166,0.0080286902215307,-0.0042296535067483446,0.28537202063209466,significant
0.3,eigenvec,0.0742226531441458,1000,two_sample_t_p_value,1000.0,3.0,,0.0027667090442381925,0.0006680965987405,-0.04723329095576181,0.0,significant
0.3,eigenvec,0.0742226531441458,1000,two_sample_t_p_value,1000.0,4.0,,6.800991920878163e-05,2.0992643685710373e-05,-0.04993199008079122,0.0,significant
0.3,eigenvec,0.0742226531441458,1000,two_sample_t_p_value,1000.0,5.0,,6.767256364648635e-07,2.5414018034324214e-07,-0.04999932327436354,0.0,significant
0.3,eigenvec,0.0742226531441458,1000,two_sample_t_p_value,1000.0,6.0,,2.7553691733774752e-09,1.2156551101760363e-09,-0.04999999724463083,0.0,significant
0.4,eigenvec,0.0732660945651253,30,two_sample_t_p_value,30.0,0.5,,0.6207230048851272,0.0509754098345536,0.5707230048851272,1.82969910802269e-49,non-significant
0.4,eigenvec,0.0732660945651253,30,two_sample_t_p_value,30.0,1.0,,0.3253086154260302,0.0348736854489966,0.2753086154260302,1.6362213814395988e-31,non-significant
0.4,eigenvec,0.0732660945651253,30,two_sample_t_p_value,30.0,2.0,,0.054625044962983094,0.008330688319701,0.004625044962983091,0.3008794133320288,non-significant
0.4,eigenvec,0.0732660945651253,30,two_sample_t_p_value,30.0,3.0,,0.005389964065651945,0.0009933509044363,-0.044610035934348057,0.0,significant
0.4,eigenvec,0.0732660945651253,30,two_sample_t_p_value,30.0,4.0,,0.0003818456360837564,7.688784865475825e-05,-0.04961815436391625,0.0,significant
0.4,eigenvec,0.0732660945651253,30,two_sample_t_p_value,30.0,5.0,,2.32966854670078e-05,4.819282815905101e-06,-0.049976703314532994,0.0,significant
0.4,eigenvec,0.0732660945651253,30,two_sample_t_p_value,30.0,6.0,,1.3942768767204764e-06,2.8554403982729866e-07,-0.049998605723123285,0.0,significant
0.4,eigenvec,0.0732660945651253,50,two_sample_t_p_value,50.0,0.5,,0.6192685675117714,0.0512197201353792,0.5692685675117714,6.969362027196625e-49,non-significant
0.4,eigenvec,0.0732660945651253,50,two_sample_t_p_value,50.0,1.0,,0.32212564510024433,0.0351048721757186,0.27212564510024434,1.9874979301205892e-30,non-significant
0.4,eigenvec,0.0732660945651253,50,two_sample_t_p_value,50.0,2.0,,0.05094706873769324,0.0081727085381278,0.0009470687376932352,0.47380861917716166,non-significant
0.4,eigenvec,0.0732660945651253,50,two_sample_t_p_value,50.0,3.0,,0.004201703187068241,0.000854438068567,-0.04579829681293176,0.0,significant
0.4,eigenvec,0.0732660945651253,50,two_sample_t_p_value,50.0,4.0,,0.00020919024636403336,4.898200182991915e-05,-0.04979080975363597,0.0,significant
0.4,eigenvec,0.0732660945651253,50,two_sample_t_p_value,50.0,5.0,,7.4332122472325795e-06,1.8808088948821915e-06,-0.04999256678775277,0.0,significant
0.4,eigenvec,0.0732660945651253,50,two_sample_t_p_value,50.0,6.0,,2.1889394850799978e-07,5.737152311455977e-08,-0.049999781106051494,0.0,significant
0.4,eigenvec,0.0732660945651253,75,two_sample_t_p_value,75.0,0.5,,0.6185389578679419,0.0513424211790645,0.5685389578679418,1.3548288087079409e-48,non-significant
0.4,eigenvec,0.0732660945651253,75,two_sample_t_p_value,75.0,1.0,,0.3205260061237414,0.0352214312989175,0.2705260061237414,6.788651485941614e-30,non-significant
0.4,eigenvec,0.0732660945651253,75,two_sample_t_p_value,75.0,2.0,,0.04912138289485513,0.0080889851498319,-0.0008786171051448702,0.4364571668057926,significant
0.4,eigenvec,0.0732660945651253,75,two_sample_t_p_value,75.0,3.0,,0.0036630774411349812,0.0007854356993823,-0.04633692255886502,0.0,significant
0.4,eigenvec,0.0732660945651253,75,two_sample_t_p_value,75.0,4.0,,0.00014717180322168836,3.751030530195095e-05,-0.04985282819677832,0.0,significant
0.4,eigenvec,0.0732660945651253,75,two_sample_t_p_value,75.0,5.0,,3.657912410473166e-06,1.0416540509598864e-06,-0.04999634208758953,0.0,significant
0.4,eigenvec,0.0732660945651253,75,two_sample_t_p_value,75.0,6.0,,6.480298590623212e-08,1.9744689715502974e-08,-0.049999935197014095,0.0,significant
0.4,eigenvec,0.0732660945651253,100,two_sample_t_p_value,100.0,0.5,,0.6181735658308866,0.0514039071300743,0.5681735658308865,1.8871143211998698e-48,non-significant
0.4,eigenvec,0.0732660945651253,100,two_sample_t_p_value,100.0,1.0,,0.31972415578412333,0.0352799539448491,0.26972415578412334,1.2483464016441716e-29,non-significant
0.4,eigenvec,0.0732660945651253,100,two_sample_t_p_value,100.0,2.0,,0.04821217873113365,0.0080458837042486,-0.0017878212688663547,0.3927507856090471,significant
0.4,eigenvec,0.0732660945651253,100,two_sample_t_p_value,100.0,3.0,,0.0034079153433294465,0.000751137145759,-0.04659208465667056,0.0,significant
0.4,eigenvec,0.0732660945651253,100,two_sample_t_p_value,100.0,4.0,,0.00012152364430076177,3.240626130602915e-05,-0.04987847635569924,0.0,significant
0.4,eigenvec,0.0732660945651253,100,two_sample_t_p_value,100.0,5.0,,2.450173413503802e-06,7.443920540437672e-07,-0.049997549826586496,0.0,significant
0.4,eigenvec,0.0732660945651253,100,two_sample_t_p_value,100.0,6.0,,3.172491502802852e-08,1.0520648548400989e-08,-0.049999968275084974,0.0,significant
0.4,eigenvec,0.0732660945651253,300,two_sample_t_p_value,300.0,0.5,,0.617441622554225,0.0515271483714393,0.5674416225542249,3.6539082441517685e-48,non-significant
0.4,eigenvec,0.0732660945651253,300,two_sample_t_p_value,300.0,1.0,,0.31811640443062633,0.0353974877959395,0.26811640443062634,4.178959326178046e-29,non-significant
0.4,eigenvec,0.0732660945651253,300,two_sample_t_p_value,300.0,2.0,,0.0464015209831491,0.0079571160941066,-0.0035984790168509043,0.3102075024621731,significant
0.4,eigenvec,0.0732660945651253,300,two_sample_t_p_value,300.0,3.0,,0.0029262198640661076,0.000683091488794,-0.0470737801359339,0.0,significant
0.4,eigenvec,0.0732660945651253,300,two_sample_t_p_value,300.0,4.0,,7.984004483719462e-05,2.3459788556851287e-05,-0.04992015995516281,0.0,significant
0.4,eigenvec,0.0732660945651253,300,two_sample_t_p_value,300.0,5.0,,9.769154730247779e-07,3.42597508471003e-07,-0.04999902308452698,0.0,significant
0.4,eigenvec,0.0732660945651253,300,two_sample_t_p_value,300.0,6.0,,5.676439092359154e-09,2.2864872310694816e-09,-0.04999999432356091,0.0,significant
0.4,eigenvec,0.0732660945651253,500,two_sample_t_p_value,500.0,0.5,,0.6172950500946657,0.0515518395471291,0.5672950500946656,4.1687913077179956e-48,non-significant
0.4,eigenvec,0.0732660945651253,500,two_sample_t_p_value,500.0,1.0,,0.3177942072606085,0.0354210729986319,0.2677942072606085,5.312707842830129e-29,non-significant
0.4,eigenvec,0.0732660945651253,500,two_sample_t_p_value,500.0,2.0,,0.046040682769031456,0.0079389426219935,-0.003959317230968547,0.29471128041287376,significant
0.4,eigenvec,0.0732660945651253,500,two_sample_t_p_value,500.0,3.0,,0.002834491812851143,0.0006695878543269,-0.04716550818714886,0.0,significant
0.4,eigenvec,0.0732660945651253,500,two_sample_t_p_value,500.0,4.0,,7.291606940371305e-05,2.1870654762549608e-05,-0.04992708393059629,0.0,significant
0.4,eigenvec,0.0732660945651253,500,two_sample_t_p_value,500.0,5.0,,7.94641504790956e-07,2.875454762524131e-07,-0.04999920535849521,0.0,significant
0.4,eigenvec,0.0732660945651253,500,two_sample_t_p_value,500.0,6.0,,3.790442338479296e-09,1.595262751199013e-09,-0.04999999620955766,0.0,significant
0.4,eigenvec,0.0732660945651253,1000,two_sample_t_p_value,1000.0,0.5,,0.6171850808338747,0.0515703672900707,0.5671850808338746,4.6017071394095847e-48,non-significant
0.4,eigenvec,0.0732660945651253,1000,two_sample_t_p_value,1000.0,1.0,,0.31755241808467255,0.035438779103781,0.26755241808467256,6.358416689173938e-29,non-significant
0.4,eigenvec,0.0732660945651253,1000,two_sample_t_p_value,1000.0,2.0,,0.04577034649325166,0.007925218947137,-0.0042296535067483446,0.2833445569582641,significant
0.4,eigenvec,0.0732660945651253,1000,two_sample_t_p_value,1000.0,3.0,,0.0027667090442381925,0.000659486376577,-0.04723329095576181,0.0,significant
0.4,eigenvec,0.0732660945651253,1000,two_sample_t_p_value,1000.0,4.0,,6.800991920878163e-05,2.072209699190129e-05,-0.04993199008079122,0.0,significant
0.4,eigenvec,0.0732660945651253,1000,two_sample_t_p_value,1000.0,5.0,,6.767256364648635e-07,2.508649003649176e-07,-0.04999932327436354,0.0,significant
0.4,eigenvec,0.0732660945651253,1000,two_sample_t_p_value,1000.0,6.0,,2.7553691733774752e-09,1.1999881234070418e-09,-0.04999999724463083,0.0,significant
0.5,eigenvec,0.0764850198454481,30,two_sample_t_p_value,30.0,0.5,,0.6207230048851272,0.0532150001438938,0.5707230048851272,1.664461524091083e-45,non-significant
0.5,eigenvec,0.0764850198454481,30,two_sample_t_p_value,30.0,1.0,,0.3253086154260302,0.0364058510212998,0.2753086154260302,4.7407597234343423e-29,non-significant
0.5,eigenvec,0.0764850198454481,30,two_sample_t_p_value,30.0,2.0,,0.054625044962983094,0.0086966947704876,0.004625044962983091,0.3100529689681266,non-significant
0.5,eigenvec,0.0764850198454481,30,two_sample_t_p_value,30.0,3.0,,0.005389964065651945,0.0010369934973369,-0.044610035934348057,0.0,significant
0.5,eigenvec,0.0764850198454481,30,two_sample_t_p_value,30.0,4.0,,0.0003818456360837564,8.02658946834631e-05,-0.04961815436391625,0.0,significant
0.5,eigenvec,0.0764850198454481,30,two_sample_t_p_value,30.0,5.0,,2.32966854670078e-05,5.031016652425525e-06,-0.049976703314532994,0.0,significant
0.5,eigenvec,0.0764850198454481,30,two_sample_t_p_value,30.0,6.0,,1.3942768767204764e-06,2.980893369923956e-07,-0.049998605723123285,0.0,significant
0.5,eigenvec,0.0764850198454481,50,two_sample_t_p_value,50.0,0.5,,0.6192685675117714,0.0534700441491463,0.5692685675117714,5.679526023606048e-45,non-significant
0.5,eigenvec,0.0764850198454481,50,two_sample_t_p_value,50.0,1.0,,0.32212564510024433,0.0366471948719076,0.27212564510024434,4.691848403590721e-28,non-significant
0.5,eigenvec,0.0764850198454481,50,two_sample_t_p_value,50.0,2.0,,0.05094706873769324,0.008531774191596,0.0009470687376932352,0.47665460976295254,non-significant
0.5,eigenvec,0.0764850198454481,50,two_sample_t_p_value,50.0,3.0,,0.004201703187068241,0.0008919775650518,-0.04579829681293176,0.0,significant
0.5,eigenvec,0.0764850198454481,50,two_sample_t_p_value,50.0,4.0,,0.00020919024636403336,5.113401231863156e-05,-0.04979080975363597,0.0,significant
0.5,eigenvec,0.0764850198454481,50,two_sample_t_p_value,50.0,5.0,,7.4332122472325795e-06,1.963441705258221e-06,-0.04999256678775277,0.0,significant
0.5,eigenvec,0.0764850198454481,50,two_sample_t_p_value,50.0,6.0,,2.1889394850799978e-07,5.989212486384404e-08,-0.049999781106051494,0.0,significant
0.5,eigenvec,0.0764850198454481,75,two_sample_t_p_value,75.0,0.5,,0.6185389578679419,0.0535981360287125,0.5685389578679418,1.045339738949042e-44,non-significant
0.5,eigenvec,0.0764850198454481,75,two_sample_t_p_value,75.0,1.0,,0.3205260061237414,0.0367688749874365,0.2705260061237414,1.4489754272244767e-27,non-significant
0.5,eigenvec,0.0764850198454481,75,two_sample_t_p_value,75.0,2.0,,0.04912138289485513,0.0084443724397577,-0.0008786171051448702,0.4373459885919493,significant
0.5,eigenvec,0.0764850198454481,75,two_sample_t_p_value,75.0,3.0,,0.0036630774411349812,0.0008199435961634,-0.04633692255886502,0.0,significant
0.5,eigenvec,0.0764850198454481,75,two_sample_t_p_value,75.0,4.0,,0.00014717180322168836,3.9158310026725104e-05,-0.04985282819677832,0.0,significant
0.5,eigenvec,0.0764850198454481,75,two_sample_t_p_value,75.0,5.0,,3.657912410473166e-06,1.0874188290320271e-06,-0.04999634208758953,0.0,significant
0.5,eigenvec,0.0764850198454481,75,two_sample_t_p_value,75.0,6.0,,6.480298590623212e-08,2.061216711080576e-08,-0.049999935197014095,0.0,significant
0.5,eigenvec,0.0764850198454481,100,two_sample_t_p_value,100.0,0.5,,0.6181735658308866,0.0536623233477052,0.5681735658308865,1.4168825655169994e-44,non-significant
0.5,eigenvec,0.0764850198454481,100,two_sample_t_p_value,100.0,1.0,,0.31972415578412333,0.036829968809375,0.26972415578412334,2.534624931442135e-27,non-significant
0.5,eigenvec,0.0764850198454481,100,two_sample_t_p_value,100.0,2.0,,0.04821217873113365,0.0083993773442723,-0.0017878212688663547,0.3954174026279802,significant
0.5,eigenvec,0.0764850198454481,100,two_sample_t_p_value,100.0,3.0,,0.0034079153433294465,0.000784138145223,-0.04659208465667056,0.0,significant
0.5,eigenvec,0.0764850198454481,100,two_sample_t_p_value,100.0,4.0,,0.00012152364430076177,3.3830021291843613e-05,-0.04987847635569924,0.0,significant
0.5,eigenvec,0.0764850198454481,100,two_sample_t_p_value,100.0,5.0,,2.450173413503802e-06,7.770967097983196e-07,-0.049997549826586496,0.0,significant
0.5,eigenvec,0.0764850198454481,100,two_sample_t_p_value,100.0,6.0,,3.172491502802852e-08,1.0982870286557608e-08,-0.049999968275084974,0.0,significant
0.5,eigenvec,0.0764850198454481,300,two_sample_t_p_value,300.0,0.5,,0.617441622554225,0.0537909791583845,0.5674416225542249,2.598304847341367e-44,non-significant
0.5,eigenvec,0.0764850198454481,300,two_sample_t_p_value,300.0,1.0,,0.31811640443062633,0.0369526664771914,0.26811640443062634,7.684410752806651e-27,non-significant
0.5,eigenvec,0.0764850198454481,300,two_sample_t_p_value,300.0,2.0,,0.0464015209831491,0.0083067097541183,-0.0035984790168509043,0.31595401600416395,significant
0.5,eigenvec,0.0764850198454481,300,two_sample_t_p_value,300.0,3.0,,0.0029262198640661076,0.000713102921437,-0.0470737801359339,0.0,significant
0.5,eigenvec,0.0764850198454481,300,two_sample_t_p_value,300.0,4.0,,7.984004483719462e-05,2.449048777597715e-05,-0.04992015995516281,0.0,significant
0.5,eigenvec,0.0764850198454481,300,two_sample_t_p_value,300.0,5.0,,9.769154730247779e-07,3.5764943375156586e-07,-0.04999902308452698,0.0,significant
0.5,eigenvec,0.0764850198454481,300,two_sample_t_p_value,300.0,6.0,,5.676439092359154e-09,2.386943405168984e-09,-0.04999999432356091,0.0,significant
0.5,eigenvec,0.0764850198454481,500,two_sample_t_p_value,500.0,0.5,,0.6172950500946657,0.0538167551339411,0.5672950500946656,2.9324693380252924e-44,non-significant
0.5,eigenvec,0.0764850198454481,500,two_sample_t_p_value,500.0,1.0,,0.3177942072606085,0.0369772878891377,0.2677942072606085,9.578752771399305e-27,non-significant
0.5,eigenvec,0.0764850198454481,500,two_sample_t_p_value,500.0,2.0,,0.046040682769031456,0.0082877378356138,-0.003959317230968547,0.3009725686512039,significant
0.5,eigenvec,0.0764850198454481,500,two_sample_t_p_value,500.0,3.0,,0.002834491812851143,0.0006990060085834,-0.04716550818714886,0.0,significant
0.5,eigenvec,0.0764850198454481,500,two_sample_t_p_value,500.0,4.0,,7.291606940371305e-05,2.2831535834896184e-05,-0.04992708393059629,0.0,significant
0.5,eigenvec,0.0764850198454481,500,two_sample_t_p_value,500.0,5.0,,7.94641504790956e-07,3.001787059645361e-07,-0.04999920535849521,0.0,significant
0.5,eigenvec,0.0764850198454481,500,two_sample_t_p_value,500.0,6.0,,3.790442338479296e-09,1.665350171977629e-09,-0.04999999620955766,0.0,significant
0.5,eigenvec,0.0764850198454481,1000,two_sample_t_p_value,1000.0,0.5,,0.6171850808338747,0.0538360968880635,0.5671850808338746,3.2107978719166187e-44,non-significant
0.5,eigenvec,0.0764850198454481,1000,two_sample_t_p_value,1000.0,1.0,,0.31755241808467255,0.036995771907042,0.26755241808467256,1.1296466380829684e-26,non-significant
0.5,eigenvec,0.0764850198454481,1000,two_sample_t_p_value,1000.0,2.0,,0.04577034649325166,0.0082734112149582,-0.0042296535067483446,0.2899665143118193,significant
0.5,eigenvec,0.0764850198454481,1000,two_sample_t_p_value,1000.0,3.0,,0.0027667090442381925,0.0006884607252466,-0.04723329095576181,0.0,significant
0.5,eigenvec,0.0764850198454481,1000,two_sample_t_p_value,1000.0,4.0,,6.800991920878163e-05,2.163251650128623e-05,-0.04993199008079122,0.0,significant
0.5,eigenvec,0.0764850198454481,1000,two_sample_t_p_value,1000.0,5.0,,6.767256364648635e-07,2.618865792809748e-07,-0.04999932327436354,0.0,significant
0.5,eigenvec,0.0764850198454481,1000,two_sample_t_p_value,1000.0,6.0,,2.7553691733774752e-09,1.2527092644675712e-09,-0.04999999724463083,0.0,significant
0.05,smallworldness,0.1769860805927448,30,two_sample_t_p_value,30.0,0.5,,0.6207230048851272,0.1231393326855578,0.5707230048851272,1.8655293582636667e-09,non-significant
0.05,smallworldness,0.1769860805927448,30,two_sample_t_p_value,30.0,1.0,,0.3253086154260302,0.0842430177297876,0.2753086154260302,1.4599079074532744e-06,non-significant
0.05,smallworldness,0.1769860805927448,30,two_sample_t_p_value,30.0,2.0,,0.054625044962983094,0.0201241226667685,0.004625044962983091,0.4532348789538942,non-significant
0.05,smallworldness,0.1769860805927448,30,two_sample_t_p_value,30.0,3.0,,0.005389964065651945,0.0023995994910466,-0.044610035934348057,5.551115123125783e-16,significant
0.05,smallworldness,0.1769860805927448,30,two_sample_t_p_value,30.0,4.0,,0.0003818456360837564,0.0001857350123462,-0.04961815436391625,0.0,significant
0.05,smallworldness,0.1769860805927448,30,two_sample_t_p_value,30.0,5.0,,2.32966854670078e-05,1.16417557386908e-05,-0.049976703314532994,0.0,significant
0.05,smallworldness,0.1769860805927448,30,two_sample_t_p_value,30.0,6.0,,1.3942768767204764e-06,6.897777306900154e-07,-0.049998605723123285,0.0,significant
0.05,smallworldness,0.1769860805927448,50,two_sample_t_p_value,50.0,0.5,,0.6192685675117714,0.1237295036622997,0.5692685675117714,2.3506853619930883e-09,non-significant
0.05,smallworldness,0.1769860805927448,50,two_sample_t_p_value,50.0,1.0,,0.32212564510024433,0.0848014865944168,0.27212564510024434,2.259074051989383e-06,non-significant
0.05,smallworldness,0.1769860805927448,50,two_sample_t_p_value,50.0,2.0,,0.05094706873769324,0.0197424969977671,0.0009470687376932352,0.5300735082619437,non-significant
0.05,smallworldness,0.1769860805927448,50,two_sample_t_p_value,50.0,3.0,,0.004201703187068241,0.0020640331078449,-0.04579829681293176,0.0,significant
0.05,smallworldness,0.1769860805927448,50,two_sample_t_p_value,50.0,4.0,,0.00020919024636403336,0.0001183239338048,-0.04979080975363597,0.0,significant
0.05,smallworldness,0.1769860805927448,50,two_sample_t_p_value,50.0,5.0,,7.4332122472325795e-06,4.543397551418285e-06,-0.04999256678775277,0.0,significant
0.05,smallworldness,0.1769860805927448,50,two_sample_t_p_value,50.0,6.0,,2.1889394850799978e-07,1.3859017699730493e-07,-0.049999781106051494,0.0,significant
0.05,smallworldness,0.1769860805927448,75,two_sample_t_p_value,75.0,0.5,,0.6185389578679419,0.1240259078440073,0.5685389578679418,2.6369271587905417e-09,non-significant
0.05,smallworldness,0.1769860805927448,75,two_sample_t_p_value,75.0,1.0,,0.3205260061237414,0.0850830539755464,0.2705260061237414,2.800656162789514e-06,non-significant
0.05,smallworldness,0.1769860805927448,75,two_sample_t_p_value,75.0,2.0,,0.04912138289485513,0.0195402496357862,-0.0008786171051448702,0.4320817348491228,significant
0.05,smallworldness,0.1769860805927448,75,two_sample_t_p_value,75.0,3.0,,0.0036630774411349812,0.001897346744308,-0.04633692255886502,0.0,significant
0.05,smallworldness,0.1769860805927448,75,two_sample_t_p_value,75.0,4.0,,0.00014717180322168836,9.061219867981916e-05,-0.04985282819677832,0.0,significant
0.05,smallworldness,0.1769860805927448,75,two_sample_t_p_value,75.0,5.0,,3.657912410473166e-06,2.5162835402543783e-06,-0.04999634208758953,0.0,significant
0.05,smallworldness,0.1769860805927448,75,two_sample_t_p_value,75.0,6.0,,6.480298590623212e-08,4.7696485884893194e-08,-0.049999935197014095,0.0,significant
0.05,smallworldness,0.1769860805927448,100,two_sample_t_p_value,100.0,0.5,,0.6181735658308866,0.1241744370858801,0.5681735658308865,2.792391281387241e-09,non-significant
0.05,smallworldness,0.1769860805927448,100,two_sample_t_p_value,100.0,1.0,,0.31972415578412333,0.0852244248755628,0.26972415578412334,3.1157069220708132e-06,non-significant
0.05,smallworldness,0.1769860805927448,100,two_sample_t_p_value,100.0,2.0,,0.04821217873113365,0.0194361311350399,-0.0017878212688663547,0.4134539925459604,significant
0.05,smallworldness,0.1769860805927448,100,two_sample_t_p_value,100.0,3.0,,0.0034079153433294465,0.001814493050361,-0.04659208465667056,0.0,significant
0.05,smallworldness,0.1769860805927448,100,two_sample_t_p_value,100.0,4.0,,0.00012152364430076177,7.828255633470742e-05,-0.04987847635569924,0.0,significant
0.05,smallworldness,0.1769860805927448,100,two_sample_t_p_value,100.0,5.0,,2.450173413503802e-06,1.7981991922946127e-06,-0.049997549826586496,0.0,significant
0.05,smallworldness,0.1769860805927448,100,two_sample_t_p_value,100.0,6.0,,3.172491502802852e-08,2.541432517902432e-08,-0.049999968275084974,0.0,significant
0.05,smallworldness,0.1769860805927448,300,two_sample_t_p_value,300.0,0.5,,0.617441622554225,0.1244721462023009,0.5674416225542249,3.1302891873250797e-09,non-significant
0.05,smallworldness,0.1769860805927448,300,two_sample_t_p_value,300.0,1.0,,0.31811640443062633,0.0855083468692889,0.26811640443062634,3.849596480124252e-06,non-significant
0.05,smallworldness,0.1769860805927448,300,two_sample_t_p_value,300.0,2.0,,0.0464015209831491,0.0192216986407753,-0.0035984790168509043,0.3769856237738105,significant
0.05,smallworldness,0.1769860805927448,300,two_sample_t_p_value,300.0,3.0,,0.0029262198640661076,0.0016501177796567,-0.0470737801359339,0.0,significant
0.05,smallworldness,0.1769860805927448,300,two_sample_t_p_value,300.0,4.0,,7.984004483719462e-05,5.667090695711812e-05,-0.04992015995516281,0.0,significant
0.05,smallworldness,0.1769860805927448,300,two_sample_t_p_value,300.0,5.0,,9.769154730247779e-07,8.275995957615133e-07,-0.04999902308452698,0.0,significant
0.05,smallworldness,0.1769860805927448,300,two_sample_t_p_value,300.0,6.0,,5.676439092359154e-09,5.523379071237835e-09,-0.04999999432356091,0.0,significant
0.05,smallworldness,0.1769860805927448,500,two_sample_t_p_value,500.0,0.5,,0.6172950500946657,0.1245317917236911,0.5672950500946656,3.202449751656794e-09,non-significant
0.05,smallworldness,0.1769860805927448,500,two_sample_t_p_value,500.0,1.0,,0.3177942072606085,0.0855653207343391,0.2677942072606085,4.014850829516037e-06,non-significant
0.05,smallworldness,0.1769860805927448,500,two_sample_t_p_value,500.0,2.0,,0.046040682769031456,0.0191777976846899,-0.003959317230968547,0.3698379001920752,significant
0.05,smallworldness,0.1769860805927448,500,two_sample_t_p_value,500.0,3.0,,0.002834491812851143,0.0016174975703733,-0.04716550818714886,0.0,significant
0.05,smallworldness,0.1769860805927448,500,two_sample_t_p_value,500.0,4.0,,7.291606940371305e-05,5.283209770352911e-05,-0.04992708393059629,0.0,significant
0.05,smallworldness,0.1769860805927448,500,two_sample_t_p_value,500.0,5.0,,7.94641504790956e-07,6.946125235166168e-07,-0.04999920535849521,0.0,significant
0.05,smallworldness,0.1769860805927448,500,two_sample_t_p_value,500.0,6.0,,3.790442338479296e-09,3.853614738524714e-09,-0.04999999620955766,0.0,significant
0.05,smallworldness,0.1769860805927448,1000,two_sample_t_p_value,1000.0,0.5,,0.6171850808338747,0.1245765484781617,0.5671850808338746,3.2576206328867097e-09,non-significant
0.05,smallworldness,0.1769860805927448,1000,two_sample_t_p_value,1000.0,1.0,,0.31755241808467255,0.0856080926900645,0.26755241808467256,4.143185482727163e-06,non-significant
0.05,smallworldness,0.1769860805927448,1000,two_sample_t_p_value,1000.0,2.0,,0.04577034649325166,0.0191446459323193,-0.0042296535067483446,0.36451230924909517,significant
0.05,smallworldness,0.1769860805927448,1000,two_sample_t_p_value,1000.0,3.0,,0.0027667090442381925,0.0015930958199352,-0.04723329095576181,0.0,significant
0.05,smallworldness,0.1769860805927448,1000,two_sample_t_p_value,1000.0,4.0,,6.800991920878163e-05,5.005757096823691e-05,-0.04993199008079122,0.0,significant
0.05,smallworldness,0.1769860805927448,1000,two_sample_t_p_value,1000.0,5.0,,6.767256364648635e-07,6.060046702013025e-07,-0.04999932327436354,0.0,significant
0.05,smallworldness,0.1769860805927448,1000,two_sample_t_p_value,1000.0,6.0,,2.7553691733774752e-09,2.898765056063857e-09,-0.04999999724463083,0.0,significant
0.1,smallworldness,0.1091701381745782,30,two_sample_t_p_value,30.0,0.5,,0.6207230048851272,0.0759559052270395,0.5707230048851272,5.208059857481179e-23,non-significant
0.1,smallworldness,0.1091701381745782,30,two_sample_t_p_value,30.0,1.0,,0.3253086154260302,0.0519635321320368,0.2753086154260302,4.822156113876999e-15,non-significant
0.1,smallworldness,0.1091701381745782,30,two_sample_t_p_value,30.0,2.0,,0.054625044962983094,0.0124131414448834,0.004625044962983091,0.3782401145266649,non-significant
0.1,smallworldness,0.1091701381745782,30,two_sample_t_p_value,30.0,3.0,,0.005389964065651945,0.0014801424333702,-0.044610035934348057,0.0,significant
0.1,smallworldness,0.1091701381745782,30,two_sample_t_p_value,30.0,4.0,,0.0003818456360837564,0.0001145667325576,-0.04961815436391625,0.0,significant
0.1,smallworldness,0.1091701381745782,30,two_sample_t_p_value,30.0,5.0,,2.32966854670078e-05,7.180971963055397e-06,-0.049976703314532994,0.0,significant
0.1,smallworldness,0.1091701381745782,30,two_sample_t_p_value,30.0,6.0,,1.3942768767204764e-06,4.254748730350882e-07,-0.049998605723123285,0.0,significant
0.1,smallworldness,0.1091701381745782,50,two_sample_t_p_value,50.0,0.5,,0.6192685675117714,0.0763199397706701,0.5692685675117714,9.524390379921277e-23,non-significant
0.1,smallworldness,0.1091701381745782,50,two_sample_t_p_value,50.0,1.0,,0.32212564510024433,0.0523080118951548,0.27212564510024434,1.4937027910626385e-14,non-significant
0.1,smallworldness,0.1091701381745782,50,two_sample_t_p_value,50.0,2.0,,0.05094706873769324,0.0121777436843571,0.0009470687376932352,0.49908162359761427,non-significant
0.1,smallworldness,0.1091701381745782,50,two_sample_t_p_value,50.0,3.0,,0.004201703187068241,0.0012731553737202,-0.04579829681293176,0.0,significant
0.1,smallworldness,0.1091701381745782,50,two_sample_t_p_value,50.0,4.0,,0.00020919024636403336,7.298562779385634e-05,-0.04979080975363597,0.0,significant
0.1,smallworldness,0.1091701381745782,50,two_sample_t_p_value,50.0,5.0,,7.4332122472325795e-06,2.8024991389673564e-06,-0.04999256678775277,0.0,significant
0.1,smallworldness,0.1091701381745782,50,two_sample_t_p_value,50.0,6.0,,2.1889394850799978e-07,8.548643329330416e-08,-0.049999781106051494,0.0,significant
0.1,smallworldness,0.1091701381745782,75,two_sample_t_p_value,75.0,0.5,,0.6185389578679419,0.0765027704507109,0.5685389578679418,1.2857192497019754e-22,non-significant
0.1,smallworldness,0.1091701381745782,75,two_sample_t_p_value,75.0,1.0,,0.3205260061237414,0.0524816908070806,0.2705260061237414,2.605265244469304e-14,non-significant
0.1,smallworldness,0.1091701381745782,75,two_sample_t_p_value,75.0,2.0,,0.04912138289485513,0.01205299165652,-0.0008786171051448702,0.44037010464770665,significant
0.1,smallworldness,0.1091701381745782,75,two_sample_t_p_value,75.0,3.0,,0.0036630774411349812,0.0011703383991977,-0.04633692255886502,0.0,significant
0.1,smallworldness,0.1091701381745782,75,two_sample_t_p_value,75.0,4.0,,0.00014717180322168836,5.589222732685172e-05,-0.04985282819677832,0.0,significant
0.1,smallworldness,0.1091701381745782,75,two_sample_t_p_value,75.0,5.0,,3.657912410473166e-06,1.552116532870711e-06,-0.04999634208758953,0.0,significant
0.1,smallworldness,0.1091701381745782,75,two_sample_t_p_value,75.0,6.0,,6.480298590623212e-08,2.942057328495392e-08,-0.049999935197014095,0.0,significant
0.1,smallworldness,0.1091701381745782,100,two_sample_t_p_value,100.0,0.5,,0.6181735658308866,0.0765943875869508,0.5681735658308865,1.49315990417429e-22,non-significant
0.1,smallworldness,0.1091701381745782,100,two_sample_t_p_value,100.0,1.0,,0.31972415578412333,0.0525688924708328,0.26972415578412334,3.4329374569499945e-14,non-significant
0.1,smallworldness,0.1091701381745782,100,two_sample_t_p_value,100.0,2.0,,0.04821217873113365,0.0119887683510773,-0.0017878212688663547,0.4106817899494255,significant
0.1,smallworldness,0.1091701381745782,100,two_sample_t_p_value,100.0,3.0,,0.0034079153433294465,0.0011192318421952,-0.04659208465667056,0.0,significant
0.1,smallworldness,0.1091701381745782,100,two_sample_t_p_value,100.0,4.0,,0.00012152364430076177,4.8286946990957566e-05,-0.04987847635569924,0.0,significant
0.1,smallworldness,0.1091701381745782,100,two_sample_t_p_value,100.0,5.0,,2.450173413503802e-06,1.1091813188401954e-06,-0.049997549826586496,0.0,significant
0.1,smallworldness,0.1091701381745782,100,two_sample_t_p_value,100.0,6.0,,3.172491502802852e-08,1.567629150335273e-08,-0.049999968275084974,0.0,significant
0.1,smallworldness,0.1091701381745782,300,two_sample_t_p_value,300.0,0.5,,0.617441622554225,0.0767780231885,0.5674416225542249,2.0120376553992053e-22,non-significant
0.1,smallworldness,0.1091701381745782,300,two_sample_t_p_value,300.0,1.0,,0.31811640443062633,0.0527440237759731,0.26811640443062634,5.933836545096574e-14,non-significant
0.1,smallworldness,0.1091701381745782,300,two_sample_t_p_value,300.0,2.0,,0.0464015209831491,0.0118565001808937,-0.0035984790168509043,0.3532797186647849,significant
0.1,smallworldness,0.1091701381745782,300,two_sample_t_p_value,300.0,3.0,,0.0029262198640661076,0.0010178404166369,-0.0470737801359339,0.0,significant
0.1,smallworldness,0.1091701381745782,300,two_sample_t_p_value,300.0,4.0,,7.984004483719462e-05,3.495625600763129e-05,-0.04992015995516281,0.0,significant
0.1,smallworldness,0.1091701381745782,300,two_sample_t_p_value,300.0,5.0,,9.769154730247779e-07,5.104873892902805e-07,-0.04999902308452698,0.0,significant
0.1,smallworldness,0.1091701381745782,300,two_sample_t_p_value,300.0,6.0,,5.676439092359154e-09,3.406980110402683e-09,-0.04999999432356091,0.0,significant
0.1,smallworldness,0.1091701381745782,500,two_sample_t_p_value,500.0,0.5,,0.6172950500946657,0.0768148142728036,0.5672950500946656,2.135400609496667e-22,non-significant
0.1,smallworldness,0.1091701381745782,500,two_sample_t_p_value,500.0,1.0,,0.3177942072606085,0.0527791669053031,0.2677942072606085,6.615404435392818e-14,non-significant
0.1,smallworldness,0.1091701381745782,500,two_sample_t_p_value,500.0,2.0,,0.046040682769031456,0.0118294208002678,-0.003959317230968547,0.3421937101776693,significant
0.1,smallworldness,0.1091701381745782,500,two_sample_t_p_value,500.0,3.0,,0.002834491812851143,0.0009977193272109,-0.04716550818714886,0.0,significant
0.1,smallworldness,0.1091701381745782,500,two_sample_t_p_value,500.0,4.0,,7.291606940371305e-05,3.258836732826956e-05,-0.04992708393059629,0.0,significant
0.1,smallworldness,0.1091701381745782,500,two_sample_t_p_value,500.0,5.0,,7.94641504790956e-07,4.284571132155466e-07,-0.04999920535849521,0.0,significant
0.1,smallworldness,0.1091701381745782,500,two_sample_t_p_value,500.0,6.0,,3.790442338479296e-09,2.3770211310819882e-09,-0.04999999620955766,0.0,significant
0.1,smallworldness,0.1091701381745782,1000,two_sample_t_p_value,1000.0,0.5,,0.6171850808338747,0.0768424215346484,0.5671850808338746,2.232790905195468e-22,non-significant
0.1,smallworldness,0.1091701381745782,1000,two_sample_t_p_value,1000.0,1.0,,0.31755241808467255,0.0528055498858228,0.26755241808467256,7.176349107876943e-14,non-significant
0.1,smallworldness,0.1091701381745782,1000,two_sample_t_p_value,1000.0,2.0,,0.04577034649325166,0.0118089718396778,-0.0042296535067483446,0.3339778442266048,significant
0.1,smallworldness,0.1091701381745782,1000,two_sample_t_p_value,1000.0,3.0,,0.0027667090442381925,0.0009826676211213,-0.04723329095576181,0.0,significant
0.1,smallworldness,0.1091701381745782,1000,two_sample_t_p_value,1000.0,4.0,,6.800991920878163e-05,3.087695891667876e-05,-0.04993199008079122,0.0,significant
0.1,smallworldness,0.1091701381745782,1000,two_sample_t_p_value,1000.0,5.0,,6.767256364648635e-07,3.738012241343904e-07,-0.04999932327436354,0.0,significant
0.1,smallworldness,0.1091701381745782,1000,two_sample_t_p_value,1000.0,6.0,,2.7553691733774752e-09,1.788042204484542e-09,-0.04999999724463083,0.0,significant
0.2,smallworldness,0.0392539019266324,30,two_sample_t_p_value,30.0,0.5,,0.6207230048851272,0.0273111832996204,0.5707230048851272,1.6845544575298188e-168,non-significant
0.2,smallworldness,0.0392539019266324,30,two_sample_t_p_value,30.0,1.0,,0.3253086154260302,0.0186843346374675,0.2753086154260302,1.9691186553299582e-105,non-significant
0.2,smallworldness,0.0392539019266324,30,two_sample_t_p_value,30.0,2.0,,0.054625044962983094,0.0044633472580172,0.004625044962983091,0.14937780211055923,non-significant
0.2,smallworldness,0.0392539019266324,30,two_sample_t_p_value,30.0,3.0,,0.005389964065651945,0.0005322093283792,-0.044610035934348057,0.0,significant
0.2,smallworldness,0.0392539019266324,30,two_sample_t_p_value,30.0,4.0,,0.0003818456360837564,4.119433536560136e-05,-0.04961815436391625,0.0,significant
0.2,smallworldness,0.0392539019266324,30,two_sample_t_p_value,30.0,5.0,,2.32966854670078e-05,2.5820354713200637e-06,-0.049976703314532994,0.0,significant
0.2,smallworldness,0.0392539019266324,30,two_sample_t_p_value,30.0,6.0,,1.3942768767204764e-06,1.529864230056907e-07,-0.049998605723123285,0.0,significant
0.2,smallworldness,0.0392539019266324,50,two_sample_t_p_value,50.0,0.5,,0.6192685675117714,0.0274420778511206,0.5692685675117714,1.767392291564444e-166,non-significant
0.2,smallworldness,0.0392539019266324,50,two_sample_t_p_value,50.0,1.0,,0.32212564510024433,0.0188081979490218,0.27212564510024434,1.1489741354218875e-101,non-significant
0.2,smallworldness,0.0392539019266324,50,two_sample_t_p_value,50.0,2.0,,0.05094706873769324,0.0043787061578047,0.0009470687376932352,0.4245192410734689,non-significant
0.2,smallworldness,0.0392539019266324,50,two_sample_t_p_value,50.0,3.0,,0.004201703187068241,0.0004577837585719,-0.04579829681293176,0.0,significant
0.2,smallworldness,0.0392539019266324,50,two_sample_t_p_value,50.0,4.0,,0.00020919024636403336,2.6243171652785182e-05,-0.04979080975363597,0.0,significant
0.2,smallworldness,0.0392539019266324,50,two_sample_t_p_value,50.0,5.0,,7.4332122472325795e-06,1.0076842274814808e-06,-0.04999256678775277,0.0,significant
0.2,smallworldness,0.0392539019266324,50,two_sample_t_p_value,50.0,6.0,,2.1889394850799978e-07,3.073803994996115e-08,-0.049999781106051494,0.0,significant
0.2,smallworldness,0.0392539019266324,75,two_sample_t_p_value,75.0,0.5,,0.6185389578679419,0.0275078176010514,0.5685389578679418,1.7855714901198723e-165,non-significant
0.2,smallworldness,0.0392539019266324,75,two_sample_t_p_value,75.0,1.0,,0.3205260061237414,0.0188706470316139,0.2705260061237414,8.17962064694417e-100,non-significant
0.2,smallworldness,0.0392539019266324,75,two_sample_t_p_value,75.0,2.0,,0.04912138289485513,0.0043338495335689,-0.0008786171051448702,0.40927854867737845,significant
0.2,smallworldness,0.0392539019266324,75,two_sample_t_p_value,75.0,3.0,,0.0036630774411349812,0.0004208142401506,-0.04633692255886502,0.0,significant
0.2,smallworldness,0.0392539019266324,75,two_sample_t_p_value,75.0,4.0,,0.00014717180322168836,2.009696100632198e-05,-0.04985282819677832,0.0,significant
0.2,smallworldness,0.0392539019266324,75,two_sample_t_p_value,75.0,5.0,,3.657912410473166e-06,5.580887885529784e-07,-0.04999634208758953,0.0,significant
0.2,smallworldness,0.0392539019266324,75,two_sample_t_p_value,75.0,6.0,,6.480298590623212e-08,1.0578646483950413e-08,-0.049999935197014095,0.0,significant
0.2,smallworldness,0.0392539019266324,100,two_sample_t_p_value,100.0,0.5,,0.6181735658308866,0.0275407600351354,0.5681735658308865,5.6557955122348e-165,non-significant
0.2,smallworldness,0.0392539019266324,100,two_sample_t_p_value,100.0,1.0,,0.31972415578412333,0.0189020018106222,0.26972415578412334,6.7811342682450775e-99,non-significant
0.2,smallworldness,0.0392539019266324,100,two_sample_t_p_value,100.0,2.0,,0.04821217873113365,0.004310756997685,-0.0017878212688663547,0.3306668239377464,significant
0.2,smallworldness,0.0392539019266324,100,two_sample_t_p_value,100.0,3.0,,0.0034079153433294465,0.000402438044884,-0.04659208465667056,0.0,significant
0.2,smallworldness,0.0392539019266324,100,two_sample_t_p_value,100.0,4.0,,0.00012152364430076177,1.7362358546148e-05,-0.04987847635569924,0.0,significant
0.2,smallworldness,0.0392539019266324,100,two_sample_t_p_value,100.0,5.0,,2.450173413503802e-06,3.9882421545514406e-07,-0.049997549826586496,0.0,significant
0.2,smallworldness,0.0392539019266324,100,two_sample_t_p_value,100.0,6.0,,3.172491502802852e-08,5.636666029146815e-09,-0.049999968275084974,0.0,significant
0.2,smallworldness,0.0392539019266324,300,two_sample_t_p_value,300.0,0.5,,0.617441622554225,0.0276067892077093,0.5674416225542249,5.635081063246933e-164,non-significant
0.2,smallworldness,0.0392539019266324,300,two_sample_t_p_value,300.0,1.0,,0.31811640443062633,0.0189649731248589,0.26811640443062634,4.4995353338213315e-97,non-significant
0.2,smallworldness,0.0392539019266324,300,two_sample_t_p_value,300.0,2.0,,0.0464015209831491,0.0042631978220055,-0.0035984790168509043,0.19684430299621203,significant
0.2,smallworldness,0.0392539019266324,300,two_sample_t_p_value,300.0,3.0,,0.0029262198640661076,0.0003659811058197,-0.0470737801359339,0.0,significant
0.2,smallworldness,0.0392539019266324,300,two_sample_t_p_value,300.0,4.0,,7.984004483719462e-05,1.2569091401638824e-05,-0.04992015995516281,0.0,significant
0.2,smallworldness,0.0392539019266324,300,two_sample_t_p_value,300.0,5.0,,9.769154730247779e-07,1.8355405836290825e-07,-0.04999902308452698,0.0,significant
0.2,smallworldness,0.0392539019266324,300,two_sample_t_p_value,300.0,6.0,,5.676439092359154e-09,1.2250352097738456e-09,-0.04999999432356091,0.0,significant
0.2,smallworldness,0.0392539019266324,500,two_sample_t_p_value,500.0,0.5,,0.6172950500946657,0.0276200180415203,0.5672950500946656,8.91447176562124e-164,non-significant
0.2,smallworldness,0.0392539019266324,500,two_sample_t_p_value,500.0,1.0,,0.3177942072606085,0.0189776094096084,0.2677942072606085,1.0353767692454777e-96,non-significant
0.2,smallworldness,0.0392539019266324,500,two_sample_t_p_value,500.0,2.0,,0.046040682769031456,0.0042534609894879,-0.003959317230968547,0.1747601946373596,significant
0.2,smallworldness,0.0392539019266324,500,two_sample_t_p_value,500.0,3.0,,0.002834491812851143,0.0003587462402769,-0.04716550818714886,0.0,significant
0.2,smallworldness,0.0392539019266324,500,two_sample_t_p_value,500.0,4.0,,7.291606940371305e-05,1.1717678446163673e-05,-0.04992708393059629,0.0,significant
0.2,smallworldness,0.0392539019266324,500,two_sample_t_p_value,500.0,5.0,,7.94641504790956e-07,1.5405873605322184e-07,-0.04999920535849521,0.0,significant
0.2,smallworldness,0.0392539019266324,500,two_sample_t_p_value,500.0,6.0,,3.790442338479296e-09,8.546966772892944e-10,-0.04999999620955766,0.0,significant
0.2,smallworldness,0.0392539019266324,1000,two_sample_t_p_value,1000.0,0.5,,0.6171850808338747,0.027629944682331,0.5671850808338746,1.2571457763375595e-163,non-significant
0.2,smallworldness,0.0392539019266324,1000,two_sample_t_p_value,1000.0,1.0,,0.31755241808467255,0.0189870958401211,0.26755241808467256,1.932023813424522e-96,non-significant
0.2,smallworldness,0.0392539019266324,1000,two_sample_t_p_value,1000.0,2.0,,0.04577034649325166,0.004246108232526,-0.0042296535067483446,0.15929480766664073,significant
0.2,smallworldness,0.0392539019266324,1000,two_sample_t_p_value,1000.0,3.0,,0.0027667090442381925,0.0003533341541099,-0.04723329095576181,0.0,significant
0.2,smallworldness,0.0392539019266324,1000,two_sample_t_p_value,1000.0,4.0,,6.800991920878163e-05,1.1102313667220462e-05,-0.04993199008079122,0.0,significant
0.2,smallworldness,0.0392539019266324,1000,two_sample_t_p_value,1000.0,5.0,,6.767256364648635e-07,1.3440632060721665e-07,-0.04999932327436354,0.0,significant
0.2,smallworldness,0.0392539019266324,1000,two_sample_t_p_value,1000.0,6.0,,2.7553691733774752e-09,6.42919707798446e-10,-0.04999999724463083,0.0,significant
0.3,smallworldness,0.0305613197719839,30,two_sample_t_p_value,30.0,0.5,,0.6207230048851272,0.0212632570318996,0.5707230048851272,7.565174508365754e-277,non-significant
0.3,smallworldness,0.0305613197719839,30,two_sample_t_p_value,30.0,1.0,,0.3253086154260302,0.0145467812766654,0.2753086154260302,1.1579558465043882e-172,non-significant
0.3,smallworldness,0.0305613197719839,30,two_sample_t_p_value,30.0,2.0,,0.054625044962983094,0.0034749611149643,0.004625044962983091,0.0888462942072608,non-significant
0.3,smallworldness,0.0305613197719839,30,two_sample_t_p_value,30.0,3.0,,0.005389964065651945,0.0004143542086753,-0.044610035934348057,0.0,significant
0.3,smallworldness,0.0305613197719839,30,two_sample_t_p_value,30.0,4.0,,0.0003818456360837564,3.207205383698004e-05,-0.04961815436391625,0.0,significant
0.3,smallworldness,0.0305613197719839,30,two_sample_t_p_value,30.0,5.0,,2.32966854670078e-05,2.010256505177633e-06,-0.049976703314532994,0.0,significant
0.3,smallworldness,0.0305613197719839,30,two_sample_t_p_value,30.0,6.0,,1.3942768767204764e-06,1.1910833738229645e-07,-0.049998605723123285,0.0,significant
0.3,smallworldness,0.0305613197719839,50,two_sample_t_p_value,50.0,0.5,,0.6192685675117714,0.0213651656332989,0.5692685675117714,1.6295875663195987e-273,non-significant
0.3,smallworldness,0.0305613197719839,50,two_sample_t_p_value,50.0,1.0,,0.32212564510024433,0.0146432156713787,0.27212564510024434,1.8776550669779718e-166,non-significant
0.3,smallworldness,0.0305613197719839,50,two_sample_t_p_value,50.0,2.0,,0.05094706873769324,0.0034090633671613,0.0009470687376932352,0.39810224467151045,non-significant
0.3,smallworldness,0.0305613197719839,50,two_sample_t_p_value,50.0,3.0,,0.004201703187068241,0.0003564098126674,-0.04579829681293176,0.0,significant
0.3,smallworldness,0.0305613197719839,50,two_sample_t_p_value,50.0,4.0,,0.00020919024636403336,2.0431751274328343e-05,-0.04979080975363597,0.0,significant
0.3,smallworldness,0.0305613197719839,50,two_sample_t_p_value,50.0,5.0,,7.4332122472325795e-06,7.845375464280147e-07,-0.04999256678775277,0.0,significant
0.3,smallworldness,0.0305613197719839,50,two_sample_t_p_value,50.0,6.0,,2.1889394850799978e-07,2.3931253250455396e-08,-0.049999781106051494,0.0,significant
0.3,smallworldness,0.0305613197719839,75,two_sample_t_p_value,75.0,0.5,,0.6185389578679419,0.0214163476412206,0.5685389578679418,7.393344701095301e-272,non-significant
0.3,smallworldness,0.0305613197719839,75,two_sample_t_p_value,75.0,1.0,,0.3205260061237414,0.014691835713945,0.2705260061237414,2.1285096724720024e-163,non-significant
0.3,smallworldness,0.0305613197719839,75,two_sample_t_p_value,75.0,2.0,,0.04912138289485513,0.0033741400201849,-0.0008786171051448702,0.3895154986321401,significant
0.3,smallworldness,0.0305613197719839,75,two_sample_t_p_value,75.0,3.0,,0.0036630774411349812,0.0003276270109882,-0.04633692255886502,0.0,significant
0.3,smallworldness,0.0305613197719839,75,two_sample_t_p_value,75.0,4.0,,0.00014717180322168836,1.5646588532962916e-05,-0.04985282819677832,0.0,significant
0.3,smallworldness,0.0305613197719839,75,two_sample_t_p_value,75.0,5.0,,3.657912410473166e-06,4.3450279057621093e-07,-0.04999634208758953,0.0,significant
0.3,smallworldness,0.0305613197719839,75,two_sample_t_p_value,75.0,6.0,,6.480298590623212e-08,8.236057616769957e-09,-0.049999935197014095,0.0,significant
0.3,smallworldness,0.0305613197719839,100,two_sample_t_p_value,100.0,0.5,,0.6181735658308866,0.0214419951364426,0.5681735658308865,4.951517068464822e-271,non-significant
0.3,smallworldness,0.0305613197719839,100,two_sample_t_p_value,100.0,1.0,,0.31972415578412333,0.014716247132444,0.26972415578412334,6.961312291543811e-162,non-significant
0.3,smallworldness,0.0305613197719839,100,two_sample_t_p_value,100.0,2.0,,0.04821217873113365,0.0033561612119937,-0.0017878212688663547,0.2916897435525361,significant
0.3,smallworldness,0.0305613197719839,100,two_sample_t_p_value,100.0,3.0,,0.0034079153433294465,0.0003133201331449,-0.04659208465667056,0.0,significant
0.3,smallworldness,0.0305613197719839,100,two_sample_t_p_value,100.0,4.0,,0.00012152364430076177,1.3517550242939331e-05,-0.04987847635569924,0.0,significant
0.3,smallworldness,0.0305613197719839,100,two_sample_t_p_value,100.0,5.0,,2.450173413503802e-06,3.105065683436103e-07,-0.049997549826586496,0.0,significant
0.3,smallworldness,0.0305613197719839,100,two_sample_t_p_value,100.0,6.0,,3.172491502802852e-08,4.388454255747745e-09,-0.049999968275084974,0.0,significant
0.3,smallworldness,0.0305613197719839,300,two_sample_t_p_value,300.0,0.5,,0.617441622554225,0.0214934024757966,0.5674416225542249,2.19553048500148e-269,non-significant
0.3,smallworldness,0.0305613197719839,300,two_sample_t_p_value,300.0,1.0,,0.31811640443062633,0.0147652737610439,0.26811640443062634,7.02606387489474e-159,non-significant
0.3,smallworldness,0.0305613197719839,300,two_sample_t_p_value,300.0,2.0,,0.0464015209831491,0.0033191337802048,-0.0035984790168509043,0.13984425462052474,significant
0.3,smallworldness,0.0305613197719839,300,two_sample_t_p_value,300.0,3.0,,0.0029262198640661076,0.000284936402663,-0.0470737801359339,0.0,significant
0.3,smallworldness,0.0305613197719839,300,two_sample_t_p_value,300.0,4.0,,7.984004483719462e-05,9.785728366233064e-06,-0.04992015995516281,0.0,significant
0.3,smallworldness,0.0305613197719839,300,two_sample_t_p_value,300.0,5.0,,9.769154730247779e-07,1.429069212930468e-07,-0.04999902308452698,0.0,significant
0.3,smallworldness,0.0305613197719839,300,two_sample_t_p_value,300.0,6.0,,5.676439092359154e-09,9.53757230244595e-10,-0.04999999432356091,0.0,significant
0.3,smallworldness,0.0305613197719839,500,two_sample_t_p_value,500.0,0.5,,0.6172950500946657,0.0215037018498834,0.5672950500946656,4.678407945837995e-269,non-significant
0.3,smallworldness,0.0305613197719839,500,two_sample_t_p_value,500.0,1.0,,0.3177942072606085,0.0147751118031239,0.2677942072606085,2.7764185341099144e-158,non-significant
0.3,smallworldness,0.0305613197719839,500,two_sample_t_p_value,500.0,2.0,,0.046040682769031456,0.0033115531210212,-0.003959317230968547,0.11761107982337182,significant
0.3,smallworldness,0.0305613197719839,500,two_sample_t_p_value,500.0,3.0,,0.002834491812851143,0.0002793036622599,-0.04716550818714886,0.0,significant
0.3,smallworldness,0.0305613197719839,500,two_sample_t_p_value,500.0,4.0,,7.291606940371305e-05,9.122856592646854e-06,-0.04992708393059629,0.0,significant
0.3,smallworldness,0.0305613197719839,500,two_sample_t_p_value,500.0,5.0,,7.94641504790956e-07,1.1994319201668468e-07,-0.04999920535849521,0.0,significant
0.3,smallworldness,0.0305613197719839,500,two_sample_t_p_value,500.0,6.0,,3.790442338479296e-09,6.654283314690892e-10,-0.04999999620955766,0.0,significant
0.3,smallworldness,0.0305613197719839,1000,two_sample_t_p_value,1000.0,0.5,,0.6171850808338747,0.0215114302852538,0.5671850808338746,8.247859179173058e-269,non-significant
0.3,smallworldness,0.0305613197719839,1000,two_sample_t_p_value,1000.0,1.0,,0.31755241808467255,0.0147824975105864,0.26755241808467256,7.765744909918434e-158,non-significant
0.3,smallworldness,0.0305613197719839,1000,two_sample_t_p_value,1000.0,2.0,,0.04577034649325166,0.0033058285956698,-0.0042296535067483446,0.10268590506159447,significant
0.3,smallworldness,0.0305613197719839,1000,two_sample_t_p_value,1000.0,3.0,,0.0027667090442381925,0.0002750900557681,-0.04723329095576181,0.0,significant
0.3,smallworldness,0.0305613197719839,1000,two_sample_t_p_value,1000.0,4.0,,6.800991920878163e-05,8.643761296060805e-06,-0.04993199008079122,0.0,significant
0.3,smallworldness,0.0305613197719839,1000,two_sample_t_p_value,1000.0,5.0,,6.767256364648635e-07,1.0464270663156805e-07,-0.04999932327436354,0.0,significant
0.3,smallworldness,0.0305613197719839,1000,two_sample_t_p_value,1000.0,6.0,,2.7553691733774752e-09,5.005483229275601e-10,-0.04999999724463083,0.0,significant
0.4,smallworldness,0.0354884841336918,30,two_sample_t_p_value,30.0,0.5,,0.6207230048851272,0.0246913669120709,0.5707230048851272,9.07267925187565e-206,non-significant
0.4,smallworldness,0.0354884841336918,30,two_sample_t_p_value,30.0,1.0,,0.3253086154260302,0.0168920459058995,0.2753086154260302,1.4665755365163078e-128,non-significant
0.4,smallworldness,0.0354884841336918,30,two_sample_t_p_value,30.0,2.0,,0.054625044962983094,0.0040352021219535,0.004625044962983091,0.12411830972460701,non-significant
0.4,smallworldness,0.0354884841336918,30,two_sample_t_p_value,30.0,3.0,,0.005389964065651945,0.000481157321412,-0.044610035934348057,0.0,significant
0.4,smallworldness,0.0354884841336918,30,two_sample_t_p_value,30.0,4.0,,0.0003818456360837564,3.724278212526584e-05,-0.04961815436391625,0.0,significant
0.4,smallworldness,0.0354884841336918,30,two_sample_t_p_value,30.0,5.0,,2.32966854670078e-05,2.3343545573593557e-06,-0.049976703314532994,0.0,significant
0.4,smallworldness,0.0354884841336918,30,two_sample_t_p_value,30.0,6.0,,1.3942768767204764e-06,1.3831125006770745e-07,-0.049998605723123285,0.0,significant
0.4,smallworldness,0.0354884841336918,50,two_sample_t_p_value,50.0,0.5,,0.6192685675117714,0.024809705446232,0.5692685675117714,2.6911665620006695e-203,non-significant
0.4,smallworldness,0.0354884841336918,50,two_sample_t_p_value,50.0,1.0,,0.32212564510024433,0.0170040276695228,0.27212564510024434,5.926950284201607e-124,non-significant
0.4,smallworldness,0.0354884841336918,50,two_sample_t_p_value,50.0,2.0,,0.05094706873769324,0.0039586801917881,0.0009470687376932352,0.41447675702062353,non-significant
0.4,smallworldness,0.0354884841336918,50,two_sample_t_p_value,50.0,3.0,,0.004201703187068241,0.0004138710002156,-0.04579829681293176,0.0,significant
0.4,smallworldness,0.0354884841336918,50,two_sample_t_p_value,50.0,4.0,,0.00020919024636403336,2.372580393557621e-05,-0.04979080975363597,0.0,significant
0.4,smallworldness,0.0354884841336918,50,two_sample_t_p_value,50.0,5.0,,7.4332122472325795e-06,9.110224452485652e-07,-0.04999256678775277,0.0,significant
0.4,smallworldness,0.0354884841336918,50,two_sample_t_p_value,50.0,6.0,,2.1889394850799978e-07,2.778950345124493e-08,-0.049999781106051494,0.0,significant
0.4,smallworldness,0.0354884841336918,75,two_sample_t_p_value,75.0,0.5,,0.6185389578679419,0.0248691391320024,0.5685389578679418,4.557501440491015e-202,non-significant
0.4,smallworldness,0.0354884841336918,75,two_sample_t_p_value,75.0,1.0,,0.3205260061237414,0.0170604863441503,0.2705260061237414,1.0930815241009182e-121,non-significant
0.4,smallworldness,0.0354884841336918,75,two_sample_t_p_value,75.0,2.0,,0.04912138289485513,0.003918126424663,-0.0008786171051448702,0.40201979450221714,significant
0.4,smallworldness,0.0354884841336918,75,two_sample_t_p_value,75.0,3.0,,0.0036630774411349812,0.0003804477708415,-0.04633692255886502,0.0,significant
0.4,smallworldness,0.0354884841336918,75,two_sample_t_p_value,75.0,4.0,,0.00014717180322168836,1.8169166549132072e-05,-0.04985282819677832,0.0,significant
0.4,smallworldness,0.0354884841336918,75,two_sample_t_p_value,75.0,5.0,,3.657912410473166e-06,5.045543027740679e-07,-0.04999634208758953,0.0,significant
0.4,smallworldness,0.0354884841336918,75,two_sample_t_p_value,75.0,6.0,,6.480298590623212e-08,9.563893255842149e-09,-0.049999935197014095,0.0,significant
0.4,smallworldness,0.0354884841336918,100,two_sample_t_p_value,100.0,0.5,,0.6181735658308866,0.0248989215737964,0.5681735658308865,1.8675734287988817e-201,non-significant
0.4,smallworldness,0.0354884841336918,100,two_sample_t_p_value,100.0,1.0,,0.31972415578412333,0.017088833426166,0.26972415578412334,1.452817045206615e-120,non-significant
0.4,smallworldness,0.0354884841336918,100,two_sample_t_p_value,100.0,2.0,,0.04821217873113365,0.0038972490327834,-0.0017878212688663547,0.316014061087013,significant
0.4,smallworldness,0.0354884841336918,100,two_sample_t_p_value,100.0,3.0,,0.0034079153433294465,0.0003638343061373,-0.04659208465667056,0.0,significant
0.4,smallworldness,0.0354884841336918,100,two_sample_t_p_value,100.0,4.0,,0.00012152364430076177,1.5696879941772005e-05,-0.04987847635569924,0.0,significant
0.4,smallworldness,0.0354884841336918,100,two_sample_t_p_value,100.0,5.0,,2.450173413503802e-06,3.605671321227098e-07,-0.049997549826586496,0.0,significant
0.4,smallworldness,0.0354884841336918,100,two_sample_t_p_value,100.0,6.0,,3.172491502802852e-08,5.095970671047568e-09,-0.049999968275084974,0.0,significant
0.4,smallworldness,0.0354884841336918,300,two_sample_t_p_value,300.0,0.5,,0.617441622554225,0.024958616919437,0.5674416225542249,3.1093993340540106e-200,non-significant
0.4,smallworldness,0.0354884841336918,300,two_sample_t_p_value,300.0,1.0,,0.31811640443062633,0.0171457642375372,0.26811640443062634,2.4583129983198715e-118,non-significant
0.4,smallworldness,0.0354884841336918,300,two_sample_t_p_value,300.0,2.0,,0.0464015209831491,0.0038542519555841,-0.0035984790168509043,0.174214002202144,significant
0.4,smallworldness,0.0354884841336918,300,two_sample_t_p_value,300.0,3.0,,0.0029262198640661076,0.0003308744871119,-0.0470737801359339,0.0,significant
0.4,smallworldness,0.0354884841336918,300,two_sample_t_p_value,300.0,4.0,,7.984004483719462e-05,1.1363405391282817e-05,-0.04992015995516281,0.0,significant
0.4,smallworldness,0.0354884841336918,300,two_sample_t_p_value,300.0,5.0,,9.769154730247779e-07,1.6594669493142157e-07,-0.04999902308452698,0.0,significant
0.4,smallworldness,0.0354884841336918,300,two_sample_t_p_value,300.0,6.0,,5.676439092359154e-09,1.1075241051584966e-09,-0.04999999432356091,0.0,significant
0.4,smallworldness,0.0354884841336918,500,two_sample_t_p_value,500.0,0.5,,0.6172950500946657,0.0249705767816612,0.5672950500946656,5.449564751214645e-200,non-significant
0.4,smallworldness,0.0354884841336918,500,two_sample_t_p_value,500.0,1.0,,0.3177942072606085,0.0171571883907763,0.2677942072606085,6.812925201186684e-118,non-significant
0.4,smallworldness,0.0354884841336918,500,two_sample_t_p_value,500.0,2.0,,0.046040682769031456,0.0038454491255634,-0.003959317230968547,0.15175134664463896,significant
0.4,smallworldness,0.0354884841336918,500,two_sample_t_p_value,500.0,3.0,,0.002834491812851143,0.0003243336236964,-0.04716550818714886,0.0,significant
0.4,smallworldness,0.0354884841336918,500,two_sample_t_p_value,500.0,4.0,,7.291606940371305e-05,1.0593663947029104e-05,-0.04992708393059629,0.0,significant
0.4,smallworldness,0.0354884841336918,500,two_sample_t_p_value,500.0,5.0,,7.94641504790956e-07,1.3928070183443337e-07,-0.04999920535849521,0.0,significant
0.4,smallworldness,0.0354884841336918,500,two_sample_t_p_value,500.0,6.0,,3.790442338479296e-09,7.727101761193606e-10,-0.04999999620955766,0.0,significant
0.4,smallworldness,0.0354884841336918,1000,two_sample_t_p_value,1000.0,0.5,,0.6171850808338747,0.0249795512126763,0.5671850808338746,8.298420320928942e-200,non-significant
0.4,smallworldness,0.0354884841336918,1000,two_sample_t_p_value,1000.0,1.0,,0.31755241808467255,0.0171657648385232,0.26755241808467256,1.461175763014098e-117,non-significant
0.4,smallworldness,0.0354884841336918,1000,two_sample_t_p_value,1000.0,2.0,,0.04577034649325166,0.0038388016794249,-0.0042296535067483446,0.13624785644658222,significant
0.4,smallworldness,0.0354884841336918,1000,two_sample_t_p_value,1000.0,3.0,,0.0027667090442381925,0.0003194406901371,-0.04723329095576181,0.0,significant
0.4,smallworldness,0.0354884841336918,1000,two_sample_t_p_value,1000.0,4.0,,6.800991920878163e-05,1.0037327834640178e-05,-0.04993199008079122,0.0,significant
0.4,smallworldness,0.0354884841336918,1000,two_sample_t_p_value,1000.0,5.0,,6.767256364648635e-07,1.2151343795712974e-07,-0.04999932327436354,0.0,significant
0.4,smallworldness,0.0354884841336918,1000,two_sample_t_p_value,1000.0,6.0,,2.7553691733774752e-09,5.812478436433577e-10,-0.04999999724463083,0.0,significant
0.5,smallworldness,0.0397091509227995,30,two_sample_t_p_value,30.0,0.5,,0.6207230048851272,0.0276279260480107,0.5707230048851272,1.0695312372846632e-164,non-significant
0.5,smallworldness,0.0397091509227995,30,two_sample_t_p_value,30.0,1.0,,0.3253086154260302,0.0189010270978413,0.2753086154260302,4.511613925324491e-103,non-significant
0.5,smallworldness,0.0397091509227995,30,two_sample_t_p_value,30.0,2.0,,0.054625044962983094,0.0045151111403073,0.004625044962983091,0.15230694638069006,non-significant
0.5,smallworldness,0.0397091509227995,30,two_sample_t_p_value,30.0,3.0,,0.005389964065651945,0.0005383816513994,-0.044610035934348057,0.0,significant
0.5,smallworldness,0.0397091509227995,30,two_sample_t_p_value,30.0,4.0,,0.0003818456360837564,4.167208863094586e-05,-0.04961815436391625,0.0,significant
0.5,smallworldness,0.0397091509227995,30,two_sample_t_p_value,30.0,5.0,,2.32966854670078e-05,2.611980750609326e-06,-0.049976703314532994,0.0,significant
0.5,smallworldness,0.0397091509227995,30,two_sample_t_p_value,30.0,6.0,,1.3942768767204764e-06,1.54760690328993e-07,-0.049998605723123285,0.0,significant
0.5,smallworldness,0.0397091509227995,50,two_sample_t_p_value,50.0,0.5,,0.6192685675117714,0.0277603386553029,0.5692685675117714,1.0092384774635765e-162,non-significant
0.5,smallworldness,0.0397091509227995,50,two_sample_t_p_value,50.0,1.0,,0.32212564510024433,0.0190263269200476,0.27212564510024434,2.16084367476851e-99,non-significant
0.5,smallworldness,0.0397091509227995,50,two_sample_t_p_value,50.0,2.0,,0.05094706873769324,0.004429488410906,0.0009470687376932352,0.4256205944310489,non-significant
0.5,smallworldness,0.0397091509227995,50,two_sample_t_p_value,50.0,3.0,,0.004201703187068241,0.0004630929275035,-0.04579829681293176,0.0,significant
0.5,smallworldness,0.0397091509227995,50,two_sample_t_p_value,50.0,4.0,,0.00020919024636403336,2.6547528085261665e-05,-0.04979080975363597,0.0,significant
0.5,smallworldness,0.0397091509227995,50,two_sample_t_p_value,50.0,5.0,,7.4332122472325795e-06,1.0193708932777064e-06,-0.04999256678775277,0.0,significant
0.5,smallworldness,0.0397091509227995,50,two_sample_t_p_value,50.0,6.0,,2.1889394850799978e-07,3.109452583147985e-08,-0.049999781106051494,0.0,significant
0.5,smallworldness,0.0397091509227995,75,two_sample_t_p_value,75.0,0.5,,0.6185389578679419,0.0278268408251128,0.5685389578679418,9.672765520692682e-162,non-significant
0.5,smallworldness,0.0397091509227995,75,two_sample_t_p_value,75.0,1.0,,0.3205260061237414,0.0190895002588478,0.2705260061237414,1.3959543094222954e-97,non-significant
0.5,smallworldness,0.0397091509227995,75,two_sample_t_p_value,75.0,2.0,,0.04912138289485513,0.0043841115598354,-0.0008786171051448702,0.4100514344073569,significant
0.5,smallworldness,0.0397091509227995,75,two_sample_t_p_value,75.0,3.0,,0.0036630774411349812,0.0004256946533325,-0.04633692255886502,0.0,significant
0.5,smallworldness,0.0397091509227995,75,two_sample_t_p_value,75.0,4.0,,0.00014717180322168836,2.0330036468252816e-05,-0.04985282819677832,0.0,significant
0.5,smallworldness,0.0397091509227995,75,two_sample_t_p_value,75.0,5.0,,3.657912410473166e-06,5.645612498444884e-07,-0.04999634208758953,0.0,significant
0.5,smallworldness,0.0397091509227995,75,two_sample_t_p_value,75.0,6.0,,6.480298590623212e-08,1.0701332840115113e-08,-0.049999935197014095,0.0,significant
0.5,smallworldness,0.0397091509227995,100,two_sample_t_p_value,100.0,0.5,,0.6181735658308866,0.0278601653106443,0.5681735658308865,2.984404861814692e-161,non-significant
0.5,smallworldness,0.0397091509227995,100,two_sample_t_p_value,100.0,1.0,,0.31972415578412333,0.0191212186763982,0.26972415578412334,1.1028775846634194e-96,non-significant
0.5,smallworldness,0.0397091509227995,100,two_sample_t_p_value,100.0,2.0,,0.04821217873113365,0.0043607512071673,-0.0017878212688663547,0.3322536512063431,significant
0.5,smallworldness,0.0397091509227995,100,two_sample_t_p_value,100.0,3.0,,0.0034079153433294465,0.0004071053392664,-0.04659208465667056,0.0,significant
0.5,smallworldness,0.0397091509227995,100,two_sample_t_p_value,100.0,4.0,,0.00012152364430076177,1.756371932587381e-05,-0.04987847635569924,0.0,significant
0.5,smallworldness,0.0397091509227995,100,two_sample_t_p_value,100.0,5.0,,2.450173413503802e-06,4.034495982788041e-07,-0.049997549826586496,0.0,significant
0.5,smallworldness,0.0397091509227995,100,two_sample_t_p_value,100.0,6.0,,3.172491502802852e-08,5.7020375317376784e-09,-0.049999968275084974,0.0,significant
0.5,smallworldness,0.0397091509227995,300,two_sample_t_p_value,300.0,0.5,,0.617441622554225,0.0279269602596903,0.5674416225542249,2.8217235877346138e-160,non-significant
0.5,smallworldness,0.0397091509227995,300,two_sample_t_p_value,300.0,1.0,,0.31811640443062633,0.0191849203034494,0.26811640443062634,6.651431642498685e-95,non-significant
0.5,smallworldness,0.0397091509227995,300,two_sample_t_p_value,300.0,2.0,,0.0464015209831491,0.0043126404616839,-0.0035984790168509043,0.19938189440736453,significant
0.5,smallworldness,0.0397091509227995,300,two_sample_t_p_value,300.0,3.0,,0.0029262198640661076,0.000370225589116,-0.0470737801359339,0.0,significant
0.5,smallworldness,0.0397091509227995,300,two_sample_t_p_value,300.0,4.0,,7.984004483719462e-05,1.271486203748602e-05,-0.04992015995516281,0.0,significant
0.5,smallworldness,0.0397091509227995,300,two_sample_t_p_value,300.0,5.0,,9.769154730247779e-07,1.856828352923533e-07,-0.04999902308452698,0.0,significant
0.5,smallworldness,0.0397091509227995,300,two_sample_t_p_value,300.0,6.0,,5.676439092359154e-09,1.239242613933597e-09,-0.04999999432356091,0.0,significant
0.5,smallworldness,0.0397091509227995,500,two_sample_t_p_value,500.0,0.5,,0.6172950500946657,0.0279403425155311,0.5672950500946656,4.417443931253179e-160,non-significant
0.5,smallworldness,0.0397091509227995,500,two_sample_t_p_value,500.0,1.0,,0.3177942072606085,0.0191977031381127,0.2677942072606085,1.501779373064085e-94,non-significant
0.5,smallworldness,0.0397091509227995,500,two_sample_t_p_value,500.0,2.0,,0.046040682769031456,0.0043027907057877,-0.003959317230968547,0.17736328501589416,significant
0.5,smallworldness,0.0397091509227995,500,two_sample_t_p_value,500.0,3.0,,0.002834491812851143,0.0003629068168756,-0.04716550818714886,0.0,significant
0.5,smallworldness,0.0397091509227995,500,two_sample_t_p_value,500.0,4.0,,7.291606940371305e-05,1.1853574779730596e-05,-0.04992708393059629,0.0,significant
0.5,smallworldness,0.0397091509227995,500,two_sample_t_p_value,500.0,5.0,,7.94641504790956e-07,1.5584543957813734e-07,-0.04999920535849521,0.0,significant
0.5,smallworldness,0.0397091509227995,500,two_sample_t_p_value,500.0,6.0,,3.790442338479296e-09,8.646090626896187e-10,-0.04999999620955766,0.0,significant
0.5,smallworldness,0.0397091509227995,1000,two_sample_t_p_value,1000.0,0.5,,0.6171850808338747,0.0279503842810311,0.5671850808338746,6.181008648268989e-160,non-significant
0.5,smallworldness,0.0397091509227995,1000,two_sample_t_p_value,1000.0,1.0,,0.31755241808467255,0.0192072995879549,0.26755241808467256,2.7628198882556345e-94,non-significant
0.5,smallworldness,0.0397091509227995,1000,two_sample_t_p_value,1000.0,2.0,,0.04577034649325166,0.0042953526748769,-0.0042296535067483446,0.1619208897887987,significant
0.5,smallworldness,0.0397091509227995,1000,two_sample_t_p_value,1000.0,3.0,,0.0027667090442381925,0.0003574319637816,-0.04723329095576181,0.0,significant
0.5,smallworldness,0.0397091509227995,1000,two_sample_t_p_value,1000.0,4.0,,6.800991920878163e-05,1.123107327847086e-05,-0.04993199008079122,0.0,significant
0.5,smallworldness,0.0397091509227995,1000,two_sample_t_p_value,1000.0,5.0,,6.767256364648635e-07,1.3596510430849845e-07,-0.04999932327436354,0.0,significant
0.5,smallworldness,0.0397091509227995,1000,two_sample_t_p_value,1000.0,6.0,,2.7553691733774752e-09,6.503759997140458e-10,-0.04999999724463083,0.0,significant
0.05,avg_shortestPathLength,0.0351138182966801,30,partial_correlation_p_value,30.0,0.05,,0.7858069815820645,0.0272520018152458,0.7358069815820645,2.0752002136419093e-183,non-significant
0.05,avg_shortestPathLength,0.0351138182966801,30,partial_correlation_p_value,30.0,0.1,,0.5860649647763356,0.0244270835384099,0.5360649647763356,5.5489523807565835e-196,non-significant
0.05,avg_shortestPathLength,0.0351138182966801,30,partial_correlation_p_value,30.0,0.2,,0.27242589732757794,0.0156348664187309,0.22242589732757795,1.849340004730355e-96,non-significant
0.05,avg_shortestPathLength,0.0351138182966801,30,partial_correlation_p_value,30.0,0.3,,0.09527344416868826,0.0071988228194105,0.045273444168688254,2.21049203519294e-14,non-significant
0.05,avg_shortestPathLength,0.0351138182966801,30,partial_correlation_p_value,30.0,0.4,,0.023307657869861772,0.0022553343987397,-0.02669234213013823,0.0,significant
0.05,avg_shortestPathLength,0.0351138182966801,30,partial_correlation_p_value,30.0,0.5,,0.0035685233088176825,0.000436063378412,-0.04643147669118232,0.0,significant
0.05,avg_shortestPathLength,0.0351138182966801,50,partial_correlation_p_value,50.0,0.05,,0.724830244916418,0.0264849959083854,0.674830244916418,4.545303576972375e-199,non-significant
0.05,avg_shortestPathLength,0.0351138182966801,50,partial_correlation_p_value,50.0,0.1,,0.4805913120761051,0.0220138509181834,0.4305913120761051,3.1893064071858734e-175,non-significant
0.05,avg_shortestPathLength,0.0351138182966801,50,partial_correlation_p_value,50.0,0.2,,0.15515112469544967,0.0103580728905842,0.10515112469544967,9.787373434924007e-43,non-significant
0.05,avg_shortestPathLength,0.0351138182966801,50,partial_correlation_p_value,50.0,0.3,,0.030712033725595562,0.0027934947870263,-0.01928796627440444,1.8654096045622737e-09,significant
0.05,avg_shortestPathLength,0.0351138182966801,50,partial_correlation_p_value,50.0,0.4,,0.003302727162238229,0.000393075759198,-0.046697272837761775,0.0,significant
0.05,avg_shortestPathLength,0.0351138182966801,50,partial_correlation_p_value,50.0,0.5,,0.0001605349566003264,2.4470041533243022e-05,-0.04983946504339968,0.0,significant
0.05,avg_shortestPathLength,0.0351138182966801,75,partial_correlation_p_value,75.0,0.05,,0.6658561263349685,0.0256249334793351,0.6158561263349684,3.242593882527564e-204,non-significant
0.05,avg_shortestPathLength,0.0351138182966801,75,partial_correlation_p_value,75.0,0.1,,0.3868655898413166,0.0193815044610287,0.3368655898413166,1.3900141467301187e-145,non-significant
0.05,avg_shortestPathLength,0.0351138182966801,75,partial_correlation_p_value,75.0,0.2,,0.08116706380718447,0.006207559740942,0.031167063807184467,4.004185456882207e-09,non-significant
0.05,avg_shortestPathLength,0.0351138182966801,75,partial_correlation_p_value,75.0,0.3,,0.008030434893107933,0.0008578607567463,-0.04196956510689207,0.0,significant
0.05,avg_shortestPathLength,0.0351138182966801,75,partial_correlation_p_value,75.0,0.4,,0.00031301084080057913,4.43832263976228e-05,-0.049686989159199425,0.0,significant
0.05,avg_shortestPathLength,0.0351138182966801,75,partial_correlation_p_value,75.0,0.5,,3.657912410473166e-06,6.701191529824268e-07,-0.04999634208758953,0.0,significant
0.05,avg_shortestPathLength,0.0351138182966801,100,partial_correlation_p_value,100.0,0.05,,0.6177343076882446,0.0248143880391802,0.5677343076882445,1.1758753532653486e-202,non-significant
0.05,avg_shortestPathLength,0.0351138182966801,100,partial_correlation_p_value,100.0,0.1,,0.3173043978741975,0.0170787836142525,0.2673043978741975,1.6115093857587088e-118,non-significant
0.05,avg_shortestPathLength,0.0351138182966801,100,partial_correlation_p_value,100.0,0.2,,0.043860884260170395,0.0037234098130346,-0.006139115739829608,0.05399750373371848,significant
0.05,avg_shortestPathLength,0.0351138182966801,100,partial_correlation_p_value,100.0,0.3,,0.0021883947254214523,0.0002636718239486,-0.04781160527457855,0.0,significant
0.05,avg_shortestPathLength,0.0351138182966801,100,partial_correlation_p_value,100.0,0.4,,3.109559952288662e-05,5.01579136679642e-06,-0.04996890440047712,0.0,significant
0.05,avg_shortestPathLength,0.0351138182966801,100,partial_correlation_p_value,100.0,0.5,,8.769694091866885e-08,1.8367385510170917e-08,-0.049999912303059085,0.0,significant
0.05,avg_shortestPathLength,0.0351138182966801,300,partial_correlation_p_value,300.0,0.05,,0.3865747744849377,0.0192868117873057,0.3365747744849377,9.313901281131936e-147,non-significant
0.05,avg_shortestPathLength,0.0351138182966801,300,partial_correlation_p_value,300.0,0.1,,0.0827480032540806,0.0062408369049061,0.0327480032540806,6.72054956579074e-10,non-significant
0.05,avg_shortestPathLength,0.0351138182966801,300,partial_correlation_p_value,300.0,0.2,,0.00047121211121644706,6.270910178047909e-05,-0.04952878788878356,0.0,significant
0.05,avg_shortestPathLength,0.0351138182966801,300,partial_correlation_p_value,300.0,0.3,,1.0680987893806553e-07,2.1109084226183368e-08,-0.04999989319012106,0.0,significant
0.05,avg_shortestPathLength,0.0351138182966801,300,partial_correlation_p_value,300.0,0.4,,4.961369134212258e-13,1.341326506674208e-13,-0.049999999999503865,0.0,significant
0.05,avg_shortestPathLength,0.0351138182966801,300,partial_correlation_p_value,300.0,0.5,,1.6558627351112573e-20,5.88085021128709e-21,-0.05,0.0,significant
0.05,avg_shortestPathLength,0.0351138182966801,500,partial_correlation_p_value,500.0,0.05,,0.2634924310858535,0.0150108518510199,0.21349243108585353,7.53080022511386e-96,non-significant
0.05,avg_shortestPathLength,0.0351138182966801,500,partial_correlation_p_value,500.0,0.1,,0.025054006060311104,0.002283582747769,-0.0249459939396889,0.0,significant
0.05,avg_shortestPathLength,0.0351138182966801,500,partial_correlation_p_value,500.0,0.2,,6.313699919191115e-06,1.0575681051178357e-06,-0.04999368630008081,0.0,significant
0.05,avg_shortestPathLength,0.0351138182966801,500,partial_correlation_p_value,500.0,0.3,,6.716109043816408e-12,1.692244398922194e-12,-0.049999999993283896,0.0,significant
0.05,avg_shortestPathLength,0.0351138182966801,500,partial_correlation_p_value,500.0,0.4,,1.0365018011564428e-20,3.591844888287496e-21,-0.05,0.0,significant
0.05,avg_shortestPathLength,0.0351138182966801,500,partial_correlation_p_value,500.0,0.5,,4.1307211551450724e-33,1.885475603813861e-33,-0.05,0.0,significant
0.05,avg_shortestPathLength,0.0351138182966801,1000,partial_correlation_p_value,1000.0,0.05,,0.11371053994288459,0.0080264319583688,0.06371053994288459,1.0890880904248333e-23,non-significant
0.05,avg_shortestPathLength,0.0351138182966801,1000,partial_correlation_p_value,1000.0,0.1,,0.0015273578790529936,0.000185057419831,-0.04847264212094701,0.0,significant
0.05,avg_shortestPathLength,0.0351138182966801,1000,partial_correlation_p_value,1000.0,0.2,,1.6849007397872172e-10,3.908478294732621e-11,-0.04999999983150993,0.0,significant
0.05,avg_shortestPathLength,0.0351138182966801,1000,partial_correlation_p_value,1000.0,0.3,,2.761398881915165e-22,9.743214541087039e-23,-0.05,0.0,significant
0.05,avg_shortestPathLength,0.0351138182966801,1000,partial_correlation_p_value,1000.0,0.4,,8.653026414338422e-40,4.217258178660419e-40,-0.05,0.0,significant
0.05,avg_shortestPathLength,0.0351138182966801,1000,partial_correlation_p_value,1000.0,0.5,,1.706877942166305e-64,1.098064535872682e-64,-0.05,0.0,significant
0.1,avg_shortestPathLength,0.030563543135895,30,partial_correlation_p_value,30.0,0.05,,0.7858069815820645,0.0237205115656278,0.7358069815820645,1.3849111507431598e-241,non-significant
0.1,avg_shortestPathLength,0.030563543135895,30,partial_correlation_p_value,30.0,0.1,,0.5860649647763356,0.0212616644280149,0.5360649647763356,4.179832166781585e-258,non-significant
0.1,avg_shortestPathLength,0.030563543135895,30,partial_correlation_p_value,30.0,0.2,,0.27242589732757794,0.0136087995379875,0.22242589732757795,1.0942980290659413e-126,non-significant
0.1,avg_shortestPathLength,0.030563543135895,30,partial_correlation_p_value,30.0,0.3,,0.09527344416868826,0.0062659529051991,0.045273444168688254,1.9931198344993857e-18,non-significant
0.1,avg_shortestPathLength,0.030563543135895,30,partial_correlation_p_value,30.0,0.4,,0.023307657869861772,0.0019630736139073,-0.02669234213013823,0.0,significant
0.1,avg_shortestPathLength,0.030563543135895,30,partial_correlation_p_value,30.0,0.5,,0.0035685233088176825,0.0003795554719647,-0.04643147669118232,0.0,significant
0.1,avg_shortestPathLength,0.030563543135895,50,partial_correlation_p_value,50.0,0.05,,0.724830244916418,0.0230528992335896,0.674830244916418,3.1513418010460024e-262,non-significant
0.1,avg_shortestPathLength,0.030563543135895,50,partial_correlation_p_value,50.0,0.1,,0.4805913120761051,0.0191611540630622,0.4305913120761051,1.125281094323971e-230,non-significant
0.1,avg_shortestPathLength,0.030563543135895,50,partial_correlation_p_value,50.0,0.2,,0.15515112469544967,0.0090158069658305,0.10515112469544967,8.521744549851413e-56,non-significant
0.1,avg_shortestPathLength,0.030563543135895,50,partial_correlation_p_value,50.0,0.3,,0.030712033725595562,0.0024314957063854,-0.01928796627440444,6.621814208074284e-12,significant
0.1,avg_shortestPathLength,0.030563543135895,50,partial_correlation_p_value,50.0,0.4,,0.003302727162238229,0.0003421384658432,-0.046697272837761775,0.0,significant
0.1,avg_shortestPathLength,0.030563543135895,50,partial_correlation_p_value,50.0,0.5,,0.0001605349566003264,2.129905564867396e-05,-0.04983946504339968,0.0,significant
0.1,avg_shortestPathLength,0.030563543135895,75,partial_correlation_p_value,75.0,0.05,,0.6658561263349685,0.022304289243991,0.6158561263349684,5.3463427897399254e-269,non-significant
0.1,avg_shortestPathLength,0.030563543135895,75,partial_correlation_p_value,75.0,0.1,,0.3868655898413166,0.0168699240460898,0.3368655898413166,1.5538637081916273e-191,non-significant
0.1,avg_shortestPathLength,0.030563543135895,75,partial_correlation_p_value,75.0,0.2,,0.08116706380718447,0.0054031440929585,0.031167063807184467,1.6294754188401222e-11,non-significant
0.1,avg_shortestPathLength,0.030563543135895,75,partial_correlation_p_value,75.0,0.3,,0.008030434893107933,0.0007466936241988,-0.04196956510689207,0.0,significant
0.1,avg_shortestPathLength,0.030563543135895,75,partial_correlation_p_value,75.0,0.4,,0.00031301084080057913,3.8631761520569006e-05,-0.049686989159199425,0.0,significant
0.1,avg_shortestPathLength,0.030563543135895,75,partial_correlation_p_value,75.0,0.5,,3.657912410473166e-06,5.832807889281655e-07,-0.04999634208758953,0.0,significant
0.1,avg_shortestPathLength,0.030563543135895,100,partial_correlation_p_value,100.0,0.05,,0.6177343076882446,0.0215987795123388,0.5677343076882445,6.356151263781489e-267,non-significant
0.1,avg_shortestPathLength,0.030563543135895,100,partial_correlation_p_value,100.0,0.1,,0.3173043978741975,0.0148656046258625,0.2673043978741975,8.359311262452691e-156,non-significant
0.1,avg_shortestPathLength,0.030563543135895,100,partial_correlation_p_value,100.0,0.2,,0.043860884260170395,0.0032409063426764,-0.006139115739829608,0.03294095194962521,significant
0.1,avg_shortestPathLength,0.030563543135895,100,partial_correlation_p_value,100.0,0.3,,0.0021883947254214523,0.0002295035275539,-0.04781160527457855,0.0,significant
0.1,avg_shortestPathLength,0.030563543135895,100,partial_correlation_p_value,100.0,0.4,,3.109559952288662e-05,4.365812755094941e-06,-0.04996890440047712,0.0,significant
0.1,avg_shortestPathLength,0.030563543135895,100,partial_correlation_p_value,100.0,0.5,,8.769694091866885e-08,1.5987221172890718e-08,-0.049999912303059085,0.0,significant
0.1,avg_shortestPathLength,0.030563543135895,300,partial_correlation_p_value,300.0,0.05,,0.3865747744849377,0.01678750226007,0.3365747744849377,4.391690690635827e-193,non-significant
0.1,avg_shortestPathLength,0.030563543135895,300,partial_correlation_p_value,300.0,0.1,,0.0827480032540806,0.005432108987282,0.0327480032540806,1.5647693736309279e-12,non-significant
0.1,avg_shortestPathLength,0.030563543135895,300,partial_correlation_p_value,300.0,0.2,,0.00047121211121644706,5.458285171630316e-05,-0.04952878788878356,0.0,significant
0.1,avg_shortestPathLength,0.030563543135895,300,partial_correlation_p_value,300.0,0.3,,1.0680987893806553e-07,1.8373632877379065e-08,-0.04999989319012106,0.0,significant
0.1,avg_shortestPathLength,0.030563543135895,300,partial_correlation_p_value,300.0,0.4,,4.961369134212258e-13,1.1675087624957186e-13,-0.049999999999503865,0.0,significant
0.1,avg_shortestPathLength,0.030563543135895,300,partial_correlation_p_value,300.0,0.5,,1.6558627351112573e-20,5.1187716923796906e-21,-0.05,0.0,significant
0.1,avg_shortestPathLength,0.030563543135895,500,partial_correlation_p_value,500.0,0.05,,0.2634924310858535,0.0130656488046631,0.21349243108585353,7.021654649456812e-126,non-significant
0.1,avg_shortestPathLength,0.030563543135895,500,partial_correlation_p_value,500.0,0.1,,0.025054006060311104,0.0019876613595857,-0.0249459939396889,0.0,significant
0.1,avg_shortestPathLength,0.030563543135895,500,partial_correlation_p_value,500.0,0.2,,6.313699919191115e-06,9.205216056771512e-07,-0.04999368630008081,0.0,significant
0.1,avg_shortestPathLength,0.030563543135895,500,partial_correlation_p_value,500.0,0.3,,6.716109043816408e-12,1.4729524498287113e-12,-0.049999999993283896,0.0,significant
0.1,avg_shortestPathLength,0.030563543135895,500,partial_correlation_p_value,500.0,0.4,,1.0365018011564428e-20,3.126390449853132e-21,-0.05,0.0,significant
0.1,avg_shortestPathLength,0.030563543135895,500,partial_correlation_p_value,500.0,0.5,,4.1307211551450724e-33,1.6411435082891866e-33,-0.05,0.0,significant
0.1,avg_shortestPathLength,0.030563543135895,1000,partial_correlation_p_value,1000.0,0.05,,0.11371053994288459,0.0069863151114536,0.06371053994288459,1.1048118839657997e-30,non-significant
0.1,avg_shortestPathLength,0.030563543135895,1000,partial_correlation_p_value,1000.0,0.1,,0.0015273578790529936,0.0001610764852126,-0.04847264212094701,0.0,significant
0.1,avg_shortestPathLength,0.030563543135895,1000,partial_correlation_p_value,1000.0,0.2,,1.6849007397872172e-10,3.4019924562879014e-11,-0.04999999983150993,0.0,significant
0.1,avg_shortestPathLength,0.030563543135895,1000,partial_correlation_p_value,1000.0,0.3,,2.761398881915165e-22,8.480625928879625e-23,-0.05,0.0,significant
0.1,avg_shortestPathLength,0.030563543135895,1000,partial_correlation_p_value,1000.0,0.4,,8.653026414338422e-40,3.670758650331122e-40,-0.05,0.0,significant
0.1,avg_shortestPathLength,0.030563543135895,1000,partial_correlation_p_value,1000.0,0.5,,1.706877942166305e-64,9.557702476154324e-65,-0.05,0.0,significant
0.2,avg_shortestPathLength,0.0315754464419614,30,partial_correlation_p_value,30.0,0.05,,0.7858069815820645,0.0245058545465813,0.7358069815820645,1.893101223773242e-226,non-significant
0.2,avg_shortestPathLength,0.0315754464419614,30,partial_correlation_p_value,30.0,0.1,,0.5860649647763356,0.0219655994538567,0.5360649647763356,6.081715887958736e-242,non-significant
0.2,avg_shortestPathLength,0.0315754464419614,30,partial_correlation_p_value,30.0,0.2,,0.27242589732757794,0.014059362130906,0.22242589732757795,7.996349430543064e-119,non-significant
0.2,avg_shortestPathLength,0.0315754464419614,30,partial_correlation_p_value,30.0,0.3,,0.09527344416868826,0.0064734072056458,0.045273444168688254,2.2416052862856805e-17,non-significant
0.2,avg_shortestPathLength,0.0315754464419614,30,partial_correlation_p_value,30.0,0.4,,0.023307657869861772,0.0020280674096571,-0.02669234213013823,0.0,significant
0.2,avg_shortestPathLength,0.0315754464419614,30,partial_correlation_p_value,30.0,0.5,,0.0035685233088176825,0.00039212186308,-0.04643147669118232,0.0,significant
0.2,avg_shortestPathLength,0.0315754464419614,50,partial_correlation_p_value,50.0,0.05,,0.724830244916418,0.02381613878488,0.674830244916418,8.529696948488291e-246,non-significant
0.2,avg_shortestPathLength,0.0315754464419614,50,partial_correlation_p_value,50.0,0.1,,0.4805913120761051,0.0197955450123788,0.4305913120761051,3.0090965733069903e-216,non-significant
0.2,avg_shortestPathLength,0.0315754464419614,50,partial_correlation_p_value,50.0,0.2,,0.15515112469544967,0.0093143039311534,0.10515112469544967,2.1244873043350794e-52,non-significant
0.2,avg_shortestPathLength,0.0315754464419614,50,partial_correlation_p_value,50.0,0.3,,0.030712033725595562,0.0025119981053723,-0.01928796627440444,2.864375403532904e-11,significant
0.2,avg_shortestPathLength,0.0315754464419614,50,partial_correlation_p_value,50.0,0.4,,0.003302727162238229,0.0003534660479622,-0.046697272837761775,0.0,significant
0.2,avg_shortestPathLength,0.0315754464419614,50,partial_correlation_p_value,50.0,0.5,,0.0001605349566003264,2.200422862980236e-05,-0.04983946504339968,0.0,significant
0.2,avg_shortestPathLength,0.0315754464419614,75,partial_correlation_p_value,75.0,0.05,,0.6658561263349685,0.0230427436805432,0.6158561263349684,3.8282379671781093e-252,non-significant
0.2,avg_shortestPathLength,0.0315754464419614,75,partial_correlation_p_value,75.0,0.1,,0.3868655898413166,0.0174284565381974,0.3368655898413166,1.4011211629682201e-179,non-significant
0.2,avg_shortestPathLength,0.0315754464419614,75,partial_correlation_p_value,75.0,0.2,,0.08116706380718447,0.0055820323634221,0.031167063807184467,6.801767365217085e-11,non-significant
0.2,avg_shortestPathLength,0.0315754464419614,75,partial_correlation_p_value,75.0,0.3,,0.008030434893107933,0.0007714152915653,-0.04196956510689207,0.0,significant
0.2,avg_shortestPathLength,0.0315754464419614,75,partial_correlation_p_value,75.0,0.4,,0.00031301084080057913,3.991078885807431e-05,-0.049686989159199425,0.0,significant
0.2,avg_shortestPathLength,0.0315754464419614,75,partial_correlation_p_value,75.0,0.5,,3.657912410473166e-06,6.025921546313207e-07,-0.04999634208758953,0.0,significant
0.2,avg_shortestPathLength,0.0315754464419614,100,partial_correlation_p_value,100.0,0.05,,0.6177343076882446,0.0223138758052769,0.5677343076882445,3.341639608380484e-250,non-significant
0.2,avg_shortestPathLength,0.0315754464419614,100,partial_correlation_p_value,100.0,0.1,,0.3173043978741975,0.0153577777486154,0.2673043978741975,4.1898836760160785e-146,non-significant
0.2,avg_shortestPathLength,0.0315754464419614,100,partial_correlation_p_value,100.0,0.2,,0.043860884260170395,0.003348206855193,-0.006139115739829608,0.03739273950086064,significant
0.2,avg_shortestPathLength,0.0315754464419614,100,partial_correlation_p_value,100.0,0.3,,0.0021883947254214523,0.0002371019717936,-0.04781160527457855,0.0,significant
0.2,avg_shortestPathLength,0.0315754464419614,100,partial_correlation_p_value,100.0,0.4,,3.109559952288662e-05,4.5103568722774485e-06,-0.04996890440047712,0.0,significant
0.2,avg_shortestPathLength,0.0315754464419614,100,partial_correlation_p_value,100.0,0.5,,8.769694091866885e-08,1.6516528978851977e-08,-0.049999912303059085,0.0,significant
0.2,avg_shortestPathLength,0.0315754464419614,300,partial_correlation_p_value,300.0,0.05,,0.3865747744849377,0.0173433059168003,0.3365747744849377,4.957260533750359e-181,non-significant
0.2,avg_shortestPathLength,0.0315754464419614,300,partial_correlation_p_value,300.0,0.1,,0.0827480032540806,0.005611956232698,0.0327480032540806,7.552832708091491e-12,non-significant
0.2,avg_shortestPathLength,0.0315754464419614,300,partial_correlation_p_value,300.0,0.2,,0.00047121211121644706,5.638999062885259e-05,-0.04952878788878356,0.0,significant
0.2,avg_shortestPathLength,0.0315754464419614,300,partial_correlation_p_value,300.0,0.3,,1.0680987893806553e-07,1.8981950433049976e-08,-0.04999989319012106,0.0,significant
0.2,avg_shortestPathLength,0.0315754464419614,300,partial_correlation_p_value,300.0,0.4,,4.961369134212258e-13,1.206162853462136e-13,-0.049999999999503865,0.0,significant
0.2,avg_shortestPathLength,0.0315754464419614,300,partial_correlation_p_value,300.0,0.5,,1.6558627351112573e-20,5.2882449100458335e-21,-0.05,0.0,significant
0.2,avg_shortestPathLength,0.0315754464419614,500,partial_correlation_p_value,500.0,0.05,,0.2634924310858535,0.0134982286650071,0.21349243108585353,4.558392723999814e-118,non-significant
0.2,avg_shortestPathLength,0.0315754464419614,500,partial_correlation_p_value,500.0,0.1,,0.025054006060311104,0.0020534692108601,-0.0249459939396889,0.0,significant
0.2,avg_shortestPathLength,0.0315754464419614,500,partial_correlation_p_value,500.0,0.2,,6.313699919191115e-06,9.509984012485488e-07,-0.04999368630008081,0.0,significant
0.2,avg_shortestPathLength,0.0315754464419614,500,partial_correlation_p_value,500.0,0.3,,6.716109043816408e-12,1.5217192255599513e-12,-0.049999999993283896,0.0,significant
0.2,avg_shortestPathLength,0.0315754464419614,500,partial_correlation_p_value,500.0,0.4,,1.0365018011564428e-20,3.229899549508052e-21,-0.05,0.0,significant
0.2,avg_shortestPathLength,0.0315754464419614,500,partial_correlation_p_value,500.0,0.5,,4.1307211551450724e-33,1.695478783960052e-33,-0.05,0.0,significant
0.2,avg_shortestPathLength,0.0315754464419614,1000,partial_correlation_p_value,1000.0,0.05,,0.11371053994288459,0.0072176192939258,0.06371053994288459,7.270546519208289e-29,non-significant
0.2,avg_shortestPathLength,0.0315754464419614,1000,partial_correlation_p_value,1000.0,0.1,,0.0015273578790529936,0.0001664094345762,-0.04847264212094701,0.0,significant
0.2,avg_shortestPathLength,0.0315754464419614,1000,partial_correlation_p_value,1000.0,0.2,,1.6849007397872172e-10,3.5146262369469135e-11,-0.04999999983150993,0.0,significant
0.2,avg_shortestPathLength,0.0315754464419614,1000,partial_correlation_p_value,1000.0,0.3,,2.761398881915165e-22,8.761404023774886e-23,-0.05,0.0,significant
0.2,avg_shortestPathLength,0.0315754464419614,1000,partial_correlation_p_value,1000.0,0.4,,8.653026414338422e-40,3.792290790682987e-40,-0.05,0.0,significant
0.2,avg_shortestPathLength,0.0315754464419614,1000,partial_correlation_p_value,1000.0,0.5,,1.706877942166305e-64,9.874140615901967e-65,-0.05,0.0,significant
0.3,avg_shortestPathLength,0.0244643192954368,30,partial_correlation_p_value,30.0,0.05,,0.7858069815820645,0.0189868748597765,0.7358069815820645,0.0,non-significant
0.3,avg_shortestPathLength,0.0244643192954368,30,partial_correlation_p_value,30.0,0.1,,0.5860649647763356,0.0170187122941417,0.5360649647763356,0.0,non-significant
0.3,avg_shortestPathLength,0.0244643192954368,30,partial_correlation_p_value,30.0,0.2,,0.27242589732757794,0.0108930439001986,0.22242589732757795,1.398611315396465e-196,non-significant
0.3,avg_shortestPathLength,0.0244643192954368,30,partial_correlation_p_value,30.0,0.3,,0.09527344416868826,0.0050155268936385,0.045273444168688254,9.597864814748266e-28,non-significant
0.3,avg_shortestPathLength,0.0244643192954368,30,partial_correlation_p_value,30.0,0.4,,0.023307657869861772,0.0015713250089343,-0.02669234213013823,0.0,significant
0.3,avg_shortestPathLength,0.0244643192954368,30,partial_correlation_p_value,30.0,0.5,,0.0035685233088176825,0.0003038118393272,-0.04643147669118232,0.0,significant
0.3,avg_shortestPathLength,0.0244643192954368,50,partial_correlation_p_value,50.0,0.05,,0.724830244916418,0.018452490440276,0.674830244916418,0.0,non-significant
0.3,avg_shortestPathLength,0.0244643192954368,50,partial_correlation_p_value,50.0,0.1,,0.4805913120761051,0.0153373772465953,0.4305913120761051,0.0,non-significant
0.3,avg_shortestPathLength,0.0244643192954368,50,partial_correlation_p_value,50.0,0.2,,0.15515112469544967,0.0072166233913848,0.10515112469544967,5.709086866916199e-86,non-significant
0.3,avg_shortestPathLength,0.0244643192954368,50,partial_correlation_p_value,50.0,0.3,,0.030712033725595562,0.0019462693530658,-0.01928796627440444,0.0,significant
0.3,avg_shortestPathLength,0.0244643192954368,50,partial_correlation_p_value,50.0,0.4,,0.003302727162238229,0.0002738617258615,-0.046697272837761775,0.0,significant
0.3,avg_shortestPathLength,0.0244643192954368,50,partial_correlation_p_value,50.0,0.5,,0.0001605349566003264,1.704864176786086e-05,-0.04983946504339968,0.0,significant
0.3,avg_shortestPathLength,0.0244643192954368,75,partial_correlation_p_value,75.0,0.05,,0.6658561263349685,0.0178532721581592,0.6158561263349684,0.0,non-significant
0.3,avg_shortestPathLength,0.0244643192954368,75,partial_correlation_p_value,75.0,0.1,,0.3868655898413166,0.0135033823309773,0.3368655898413166,8.302219373902049e-298,non-significant
0.3,avg_shortestPathLength,0.0244643192954368,75,partial_correlation_p_value,75.0,0.2,,0.08116706380718447,0.0043248991683215,0.031167063807184467,5.265384250468126e-17,non-significant
0.3,avg_shortestPathLength,0.0244643192954368,75,partial_correlation_p_value,75.0,0.3,,0.008030434893107933,0.0005976843442871,-0.04196956510689207,0.0,significant
0.3,avg_shortestPathLength,0.0244643192954368,75,partial_correlation_p_value,75.0,0.4,,0.00031301084080057913,3.092245374111772e-05,-0.049686989159199425,0.0,significant
0.3,avg_shortestPathLength,0.0244643192954368,75,partial_correlation_p_value,75.0,0.5,,3.657912410473166e-06,4.668819775176586e-07,-0.04999634208758953,0.0,significant
0.3,avg_shortestPathLength,0.0244643192954368,100,partial_correlation_p_value,100.0,0.05,,0.6177343076882446,0.0172885530984469,0.5677343076882445,0.0,non-significant
0.3,avg_shortestPathLength,0.0244643192954368,100,partial_correlation_p_value,100.0,0.1,,0.3173043978741975,0.0118990424791328,0.2673043978741975,5.024319553314995e-242,non-significant
0.3,avg_shortestPathLength,0.0244643192954368,100,partial_correlation_p_value,100.0,0.2,,0.043860884260170395,0.0025941549780832,-0.006139115739829608,0.01108395504241344,significant
0.3,avg_shortestPathLength,0.0244643192954368,100,partial_correlation_p_value,100.0,0.3,,0.0021883947254214523,0.000183704080137,-0.04781160527457855,0.0,significant
0.3,avg_shortestPathLength,0.0244643192954368,100,partial_correlation_p_value,100.0,0.4,,3.109559952288662e-05,3.4945764223028005e-06,-0.04996890440047712,0.0,significant
0.3,avg_shortestPathLength,0.0244643192954368,100,partial_correlation_p_value,100.0,0.5,,8.769694091866885e-08,1.2796830579535258e-08,-0.049999912303059085,0.0,significant
0.3,avg_shortestPathLength,0.0244643192954368,300,partial_correlation_p_value,300.0,0.05,,0.3865747744849377,0.013437408537261,0.3365747744849377,3.184553586573981e-300,non-significant
0.3,avg_shortestPathLength,0.0244643192954368,300,partial_correlation_p_value,300.0,0.1,,0.0827480032540806,0.0043480838632352,0.0327480032540806,1.3901048389050603e-18,non-significant
0.3,avg_shortestPathLength,0.0244643192954368,300,partial_correlation_p_value,300.0,0.2,,0.00047121211121644706,4.369036359776152e-05,-0.04952878788878356,0.0,significant
0.3,avg_shortestPathLength,0.0244643192954368,300,partial_correlation_p_value,300.0,0.3,,1.0680987893806553e-07,1.4707012839798291e-08,-0.04999989319012106,0.0,significant
0.3,avg_shortestPathLength,0.0244643192954368,300,partial_correlation_p_value,300.0,0.4,,4.961369134212258e-13,9.345221206493849e-14,-0.049999999999503865,0.0,significant
0.3,avg_shortestPathLength,0.0244643192954368,300,partial_correlation_p_value,300.0,0.5,,1.6558627351112573e-20,4.097275781345797e-21,-0.05,0.0,significant
0.3,avg_shortestPathLength,0.0244643192954368,500,partial_correlation_p_value,500.0,0.05,,0.2634924310858535,0.0104582836727434,0.21349243108585353,2.569739877216141e-195,non-significant
0.3,avg_shortestPathLength,0.0244643192954368,500,partial_correlation_p_value,500.0,0.1,,0.025054006060311104,0.0015910060537123,-0.0249459939396889,0.0,significant
0.3,avg_shortestPathLength,0.0244643192954368,500,partial_correlation_p_value,500.0,0.2,,6.313699919191115e-06,7.368234232367425e-07,-0.04999368630008081,0.0,significant
0.3,avg_shortestPathLength,0.0244643192954368,500,partial_correlation_p_value,500.0,0.3,,6.716109043816408e-12,1.1790118337845722e-12,-0.049999999993283896,0.0,significant
0.3,avg_shortestPathLength,0.0244643192954368,500,partial_correlation_p_value,500.0,0.4,,1.0365018011564428e-20,2.5024917388450414e-21,-0.05,0.0,significant
0.3,avg_shortestPathLength,0.0244643192954368,500,partial_correlation_p_value,500.0,0.5,,4.1307211551450724e-33,1.3136388872815902e-33,-0.05,0.0,significant
0.3,avg_shortestPathLength,0.0244643192954368,1000,partial_correlation_p_value,1000.0,0.05,,0.11371053994288459,0.005592134486018,0.06371053994288459,8.019864493551613e-47,non-significant
0.3,avg_shortestPathLength,0.0244643192954368,1000,partial_correlation_p_value,1000.0,0.1,,0.0015273578790529936,0.0001289322559137,-0.04847264212094701,0.0,significant
0.3,avg_shortestPathLength,0.0244643192954368,1000,partial_correlation_p_value,1000.0,0.2,,1.6849007397872172e-10,2.723094940964127e-11,-0.04999999983150993,0.0,significant
0.3,avg_shortestPathLength,0.0244643192954368,1000,partial_correlation_p_value,1000.0,0.3,,2.761398881915165e-22,6.788242437298033e-23,-0.05,0.0,significant
0.3,avg_shortestPathLength,0.0244643192954368,1000,partial_correlation_p_value,1000.0,0.4,,8.653026414338422e-40,2.938226477175664e-40,-0.05,0.0,significant
0.3,avg_shortestPathLength,0.0244643192954368,1000,partial_correlation_p_value,1000.0,0.5,,1.706877942166305e-64,7.650378886629014e-65,-0.05,0.0,significant
0.4,avg_shortestPathLength,0.0309119068207723,30,partial_correlation_p_value,30.0,0.05,,0.7858069815820645,0.0239908782825832,0.7358069815820645,3.3119584128315525e-236,non-significant
0.4,avg_shortestPathLength,0.0309119068207723,30,partial_correlation_p_value,30.0,0.1,,0.5860649647763356,0.0215040051714894,0.5360649647763356,2.3164667959808034e-252,non-significant
0.4,avg_shortestPathLength,0.0309119068207723,30,partial_correlation_p_value,30.0,0.2,,0.27242589732757794,0.0137639128222272,0.22242589732757795,6.816500055257711e-124,non-significant
0.4,avg_shortestPathLength,0.0309119068207723,30,partial_correlation_p_value,30.0,0.3,,0.09527344416868826,0.0063373723225624,0.045273444168688254,4.709058243542177e-18,non-significant
0.4,avg_shortestPathLength,0.0309119068207723,30,partial_correlation_p_value,30.0,0.4,,0.023307657869861772,0.0019854487539487,-0.02669234213013823,0.0,significant
0.4,avg_shortestPathLength,0.0309119068207723,30,partial_correlation_p_value,30.0,0.5,,0.0035685233088176825,0.0003838816504526,-0.04643147669118232,0.0,significant
0.4,avg_shortestPathLength,0.0309119068207723,50,partial_correlation_p_value,50.0,0.05,,0.724830244916418,0.0233156564960055,0.674830244916418,2.1775076068170495e-256,non-significant
0.4,avg_shortestPathLength,0.0309119068207723,50,partial_correlation_p_value,50.0,0.1,,0.4805913120761051,0.0193795531605173,0.4305913120761051,1.507017103294086e-225,non-significant
0.4,avg_shortestPathLength,0.0309119068207723,50,partial_correlation_p_value,50.0,0.2,,0.15515112469544967,0.0091185692575842,0.10515112469544967,1.3725042295579936e-54,non-significant
0.4,avg_shortestPathLength,0.0309119068207723,50,partial_correlation_p_value,50.0,0.3,,0.030712033725595562,0.0024592099278771,-0.01928796627440444,1.1140754985206058e-11,significant
0.4,avg_shortestPathLength,0.0309119068207723,50,partial_correlation_p_value,50.0,0.4,,0.003302727162238229,0.0003460381647809,-0.046697272837761775,0.0,significant
0.4,avg_shortestPathLength,0.0309119068207723,50,partial_correlation_p_value,50.0,0.5,,0.0001605349566003264,2.154182257779562e-05,-0.04983946504339968,0.0,significant
0.4,avg_shortestPathLength,0.0309119068207723,75,partial_correlation_p_value,75.0,0.05,,0.6658561263349685,0.0225585138394529,0.6158561263349684,5.219940349930136e-263,non-significant
0.4,avg_shortestPathLength,0.0309119068207723,75,partial_correlation_p_value,75.0,0.1,,0.3868655898413166,0.0170622076723097,0.3368655898413166,2.7527044611153665e-187,non-significant
0.4,avg_shortestPathLength,0.0309119068207723,75,partial_correlation_p_value,75.0,0.2,,0.08116706380718447,0.0054647292036172,0.031167063807184467,2.7069637529950282e-11,non-significant
0.4,avg_shortestPathLength,0.0309119068207723,75,partial_correlation_p_value,75.0,0.3,,0.008030434893107933,0.0007552044483936,-0.04196956510689207,0.0,significant
0.4,avg_shortestPathLength,0.0309119068207723,75,partial_correlation_p_value,75.0,0.4,,0.00031301084080057913,3.907208686952376e-05,-0.049686989159199425,0.0,significant
0.4,avg_shortestPathLength,0.0309119068207723,75,partial_correlation_p_value,75.0,0.5,,3.657912410473166e-06,5.899290313798241e-07,-0.04999634208758953,0.0,significant
0.4,avg_shortestPathLength,0.0309119068207723,100,partial_correlation_p_value,100.0,0.05,,0.6177343076882446,0.0218449626981793,0.5677343076882445,5.560589057228824e-261,non-significant
0.4,avg_shortestPathLength,0.0309119068207723,100,partial_correlation_p_value,100.0,0.1,,0.3173043978741975,0.0150350429917734,0.2673043978741975,2.339647436781628e-152,non-significant
0.4,avg_shortestPathLength,0.0309119068207723,100,partial_correlation_p_value,100.0,0.2,,0.043860884260170395,0.003277846237729,-0.006139115739829608,0.03445429592210769,significant
0.4,avg_shortestPathLength,0.0309119068207723,100,partial_correlation_p_value,100.0,0.3,,0.0021883947254214523,0.0002321194119164,-0.04781160527457855,0.0,significant
0.4,avg_shortestPathLength,0.0309119068207723,100,partial_correlation_p_value,100.0,0.4,,3.109559952288662e-05,4.4155743489025325e-06,-0.04996890440047712,0.0,significant
0.4,avg_shortestPathLength,0.0309119068207723,100,partial_correlation_p_value,100.0,0.5,,8.769694091866885e-08,1.6169443739625652e-08,-0.049999912303059085,0.0,significant
0.4,avg_shortestPathLength,0.0309119068207723,300,partial_correlation_p_value,300.0,0.05,,0.3865747744849377,0.0169788464416396,0.3365747744849377,8.426429857203663e-189,non-significant
0.4,avg_shortestPathLength,0.0309119068207723,300,partial_correlation_p_value,300.0,0.1,,0.0827480032540806,0.0054940242402045,0.0327480032540806,2.737177462757426e-12,non-significant
0.4,avg_shortestPathLength,0.0309119068207723,300,partial_correlation_p_value,300.0,0.2,,0.00047121211121644706,5.520498781061844e-05,-0.04952878788878356,0.0,significant
0.4,avg_shortestPathLength,0.0309119068207723,300,partial_correlation_p_value,300.0,0.3,,1.0680987893806553e-07,1.8583055797532235e-08,-0.04999989319012106,0.0,significant
0.4,avg_shortestPathLength,0.0309119068207723,300,partial_correlation_p_value,300.0,0.4,,4.961369134212258e-13,1.1808160434225782e-13,-0.049999999999503865,0.0,significant
0.4,avg_shortestPathLength,0.0309119068207723,300,partial_correlation_p_value,300.0,0.5,,1.6558627351112573e-20,5.177115522506793e-21,-0.05,0.0,significant
0.4,avg_shortestPathLength,0.0309119068207723,500,partial_correlation_p_value,500.0,0.05,,0.2634924310858535,0.0132145712493767,0.21349243108585353,4.193774763628112e-123,non-significant
0.4,avg_shortestPathLength,0.0309119068207723,500,partial_correlation_p_value,500.0,0.1,,0.025054006060311104,0.0020103167510903,-0.0249459939396889,0.0,significant
0.4,avg_shortestPathLength,0.0309119068207723,500,partial_correlation_p_value,500.0,0.2,,6.313699919191115e-06,9.310137235947972e-07,-0.04999368630008081,0.0,significant
0.4,avg_shortestPathLength,0.0309119068207723,500,partial_correlation_p_value,500.0,0.3,,6.716109043816408e-12,1.4897411821033e-12,-0.049999999993283896,0.0,significant
0.4,avg_shortestPathLength,0.0309119068207723,500,partial_correlation_p_value,500.0,0.4,,1.0365018011564428e-20,3.1620250911849128e-21,-0.05,0.0,significant
0.4,avg_shortestPathLength,0.0309119068207723,500,partial_correlation_p_value,500.0,0.5,,4.1307211551450724e-33,1.6598492845605458e-33,-0.05,0.0,significant
0.4,avg_shortestPathLength,0.0309119068207723,1000,partial_correlation_p_value,1000.0,0.05,,0.11371053994288459,0.0070659452271479,0.06371053994288459,4.8904025026859676e-30,non-significant
0.4,avg_shortestPathLength,0.0309119068207723,1000,partial_correlation_p_value,1000.0,0.1,,0.0015273578790529936,0.0001629124372056,-0.04847264212094701,0.0,significant
0.4,avg_shortestPathLength,0.0309119068207723,1000,partial_correlation_p_value,1000.0,0.2,,1.6849007397872172e-10,3.440768413078244e-11,-0.04999999983150993,0.0,significant
0.4,avg_shortestPathLength,0.0309119068207723,1000,partial_correlation_p_value,1000.0,0.3,,2.761398881915165e-22,8.57728821981607e-23,-0.05,0.0,significant
0.4,avg_shortestPathLength,0.0309119068207723,1000,partial_correlation_p_value,1000.0,0.4,,8.653026414338422e-40,3.712598007896402e-40,-0.05,0.0,significant
0.4,avg_shortestPathLength,0.0309119068207723,1000,partial_correlation_p_value,1000.0,0.5,,1.706877942166305e-64,9.666641300385198e-65,-0.05,0.0,significant
0.5,avg_shortestPathLength,0.0330051703414683,30,partial_correlation_p_value,30.0,0.05,,0.7858069815820645,0.0256154700824214,0.7358069815820645,2.175343803561263e-207,non-significant
0.5,avg_shortestPathLength,0.0330051703414683,30,partial_correlation_p_value,30.0,0.1,,0.5860649647763356,0.022960193229875,0.5360649647763356,1.3731703209868544e-221,non-significant
0.5,avg_shortestPathLength,0.0330051703414683,30,partial_correlation_p_value,30.0,0.2,,0.27242589732757794,0.0146959645646143,0.22242589732757795,6.40245623208655e-109,non-significant
0.5,avg_shortestPathLength,0.0330051703414683,30,partial_correlation_p_value,30.0,0.3,,0.09527344416868826,0.0067665205590916,0.045273444168688254,4.735559418001866e-16,non-significant
0.5,avg_shortestPathLength,0.0330051703414683,30,partial_correlation_p_value,30.0,0.4,,0.023307657869861772,0.0021198975109584,-0.02669234213013823,0.0,significant
0.5,avg_shortestPathLength,0.0330051703414683,30,partial_correlation_p_value,30.0,0.5,,0.0035685233088176825,0.0004098769881008,-0.04643147669118232,0.0,significant
0.5,avg_shortestPathLength,0.0330051703414683,50,partial_correlation_p_value,50.0,0.05,,0.724830244916418,0.0248945242600404,0.674830244916418,4.2079976587040955e-225,non-significant
0.5,avg_shortestPathLength,0.0330051703414683,50,partial_correlation_p_value,50.0,0.1,,0.4805913120761051,0.0206918795696743,0.4305913120761051,4.431497047045109e-198,non-significant
0.5,avg_shortestPathLength,0.0330051703414683,50,partial_correlation_p_value,50.0,0.2,,0.15515112469544967,0.009736051980294,0.10515112469544967,4.0347268436617276e-48,non-significant
0.5,avg_shortestPathLength,0.0330051703414683,50,partial_correlation_p_value,50.0,0.3,,0.030712033725595562,0.0026257403998278,-0.01928796627440444,1.8164769688411297e-10,significant
0.5,avg_shortestPathLength,0.0330051703414683,50,partial_correlation_p_value,50.0,0.4,,0.003302727162238229,0.0003694708527514,-0.046697272837761775,0.0,significant
0.5,avg_shortestPathLength,0.0330051703414683,50,partial_correlation_p_value,50.0,0.5,,0.0001605349566003264,2.300057151984094e-05,-0.04983946504339968,0.0,significant
0.5,avg_shortestPathLength,0.0330051703414683,75,partial_correlation_p_value,75.0,0.05,,0.6658561263349685,0.0240861101270269,0.6158561263349684,6.429214460836295e-231,non-significant
0.5,avg_shortestPathLength,0.0330051703414683,75,partial_correlation_p_value,75.0,0.1,,0.3868655898413166,0.0182176102526185,0.3368655898413166,1.5911300284811882e-164,non-significant
0.5,avg_shortestPathLength,0.0330051703414683,75,partial_correlation_p_value,75.0,0.2,,0.08116706380718447,0.0058347846116753,0.031167063807184467,4.124469694321884e-10,non-significant
0.5,avg_shortestPathLength,0.0330051703414683,75,partial_correlation_p_value,75.0,0.3,,0.008030434893107933,0.0008063446750919,-0.04196956510689207,0.0,significant
0.5,avg_shortestPathLength,0.0330051703414683,75,partial_correlation_p_value,75.0,0.4,,0.00031301084080057913,4.171793381114558e-05,-0.049686989159199425,0.0,significant
0.5,avg_shortestPathLength,0.0330051703414683,75,partial_correlation_p_value,75.0,0.5,,3.657912410473166e-06,6.298772923637468e-07,-0.04999634208758953,0.0,significant
0.5,avg_shortestPathLength,0.0330051703414683,100,partial_correlation_p_value,100.0,0.05,,0.6177343076882446,0.0233242393986492,0.5677343076882445,3.80332251382859e-229,non-significant
0.5,avg_shortestPathLength,0.0330051703414683,100,partial_correlation_p_value,100.0,0.1,,0.3173043978741975,0.016053171935072,0.2673043978741975,6.884869827175003e-134,non-significant
0.5,avg_shortestPathLength,0.0330051703414683,100,partial_correlation_p_value,100.0,0.2,,0.043860884260170395,0.0034998123556936,-0.006139115739829608,0.04393961338396368,significant
0.5,avg_shortestPathLength,0.0330051703414683,100,partial_correlation_p_value,100.0,0.3,,0.0021883947254214523,0.0002478378565994,-0.04781160527457855,0.0,significant
0.5,avg_shortestPathLength,0.0330051703414683,100,partial_correlation_p_value,100.0,0.4,,3.109559952288662e-05,4.714584072277718e-06,-0.04996890440047712,0.0,significant
0.5,avg_shortestPathLength,0.0330051703414683,100,partial_correlation_p_value,100.0,0.5,,8.769694091866885e-08,1.7264390969065408e-08,-0.049999912303059085,0.0,significant
0.5,avg_shortestPathLength,0.0330051703414683,300,partial_correlation_p_value,300.0,0.05,,0.3865747744849377,0.0181286040442958,0.3365747744849377,7.469700188680138e-166,non-significant
0.5,avg_shortestPathLength,0.0330051703414683,300,partial_correlation_p_value,300.0,0.1,,0.0827480032540806,0.0058660634220809,0.0327480032540806,5.499235130195674e-11,non-significant
0.5,avg_shortestPathLength,0.0330051703414683,300,partial_correlation_p_value,300.0,0.2,,0.00047121211121644706,5.894330741071446e-05,-0.04952878788878356,0.0,significant
0.5,avg_shortestPathLength,0.0330051703414683,300,partial_correlation_p_value,300.0,0.3,,1.0680987893806553e-07,1.9841445745120092e-08,-0.04999989319012106,0.0,significant
0.5,avg_shortestPathLength,0.0330051703414683,300,partial_correlation_p_value,300.0,0.4,,4.961369134212258e-13,1.260777437026679e-13,-0.049999999999503865,0.0,significant
0.5,avg_shortestPathLength,0.0330051703414683,300,partial_correlation_p_value,300.0,0.5,,1.6558627351112573e-20,5.527694576996248e-21,-0.05,0.0,significant
0.5,avg_shortestPathLength,0.0330051703414683,500,partial_correlation_p_value,500.0,0.05,,0.2634924310858535,0.0141094231942386,0.21349243108585353,3.1445884508326073e-108,non-significant
0.5,avg_shortestPathLength,0.0330051703414683,500,partial_correlation_p_value,500.0,0.1,,0.025054006060311104,0.0021464494958123,-0.0249459939396889,0.0,significant
0.5,avg_shortestPathLength,0.0330051703414683,500,partial_correlation_p_value,500.0,0.2,,6.313699919191115e-06,9.940592379387628e-07,-0.04999368630008081,0.0,significant
0.5,avg_shortestPathLength,0.0330051703414683,500,partial_correlation_p_value,500.0,0.3,,6.716109043816408e-12,1.5906220785764944e-12,-0.049999999993283896,0.0,significant
0.5,avg_shortestPathLength,0.0330051703414683,500,partial_correlation_p_value,500.0,0.4,,1.0365018011564428e-20,3.3761481413506497e-21,-0.05,0.0,significant
0.5,avg_shortestPathLength,0.0330051703414683,500,partial_correlation_p_value,500.0,0.5,,4.1307211551450724e-33,1.7722494020094358e-33,-0.05,0.0,significant
0.5,avg_shortestPathLength,0.0330051703414683,1000,partial_correlation_p_value,1000.0,0.05,,0.11371053994288459,0.0075444302804636,0.06371053994288459,1.4207899524350185e-26,non-significant
0.5,avg_shortestPathLength,0.0330051703414683,1000,partial_correlation_p_value,1000.0,0.1,,0.0015273578790529936,0.000173944388869,-0.04847264212094701,0.0,significant
0.5,avg_shortestPathLength,0.0330051703414683,1000,partial_correlation_p_value,1000.0,0.2,,1.6849007397872172e-10,3.673767142144671e-11,-0.04999999983150993,0.0,significant
0.5,avg_shortestPathLength,0.0330051703414683,1000,partial_correlation_p_value,1000.0,0.3,,2.761398881915165e-22,9.158116980757191e-23,-0.05,0.0,significant
0.5,avg_shortestPathLength,0.0330051703414683,1000,partial_correlation_p_value,1000.0,0.4,,8.653026414338422e-40,3.964004238576287e-40,-0.05,0.0,significant
0.5,avg_shortestPathLength,0.0330051703414683,1000,partial_correlation_p_value,1000.0,0.5,,1.706877942166305e-64,1.032123785177465e-64,-0.05,0.0,significant
0.05,betweeness,0.0626583545841557,30,partial_correlation_p_value,30.0,0.05,,0.7858069815820645,0.0486294477701154,0.7358069815820645,1.4935227502826212e-58,non-significant
0.05,betweeness,0.0626583545841557,30,partial_correlation_p_value,30.0,0.1,,0.5860649647763356,0.0435885624535226,0.5360649647763356,1.1619590347167808e-62,non-significant
0.05,betweeness,0.0626583545841557,30,partial_correlation_p_value,30.0,0.2,,0.27242589732757794,0.027899415428523,0.22242589732757795,1.5865817044419024e-31,non-significant
0.05,betweeness,0.0626583545841557,30,partial_correlation_p_value,30.0,0.3,,0.09527344416868826,0.0128458371856923,0.045273444168688254,1.3524419478974298e-05,non-significant
0.05,betweeness,0.0626583545841557,30,partial_correlation_p_value,30.0,0.4,,0.023307657869861772,0.0040244994511302,-0.02669234213013823,1.2652069258933807e-07,significant
0.05,betweeness,0.0626583545841557,30,partial_correlation_p_value,30.0,0.5,,0.0035685233088176825,0.0007781271052566,-0.04643147669118232,0.0,significant
0.05,betweeness,0.0626583545841557,50,partial_correlation_p_value,50.0,0.05,,0.724830244916418,0.0472607749680253,0.674830244916418,1.584493490685422e-63,non-significant
0.05,betweeness,0.0626583545841557,50,partial_correlation_p_value,50.0,0.1,,0.4805913120761051,0.0392823037625814,0.4305913120761051,3.3266605871299437e-56,non-significant
0.05,betweeness,0.0626583545841557,50,partial_correlation_p_value,50.0,0.2,,0.15515112469544967,0.018483316126521,0.10515112469544967,1.2968379343087327e-14,non-significant
0.05,betweeness,0.0626583545841557,50,partial_correlation_p_value,50.0,0.3,,0.030712033725595562,0.0049848121162896,-0.01928796627440444,0.00042347299781675396,significant
0.05,betweeness,0.0626583545841557,50,partial_correlation_p_value,50.0,0.4,,0.003302727162238229,0.000701418458402,-0.046697272837761775,0.0,significant
0.05,betweeness,0.0626583545841557,50,partial_correlation_p_value,50.0,0.5,,0.0001605349566003264,4.366521823757123e-05,-0.04983946504339968,0.0,significant
0.05,betweeness,0.0626583545841557,75,partial_correlation_p_value,75.0,0.05,,0.6658561263349685,0.0457260487759426,0.6158561263349684,3.425952919324095e-65,non-significant
0.05,betweeness,0.0626583545841557,75,partial_correlation_p_value,75.0,0.1,,0.3868655898413166,0.0345850504958714,0.3368655898413166,6.170510700571e-47,non-significant
0.05,betweeness,0.0626583545841557,75,partial_correlation_p_value,75.0,0.2,,0.08116706380718447,0.0110769918572783,0.031167063807184467,0.0006862001232447188,non-significant
0.05,betweeness,0.0626583545841557,75,partial_correlation_p_value,75.0,0.3,,0.008030434893107933,0.0015307974491947,-0.04196956510689207,0.0,significant
0.05,betweeness,0.0626583545841557,75,partial_correlation_p_value,75.0,0.4,,0.00031301084080057913,7.919901828147358e-05,-0.049686989159199425,0.0,significant
0.05,betweeness,0.0626583545841557,75,partial_correlation_p_value,75.0,0.5,,3.657912410473166e-06,1.1957846095358096e-06,-0.04999634208758953,0.0,significant
0.05,betweeness,0.0626583545841557,100,partial_correlation_p_value,100.0,0.05,,0.6177343076882446,0.0442796824717518,0.5677343076882445,9.740469793378646e-65,non-significant
0.05,betweeness,0.0626583545841557,100,partial_correlation_p_value,100.0,0.1,,0.3173043978741975,0.0304759929702399,0.2673043978741975,1.8719267413407383e-38,non-significant
0.05,betweeness,0.0626583545841557,100,partial_correlation_p_value,100.0,0.2,,0.043860884260170395,0.0066441857833873,-0.006139115739829608,0.1754146425432085,significant
0.05,betweeness,0.0626583545841557,100,partial_correlation_p_value,100.0,0.3,,0.0021883947254214523,0.0004705054431631,-0.04781160527457855,0.0,significant
0.05,betweeness,0.0626583545841557,100,partial_correlation_p_value,100.0,0.4,,3.109559952288662e-05,8.950357700364113e-06,-0.04996890440047712,0.0,significant
0.05,betweeness,0.0626583545841557,100,partial_correlation_p_value,100.0,0.5,,8.769694091866885e-08,3.2775420330433954e-08,-0.049999912303059085,0.0,significant
0.05,betweeness,0.0626583545841557,300,partial_correlation_p_value,300.0,0.05,,0.3865747744849377,0.0344160774985025,0.3365747744849377,2.631764784927831e-47,non-significant
0.05,betweeness,0.0626583545841557,300,partial_correlation_p_value,300.0,0.1,,0.0827480032540806,0.0111363728201119,0.0327480032540806,0.000382256337161916,non-significant
0.05,betweeness,0.0626583545841557,300,partial_correlation_p_value,300.0,0.2,,0.00047121211121644706,0.0001119003664544,-0.04952878788878356,0.0,significant
0.05,betweeness,0.0626583545841557,300,partial_correlation_p_value,300.0,0.3,,1.0680987893806553e-07,3.7667805683099366e-08,-0.04999989319012106,0.0,significant
0.05,betweeness,0.0626583545841557,300,partial_correlation_p_value,300.0,0.4,,4.961369134212258e-13,2.393511043379341e-13,-0.049999999999503865,0.0,significant
0.05,betweeness,0.0626583545841557,300,partial_correlation_p_value,300.0,0.5,,1.6558627351112573e-20,1.0493999675050218e-20,-0.05,0.0,significant
0.05,betweeness,0.0626583545841557,500,partial_correlation_p_value,500.0,0.05,,0.2634924310858535,0.0267859014916747,0.21349243108585353,2.4368865097583954e-31,non-significant
0.05,betweeness,0.0626583545841557,500,partial_correlation_p_value,500.0,0.1,,0.025054006060311104,0.0040749068165424,-0.0249459939396889,5.147673683980614e-07,significant
0.05,betweeness,0.0626583545841557,500,partial_correlation_p_value,500.0,0.2,,6.313699919191115e-06,1.8871623919530327e-06,-0.04999368630008081,0.0,significant
0.05,betweeness,0.0626583545841557,500,partial_correlation_p_value,500.0,0.3,,6.716109043816408e-12,3.019701494574953e-12,-0.049999999993283896,0.0,significant
0.05,betweeness,0.0626583545841557,500,partial_correlation_p_value,500.0,0.4,,1.0365018011564428e-20,6.409416621116469e-21,-0.05,0.0,significant
0.05,betweeness,0.0626583545841557,500,partial_correlation_p_value,500.0,0.5,,4.1307211551450724e-33,3.364510175035958e-33,-0.05,0.0,significant
0.05,betweeness,0.0626583545841557,1000,partial_correlation_p_value,1000.0,0.05,,0.11371053994288459,0.0143226525649768,0.06371053994288459,1.4120144036697164e-08,non-significant
0.05,betweeness,0.0626583545841557,1000,partial_correlation_p_value,1000.0,0.1,,0.0015273578790529936,0.0003302230857445,-0.04847264212094701,0.0,significant
0.05,betweeness,0.0626583545841557,1000,partial_correlation_p_value,1000.0,0.2,,1.6849007397872172e-10,6.974428608323327e-11,-0.04999999983150993,0.0,significant
0.05,betweeness,0.0626583545841557,1000,partial_correlation_p_value,1000.0,0.3,,2.761398881915165e-22,1.7386140873282743e-22,-0.05,0.0,significant
0.05,betweeness,0.0626583545841557,1000,partial_correlation_p_value,1000.0,0.4,,8.653026414338422e-40,7.525426488762654e-40,-0.05,0.0,significant
0.05,betweeness,0.0626583545841557,1000,partial_correlation_p_value,1000.0,0.5,,1.706877942166305e-64,1.95942567292666e-64,-0.05,0.0,significant
0.1,betweeness,0.0692786045549923,30,partial_correlation_p_value,30.0,0.05,,0.7858069815820645,0.0537674553401915,0.7358069815820645,3.980523918639529e-48,non-significant
0.1,betweeness,0.0692786045549923,30,partial_correlation_p_value,30.0,0.1,,0.5860649647763356,0.0481939687273846,0.5360649647763356,1.570981025846286e-51,non-significant
0.1,betweeness,0.0692786045549923,30,partial_correlation_p_value,30.0,0.2,,0.27242589732757794,0.0308471644621969,0.22242589732757795,4.29689865927811e-26,non-significant
0.1,betweeness,0.0692786045549923,30,partial_correlation_p_value,30.0,0.3,,0.09527344416868826,0.0142030808257201,0.045273444168688254,7.646534514120853e-05,non-significant
0.1,betweeness,0.0692786045549923,30,partial_correlation_p_value,30.0,0.4,,0.023307657869861772,0.0044497131764315,-0.02669234213013823,1.4859091872487795e-06,significant
0.1,betweeness,0.0692786045549923,30,partial_correlation_p_value,30.0,0.5,,0.0035685233088176825,0.0008603411368901,-0.04643147669118232,0.0,significant
0.1,betweeness,0.0692786045549923,50,partial_correlation_p_value,50.0,0.05,,0.724830244916418,0.0522541736325811,0.674830244916418,3.2806329122228777e-52,non-significant
0.1,betweeness,0.0692786045549923,50,partial_correlation_p_value,50.0,0.1,,0.4805913120761051,0.0434327266720969,0.4305913120761051,2.892345276064679e-46,non-significant
0.1,betweeness,0.0692786045549923,50,partial_correlation_p_value,50.0,0.2,,0.15515112469544967,0.0204361949382877,0.10515112469544967,3.0057869796016055e-12,non-significant
0.1,betweeness,0.0692786045549923,50,partial_correlation_p_value,50.0,0.3,,0.030712033725595562,0.0055114889255756,-0.01928796627440444,0.0012317298888419037,significant
0.1,betweeness,0.0692786045549923,50,partial_correlation_p_value,50.0,0.4,,0.003302727162238229,0.0007755277381556,-0.046697272837761775,0.0,significant
0.1,betweeness,0.0692786045549923,50,partial_correlation_p_value,50.0,0.5,,0.0001605349566003264,4.8278723678024536e-05,-0.04983946504339968,0.0,significant
0.1,betweeness,0.0692786045549923,75,partial_correlation_p_value,75.0,0.05,,0.6658561263349685,0.0505572939480263,0.6158561263349684,1.3833751108315987e-53,non-significant
0.1,betweeness,0.0692786045549923,75,partial_correlation_p_value,75.0,0.1,,0.3868655898413166,0.0382391790004615,0.3368655898413166,1.0769427228860941e-38,non-significant
0.1,betweeness,0.0692786045549923,75,partial_correlation_p_value,75.0,0.2,,0.08116706380718447,0.0122473458429007,0.031167063807184467,0.0019563174375162003,non-significant
0.1,betweeness,0.0692786045549923,75,partial_correlation_p_value,75.0,0.3,,0.008030434893107933,0.0016925358452258,-0.04196956510689207,0.0,significant
0.1,betweeness,0.0692786045549923,75,partial_correlation_p_value,75.0,0.4,,0.00031301084080057913,8.756689359431807e-05,-0.049686989159199425,0.0,significant
0.1,betweeness,0.0692786045549923,75,partial_correlation_p_value,75.0,0.5,,3.657912410473166e-06,1.3221267881478231e-06,-0.04999634208758953,0.0,significant
0.1,betweeness,0.0692786045549923,100,partial_correlation_p_value,100.0,0.05,,0.6177343076882446,0.048958109930273,0.5677343076882445,3.181325202687518e-53,non-significant
0.1,betweeness,0.0692786045549923,100,partial_correlation_p_value,100.0,0.1,,0.3173043978741975,0.0336959736561589,0.2673043978741975,9.243142042027632e-32,non-significant
0.1,betweeness,0.0692786045549923,100,partial_correlation_p_value,100.0,0.2,,0.043860884260170395,0.007346185876282,-0.006139115739829608,0.19674602347472958,significant
0.1,betweeness,0.0692786045549923,100,partial_correlation_p_value,100.0,0.3,,0.0021883947254214523,0.0005202173078785,-0.04781160527457855,0.0,significant
0.1,betweeness,0.0692786045549923,100,partial_correlation_p_value,100.0,0.4,,3.109559952288662e-05,9.8960193874298e-06,-0.04996890440047712,0.0,significant
0.1,betweeness,0.0692786045549923,100,partial_correlation_p_value,100.0,0.5,,8.769694091866885e-08,3.6238350005602616e-08,-0.049999912303059085,0.0,significant
0.1,betweeness,0.0692786045549923,300,partial_correlation_p_value,300.0,0.05,,0.3865747744849377,0.0380523529412251,0.3365747744849377,5.359106447069725e-39,non-significant
0.1,betweeness,0.0692786045549923,300,partial_correlation_p_value,300.0,0.1,,0.0827480032540806,0.0123130007786158,0.0327480032540806,0.0012051002666334872,non-significant
0.1,betweeness,0.0692786045549923,300,partial_correlation_p_value,300.0,0.2,,0.00047121211121644706,0.0001237233452523,-0.04952878788878356,0.0,significant
0.1,betweeness,0.0692786045549923,300,partial_correlation_p_value,300.0,0.3,,1.0680987893806553e-07,4.1647646697597935e-08,-0.04999989319012106,0.0,significant
0.1,betweeness,0.0692786045549923,300,partial_correlation_p_value,300.0,0.4,,4.961369134212258e-13,2.646400566576876e-13,-0.049999999999503865,0.0,significant
0.1,betweeness,0.0692786045549923,300,partial_correlation_p_value,300.0,0.5,,1.6558627351112573e-20,1.1602756863198243e-20,-0.05,0.0,significant
0.1,betweeness,0.0692786045549923,500,partial_correlation_p_value,500.0,0.05,,0.2634924310858535,0.0296160007616918,0.21349243108585353,6.084648368685915e-26,non-significant
0.1,betweeness,0.0692786045549923,500,partial_correlation_p_value,500.0,0.1,,0.025054006060311104,0.0045054463976152,-0.0249459939396889,4.744822255875469e-06,significant
0.1,betweeness,0.0692786045549923,500,partial_correlation_p_value,500.0,0.2,,6.313699919191115e-06,2.0865529896348013e-06,-0.04999368630008081,0.0,significant
0.1,betweeness,0.0692786045549923,500,partial_correlation_p_value,500.0,0.3,,6.716109043816408e-12,3.3387519845546284e-12,-0.049999999993283896,0.0,significant
0.1,betweeness,0.0692786045549923,500,partial_correlation_p_value,500.0,0.4,,1.0365018011564428e-20,7.08661187274147e-21,-0.05,0.0,significant
0.1,betweeness,0.0692786045549923,500,partial_correlation_p_value,500.0,0.5,,4.1307211551450724e-33,3.719991874738835e-33,-0.05,0.0,significant
0.1,betweeness,0.0692786045549923,1000,partial_correlation_p_value,1000.0,0.05,,0.11371053994288459,0.0158359310552098,0.06371053994288459,2.6930641613944427e-07,non-significant
0.1,betweeness,0.0692786045549923,1000,partial_correlation_p_value,1000.0,0.1,,0.0015273578790529936,0.0003651132354824,-0.04847264212094701,0.0,significant
0.1,betweeness,0.0692786045549923,1000,partial_correlation_p_value,1000.0,0.2,,1.6849007397872172e-10,7.711320936525798e-11,-0.04999999983150993,0.0,significant
0.1,betweeness,0.0692786045549923,1000,partial_correlation_p_value,1000.0,0.3,,2.761398881915165e-22,1.9223096206265852e-22,-0.05,0.0,significant
0.1,betweeness,0.0692786045549923,1000,partial_correlation_p_value,1000.0,0.4,,8.653026414338422e-40,8.320535214860001e-40,-0.05,0.0,significant
0.1,betweeness,0.0692786045549923,1000,partial_correlation_p_value,1000.0,0.5,,1.706877942166305e-64,2.1664513415727586e-64,-0.05,0.0,significant
0.2,betweeness,0.0973272887753488,30,partial_correlation_p_value,30.0,0.05,,0.7858069815820645,0.0755361729097269,0.7358069815820645,5.877390860186124e-25,non-significant
0.2,betweeness,0.0973272887753488,30,partial_correlation_p_value,30.0,0.1,,0.5860649647763356,0.067706160389489,0.5360649647763356,8.501326203778024e-27,non-significant
0.2,betweeness,0.0973272887753488,30,partial_correlation_p_value,30.0,0.2,,0.27242589732757794,0.0433361916395091,0.22242589732757795,5.368537879764893e-14,non-significant
0.2,betweeness,0.0973272887753488,30,partial_correlation_p_value,30.0,0.3,,0.09527344416868826,0.0199534525544202,0.045273444168688254,0.00392753837919294,non-significant
0.2,betweeness,0.0973272887753488,30,partial_correlation_p_value,30.0,0.4,,0.023307657869861772,0.0062512592750949,-0.02669234213013823,0.00038385669741836104,significant
0.2,betweeness,0.0973272887753488,30,partial_correlation_p_value,30.0,0.5,,0.0035685233088176825,0.0012086656596691,-0.04643147669118232,0.0,significant
0.2,betweeness,0.0973272887753488,50,partial_correlation_p_value,50.0,0.05,,0.724830244916418,0.0734102119914734,0.674830244916418,4.5677688399417066e-27,non-significant
0.2,betweeness,0.0973272887753488,50,partial_correlation_p_value,50.0,0.1,,0.4805913120761051,0.061017244187713,0.4305913120761051,3.5627369109965664e-24,non-significant
0.2,betweeness,0.0973272887753488,50,partial_correlation_p_value,50.0,0.2,,0.15515112469544967,0.0287101545853051,0.10515112469544967,5.894201400698684e-07,non-significant
0.2,betweeness,0.0973272887753488,50,partial_correlation_p_value,50.0,0.3,,0.030712033725595562,0.0077429139586066,-0.01928796627440444,0.014182110381561697,significant
0.2,betweeness,0.0973272887753488,50,partial_correlation_p_value,50.0,0.4,,0.003302727162238229,0.0010895140369759,-0.046697272837761775,0.0,significant
0.2,betweeness,0.0973272887753488,50,partial_correlation_p_value,50.0,0.5,,0.0001605349566003264,6.782522990032945e-05,-0.04983946504339968,0.0,significant
0.2,betweeness,0.0973272887753488,75,partial_correlation_p_value,75.0,0.05,,0.6658561263349685,0.0710263201660456,0.6158561263349684,8.471999866839365e-28,non-significant
0.2,betweeness,0.0973272887753488,75,partial_correlation_p_value,75.0,0.1,,0.3868655898413166,0.0537209956958058,0.3368655898413166,2.2838228631439524e-20,non-significant
0.2,betweeness,0.0973272887753488,75,partial_correlation_p_value,75.0,0.2,,0.08116706380718447,0.017205903225683,0.031167063807184467,0.021814693408038252,non-significant
0.2,betweeness,0.0973272887753488,75,partial_correlation_p_value,75.0,0.3,,0.008030434893107933,0.002377789304924,-0.04196956510689207,0.0,significant
0.2,betweeness,0.0973272887753488,75,partial_correlation_p_value,75.0,0.4,,0.00031301084080057913,0.0001230199192775,-0.049686989159199425,0.0,significant
0.2,betweeness,0.0973272887753488,75,partial_correlation_p_value,75.0,0.5,,3.657912410473166e-06,1.857413504995531e-06,-0.04999634208758953,0.0,significant
0.2,betweeness,0.0973272887753488,100,partial_correlation_p_value,100.0,0.05,,0.6177343076882446,0.0687796778483984,0.5677343076882445,1.2171295473565266e-27,non-significant
0.2,betweeness,0.0973272887753488,100,partial_correlation_p_value,100.0,0.1,,0.3173043978741975,0.0473383922737109,0.2673043978741975,7.221886529254441e-17,non-significant
0.2,betweeness,0.0973272887753488,100,partial_correlation_p_value,100.0,0.2,,0.043860884260170395,0.0103204208394634,-0.006139115739829608,0.259938427422272,significant
0.2,betweeness,0.0973272887753488,100,partial_correlation_p_value,100.0,0.3,,0.0021883947254214523,0.0007308366049671,-0.04781160527457855,0.0,significant
0.2,betweeness,0.0973272887753488,100,partial_correlation_p_value,100.0,0.4,,3.109559952288662e-05,1.390260012934144e-05,-0.04996890440047712,0.0,significant
0.2,betweeness,0.0973272887753488,100,partial_correlation_p_value,100.0,0.5,,8.769694091866885e-08,5.091009523636962e-08,-0.049999912303059085,0.0,significant
0.2,betweeness,0.0973272887753488,300,partial_correlation_p_value,300.0,0.05,,0.3865747744849377,0.0534585297593906,0.3365747744849377,1.599827305847495e-20,non-significant
0.2,betweeness,0.0973272887753488,300,partial_correlation_p_value,300.0,0.1,,0.0827480032540806,0.0172981397383686,0.0327480032540806,0.01682466334768684,non-significant
0.2,betweeness,0.0973272887753488,300,partial_correlation_p_value,300.0,0.2,,0.00047121211121644706,0.000173814958153,-0.04952878788878356,0.0,significant
0.2,betweeness,0.0973272887753488,300,partial_correlation_p_value,300.0,0.3,,1.0680987893806553e-07,5.850944260479796e-08,-0.04999989319012106,0.0,significant
0.2,betweeness,0.0973272887753488,300,partial_correlation_p_value,300.0,0.4,,4.961369134212258e-13,3.7178432477522193e-13,-0.049999999999503865,0.0,significant
0.2,betweeness,0.0973272887753488,300,partial_correlation_p_value,300.0,0.5,,1.6558627351112573e-20,1.6300340849363712e-20,-0.05,0.0,significant
0.2,betweeness,0.0973272887753488,500,partial_correlation_p_value,500.0,0.05,,0.2634924310858535,0.0416065692578448,0.21349243108585353,6.34795856785845e-14,non-significant
0.2,betweeness,0.0973272887753488,500,partial_correlation_p_value,500.0,0.1,,0.025054006060311104,0.0063295570893677,-0.0249459939396889,0.0007153238858449429,significant
0.2,betweeness,0.0973272887753488,500,partial_correlation_p_value,500.0,0.2,,6.313699919191115e-06,2.931331349292017e-06,-0.04999368630008081,0.0,significant
0.2,betweeness,0.0973272887753488,500,partial_correlation_p_value,500.0,0.3,,6.716109043816408e-12,4.69050554117434e-12,-0.049999999993283896,0.0,significant
0.2,betweeness,0.0973272887753488,500,partial_correlation_p_value,500.0,0.4,,1.0365018011564428e-20,9.955753650171096e-21,-0.05,0.0,significant
0.2,betweeness,0.0973272887753488,500,partial_correlation_p_value,500.0,0.5,,4.1307211551450724e-33,5.2260972310327444e-33,-0.05,0.0,significant
0.2,betweeness,0.0973272887753488,1000,partial_correlation_p_value,1000.0,0.05,,0.11371053994288459,0.022247391452775,0.06371053994288459,0.00020652857446420468,non-significant
0.2,betweeness,0.0973272887753488,1000,partial_correlation_p_value,1000.0,0.1,,0.0015273578790529936,0.0005129358700822,-0.04847264212094701,0.0,significant
0.2,betweeness,0.0973272887753488,1000,partial_correlation_p_value,1000.0,0.2,,1.6849007397872172e-10,1.0833387370452685e-10,-0.04999999983150993,0.0,significant
0.2,betweeness,0.0973272887753488,1000,partial_correlation_p_value,1000.0,0.3,,2.761398881915165e-22,2.7005911098258787e-22,-0.05,0.0,significant
0.2,betweeness,0.0973272887753488,1000,partial_correlation_p_value,1000.0,0.4,,8.653026414338422e-40,1.1689252963796628e-39,-0.05,0.0,significant
0.2,betweeness,0.0973272887753488,1000,partial_correlation_p_value,1000.0,0.5,,1.706877942166305e-64,3.043577980437241e-64,-0.05,0.0,significant
0.3,betweeness,0.1247333168256184,30,partial_correlation_p_value,30.0,0.05,,0.7858069815820645,0.0968061219612444,0.7358069815820645,1.3354170969091363e-15,non-significant
0.3,betweeness,0.1247333168256184,30,partial_correlation_p_value,30.0,0.1,,0.5860649647763356,0.0867712854346692,0.5360649647763356,8.215984319617271e-17,non-significant
0.3,betweeness,0.1247333168256184,30,partial_correlation_p_value,30.0,0.2,,0.27242589732757794,0.0555390681257291,0.22242589732757795,4.333454465461651e-09,non-significant
0.3,betweeness,0.1247333168256184,30,partial_correlation_p_value,30.0,0.3,,0.09527344416868826,0.0255720707989744,0.045273444168688254,0.020845740922466525,non-significant
0.3,betweeness,0.1247333168256184,30,partial_correlation_p_value,30.0,0.4,,0.023307657869861772,0.0080115280465615,-0.02669234213013823,0.003862747468135641,significant
0.3,betweeness,0.1247333168256184,30,partial_correlation_p_value,30.0,0.5,,0.0035685233088176825,0.0015490093124009,-0.04643147669118232,0.0,significant
0.3,betweeness,0.1247333168256184,50,partial_correlation_p_value,50.0,0.05,,0.724830244916418,0.0940815196414624,0.674830244916418,6.453063710959023e-17,non-significant
0.3,betweeness,0.1247333168256184,50,partial_correlation_p_value,50.0,0.1,,0.4805913120761051,0.0781988622806456,0.4305913120761051,2.9851621517902644e-15,non-significant
0.3,betweeness,0.1247333168256184,50,partial_correlation_p_value,50.0,0.2,,0.15515112469544967,0.0367945398773748,0.10515112469544967,8.732254562336561e-05,non-significant
0.3,betweeness,0.1247333168256184,50,partial_correlation_p_value,50.0,0.3,,0.030712033725595562,0.0099232122059995,-0.01928796627440444,0.04020856318716837,significant
0.3,betweeness,0.1247333168256184,50,partial_correlation_p_value,50.0,0.4,,0.003302727162238229,0.0013963062289114,-0.046697272837761775,0.0,significant
0.3,betweeness,0.1247333168256184,50,partial_correlation_p_value,50.0,0.5,,0.0001605349566003264,8.692388328473586e-05,-0.04983946504339968,0.0,significant
0.3,betweeness,0.1247333168256184,75,partial_correlation_p_value,75.0,0.05,,0.6658561263349685,0.0910263566128751,0.6158561263349684,2.1705120330322392e-17,non-significant
0.3,betweeness,0.1247333168256184,75,partial_correlation_p_value,75.0,0.1,,0.3868655898413166,0.0688480904032931,0.3368655898413166,5.878652928534722e-13,non-significant
0.3,betweeness,0.1247333168256184,75,partial_correlation_p_value,75.0,0.2,,0.08116706380718447,0.0220508493077805,0.031167063807184467,0.06207351308625719,non-significant
0.3,betweeness,0.1247333168256184,75,partial_correlation_p_value,75.0,0.3,,0.008030434893107933,0.0030473421221076,-0.04196956510689207,8.940626017306386e-13,significant
0.3,betweeness,0.1247333168256184,75,partial_correlation_p_value,75.0,0.4,,0.00031301084080057913,0.0001576606392737,-0.049686989159199425,0.0,significant
0.3,betweeness,0.1247333168256184,75,partial_correlation_p_value,75.0,0.5,,3.657912410473166e-06,2.380435642562259e-06,-0.04999634208758953,0.0,significant
0.3,betweeness,0.1247333168256184,100,partial_correlation_p_value,100.0,0.05,,0.6177343076882446,0.0881470906687907,0.5677343076882445,2.5810567426898858e-17,non-significant
0.3,betweeness,0.1247333168256184,100,partial_correlation_p_value,100.0,0.1,,0.3173043978741975,0.0606682335015145,0.2673043978741975,7.75162410847006e-11,non-significant
0.3,betweeness,0.1247333168256184,100,partial_correlation_p_value,100.0,0.2,,0.043860884260170395,0.0132265096309613,-0.006139115739829608,0.2949468392632406,significant
0.3,betweeness,0.1247333168256184,100,partial_correlation_p_value,100.0,0.3,,0.0021883947254214523,0.0009366301572988,-0.04781160527457855,0.0,significant
0.3,betweeness,0.1247333168256184,100,partial_correlation_p_value,100.0,0.4,,3.109559952288662e-05,1.7817381419467312e-05,-0.04996890440047712,0.0,significant
0.3,betweeness,0.1247333168256184,100,partial_correlation_p_value,100.0,0.5,,8.769694091866885e-08,6.524567897291395e-08,-0.049999912303059085,0.0,significant
0.3,betweeness,0.1247333168256184,300,partial_correlation_p_value,300.0,0.05,,0.3865747744849377,0.0685117176632862,0.3365747744849377,4.72446456170647e-13,non-significant
0.3,betweeness,0.1247333168256184,300,partial_correlation_p_value,300.0,0.1,,0.0827480032540806,0.0221690583558745,0.0327480032540806,0.05249188566374818,non-significant
0.3,betweeness,0.1247333168256184,300,partial_correlation_p_value,300.0,0.2,,0.00047121211121644706,0.0002227588635945,-0.04952878788878356,0.0,significant
0.3,betweeness,0.1247333168256184,300,partial_correlation_p_value,300.0,0.3,,1.0680987893806553e-07,7.498489820835395e-08,-0.04999989319012106,0.0,significant
0.3,betweeness,0.1247333168256184,300,partial_correlation_p_value,300.0,0.4,,4.961369134212258e-13,4.764736854021153e-13,-0.049999999999503865,0.0,significant
0.3,betweeness,0.1247333168256184,300,partial_correlation_p_value,300.0,0.5,,1.6558627351112573e-20,2.0890293001198078e-20,-0.05,0.0,significant
0.3,betweeness,0.1247333168256184,500,partial_correlation_p_value,500.0,0.05,,0.2634924310858535,0.0533224078320391,0.21349243108585353,4.765299396311944e-09,non-significant
0.3,betweeness,0.1247333168256184,500,partial_correlation_p_value,500.0,0.1,,0.025054006060311104,0.0081118734501717,-0.0249459939396889,0.005789653193706945,significant
0.3,betweeness,0.1247333168256184,500,partial_correlation_p_value,500.0,0.2,,6.313699919191115e-06,3.756754005097872e-06,-0.04999368630008081,0.0,significant
0.3,betweeness,0.1247333168256184,500,partial_correlation_p_value,500.0,0.3,,6.716109043816408e-12,6.011287492966752e-12,-0.049999999993283896,0.0,significant
0.3,betweeness,0.1247333168256184,500,partial_correlation_p_value,500.0,0.4,,1.0365018011564428e-20,1.2759157168663747e-20,-0.05,0.0,significant
0.3,betweeness,0.1247333168256184,500,partial_correlation_p_value,500.0,0.5,,4.1307211551450724e-33,6.697694448106322e-33,-0.05,0.0,significant
0.3,betweeness,0.1247333168256184,1000,partial_correlation_p_value,1000.0,0.05,,0.11371053994288459,0.0285119513914313,0.06371053994288459,0.003274675761145915,non-significant
0.3,betweeness,0.1247333168256184,1000,partial_correlation_p_value,1000.0,0.1,,0.0015273578790529936,0.0006573715676173,-0.04847264212094701,0.0,significant
0.3,betweeness,0.1247333168256184,1000,partial_correlation_p_value,1000.0,0.2,,1.6849007397872172e-10,1.3883920493176043e-10,-0.04999999983150993,0.0,significant
0.3,betweeness,0.1247333168256184,1000,partial_correlation_p_value,1000.0,0.3,,2.761398881915165e-22,3.461040482653192e-22,-0.05,0.0,significant
0.3,betweeness,0.1247333168256184,1000,partial_correlation_p_value,1000.0,0.4,,8.653026414338422e-40,1.4980786085118378e-39,-0.05,0.0,significant
0.3,betweeness,0.1247333168256184,1000,partial_correlation_p_value,1000.0,0.5,,1.706877942166305e-64,3.900607746236829e-64,-0.05,0.0,significant
0.4,betweeness,0.1765933916024167,30,partial_correlation_p_value,30.0,0.05,,0.7858069815820645,0.1370549732828255,0.7358069815820645,3.089250959928304e-08,non-significant
0.4,betweeness,0.1765933916024167,30,partial_correlation_p_value,30.0,0.1,,0.5860649647763356,0.1228479766158391,0.5360649647763356,5.895537580890774e-09,non-significant
0.4,betweeness,0.1765933916024167,30,partial_correlation_p_value,30.0,0.2,,0.27242589732757794,0.0786304145224637,0.22242589732757795,3.375168067885874e-05,non-significant
0.4,betweeness,0.1765933916024167,30,partial_correlation_p_value,30.0,0.3,,0.09527344416868826,0.036204109917171,0.045273444168688254,0.08536450124254709,non-significant
0.4,betweeness,0.1765933916024167,30,partial_correlation_p_value,30.0,0.4,,0.023307657869861772,0.0113424620275118,-0.02669234213013823,0.025440521391367432,significant
0.4,betweeness,0.1765933916024167,30,partial_correlation_p_value,30.0,0.5,,0.0035685233088176825,0.0021930372338534,-0.04643147669118232,1.0547118733938987e-14,significant
0.4,betweeness,0.1765933916024167,50,partial_correlation_p_value,50.0,0.05,,0.724830244916418,0.1331975695300593,0.674830244916418,6.22501149764176e-09,non-significant
0.4,betweeness,0.1765933916024167,50,partial_correlation_p_value,50.0,0.1,,0.4805913120761051,0.1107114174546929,0.4305913120761051,3.175874685477802e-08,non-significant
0.4,betweeness,0.1765933916024167,50,partial_correlation_p_value,50.0,0.2,,0.15515112469544967,0.0520925183003028,0.10515112469544967,0.00492854194243453,non-significant
0.4,betweeness,0.1765933916024167,50,partial_correlation_p_value,50.0,0.3,,0.030712033725595562,0.0140489625678586,-0.01928796627440444,0.09616092328476888,significant
0.4,betweeness,0.1765933916024167,50,partial_correlation_p_value,50.0,0.4,,0.003302727162238229,0.0019768451521558,-0.046697272837761775,1.1102230246251565e-16,significant
0.4,betweeness,0.1765933916024167,50,partial_correlation_p_value,50.0,0.5,,0.0001605349566003264,0.0001230640197114,-0.04983946504339968,0.0,significant
0.4,betweeness,0.1765933916024167,75,partial_correlation_p_value,75.0,0.05,,0.6658561263349685,0.1288721686279827,0.6158561263349684,3.3328583012809077e-09,non-significant
0.4,betweeness,0.1765933916024167,75,partial_correlation_p_value,75.0,0.1,,0.3868655898413166,0.0974728973708348,0.3368655898413166,4.1257127762825415e-07,non-significant
0.4,betweeness,0.1765933916024167,75,partial_correlation_p_value,75.0,0.2,,0.08116706380718447,0.0312188785328202,0.031167063807184467,0.15409861243942877,non-significant
0.4,betweeness,0.1765933916024167,75,partial_correlation_p_value,75.0,0.3,,0.008030434893107933,0.004314328315892,-0.04196956510689207,2.2350129968984334e-07,significant
0.4,betweeness,0.1765933916024167,75,partial_correlation_p_value,75.0,0.4,,0.00031301084080057913,0.0002232108286712,-0.049686989159199425,0.0,significant
0.4,betweeness,0.1765933916024167,75,partial_correlation_p_value,75.0,0.5,,3.657912410473166e-06,3.3701437138806976e-06,-0.04999634208758953,0.0,significant
0.4,betweeness,0.1765933916024167,100,partial_correlation_p_value,100.0,0.05,,0.6177343076882446,0.1247957971233105,0.5677343076882445,3.4193809291392702e-09,non-significant
0.4,betweeness,0.1765933916024167,100,partial_correlation_p_value,100.0,0.1,,0.3173043978741975,0.0858921207999128,0.2673043978741975,4.553466022724971e-06,non-significant
0.4,betweeness,0.1765933916024167,100,partial_correlation_p_value,100.0,0.2,,0.043860884260170395,0.0187256641147361,-0.006139115739829608,0.327089559757193,significant
0.4,betweeness,0.1765933916024167,100,partial_correlation_p_value,100.0,0.3,,0.0021883947254214523,0.001326050652415,-0.04781160527457855,0.0,significant
0.4,betweeness,0.1765933916024167,100,partial_correlation_p_value,100.0,0.4,,3.109559952288662e-05,2.5225271759079707e-05,-0.04996890440047712,0.0,significant
0.4,betweeness,0.1765933916024167,100,partial_correlation_p_value,100.0,0.5,,8.769694091866885e-08,9.237271989918667e-08,-0.049999912303059085,0.0,significant
0.4,betweeness,0.1765933916024167,300,partial_correlation_p_value,300.0,0.05,,0.3865747744849377,0.0969966717359192,0.3365747744849377,3.690706683454683e-07,non-significant
0.4,betweeness,0.1765933916024167,300,partial_correlation_p_value,300.0,0.1,,0.0827480032540806,0.0313862350759818,0.0327480032540806,0.14035698940773603,non-significant
0.4,betweeness,0.1765933916024167,300,partial_correlation_p_value,300.0,0.2,,0.00047121211121644706,0.0003153747870479,-0.04952878788878356,0.0,significant
0.4,betweeness,0.1765933916024167,300,partial_correlation_p_value,300.0,0.3,,1.0680987893806553e-07,1.0616119117627377e-07,-0.04999989319012106,0.0,significant
0.4,betweeness,0.1765933916024167,300,partial_correlation_p_value,300.0,0.4,,4.961369134212258e-13,6.745760175053797e-13,-0.049999999999503865,0.0,significant
0.4,betweeness,0.1765933916024167,300,partial_correlation_p_value,300.0,0.5,,1.6558627351112573e-20,2.957580048807066e-20,-0.05,0.0,significant
0.4,betweeness,0.1765933916024167,500,partial_correlation_p_value,500.0,0.05,,0.2634924310858535,0.0754921386451344,0.21349243108585353,3.505973559023705e-05,non-significant
0.4,betweeness,0.1765933916024167,500,partial_correlation_p_value,500.0,0.1,,0.025054006060311104,0.0114845278011656,-0.0249459939396889,0.03211500422404723,significant
0.4,betweeness,0.1765933916024167,500,partial_correlation_p_value,500.0,0.2,,6.313699919191115e-06,5.3186906919478254e-06,-0.04999368630008081,0.0,significant
0.4,betweeness,0.1765933916024167,500,partial_correlation_p_value,500.0,0.3,,6.716109043816408e-12,8.510586211415166e-12,-0.049999999993283896,0.0,significant
0.4,betweeness,0.1765933916024167,500,partial_correlation_p_value,500.0,0.4,,1.0365018011564428e-20,1.8064001629593862e-20,-0.05,0.0,significant
0.4,betweeness,0.1765933916024167,500,partial_correlation_p_value,500.0,0.5,,4.1307211551450724e-33,9.482378955426353e-33,-0.05,0.0,significant
0.4,betweeness,0.1765933916024167,1000,partial_correlation_p_value,1000.0,0.05,,0.11371053994288459,0.0403662976785524,0.06371053994288459,0.031909987374546304,non-significant
0.4,betweeness,0.1765933916024167,1000,partial_correlation_p_value,1000.0,0.1,,0.0015273578790529936,0.0009306853824053,-0.04847264212094701,0.0,significant
0.4,betweeness,0.1765933916024167,1000,partial_correlation_p_value,1000.0,0.2,,1.6849007397872172e-10,1.965640512916024e-10,-0.04999999983150993,0.0,significant
0.4,betweeness,0.1765933916024167,1000,partial_correlation_p_value,1000.0,0.3,,2.761398881915165e-22,4.900029060876069e-22,-0.05,0.0,significant
0.4,betweeness,0.1765933916024167,1000,partial_correlation_p_value,1000.0,0.4,,8.653026414338422e-40,2.120931192216959e-39,-0.05,0.0,significant
0.4,betweeness,0.1765933916024167,1000,partial_correlation_p_value,1000.0,0.5,,1.706877942166305e-64,5.5223541612512174e-64,-0.05,0.0,significant
0.5,betweeness,0.1927742919041782,30,partial_correlation_p_value,30.0,0.05,,0.7858069815820645,0.1496130471633185,0.7358069815820645,4.816976802549809e-07,non-significant
0.5,betweeness,0.1927742919041782,30,partial_correlation_p_value,30.0,0.1,,0.5860649647763356,0.1341042917239907,0.5360649647763356,1.1031334191790379e-07,non-significant
0.5,betweeness,0.1927742919041782,30,partial_correlation_p_value,30.0,0.2,,0.27242589732757794,0.0858351625967215,0.22242589732757795,0.0001460644406923132,non-significant
0.5,betweeness,0.1927742919041782,30,partial_correlation_p_value,30.0,0.3,,0.09527344416868826,0.0395214203089589,0.045273444168688254,0.1092217866931298,non-significant
0.5,betweeness,0.1927742919041782,30,partial_correlation_p_value,30.0,0.4,,0.023307657869861772,0.0123817492034266,-0.02669234213013823,0.0348681795669058,significant
0.5,betweeness,0.1927742919041782,30,partial_correlation_p_value,30.0,0.5,,0.0035685233088176825,0.0023939808621344,-0.04643147669118232,1.0609291223317996e-12,significant
0.5,betweeness,0.1927742919041782,50,partial_correlation_p_value,50.0,0.05,,0.724830244916418,0.1454021971973007,0.674830244916418,1.2211243360275996e-07,non-significant
0.5,betweeness,0.1927742919041782,50,partial_correlation_p_value,50.0,0.1,,0.4805913120761051,0.1208556838502003,0.4305913120761051,4.3755465968216985e-07,non-significant
0.5,betweeness,0.1927742919041782,50,partial_correlation_p_value,50.0,0.2,,0.15515112469544967,0.0568656518668329,0.10515112469544967,0.009656603579749727,non-significant
0.5,betweeness,0.1927742919041782,50,partial_correlation_p_value,50.0,0.3,,0.030712033725595562,0.0153362409908559,-0.01928796627440444,0.11149858117624134,significant
0.5,betweeness,0.1927742919041782,50,partial_correlation_p_value,50.0,0.4,,0.003302727162238229,0.0021579795311312,-0.046697272837761775,2.120525977034049e-14,significant
0.5,betweeness,0.1927742919041782,50,partial_correlation_p_value,50.0,0.5,,0.0001605349566003264,0.0001343401304176,-0.04983946504339968,0.0,significant
0.5,betweeness,0.1927742919041782,75,partial_correlation_p_value,75.0,0.05,,0.6658561263349685,0.1406804684364828,0.6158561263349684,7.044668315321363e-08,non-significant
0.5,betweeness,0.1927742919041782,75,partial_correlation_p_value,75.0,0.1,,0.3868655898413166,0.1064041445719318,0.3368655898413166,3.67565306985346e-06,non-significant
0.5,betweeness,0.1927742919041782,75,partial_correlation_p_value,75.0,0.2,,0.08116706380718447,0.0340794021146407,0.031167063807184467,0.18145186335300162,non-significant
0.5,betweeness,0.1927742919041782,75,partial_correlation_p_value,75.0,0.3,,0.008030434893107933,0.0047096416156427,-0.04196956510689207,1.6749134008620103e-06,significant
0.5,betweeness,0.1927742919041782,75,partial_correlation_p_value,75.0,0.4,,0.00031301084080057913,0.0002436631917649,-0.049686989159199425,0.0,significant
0.5,betweeness,0.1927742919041782,75,partial_correlation_p_value,75.0,0.5,,3.657912410473166e-06,3.678943261485998e-06,-0.04999634208758953,0.0,significant
0.5,betweeness,0.1927742919041782,100,partial_correlation_p_value,100.0,0.05,,0.6177343076882446,0.1362305871401273,0.5677343076882445,7.058567512478211e-08,non-significant
0.5,betweeness,0.1927742919041782,100,partial_correlation_p_value,100.0,0.1,,0.3173043978741975,0.0937622445387403,0.2673043978741975,2.7250851244343845e-05,non-significant
0.5,betweeness,0.1927742919041782,100,partial_correlation_p_value,100.0,0.2,,0.043860884260170395,0.0204414593739777,-0.006139115739829608,0.33211877733414163,significant
0.5,betweeness,0.1927742919041782,100,partial_correlation_p_value,100.0,0.3,,0.0021883947254214523,0.0014475540292238,-0.04781160527457855,0.0,significant
0.5,betweeness,0.1927742919041782,100,partial_correlation_p_value,100.0,0.4,,3.109559952288662e-05,2.753661310495215e-05,-0.04996890440047712,0.0,significant
0.5,betweeness,0.1927742919041782,100,partial_correlation_p_value,100.0,0.5,,8.769694091866885e-08,1.0083664800956804e-07,-0.049999912303059085,0.0,significant
0.5,betweeness,0.1927742919041782,300,partial_correlation_p_value,300.0,0.05,,0.3865747744849377,0.1058842833318002,0.3365747744849377,3.3449987367000895e-06,non-significant
0.5,betweeness,0.1927742919041782,300,partial_correlation_p_value,300.0,0.1,,0.0827480032540806,0.0342620932041019,0.0327480032540806,0.16732686124179863,non-significant
0.5,betweeness,0.1927742919041782,300,partial_correlation_p_value,300.0,0.2,,0.00047121211121644706,0.00034427194985,-0.04952878788878356,0.0,significant
0.5,betweeness,0.1927742919041782,300,partial_correlation_p_value,300.0,0.3,,1.0680987893806553e-07,1.1588852941216294e-07,-0.04999989319012106,0.0,significant
0.5,betweeness,0.1927742919041782,300,partial_correlation_p_value,300.0,0.4,,4.961369134212258e-13,7.363860727184793e-13,-0.049999999999503865,0.0,significant
0.5,betweeness,0.1927742919041782,300,partial_correlation_p_value,300.0,0.5,,1.6558627351112573e-20,3.2285772105353494e-20,-0.05,0.0,significant
0.5,betweeness,0.1927742919041782,500,partial_correlation_p_value,500.0,0.05,,0.2634924310858535,0.0824093327592484,0.21349243108585353,0.00015033102139542877,non-significant
0.5,betweeness,0.1927742919041782,500,partial_correlation_p_value,500.0,0.1,,0.025054006060311104,0.0125368321806061,-0.0249459939396889,0.04280952057060383,significant
0.5,betweeness,0.1927742919041782,500,partial_correlation_p_value,500.0,0.2,,6.313699919191115e-06,5.806031713270261e-06,-0.04999368630008081,0.0,significant
0.5,betweeness,0.1927742919041782,500,partial_correlation_p_value,500.0,0.3,,6.716109043816408e-12,9.290394253759658e-12,-0.049999999993283896,0.0,significant
0.5,betweeness,0.1927742919041782,500,partial_correlation_p_value,500.0,0.4,,1.0365018011564428e-20,1.971917007484001e-20,-0.05,0.0,significant
0.5,betweeness,0.1927742919041782,500,partial_correlation_p_value,500.0,0.5,,4.1307211551450724e-33,1.0351230428910229e-32,-0.05,0.0,significant
0.5,betweeness,0.1927742919041782,1000,partial_correlation_p_value,1000.0,0.05,,0.11371053994288459,0.0440649810344869,0.06371053994288459,0.04704270653702017,non-significant
0.5,betweeness,0.1927742919041782,1000,partial_correlation_p_value,1000.0,0.1,,0.0015273578790529936,0.001015962227979,-0.04847264212094701,0.0,significant
0.5,betweeness,0.1927742919041782,1000,partial_correlation_p_value,1000.0,0.2,,1.6849007397872172e-10,2.1457482331426415e-10,-0.04999999983150993,0.0,significant
0.5,betweeness,0.1927742919041782,1000,partial_correlation_p_value,1000.0,0.3,,2.761398881915165e-22,5.349008951857929e-22,-0.05,0.0,significant
0.5,betweeness,0.1927742919041782,1000,partial_correlation_p_value,1000.0,0.4,,8.653026414338422e-40,2.3152678877000143e-39,-0.05,0.0,significant
0.5,betweeness,0.1927742919041782,1000,partial_correlation_p_value,1000.0,0.5,,1.706877942166305e-64,6.028356460110744e-64,-0.05,0.0,significant
0.05,clusteringcoef,0.0460629558710394,30,partial_correlation_p_value,30.0,0.05,,0.7858069815820645,0.0357496796960939,0.7358069815820645,3.383785499234092e-107,non-significant
0.05,clusteringcoef,0.0460629558710394,30,partial_correlation_p_value,30.0,0.1,,0.5860649647763356,0.0320438996859066,0.5360649647763356,1.334167090878843e-114,non-significant
0.05,clusteringcoef,0.0460629558710394,30,partial_correlation_p_value,30.0,0.2,,0.27242589732757794,0.0205101067565668,0.22242589732757795,7.678201393028184e-57,non-significant
0.05,clusteringcoef,0.0460629558710394,30,partial_correlation_p_value,30.0,0.3,,0.09527344416868826,0.0094435488345991,0.045273444168688254,4.760221789332598e-09,non-significant
0.05,clusteringcoef,0.0460629558710394,30,partial_correlation_p_value,30.0,0.4,,0.023307657869861772,0.0029585893509452,-0.02669234213013823,1.4565015860057429e-12,significant
0.05,clusteringcoef,0.0460629558710394,30,partial_correlation_p_value,30.0,0.5,,0.0035685233088176825,0.0005720359998179,-0.04643147669118232,0.0,significant
0.05,clusteringcoef,0.0460629558710394,50,partial_correlation_p_value,50.0,0.05,,0.724830244916418,0.034743507170451,0.674830244916418,2.483667265571538e-116,non-significant
0.05,clusteringcoef,0.0460629558710394,50,partial_correlation_p_value,50.0,0.1,,0.4805913120761051,0.0288781765294888,0.4305913120761051,1.4137114504144111e-102,non-significant
0.05,clusteringcoef,0.0460629558710394,50,partial_correlation_p_value,50.0,0.2,,0.15515112469544967,0.0135879114722508,0.10515112469544967,1.3476202596309181e-25,non-significant
0.05,clusteringcoef,0.0460629558710394,50,partial_correlation_p_value,50.0,0.3,,0.030712033725595562,0.0036645580954361,-0.01928796627440444,3.2549439441531547e-06,significant
0.05,clusteringcoef,0.0460629558710394,50,partial_correlation_p_value,50.0,0.4,,0.003302727162238229,0.0005156440463675,-0.046697272837761775,0.0,significant
0.05,clusteringcoef,0.0460629558710394,50,partial_correlation_p_value,50.0,0.5,,0.0001605349566003264,3.210025277754668e-05,-0.04983946504339968,0.0,significant
0.05,clusteringcoef,0.0460629558710394,75,partial_correlation_p_value,75.0,0.05,,0.6658561263349685,0.0336152613789806,0.6158561263349684,2.3688709483596328e-119,non-significant
0.05,clusteringcoef,0.0460629558710394,75,partial_correlation_p_value,75.0,0.1,,0.3868655898413166,0.0254250157917782,0.3368655898413166,2.2363599064908472e-85,non-significant
0.05,clusteringcoef,0.0460629558710394,75,partial_correlation_p_value,75.0,0.2,,0.08116706380718447,0.0081431916061629,0.031167063807184467,5.859917132466381e-06,non-significant
0.05,clusteringcoef,0.0460629558710394,75,partial_correlation_p_value,75.0,0.3,,0.008030434893107933,0.0011253575970472,-0.04196956510689207,0.0,significant
0.05,clusteringcoef,0.0460629558710394,75,partial_correlation_p_value,75.0,0.4,,0.00031301084080057913,5.8222736749803823e-05,-0.049686989159199425,0.0,significant
0.05,clusteringcoef,0.0460629558710394,75,partial_correlation_p_value,75.0,0.5,,3.657912410473166e-06,8.79074691090666e-07,-0.04999634208758953,0.0,significant
0.05,clusteringcoef,0.0460629558710394,100,partial_correlation_p_value,100.0,0.05,,0.6177343076882446,0.032551972888795,0.5677343076882445,1.8146979567423256e-118,non-significant
0.05,clusteringcoef,0.0460629558710394,100,partial_correlation_p_value,100.0,0.1,,0.3173043978741975,0.0224042640224269,0.2673043978741975,1.1641048874714594e-69,non-significant
0.05,clusteringcoef,0.0460629558710394,100,partial_correlation_p_value,100.0,0.2,,0.043860884260170395,0.0048844378147228,-0.006139115739829608,0.1075431018622599,significant
0.05,clusteringcoef,0.0460629558710394,100,partial_correlation_p_value,100.0,0.3,,0.0021883947254214523,0.000345889572258,-0.04781160527457855,0.0,significant
0.05,clusteringcoef,0.0460629558710394,100,partial_correlation_p_value,100.0,0.4,,3.109559952288662e-05,6.579807824799509e-06,-0.04996890440047712,0.0,significant
0.05,clusteringcoef,0.0460629558710394,100,partial_correlation_p_value,100.0,0.5,,8.769694091866885e-08,2.4094675807482988e-08,-0.049999912303059085,0.0,significant
0.05,clusteringcoef,0.0460629558710394,300,partial_correlation_p_value,300.0,0.05,,0.3865747744849377,0.0253007961921277,0.3365747744849377,4.640112210227872e-86,non-significant
0.05,clusteringcoef,0.0460629558710394,300,partial_correlation_p_value,300.0,0.1,,0.0827480032540806,0.0081868452049325,0.0327480032540806,2.0445013756571803e-06,non-significant
0.05,clusteringcoef,0.0460629558710394,300,partial_correlation_p_value,300.0,0.2,,0.00047121211121644706,8.226295880501926e-05,-0.04952878788878356,0.0,significant
0.05,clusteringcoef,0.0460629558710394,300,partial_correlation_p_value,300.0,0.3,,1.0680987893806553e-07,2.7691286859585722e-08,-0.04999989319012106,0.0,significant
0.05,clusteringcoef,0.0460629558710394,300,partial_correlation_p_value,300.0,0.4,,4.961369134212258e-13,1.7595769039857192e-13,-0.049999999999503865,0.0,significant
0.05,clusteringcoef,0.0460629558710394,300,partial_correlation_p_value,300.0,0.5,,1.6558627351112573e-20,7.714608006396207e-21,-0.05,0.0,significant
0.05,clusteringcoef,0.0460629558710394,500,partial_correlation_p_value,500.0,0.05,,0.2634924310858535,0.0196915129126135,0.21349243108585353,1.7238600175089148e-56,non-significant
0.05,clusteringcoef,0.0460629558710394,500,partial_correlation_p_value,500.0,0.1,,0.025054006060311104,0.0029956460573328,-0.0249459939396889,1.8356316466849876e-11,significant
0.05,clusteringcoef,0.0460629558710394,500,partial_correlation_p_value,500.0,0.2,,6.313699919191115e-06,1.387337387949844e-06,-0.04999368630008081,0.0,significant
0.05,clusteringcoef,0.0460629558710394,500,partial_correlation_p_value,500.0,0.3,,6.716109043816408e-12,2.219917481259408e-12,-0.049999999993283896,0.0,significant
0.05,clusteringcoef,0.0460629558710394,500,partial_correlation_p_value,500.0,0.4,,1.0365018011564428e-20,4.711848514647244e-21,-0.05,0.0,significant
0.05,clusteringcoef,0.0460629558710394,500,partial_correlation_p_value,500.0,0.5,,4.1307211551450724e-33,2.4734017474428492e-33,-0.05,0.0,significant
0.05,clusteringcoef,0.0460629558710394,1000,partial_correlation_p_value,1000.0,0.05,,0.11371053994288459,0.0105292218002734,0.06371053994288459,1.7069521486224284e-14,non-significant
0.05,clusteringcoef,0.0460629558710394,1000,partial_correlation_p_value,1000.0,0.1,,0.0015273578790529936,0.00024276174386,-0.04847264212094701,0.0,significant
0.05,clusteringcoef,0.0460629558710394,1000,partial_correlation_p_value,1000.0,0.2,,1.6849007397872172e-10,5.1272140697443294e-11,-0.04999999983150993,0.0,significant
0.05,clusteringcoef,0.0460629558710394,1000,partial_correlation_p_value,1000.0,0.3,,2.761398881915165e-22,1.278132892459019e-22,-0.05,0.0,significant
0.05,clusteringcoef,0.0460629558710394,1000,partial_correlation_p_value,1000.0,0.4,,8.653026414338422e-40,5.532277228841886e-40,-0.05,0.0,significant
0.05,clusteringcoef,0.0460629558710394,1000,partial_correlation_p_value,1000.0,0.5,,1.706877942166305e-64,1.4404613543335132e-64,-0.05,0.0,significant
0.1,clusteringcoef,0.0450021927077514,30,partial_correlation_p_value,30.0,0.05,,0.7858069815820645,0.0349264163469695,0.7358069815820645,3.0497878075075936e-112,non-significant
0.1,clusteringcoef,0.0450021927077514,30,partial_correlation_p_value,30.0,0.1,,0.5860649647763356,0.0313059750835414,0.5360649647763356,5.471104436403772e-120,non-significant
0.1,clusteringcoef,0.0450021927077514,30,partial_correlation_p_value,30.0,0.2,,0.27242589732757794,0.0200377887016122,0.22242589732757795,1.8259778085237745e-59,non-significant
0.1,clusteringcoef,0.0450021927077514,30,partial_correlation_p_value,30.0,0.3,,0.09527344416868826,0.0092260775815058,0.045273444168688254,2.101764893518749e-09,non-significant
0.1,clusteringcoef,0.0450021927077514,30,partial_correlation_p_value,30.0,0.4,,0.023307657869861772,0.0028904573229537,-0.02669234213013823,4.5086157030027607e-13,significant
0.1,clusteringcoef,0.0450021927077514,30,partial_correlation_p_value,30.0,0.5,,0.0035685233088176825,0.0005588628391901,-0.04643147669118232,0.0,significant
0.1,clusteringcoef,0.0450021927077514,50,partial_correlation_p_value,50.0,0.05,,0.724830244916418,0.0339434145174083,0.674830244916418,8.283215245780182e-122,non-significant
0.1,clusteringcoef,0.0450021927077514,50,partial_correlation_p_value,50.0,0.1,,0.4805913120761051,0.0282131539466747,0.4305913120761051,2.1936188656192072e-107,non-significant
0.1,clusteringcoef,0.0450021927077514,50,partial_correlation_p_value,50.0,0.2,,0.15515112469544967,0.0132750015496628,0.10515112469544967,9.845718280684808e-27,non-significant
0.1,clusteringcoef,0.0450021927077514,50,partial_correlation_p_value,50.0,0.3,,0.030712033725595562,0.0035801686296742,-0.01928796627440444,1.9773237421860657e-06,significant
0.1,clusteringcoef,0.0450021927077514,50,partial_correlation_p_value,50.0,0.4,,0.003302727162238229,0.0005037695107583,-0.046697272837761775,0.0,significant
0.1,clusteringcoef,0.0450021927077514,50,partial_correlation_p_value,50.0,0.5,,0.0001605349566003264,3.1361030445094e-05,-0.04983946504339968,0.0,significant
0.1,clusteringcoef,0.0450021927077514,75,partial_correlation_p_value,75.0,0.05,,0.6658561263349685,0.0328411505925397,0.6158561263349684,5.714333449470123e-125,non-significant
0.1,clusteringcoef,0.0450021927077514,75,partial_correlation_p_value,75.0,0.1,,0.3868655898413166,0.0248395144997325,0.3368655898413166,2.3093221057217866e-89,non-significant
0.1,clusteringcoef,0.0450021927077514,75,partial_correlation_p_value,75.0,0.2,,0.08116706380718447,0.0079556656968053,0.031167063807184467,3.600686215506917e-06,non-significant
0.1,clusteringcoef,0.0450021927077514,75,partial_correlation_p_value,75.0,0.3,,0.008030434893107933,0.0010994422413801,-0.04196956510689207,0.0,significant
0.1,clusteringcoef,0.0450021927077514,75,partial_correlation_p_value,75.0,0.4,,0.00031301084080057913,5.6881951443213535e-05,-0.049686989159199425,0.0,significant
0.1,clusteringcoef,0.0450021927077514,75,partial_correlation_p_value,75.0,0.5,,3.657912410473166e-06,8.588308740699255e-07,-0.04999634208758953,0.0,significant
0.1,clusteringcoef,0.0450021927077514,100,partial_correlation_p_value,100.0,0.05,,0.6177343076882446,0.0318023480963814,0.5677343076882445,4.851833523119174e-124,non-significant
0.1,clusteringcoef,0.0450021927077514,100,partial_correlation_p_value,100.0,0.1,,0.3173043978741975,0.0218883262688423,0.2673043978741975,6.773256019137386e-73,non-significant
0.1,clusteringcoef,0.0450021927077514,100,partial_correlation_p_value,100.0,0.2,,0.043860884260170395,0.0047719562857098,-0.006139115739829608,0.10252205264881331,significant
0.1,clusteringcoef,0.0450021927077514,100,partial_correlation_p_value,100.0,0.3,,0.0021883947254214523,0.0003379242363416,-0.04781160527457855,0.0,significant
0.1,clusteringcoef,0.0450021927077514,100,partial_correlation_p_value,100.0,0.4,,3.109559952288662e-05,6.428284379764804e-06,-0.04996890440047712,0.0,significant
0.1,clusteringcoef,0.0450021927077514,100,partial_correlation_p_value,100.0,0.5,,8.769694091866885e-08,2.3539810318618133e-08,-0.049999912303059085,0.0,significant
0.1,clusteringcoef,0.0450021927077514,300,partial_correlation_p_value,300.0,0.05,,0.3865747744849377,0.0247181554975616,0.3365747744849377,4.446221849268109e-90,non-significant
0.1,clusteringcoef,0.0450021927077514,300,partial_correlation_p_value,300.0,0.1,,0.0827480032540806,0.0079983140164164,0.0327480032540806,1.1968282558608108e-06,non-significant
0.1,clusteringcoef,0.0450021927077514,300,partial_correlation_p_value,300.0,0.2,,0.00047121211121644706,8.03685620006165e-05,-0.04952878788878356,0.0,significant
0.1,clusteringcoef,0.0450021927077514,300,partial_correlation_p_value,300.0,0.3,,1.0680987893806553e-07,2.7053596626963083e-08,-0.04999989319012106,0.0,significant
0.1,clusteringcoef,0.0450021927077514,300,partial_correlation_p_value,300.0,0.4,,4.961369134212258e-13,1.7190563961844845e-13,-0.049999999999503865,0.0,significant
0.1,clusteringcoef,0.0450021927077514,300,partial_correlation_p_value,300.0,0.5,,1.6558627351112573e-20,7.536951756647442e-21,-0.05,0.0,significant
0.1,clusteringcoef,0.0450021927077514,500,partial_correlation_p_value,500.0,0.05,,0.2634924310858535,0.0192380458883611,0.21349243108585353,4.264306901162456e-59,non-significant
0.1,clusteringcoef,0.0450021927077514,500,partial_correlation_p_value,500.0,0.1,,0.025054006060311104,0.0029266606670603,-0.0249459939396889,6.389111462112851e-12,significant
0.1,clusteringcoef,0.0450021927077514,500,partial_correlation_p_value,500.0,0.2,,6.313699919191115e-06,1.355389017109087e-06,-0.04999368630008081,0.0,significant
0.1,clusteringcoef,0.0450021927077514,500,partial_correlation_p_value,500.0,0.3,,6.716109043816408e-12,2.168795996649265e-12,-0.049999999993283896,0.0,significant
0.1,clusteringcoef,0.0450021927077514,500,partial_correlation_p_value,500.0,0.4,,1.0365018011564428e-20,4.603341467263568e-21,-0.05,0.0,significant
0.1,clusteringcoef,0.0450021927077514,500,partial_correlation_p_value,500.0,0.5,,4.1307211551450724e-33,2.4164428872896928e-33,-0.05,0.0,significant
0.1,clusteringcoef,0.0450021927077514,1000,partial_correlation_p_value,1000.0,0.05,,0.11371053994288459,0.0102867490711006,0.06371053994288459,4.183783704682718e-15,non-significant
0.1,clusteringcoef,0.0450021927077514,1000,partial_correlation_p_value,1000.0,0.1,,0.0015273578790529936,0.0002371712924772,-0.04847264212094701,0.0,significant
0.1,clusteringcoef,0.0450021927077514,1000,partial_correlation_p_value,1000.0,0.2,,1.6849007397872172e-10,5.0091417551776426e-11,-0.04999999983150993,0.0,significant
0.1,clusteringcoef,0.0450021927077514,1000,partial_correlation_p_value,1000.0,0.3,,2.761398881915165e-22,1.248699342994607e-22,-0.05,0.0,significant
0.1,clusteringcoef,0.0450021927077514,1000,partial_correlation_p_value,1000.0,0.4,,8.653026414338422e-40,5.404876896351671e-40,-0.05,0.0,significant
0.1,clusteringcoef,0.0450021927077514,1000,partial_correlation_p_value,1000.0,0.5,,1.706877942166305e-64,1.407289615483432e-64,-0.05,0.0,significant
0.2,clusteringcoef,0.0543516798291376,30,partial_correlation_p_value,30.0,0.05,,0.7858069815820645,0.042182597883562,0.7358069815820645,2.1994262981402083e-77,non-significant
0.2,clusteringcoef,0.0543516798291376,30,partial_correlation_p_value,30.0,0.1,,0.5860649647763356,0.0378099872939418,0.5360649647763356,9.084222029023999e-83,non-significant
0.2,clusteringcoef,0.0543516798291376,30,partial_correlation_p_value,30.0,0.2,,0.27242589732757794,0.0242007646842139,0.22242589732757795,2.485600857234653e-41,non-significant
0.2,clusteringcoef,0.0543516798291376,30,partial_correlation_p_value,30.0,0.3,,0.09527344416868826,0.0111428529281956,0.045273444168688254,6.10744922046102e-07,non-significant
0.2,clusteringcoef,0.0543516798291376,30,partial_correlation_p_value,30.0,0.4,,0.023307657869861772,0.0034909679178789,-0.02669234213013823,1.5219460136606244e-09,significant
0.2,clusteringcoef,0.0543516798291376,30,partial_correlation_p_value,30.0,0.5,,0.0035685233088176825,0.0006749700909314,-0.04643147669118232,0.0,significant
0.2,clusteringcoef,0.0543516798291376,50,partial_correlation_p_value,50.0,0.05,,0.724830244916418,0.0409953712731003,0.674830244916418,5.732803035755188e-84,non-significant
0.2,clusteringcoef,0.0543516798291376,50,partial_correlation_p_value,50.0,0.1,,0.4805913120761051,0.0340746132135848,0.4305913120761051,3.712318601156757e-74,non-significant
0.2,clusteringcoef,0.0543516798291376,50,partial_correlation_p_value,50.0,0.2,,0.15515112469544967,0.016032966185541,0.10515112469544967,7.13550915990065e-19,non-significant
0.2,clusteringcoef,0.0543516798291376,50,partial_correlation_p_value,50.0,0.3,,0.030712033725595562,0.0043239710642113,-0.01928796627440444,6.323585343270821e-05,significant
0.2,clusteringcoef,0.0543516798291376,50,partial_correlation_p_value,50.0,0.4,,0.003302727162238229,0.0006084307787896,-0.046697272837761775,0.0,significant
0.2,clusteringcoef,0.0543516798291376,50,partial_correlation_p_value,50.0,0.5,,0.0001605349566003264,3.787648075134769e-05,-0.04983946504339968,0.0,significant
0.2,clusteringcoef,0.0543516798291376,75,partial_correlation_p_value,75.0,0.05,,0.6658561263349685,0.039664105120788,0.6158561263349684,3.7051096492238785e-86,non-significant
0.2,clusteringcoef,0.0543516798291376,75,partial_correlation_p_value,75.0,0.1,,0.3868655898413166,0.0300000790621063,0.3368655898413166,8.065423837529812e-62,non-significant
0.2,clusteringcoef,0.0543516798291376,75,partial_correlation_p_value,75.0,0.2,,0.08116706380718447,0.0096085050252659,0.031167063807184467,0.0001065729987673228,non-significant
0.2,clusteringcoef,0.0543516798291376,75,partial_correlation_p_value,75.0,0.3,,0.008030434893107933,0.0013278582464234,-0.04196956510689207,0.0,significant
0.2,clusteringcoef,0.0543516798291376,75,partial_correlation_p_value,75.0,0.4,,0.00031301084080057913,6.869953277555685e-05,-0.049686989159199425,0.0,significant
0.2,clusteringcoef,0.0543516798291376,75,partial_correlation_p_value,75.0,0.5,,3.657912410473166e-06,1.0372583620083646e-06,-0.04999634208758953,0.0,significant
0.2,clusteringcoef,0.0543516798291376,100,partial_correlation_p_value,100.0,0.05,,0.6177343076882446,0.0384094849060895,0.5677343076882445,1.5458211025461846e-85,non-significant
0.2,clusteringcoef,0.0543516798291376,100,partial_correlation_p_value,100.0,0.1,,0.3173043978741975,0.0264357630101634,0.2673043978741975,1.541062520810615e-50,non-significant
0.2,clusteringcoef,0.0543516798291376,100,partial_correlation_p_value,100.0,0.2,,0.043860884260170395,0.0057633600630057,-0.006139115739829608,0.14408617487281672,significant
0.2,clusteringcoef,0.0543516798291376,100,partial_correlation_p_value,100.0,0.3,,0.0021883947254214523,0.0004081301108908,-0.04781160527457855,0.0,significant
0.2,clusteringcoef,0.0543516798291376,100,partial_correlation_p_value,100.0,0.4,,3.109559952288662e-05,7.763800682526357e-06,-0.04996890440047712,0.0,significant
0.2,clusteringcoef,0.0543516798291376,100,partial_correlation_p_value,100.0,0.5,,8.769694091866885e-08,2.8430353204895884e-08,-0.049999912303059085,0.0,significant
0.2,clusteringcoef,0.0543516798291376,300,partial_correlation_p_value,300.0,0.05,,0.3865747744849377,0.0298535069678705,0.3365747744849377,2.602971296569828e-62,non-significant
0.2,clusteringcoef,0.0543516798291376,300,partial_correlation_p_value,300.0,0.1,,0.0827480032540806,0.009660013800134,0.0327480032540806,4.9522928885760564e-05,non-significant
0.2,clusteringcoef,0.0543516798291376,300,partial_correlation_p_value,300.0,0.2,,0.00047121211121644706,9.706563363596518e-05,-0.04952878788878356,0.0,significant
0.2,clusteringcoef,0.0543516798291376,300,partial_correlation_p_value,300.0,0.3,,1.0680987893806553e-07,3.2674150605156264e-08,-0.04999989319012106,0.0,significant
0.2,clusteringcoef,0.0543516798291376,300,partial_correlation_p_value,300.0,0.4,,4.961369134212258e-13,2.0762011189191842e-13,-0.049999999999503865,0.0,significant
0.2,clusteringcoef,0.0543516798291376,300,partial_correlation_p_value,300.0,0.5,,1.6558627351112573e-20,9.102800644076136e-21,-0.05,0.0,significant
0.2,clusteringcoef,0.0543516798291376,500,partial_correlation_p_value,500.0,0.05,,0.2634924310858535,0.0232348702973835,0.21349243108585353,4.421816886756261e-41,non-significant
0.2,clusteringcoef,0.0543516798291376,500,partial_correlation_p_value,500.0,0.1,,0.025054006060311104,0.0035346927332542,-0.0249459939396889,9.592277527836757e-09,significant
0.2,clusteringcoef,0.0543516798291376,500,partial_correlation_p_value,500.0,0.2,,6.313699919191115e-06,1.636979566312415e-06,-0.04999368630008081,0.0,significant
0.2,clusteringcoef,0.0543516798291376,500,partial_correlation_p_value,500.0,0.3,,6.716109043816408e-12,2.6193769354774654e-12,-0.049999999993283896,0.0,significant
0.2,clusteringcoef,0.0543516798291376,500,partial_correlation_p_value,500.0,0.4,,1.0365018011564428e-20,5.5597144609757274e-21,-0.05,0.0,significant
0.2,clusteringcoef,0.0543516798291376,500,partial_correlation_p_value,500.0,0.5,,4.1307211551450724e-33,2.918474017217031e-33,-0.05,0.0,significant
0.2,clusteringcoef,0.0543516798291376,1000,partial_correlation_p_value,1000.0,0.05,,0.11371053994288459,0.012423885556555,0.06371053994288459,7.091362216390775e-11,non-significant
0.2,clusteringcoef,0.0543516798291376,1000,partial_correlation_p_value,1000.0,0.1,,0.0015273578790529936,0.0002864451125104,-0.04847264212094701,0.0,significant
0.2,clusteringcoef,0.0543516798291376,1000,partial_correlation_p_value,1000.0,0.2,,1.6849007397872172e-10,6.049822297865166e-11,-0.04999999983150993,0.0,significant
0.2,clusteringcoef,0.0543516798291376,1000,partial_correlation_p_value,1000.0,0.3,,2.761398881915165e-22,1.508124444825269e-22,-0.05,0.0,significant
0.2,clusteringcoef,0.0543516798291376,1000,partial_correlation_p_value,1000.0,0.4,,8.653026414338422e-40,6.527773890799982e-40,-0.05,0.0,significant
0.2,clusteringcoef,0.0543516798291376,1000,partial_correlation_p_value,1000.0,0.5,,1.706877942166305e-64,1.6996628387498747e-64,-0.05,0.0,significant
0.3,clusteringcoef,0.0647762287635769,30,partial_correlation_p_value,30.0,0.05,,0.7858069815820645,0.0502731400195426,0.7358069815820645,7.212452350751145e-55,non-significant
0.3,clusteringcoef,0.0647762287635769,30,partial_correlation_p_value,30.0,0.1,,0.5860649647763356,0.0450618710258761,0.5360649647763356,9.961434974275388e-59,non-significant
0.3,clusteringcoef,0.0647762287635769,30,partial_correlation_p_value,30.0,0.2,,0.27242589732757794,0.0288424253742702,0.22242589732757795,1.3170912368234436e-29,non-significant
0.3,clusteringcoef,0.0647762287635769,30,partial_correlation_p_value,30.0,0.3,,0.09527344416868826,0.0132800309507406,0.045273444168688254,2.4898927454748808e-05,non-significant
0.3,clusteringcoef,0.0647762287635769,30,partial_correlation_p_value,30.0,0.4,,0.023307657869861772,0.0041605289324214,-0.02669234213013823,3.016256472365697e-07,significant
0.3,clusteringcoef,0.0647762287635769,30,partial_correlation_p_value,30.0,0.5,,0.0035685233088176825,0.0008044280720705,-0.04643147669118232,0.0,significant
0.3,clusteringcoef,0.0647762287635769,50,partial_correlation_p_value,50.0,0.05,,0.724830244916418,0.048858205600676,0.674830244916418,1.579203652607957e-59,non-significant
0.3,clusteringcoef,0.0647762287635769,50,partial_correlation_p_value,50.0,0.1,,0.4805913120761051,0.0406100592933337,0.4305913120761051,1.0812751417560655e-52,non-significant
0.3,clusteringcoef,0.0647762287635769,50,partial_correlation_p_value,50.0,0.2,,0.15515112469544967,0.0191080586406555,0.10515112469544967,8.86859282618559e-14,non-significant
0.3,clusteringcoef,0.0647762287635769,50,partial_correlation_p_value,50.0,0.3,,0.030712033725595562,0.0051533004996891,-0.01928796627440444,0.000616619859840295,significant
0.3,clusteringcoef,0.0647762287635769,50,partial_correlation_p_value,50.0,0.4,,0.003302727162238229,0.0007251266462706,-0.046697272837761775,0.0,significant
0.3,clusteringcoef,0.0647762287635769,50,partial_correlation_p_value,50.0,0.5,,0.0001605349566003264,4.514111780208882e-05,-0.04983946504339968,0.0,significant
0.3,clusteringcoef,0.0647762287635769,75,partial_correlation_p_value,75.0,0.05,,0.6658561263349685,0.0472716051294766,0.6158561263349684,4.3237236223464036e-61,non-significant
0.3,clusteringcoef,0.0647762287635769,75,partial_correlation_p_value,75.0,0.1,,0.3868655898413166,0.0357540372323617,0.3368655898413166,5.038914826842111e-44,non-significant
0.3,clusteringcoef,0.0647762287635769,75,partial_correlation_p_value,75.0,0.2,,0.08116706380718447,0.0114513980349682,0.031167063807184467,0.0009919376034777058,non-significant
0.3,clusteringcoef,0.0647762287635769,75,partial_correlation_p_value,75.0,0.3,,0.008030434893107933,0.0015825389354353,-0.04196956510689207,0.0,significant
0.3,clusteringcoef,0.0647762287635769,75,partial_correlation_p_value,75.0,0.4,,0.00031301084080057913,8.18759726472088e-05,-0.049686989159199425,0.0,significant
0.3,clusteringcoef,0.0647762287635769,75,partial_correlation_p_value,75.0,0.5,,3.657912410473166e-06,1.2362025452682864e-06,-0.04999634208758953,0.0,significant
0.3,clusteringcoef,0.0647762287635769,100,partial_correlation_p_value,100.0,0.05,,0.6177343076882446,0.045776351141114,0.5677343076882445,1.140497643157369e-60,non-significant
0.3,clusteringcoef,0.0647762287635769,100,partial_correlation_p_value,100.0,0.1,,0.3173043978741975,0.0315060921331089,0.2673043978741975,4.335769766478449e-36,non-significant
0.3,clusteringcoef,0.0647762287635769,100,partial_correlation_p_value,100.0,0.2,,0.043860884260170395,0.0068687615739152,-0.006139115739829608,0.18257153314607977,significant
0.3,clusteringcoef,0.0647762287635769,100,partial_correlation_p_value,100.0,0.3,,0.0021883947254214523,0.000486408690798,-0.04781160527457855,0.0,significant
0.3,clusteringcoef,0.0647762287635769,100,partial_correlation_p_value,100.0,0.4,,3.109559952288662e-05,9.252882903842376e-06,-0.04996890440047712,0.0,significant
0.3,clusteringcoef,0.0647762287635769,100,partial_correlation_p_value,100.0,0.5,,8.769694091866885e-08,3.38832409378882e-08,-0.049999912303059085,0.0,significant
0.3,clusteringcoef,0.0647762287635769,300,partial_correlation_p_value,300.0,0.05,,0.3865747744849377,0.0355793528889078,0.3365747744849377,2.2695203034364665e-44,non-significant
0.3,clusteringcoef,0.0647762287635769,300,partial_correlation_p_value,300.0,0.1,,0.0827480032540806,0.011512786095,0.0327480032540806,0.0005725493847987215,non-significant
0.3,clusteringcoef,0.0647762287635769,300,partial_correlation_p_value,300.0,0.2,,0.00047121211121644706,0.000115682637763,-0.04952878788878356,0.0,significant
0.3,clusteringcoef,0.0647762287635769,300,partial_correlation_p_value,300.0,0.3,,1.0680987893806553e-07,3.8940990617193774e-08,-0.04999989319012106,0.0,significant
0.3,clusteringcoef,0.0647762287635769,300,partial_correlation_p_value,300.0,0.4,,4.961369134212258e-13,2.474412549181322e-13,-0.049999999999503865,0.0,significant
0.3,clusteringcoef,0.0647762287635769,300,partial_correlation_p_value,300.0,0.5,,1.6558627351112573e-20,1.0848700514198384e-20,-0.05,0.0,significant
0.3,clusteringcoef,0.0647762287635769,500,partial_correlation_p_value,500.0,0.05,,0.2634924310858535,0.0276912742790425,0.21349243108585353,1.965692748456187e-29,non-significant
0.3,clusteringcoef,0.0647762287635769,500,partial_correlation_p_value,500.0,0.1,,0.025054006060311104,0.0042126400843177,-0.0249459939396889,1.1265178523345298e-06,significant
0.3,clusteringcoef,0.0647762287635769,500,partial_correlation_p_value,500.0,0.2,,6.313699919191115e-06,1.9509491372133804e-06,-0.04999368630008081,0.0,significant
0.3,clusteringcoef,0.0647762287635769,500,partial_correlation_p_value,500.0,0.3,,6.716109043816408e-12,3.121768455435383e-12,-0.049999999993283896,0.0,significant
0.3,clusteringcoef,0.0647762287635769,500,partial_correlation_p_value,500.0,0.4,,1.0365018011564428e-20,6.626057132299765e-21,-0.05,0.0,significant
0.3,clusteringcoef,0.0647762287635769,500,partial_correlation_p_value,500.0,0.5,,4.1307211551450724e-33,3.4782317892308895e-33,-0.05,0.0,significant
0.3,clusteringcoef,0.0647762287635769,1000,partial_correlation_p_value,1000.0,0.05,,0.11371053994288459,0.0148067632035261,0.06371053994288459,3.994720124557798e-08,non-significant
0.3,clusteringcoef,0.0647762287635769,1000,partial_correlation_p_value,1000.0,0.1,,0.0015273578790529936,0.0003413847409043,-0.04847264212094701,0.0,significant
0.3,clusteringcoef,0.0647762287635769,1000,partial_correlation_p_value,1000.0,0.2,,1.6849007397872172e-10,7.210166721202526e-11,-0.04999999983150993,0.0,significant
0.3,clusteringcoef,0.0647762287635769,1000,partial_correlation_p_value,1000.0,0.3,,2.761398881915165e-22,1.7973798482226982e-22,-0.05,0.0,significant
0.3,clusteringcoef,0.0647762287635769,1000,partial_correlation_p_value,1000.0,0.4,,8.653026414338422e-40,7.779788521654481e-40,-0.05,0.0,significant
0.3,clusteringcoef,0.0647762287635769,1000,partial_correlation_p_value,1000.0,0.5,,1.706877942166305e-64,2.025654942219277e-64,-0.05,0.0,significant
0.4,clusteringcoef,0.0917389556213501,30,partial_correlation_p_value,30.0,0.05,,0.7858069815820645,0.0711990409017456,0.7358069815820645,5.958382671376443e-28,non-significant
0.4,clusteringcoef,0.0917389556213501,30,partial_correlation_p_value,30.0,0.1,,0.5860649647763356,0.0638186116290598,0.5360649647763356,5.4165408570593824e-30,non-significant
0.4,clusteringcoef,0.0917389556213501,30,partial_correlation_p_value,30.0,0.2,,0.27242589732757794,0.0408479164645363,0.22242589732757795,1.4575125033711105e-15,non-significant
0.4,clusteringcoef,0.0917389556213501,30,partial_correlation_p_value,30.0,0.3,,0.09527344416868826,0.0188077662638672,0.045273444168688254,0.002334556972339509,non-significant
0.4,clusteringcoef,0.0917389556213501,30,partial_correlation_p_value,30.0,0.4,,0.023307657869861772,0.0058923247984355,-0.02669234213013823,0.00018544864674407968,significant
0.4,clusteringcoef,0.0917389556213501,30,partial_correlation_p_value,30.0,0.5,,0.0035685233088176825,0.0011392665583172,-0.04643147669118232,0.0,significant
0.4,clusteringcoef,0.0917389556213501,50,partial_correlation_p_value,50.0,0.05,,0.724830244916418,0.069195148295813,0.674830244916418,2.5764258113664487e-30,non-significant
0.4,clusteringcoef,0.0917389556213501,50,partial_correlation_p_value,50.0,0.1,,0.4805913120761051,0.0575137592663679,0.4305913120761051,4.9751511038683886e-27,non-significant
0.4,clusteringcoef,0.0917389556213501,50,partial_correlation_p_value,50.0,0.2,,0.15515112469544967,0.0270616764375595,0.10515112469544967,1.207331468105365e-07,non-significant
0.4,clusteringcoef,0.0917389556213501,50,partial_correlation_p_value,50.0,0.3,,0.030712033725595562,0.0072983317316906,-0.01928796627440444,0.010255489249469618,significant
0.4,clusteringcoef,0.0917389556213501,50,partial_correlation_p_value,50.0,0.4,,0.003302727162238229,0.0010269563772364,-0.046697272837761775,0.0,significant
0.4,clusteringcoef,0.0917389556213501,50,partial_correlation_p_value,50.0,0.5,,0.0001605349566003264,6.393084441298198e-05,-0.04983946504339968,0.0,significant
0.4,clusteringcoef,0.0917389556213501,75,partial_correlation_p_value,75.0,0.05,,0.6658561263349685,0.0669481346459844,0.6158561263349684,3.947715682657538e-31,non-significant
0.4,clusteringcoef,0.0917389556213501,75,partial_correlation_p_value,75.0,0.1,,0.3868655898413166,0.0506364463870745,0.3368655898413166,9.751277573319335e-23,non-significant
0.4,clusteringcoef,0.0917389556213501,75,partial_correlation_p_value,75.0,0.2,,0.08116706380718447,0.0162179755781502,0.031167063807184467,0.015809652620809453,non-significant
0.4,clusteringcoef,0.0917389556213501,75,partial_correlation_p_value,75.0,0.3,,0.008030434893107933,0.0022412615235265,-0.04196956510689207,0.0,significant
0.4,clusteringcoef,0.0917389556213501,75,partial_correlation_p_value,75.0,0.4,,0.00031301084080057913,0.000115956368015,-0.049686989159199425,0.0,significant
0.4,clusteringcoef,0.0917389556213501,75,partial_correlation_p_value,75.0,0.5,,3.657912410473166e-06,1.7507646339413886e-06,-0.04999634208758953,0.0,significant
0.4,clusteringcoef,0.0917389556213501,100,partial_correlation_p_value,100.0,0.05,,0.6177343076882446,0.0648304899189088,0.5677343076882445,6.026220182152197e-31,non-significant
0.4,clusteringcoef,0.0917389556213501,100,partial_correlation_p_value,100.0,0.1,,0.3173043978741975,0.0446203189529715,0.2673043978741975,8.547274018472743e-19,non-significant
0.4,clusteringcoef,0.0917389556213501,100,partial_correlation_p_value,100.0,0.2,,0.043860884260170395,0.0097278434578668,-0.006139115739829608,0.250137645640089,significant
0.4,clusteringcoef,0.0917389556213501,100,partial_correlation_p_value,100.0,0.3,,0.0021883947254214523,0.0006888734671762,-0.04781160527457855,0.0,significant
0.4,clusteringcoef,0.0917389556213501,100,partial_correlation_p_value,100.0,0.4,,3.109559952288662e-05,1.3104341365461608e-05,-0.04996890440047712,0.0,significant
0.4,clusteringcoef,0.0917389556213501,100,partial_correlation_p_value,100.0,0.5,,8.769694091866885e-08,4.7986942062552906e-08,-0.049999912303059085,0.0,significant
0.4,clusteringcoef,0.0917389556213501,300,partial_correlation_p_value,300.0,0.05,,0.3865747744849377,0.0503890507060082,0.3365747744849377,6.536168510309807e-23,non-significant
0.4,clusteringcoef,0.0917389556213501,300,partial_correlation_p_value,300.0,0.1,,0.0827480032540806,0.0163049160595959,0.0327480032540806,0.011842123199724176,non-significant
0.4,clusteringcoef,0.0917389556213501,300,partial_correlation_p_value,300.0,0.2,,0.00047121211121644706,0.0001638348600168,-0.04952878788878356,0.0,significant
0.4,clusteringcoef,0.0917389556213501,300,partial_correlation_p_value,300.0,0.3,,1.0680987893806553e-07,5.5149950502998126e-08,-0.04999989319012106,0.0,significant
0.4,clusteringcoef,0.0917389556213501,300,partial_correlation_p_value,300.0,0.4,,4.961369134212258e-13,3.5043723194626165e-13,-0.049999999999503865,0.0,significant
0.4,clusteringcoef,0.0917389556213501,300,partial_correlation_p_value,300.0,0.5,,1.6558627351112573e-20,1.5364408734782394e-20,-0.05,0.0,significant
0.4,clusteringcoef,0.0917389556213501,500,partial_correlation_p_value,500.0,0.05,,0.2634924310858535,0.03921760544992,0.21349243108585353,1.7639801514355157e-15,non-significant
0.4,clusteringcoef,0.0917389556213501,500,partial_correlation_p_value,500.0,0.1,,0.025054006060311104,0.0059661269129217,-0.0249459939396889,0.0003705069203907563,significant
0.4,clusteringcoef,0.0917389556213501,500,partial_correlation_p_value,500.0,0.2,,6.313699919191115e-06,2.763020319870293e-06,-0.04999368630008081,0.0,significant
0.4,clusteringcoef,0.0917389556213501,500,partial_correlation_p_value,500.0,0.3,,6.716109043816408e-12,4.421186340417992e-12,-0.049999999993283896,0.0,significant
0.4,clusteringcoef,0.0917389556213501,500,partial_correlation_p_value,500.0,0.4,,1.0365018011564428e-20,9.384114710092182e-21,-0.05,0.0,significant
0.4,clusteringcoef,0.0917389556213501,500,partial_correlation_p_value,500.0,0.5,,4.1307211551450724e-33,4.9260254547644e-33,-0.05,0.0,significant
0.4,clusteringcoef,0.0917389556213501,1000,partial_correlation_p_value,1000.0,0.05,,0.11371053994288459,0.020969991899064,0.06371053994288459,8.654103994785314e-05,non-significant
0.4,clusteringcoef,0.0917389556213501,1000,partial_correlation_p_value,1000.0,0.1,,0.0015273578790529936,0.0004834841452399,-0.04847264212094701,0.0,significant
0.4,clusteringcoef,0.0917389556213501,1000,partial_correlation_p_value,1000.0,0.2,,1.6849007397872172e-10,1.0211356503527463e-10,-0.04999999983150993,0.0,significant
0.4,clusteringcoef,0.0917389556213501,1000,partial_correlation_p_value,1000.0,0.3,,2.761398881915165e-22,2.5455287113523213e-22,-0.05,0.0,significant
0.4,clusteringcoef,0.0917389556213501,1000,partial_correlation_p_value,1000.0,0.4,,8.653026414338422e-40,1.1018080051194056e-39,-0.05,0.0,significant
0.4,clusteringcoef,0.0917389556213501,1000,partial_correlation_p_value,1000.0,0.5,,1.706877942166305e-64,2.8688219798450847e-64,-0.05,0.0,significant
0.5,clusteringcoef,0.1286456916174014,30,partial_correlation_p_value,30.0,0.05,,0.7858069815820645,0.0998425346927436,0.7358069815820645,1.0030120131632598e-14,non-significant
0.5,clusteringcoef,0.1286456916174014,30,partial_correlation_p_value,30.0,0.1,,0.5860649647763356,0.0894929463222716,0.5360649647763356,7.063366657104758e-16,non-significant
0.5,clusteringcoef,0.1286456916174014,30,partial_correlation_p_value,30.0,0.2,,0.27242589732757794,0.0572811018952471,0.22242589732757795,1.2519330157049147e-08,non-significant
0.5,clusteringcoef,0.1286456916174014,30,partial_correlation_p_value,30.0,0.3,,0.09527344416868826,0.0263741622346368,0.045273444168688254,0.02449378405809677,non-significant
0.5,clusteringcoef,0.1286456916174014,30,partial_correlation_p_value,30.0,0.4,,0.023307657869861772,0.008262816965759,-0.02669234213013823,0.004813155835793226,significant
0.5,clusteringcoef,0.1286456916174014,30,partial_correlation_p_value,30.0,0.5,,0.0035685233088176825,0.0015975954090454,-0.04643147669118232,0.0,significant
0.5,clusteringcoef,0.1286456916174014,50,partial_correlation_p_value,50.0,0.05,,0.724830244916418,0.0970324727242902,0.674830244916418,5.747641046456602e-16,non-significant
0.5,clusteringcoef,0.1286456916174014,50,partial_correlation_p_value,50.0,0.1,,0.4805913120761051,0.080651641259983,0.4305913120761051,2.0430577044130815e-14,non-significant
0.5,clusteringcoef,0.1286456916174014,50,partial_correlation_p_value,50.0,0.2,,0.15515112469544967,0.0379486343403061,0.10515112469544967,0.00014012450293072204,non-significant
0.5,clusteringcoef,0.1286456916174014,50,partial_correlation_p_value,50.0,0.3,,0.030712033725595562,0.0102344628507855,-0.01928796627440444,0.0444645387357665,significant
0.5,clusteringcoef,0.1286456916174014,50,partial_correlation_p_value,50.0,0.4,,0.003302727162238229,0.0014401026534002,-0.046697272837761775,0.0,significant
0.5,clusteringcoef,0.1286456916174014,50,partial_correlation_p_value,50.0,0.5,,0.0001605349566003264,8.965033054375109e-05,-0.04983946504339968,0.0,significant
0.5,clusteringcoef,0.1286456916174014,75,partial_correlation_p_value,75.0,0.05,,0.6658561263349685,0.0938814817074635,0.6158561263349684,2.0436030967364058e-16,non-significant
0.5,clusteringcoef,0.1286456916174014,75,partial_correlation_p_value,75.0,0.1,,0.3868655898413166,0.0710075738533549,0.3368655898413166,2.907575138597078e-12,non-significant
0.5,clusteringcoef,0.1286456916174014,75,partial_correlation_p_value,75.0,0.2,,0.08116706380718447,0.0227424944044132,0.031167063807184467,0.06876883479224734,non-significant
0.5,clusteringcoef,0.1286456916174014,75,partial_correlation_p_value,75.0,0.3,,0.008030434893107933,0.003142924800448,-0.04196956510689207,3.91631171936524e-12,significant
0.5,clusteringcoef,0.1286456916174014,75,partial_correlation_p_value,75.0,0.4,,0.00031301084080057913,0.0001626058097097,-0.049686989159199425,0.0,significant
0.5,clusteringcoef,0.1286456916174014,75,partial_correlation_p_value,75.0,0.5,,3.657912410473166e-06,2.455100187997561e-06,-0.04999634208758953,0.0,significant
0.5,clusteringcoef,0.1286456916174014,100,partial_correlation_p_value,100.0,0.05,,0.6177343076882446,0.0909119049483926,0.5677343076882445,2.3876637864076657e-16,non-significant
0.5,clusteringcoef,0.1286456916174014,100,partial_correlation_p_value,100.0,0.1,,0.3173043978741975,0.0625711482435731,0.2673043978741975,2.8507132419482233e-10,non-significant
0.5,clusteringcoef,0.1286456916174014,100,partial_correlation_p_value,100.0,0.2,,0.043860884260170395,0.0136413712267272,-0.006139115739829608,0.29860024423165044,significant
0.5,clusteringcoef,0.1286456916174014,100,partial_correlation_p_value,100.0,0.3,,0.0021883947254214523,0.0009660084205399,-0.04781160527457855,0.0,significant
0.5,clusteringcoef,0.1286456916174014,100,partial_correlation_p_value,100.0,0.4,,3.109559952288662e-05,1.837623991609946e-05,-0.04996890440047712,0.0,significant
0.5,clusteringcoef,0.1286456916174014,100,partial_correlation_p_value,100.0,0.5,,8.769694091866885e-08,6.72921694870984e-08,-0.049999912303059085,0.0,significant
0.5,clusteringcoef,0.1286456916174014,300,partial_correlation_p_value,300.0,0.05,,0.3865747744849377,0.0706606504740951,0.3365747744849377,2.3668376196808384e-12,non-significant
0.5,clusteringcoef,0.1286456916174014,300,partial_correlation_p_value,300.0,0.1,,0.0827480032540806,0.0228644111876311,0.0327480032540806,0.05866246950997472,non-significant
0.5,clusteringcoef,0.1286456916174014,300,partial_correlation_p_value,300.0,0.2,,0.00047121211121644706,0.0002297458994944,-0.04952878788878356,0.0,significant
0.5,clusteringcoef,0.1286456916174014,300,partial_correlation_p_value,300.0,0.3,,1.0680987893806553e-07,7.733686825918583e-08,-0.04999989319012106,0.0,significant
0.5,clusteringcoef,0.1286456916174014,300,partial_correlation_p_value,300.0,0.4,,4.961369134212258e-13,4.914187192002729e-13,-0.049999999999503865,0.0,significant
0.5,clusteringcoef,0.1286456916174014,300,partial_correlation_p_value,300.0,0.5,,1.6558627351112573e-20,2.1545536185704354e-20,-0.05,0.0,significant
0.5,clusteringcoef,0.1286456916174014,500,partial_correlation_p_value,500.0,0.05,,0.2634924310858535,0.0549949140200281,0.21349243108585353,1.3673881623187218e-08,non-significant
0.5,clusteringcoef,0.1286456916174014,500,partial_correlation_p_value,500.0,0.1,,0.025054006060311104,0.0083663097949131,-0.0249459939396889,0.007068461628468192,significant
0.5,clusteringcoef,0.1286456916174014,500,partial_correlation_p_value,500.0,0.2,,6.313699919191115e-06,3.874588037275679e-06,-0.04999368630008081,0.0,significant
0.5,clusteringcoef,0.1286456916174014,500,partial_correlation_p_value,500.0,0.3,,6.716109043816408e-12,6.199837034117197e-12,-0.049999999993283896,0.0,significant
0.5,clusteringcoef,0.1286456916174014,500,partial_correlation_p_value,500.0,0.4,,1.0365018011564428e-20,1.3159359826153126e-20,-0.05,0.0,significant
0.5,clusteringcoef,0.1286456916174014,500,partial_correlation_p_value,500.0,0.5,,4.1307211551450724e-33,6.907773772449713e-33,-0.05,0.0,significant
0.5,clusteringcoef,0.1286456916174014,1000,partial_correlation_p_value,1000.0,0.05,,0.11371053994288459,0.0294062548760755,0.06371053994288459,0.00426384216302532,non-significant
0.5,clusteringcoef,0.1286456916174014,1000,partial_correlation_p_value,1000.0,0.1,,0.0015273578790529936,0.0006779906292716,-0.04847264212094701,0.0,significant
0.5,clusteringcoef,0.1286456916174014,1000,partial_correlation_p_value,1000.0,0.2,,1.6849007397872172e-10,1.431940238310735e-10,-0.04999999983150993,0.0,significant
0.5,clusteringcoef,0.1286456916174014,1000,partial_correlation_p_value,1000.0,0.3,,2.761398881915165e-22,3.56959918919832e-22,-0.05,0.0,significant
0.5,clusteringcoef,0.1286456916174014,1000,partial_correlation_p_value,1000.0,0.4,,8.653026414338422e-40,1.54506721695432e-39,-0.05,0.0,significant
0.5,clusteringcoef,0.1286456916174014,1000,partial_correlation_p_value,1000.0,0.5,,1.706877942166305e-64,4.022953882837568e-64,-0.05,0.0,significant
0.05,degree,0.117434789749695,30,partial_correlation_p_value,30.0,0.05,,0.7858069815820645,0.0911417002956435,0.7358069815820645,1.7966817291613513e-17,non-significant
0.05,degree,0.117434789749695,30,partial_correlation_p_value,30.0,0.1,,0.5860649647763356,0.0816940326823593,0.5360649647763356,8.280076534574511e-19,non-significant
0.05,degree,0.117434789749695,30,partial_correlation_p_value,30.0,0.2,,0.27242589732757794,0.0522893077344946,0.22242589732757795,4.502219727225915e-10,non-significant
0.05,degree,0.117434789749695,30,partial_correlation_p_value,30.0,0.3,,0.09527344416868826,0.0240757708859794,0.045273444168688254,0.014823633773713414,non-significant
0.05,degree,0.117434789749695,30,partial_correlation_p_value,30.0,0.4,,0.023307657869861772,0.0075427490879365,-0.02669234213013823,0.0024207149252408744,significant
0.05,degree,0.117434789749695,30,partial_correlation_p_value,30.0,0.5,,0.0035685233088176825,0.0014583720496781,-0.04643147669118232,0.0,significant
0.05,degree,0.117434789749695,50,partial_correlation_p_value,50.0,0.05,,0.724830244916418,0.088576522773567,0.674830244916418,6.029057753596364e-19,non-significant
0.05,degree,0.117434789749695,50,partial_correlation_p_value,50.0,0.1,,0.4805913120761051,0.0736232081716508,0.4305913120761051,4.90036323337496e-17,non-significant
0.05,degree,0.117434789749695,50,partial_correlation_p_value,50.0,0.2,,0.15515112469544967,0.0346415790456141,0.10515112469544967,3.1907605754717414e-05,non-significant
0.05,degree,0.117434789749695,50,partial_correlation_p_value,50.0,0.3,,0.030712033725595562,0.0093425747724029,-0.01928796627440444,0.032498998321964234,significant
0.05,degree,0.117434789749695,50,partial_correlation_p_value,50.0,0.4,,0.003302727162238229,0.0013146040896807,-0.046697272837761775,0.0,significant
0.05,degree,0.117434789749695,50,partial_correlation_p_value,50.0,0.5,,0.0001605349566003264,8.183770156646255e-05,-0.04983946504339968,0.0,significant
0.05,degree,0.117434789749695,75,partial_correlation_p_value,75.0,0.05,,0.6658561263349685,0.0857001266586879,0.6158561263349684,1.8007989201423974e-19,non-significant
0.05,degree,0.117434789749695,75,partial_correlation_p_value,75.0,0.1,,0.3868655898413166,0.0648195784970751,0.3368655898413166,1.9334019628012893e-14,non-significant
0.05,degree,0.117434789749695,75,partial_correlation_p_value,75.0,0.2,,0.08116706380718447,0.0207605868116349,0.031167063807184467,0.050036163007640334,non-significant
0.05,degree,0.117434789749695,75,partial_correlation_p_value,75.0,0.3,,0.008030434893107933,0.0028690328335084,-0.04196956510689207,3.808064974464287e-14,significant
0.05,degree,0.117434789749695,75,partial_correlation_p_value,75.0,0.4,,0.00031301084080057913,0.0001484354340613,-0.049686989159199425,0.0,significant
0.05,degree,0.117434789749695,75,partial_correlation_p_value,75.0,0.5,,3.657912410473166e-06,2.241149087599379e-06,-0.04999634208758953,0.0,significant
0.05,degree,0.117434789749695,100,partial_correlation_p_value,100.0,0.05,,0.6177343076882446,0.082989335353028,0.5677343076882445,2.2237461189214635e-19,non-significant
0.05,degree,0.117434789749695,100,partial_correlation_p_value,100.0,0.1,,0.3173043978741975,0.0571183499890101,0.2673043978741975,4.805694961105314e-12,non-significant
0.05,degree,0.117434789749695,100,partial_correlation_p_value,100.0,0.2,,0.043860884260170395,0.0124525861827739,-0.006139115739829608,0.28736264085982755,significant
0.05,degree,0.117434789749695,100,partial_correlation_p_value,100.0,0.3,,0.0021883947254214523,0.000881825068032,-0.04781160527457855,0.0,significant
0.05,degree,0.117434789749695,100,partial_correlation_p_value,100.0,0.4,,3.109559952288662e-05,1.677483205077027e-05,-0.04996890440047712,0.0,significant
0.05,degree,0.117434789749695,100,partial_correlation_p_value,100.0,0.5,,8.769694091866885e-08,6.142795515469334e-08,-0.049999912303059085,0.0,significant
0.05,degree,0.117434789749695,300,partial_correlation_p_value,300.0,0.05,,0.3865747744849377,0.064502887952756,0.3365747744849377,1.511801479225059e-14,non-significant
0.05,degree,0.117434789749695,300,partial_correlation_p_value,300.0,0.1,,0.0827480032540806,0.0208718790875297,0.0327480032540806,0.041535221232130146,non-significant
0.05,degree,0.117434789749695,300,partial_correlation_p_value,300.0,0.2,,0.00047121211121644706,0.0002097245625856,-0.04952878788878356,0.0,significant
0.05,degree,0.117434789749695,300,partial_correlation_p_value,300.0,0.3,,1.0680987893806553e-07,7.059730294682373e-08,-0.04999989319012106,0.0,significant
0.05,degree,0.117434789749695,300,partial_correlation_p_value,300.0,0.4,,4.961369134212258e-13,4.485937557860842e-13,-0.049999999999503865,0.0,significant
0.05,degree,0.117434789749695,300,partial_correlation_p_value,300.0,0.5,,1.6558627351112573e-20,1.966793819677663e-20,-0.05,0.0,significant
0.05,degree,0.117434789749695,500,partial_correlation_p_value,500.0,0.05,,0.2634924310858535,0.0502023510002333,0.21349243108585353,5.023184493368951e-10,non-significant
0.05,degree,0.117434789749695,500,partial_correlation_p_value,500.0,0.1,,0.025054006060311104,0.0076372229757093,-0.0249459939396889,0.003789898880802167,significant
0.05,degree,0.117434789749695,500,partial_correlation_p_value,500.0,0.2,,6.313699919191115e-06,3.5369348619725197e-06,-0.04999368630008081,0.0,significant
0.05,degree,0.117434789749695,500,partial_correlation_p_value,500.0,0.3,,6.716109043816408e-12,5.659548714225588e-12,-0.049999999993283896,0.0,significant
0.05,degree,0.117434789749695,500,partial_correlation_p_value,500.0,0.4,,1.0365018011564428e-20,1.2012579939488931e-20,-0.05,0.0,significant
0.05,degree,0.117434789749695,500,partial_correlation_p_value,500.0,0.5,,4.1307211551450724e-33,6.305791903382794e-33,-0.05,0.0,significant
0.05,degree,0.117434789749695,1000,partial_correlation_p_value,1000.0,0.05,,0.11371053994288459,0.0268436300919288,0.06371053994288459,0.0018702760173482467,non-significant
0.05,degree,0.117434789749695,1000,partial_correlation_p_value,1000.0,0.1,,0.0015273578790529936,0.00061890675078,-0.04847264212094701,0.0,significant
0.05,degree,0.117434789749695,1000,partial_correlation_p_value,1000.0,0.2,,1.6849007397872172e-10,1.3071529928904598e-10,-0.04999999983150993,0.0,significant
0.05,degree,0.117434789749695,1000,partial_correlation_p_value,1000.0,0.3,,2.761398881915165e-22,3.2585244402967904e-22,-0.05,0.0,significant
0.05,degree,0.117434789749695,1000,partial_correlation_p_value,1000.0,0.4,,8.653026414338422e-40,1.4104214567231857e-39,-0.05,0.0,significant
0.05,degree,0.117434789749695,1000,partial_correlation_p_value,1000.0,0.5,,1.706877942166305e-64,3.672371281650014e-64,-0.05,0.0,significant
0.1,degree,0.0750776576472831,30,partial_correlation_p_value,30.0,0.05,,0.7858069815820645,0.0582681280970691,0.7358069815820645,3.677047711896495e-41,non-significant
0.1,degree,0.0750776576472831,30,partial_correlation_p_value,30.0,0.1,,0.5860649647763356,0.0522281057480929,0.5360649647763356,4.2908710370934897e-44,non-significant
0.1,degree,0.0750776576472831,30,partial_correlation_p_value,30.0,0.2,,0.27242589732757794,0.0334292653230898,0.22242589732757795,1.842891072725596e-22,non-significant
0.1,degree,0.0750776576472831,30,partial_correlation_p_value,30.0,0.3,,0.09527344416868826,0.0153919676445513,0.045273444168688254,0.000245831852756441,non-significant
0.1,degree,0.0750776576472831,30,partial_correlation_p_value,30.0,0.4,,0.023307657869861772,0.0048221820377971,-0.02669234213013823,7.778250185275226e-06,significant
0.1,degree,0.0750776576472831,30,partial_correlation_p_value,30.0,0.5,,0.0035685233088176825,0.0009323570783536,-0.04643147669118232,0.0,significant
0.1,degree,0.0750776576472831,50,partial_correlation_p_value,50.0,0.05,,0.724830244916418,0.0566281752328671,0.674830244916418,1.1909398837683655e-44,non-significant
0.1,degree,0.0750776576472831,50,partial_correlation_p_value,50.0,0.1,,0.4805913120761051,0.0470683179131779,0.4305913120761051,1.2648944434016622e-39,non-significant
0.1,degree,0.0750776576472831,50,partial_correlation_p_value,50.0,0.2,,0.15515112469544967,0.0221468324462569,0.10515112469544967,1.1542472305963991e-10,non-significant
0.1,degree,0.0750776576472831,50,partial_correlation_p_value,50.0,0.3,,0.030712033725595562,0.0059728350670328,-0.01928796627440444,0.0025353675742899595,significant
0.1,degree,0.0750776576472831,50,partial_correlation_p_value,50.0,0.4,,0.003302727162238229,0.0008404442669598,-0.046697272837761775,0.0,significant
0.1,degree,0.0750776576472831,50,partial_correlation_p_value,50.0,0.5,,0.0001605349566003264,5.231995521892061e-05,-0.04983946504339968,0.0,significant
0.1,degree,0.0750776576472831,75,partial_correlation_p_value,75.0,0.05,,0.6658561263349685,0.0547892560911787,0.6158561263349684,7.84383249377914e-46,non-significant
0.1,degree,0.0750776576472831,75,partial_correlation_p_value,75.0,0.1,,0.3868655898413166,0.0414400377743022,0.3368655898413166,3.4664197449024524e-33,non-significant
0.1,degree,0.0750776576472831,75,partial_correlation_p_value,75.0,0.2,,0.08116706380718447,0.013272525394926,0.031167063807184467,0.003978185980965105,non-significant
0.1,degree,0.0750776576472831,75,partial_correlation_p_value,75.0,0.3,,0.008030434893107933,0.0018342116958021,-0.04196956510689207,0.0,significant
0.1,degree,0.0750776576472831,75,partial_correlation_p_value,75.0,0.4,,0.00031301084080057913,9.489679101852704e-05,-0.049686989159199425,0.0,significant
0.1,degree,0.0750776576472831,75,partial_correlation_p_value,75.0,0.5,,3.657912410473166e-06,1.4327970807794125e-06,-0.04999634208758953,0.0,significant
0.1,degree,0.0750776576472831,100,partial_correlation_p_value,100.0,0.05,,0.6177343076882446,0.0530562103554699,0.5677343076882445,1.5656395440058018e-45,non-significant
0.1,degree,0.0750776576472831,100,partial_correlation_p_value,100.0,0.1,,0.3173043978741975,0.0365165376886429,0.2673043978741975,2.7534330608276465e-27,non-significant
0.1,degree,0.0750776576472831,100,partial_correlation_p_value,100.0,0.2,,0.043860884260170395,0.0079611076431975,-0.006139115739829608,0.21308106120109072,significant
0.1,degree,0.0750776576472831,100,partial_correlation_p_value,100.0,0.3,,0.0021883947254214523,0.0005637627546625,-0.04781160527457855,0.0,significant
0.1,degree,0.0750776576472831,100,partial_correlation_p_value,100.0,0.4,,3.109559952288662e-05,1.072437818880391e-05,-0.04996890440047712,0.0,significant
0.1,degree,0.0750776576472831,100,partial_correlation_p_value,100.0,0.5,,8.769694091866885e-08,3.9271726861406535e-08,-0.049999912303059085,0.0,significant
0.1,degree,0.0750776576472831,300,partial_correlation_p_value,300.0,0.05,,0.3865747744849377,0.0412375732038184,0.3365747744849377,1.9120086999873198e-33,non-significant
0.1,degree,0.0750776576472831,300,partial_correlation_p_value,300.0,0.1,,0.0827480032540806,0.0133436760599566,0.0327480032540806,0.0026212590303975073,non-significant
0.1,degree,0.0750776576472831,300,partial_correlation_p_value,300.0,0.2,,0.00047121211121644706,0.0001340797641277,-0.04952878788878356,0.0,significant
0.1,degree,0.0750776576472831,300,partial_correlation_p_value,300.0,0.3,,1.0680987893806553e-07,4.5133815564879724e-08,-0.04999989319012106,0.0,significant
0.1,degree,0.0750776576472831,300,partial_correlation_p_value,300.0,0.4,,4.961369134212258e-13,2.867920868373167e-13,-0.049999999999503865,0.0,significant
0.1,degree,0.0750776576472831,300,partial_correlation_p_value,300.0,0.5,,1.6558627351112573e-20,1.257398028056974e-20,-0.05,0.0,significant
0.1,degree,0.0750776576472831,500,partial_correlation_p_value,500.0,0.05,,0.2634924310858535,0.0320950455100895,0.21349243108585353,2.4718163387210547e-22,non-significant
0.1,degree,0.0750776576472831,500,partial_correlation_p_value,500.0,0.1,,0.025054006060311104,0.0048825804786503,-0.0249459939396889,2.1125529120591402e-05,significant
0.1,degree,0.0750776576472831,500,partial_correlation_p_value,500.0,0.2,,6.313699919191115e-06,2.2612105429226344e-06,-0.04999368630008081,0.0,significant
0.1,degree,0.0750776576472831,500,partial_correlation_p_value,500.0,0.3,,6.716109043816408e-12,3.618226436223969e-12,-0.049999999993283896,0.0,significant
0.1,degree,0.0750776576472831,500,partial_correlation_p_value,500.0,0.4,,1.0365018011564428e-20,7.679805669851877e-21,-0.05,0.0,significant
0.1,degree,0.0750776576472831,500,partial_correlation_p_value,500.0,0.5,,4.1307211551450724e-33,4.0313784929172796e-33,-0.05,0.0,significant
0.1,degree,0.0750776576472831,1000,partial_correlation_p_value,1000.0,0.05,,0.11371053994288459,0.0171614976647699,0.06371053994288459,1.9509935694367093e-06,non-significant
0.1,degree,0.0750776576472831,1000,partial_correlation_p_value,1000.0,0.1,,0.0015273578790529936,0.0003956754999919,-0.04847264212094701,0.0,significant
0.1,degree,0.0750776576472831,1000,partial_correlation_p_value,1000.0,0.2,,1.6849007397872172e-10,8.356806794820041e-11,-0.04999999983150993,0.0,significant
0.1,degree,0.0750776576472831,1000,partial_correlation_p_value,1000.0,0.3,,2.761398881915165e-22,2.0832189752742551e-22,-0.05,0.0,significant
0.1,degree,0.0750776576472831,1000,partial_correlation_p_value,1000.0,0.4,,8.653026414338422e-40,9.01701612375226e-40,-0.05,0.0,significant
0.1,degree,0.0750776576472831,1000,partial_correlation_p_value,1000.0,0.5,,1.706877942166305e-64,2.3477968873201827e-64,-0.05,0.0,significant
0.2,degree,0.0558141861322291,30,partial_correlation_p_value,30.0,0.05,,0.7858069815820645,0.0433176559991422,0.7358069815820645,1.8842864886224046e-73,non-significant
0.2,degree,0.0558141861322291,30,partial_correlation_p_value,30.0,0.1,,0.5860649647763356,0.0388273862945069,0.5360649647763356,1.437093550613697e-78,non-significant
0.2,degree,0.0558141861322291,30,partial_correlation_p_value,30.0,0.2,,0.27242589732757794,0.0248519638928043,0.22242589732757795,2.769880743147666e-39,non-significant
0.2,degree,0.0558141861322291,30,partial_correlation_p_value,30.0,0.3,,0.09527344416868826,0.0114426871319063,0.045273444168688254,1.163279485174625e-06,non-significant
0.2,degree,0.0558141861322291,30,partial_correlation_p_value,30.0,0.4,,0.023307657869861772,0.0035849036085483,-0.02669234213013823,3.821892802235993e-09,significant
0.2,degree,0.0558141861322291,30,partial_correlation_p_value,30.0,0.5,,0.0035685233088176825,0.000693132326496,-0.04643147669118232,0.0,significant
0.2,degree,0.0558141861322291,50,partial_correlation_p_value,50.0,0.05,,0.724830244916418,0.0420984832481665,0.674830244916418,1.0652957484661745e-79,non-significant
0.2,degree,0.0558141861322291,50,partial_correlation_p_value,50.0,0.1,,0.4805913120761051,0.0349914999916372,0.4305913120761051,2.0832254330007217e-70,non-significant
0.2,degree,0.0558141861322291,50,partial_correlation_p_value,50.0,0.2,,0.15515112469544967,0.0164643845736629,0.10515112469544967,5.5201668866875135e-18,non-significant
0.2,degree,0.0558141861322291,50,partial_correlation_p_value,50.0,0.3,,0.030712033725595562,0.0044403213767623,-0.01928796627440444,9.385558584851239e-05,significant
0.2,degree,0.0558141861322291,50,partial_correlation_p_value,50.0,0.4,,0.003302727162238229,0.0006248025607064,-0.046697272837761775,0.0,significant
0.2,degree,0.0558141861322291,50,partial_correlation_p_value,50.0,0.5,,0.0001605349566003264,3.889566897169177e-05,-0.04983946504339968,0.0,significant
0.2,degree,0.0558141861322291,75,partial_correlation_p_value,75.0,0.05,,0.6658561263349685,0.0407313951093955,0.6158561263349684,8.860719551000686e-82,non-significant
0.2,degree,0.0558141861322291,75,partial_correlation_p_value,75.0,0.1,,0.3868655898413166,0.030807327427925,0.3368655898413166,1.0342858793394515e-58,non-significant
0.2,degree,0.0558141861322291,75,partial_correlation_p_value,75.0,0.2,,0.08116706380718447,0.0098670526765421,0.031167063807184467,0.0001568503074229026,non-significant
0.2,degree,0.0558141861322291,75,partial_correlation_p_value,75.0,0.3,,0.008030434893107933,0.0013635885322418,-0.04196956510689207,0.0,significant
0.2,degree,0.0558141861322291,75,partial_correlation_p_value,75.0,0.4,,0.00031301084080057913,7.054811408931839e-05,-0.049686989159199425,0.0,significant
0.2,degree,0.0558141861322291,75,partial_correlation_p_value,75.0,0.5,,3.657912410473166e-06,1.065169125707674e-06,-0.04999634208758953,0.0,significant
0.2,degree,0.0558141861322291,100,partial_correlation_p_value,100.0,0.05,,0.6177343076882446,0.0394430153130658,0.5677343076882445,3.412174710241032e-81,non-significant
0.2,degree,0.0558141861322291,100,partial_correlation_p_value,100.0,0.1,,0.3173043978741975,0.0271471020184689,0.2673043978741975,5.140989880013581e-48,non-significant
0.2,degree,0.0558141861322291,100,partial_correlation_p_value,100.0,0.2,,0.043860884260170395,0.0059184417540524,-0.006139115739829608,0.1499901110606101,significant
0.2,degree,0.0558141861322291,100,partial_correlation_p_value,100.0,0.3,,0.0021883947254214523,0.0004191121607839,-0.04781160527457855,0.0,significant
0.2,degree,0.0558141861322291,100,partial_correlation_p_value,100.0,0.4,,3.109559952288662e-05,7.972710645748022e-06,-0.04996890440047712,0.0,significant
0.2,degree,0.0558141861322291,100,partial_correlation_p_value,100.0,0.5,,8.769694091866885e-08,2.919536306092957e-08,-0.049999912303059085,0.0,significant
0.2,degree,0.0558141861322291,300,partial_correlation_p_value,300.0,0.05,,0.3865747744849377,0.0306568113412984,0.3365747744849377,3.538169298738398e-59,non-significant
0.2,degree,0.0558141861322291,300,partial_correlation_p_value,300.0,0.1,,0.0827480032540806,0.0099199474602353,0.0327480032540806,7.569690857451768e-05,non-significant
0.2,degree,0.0558141861322291,300,partial_correlation_p_value,300.0,0.2,,0.00047121211121644706,9.967749589031388e-05,-0.04952878788878356,0.0,significant
0.2,degree,0.0558141861322291,300,partial_correlation_p_value,300.0,0.3,,1.0680987893806553e-07,3.3553353444119564e-08,-0.04999989319012106,0.0,significant
0.2,degree,0.0558141861322291,300,partial_correlation_p_value,300.0,0.4,,4.961369134212258e-13,2.132067970366103e-13,-0.049999999999503865,0.0,significant
0.2,degree,0.0558141861322291,300,partial_correlation_p_value,300.0,0.5,,1.6558627351112573e-20,9.347740696703724e-21,-0.05,0.0,significant
0.2,degree,0.0558141861322291,500,partial_correlation_p_value,500.0,0.05,,0.2634924310858535,0.0238600790189586,0.21349243108585353,4.778628503894058e-39,non-significant
0.2,degree,0.0558141861322291,500,partial_correlation_p_value,500.0,0.1,,0.025054006060311104,0.0036298049803481,-0.0249459939396889,2.1983880049702975e-08,significant
0.2,degree,0.0558141861322291,500,partial_correlation_p_value,500.0,0.2,,6.313699919191115e-06,1.6810277528871458e-06,-0.04999368630008081,0.0,significant
0.2,degree,0.0558141861322291,500,partial_correlation_p_value,500.0,0.3,,6.716109043816408e-12,2.6898596747479198e-12,-0.049999999993283896,0.0,significant
0.2,degree,0.0558141861322291,500,partial_correlation_p_value,500.0,0.4,,1.0365018011564428e-20,5.709316413815591e-21,-0.05,0.0,significant
0.2,degree,0.0558141861322291,500,partial_correlation_p_value,500.0,0.5,,4.1307211551450724e-33,2.9970049229591652e-33,-0.05,0.0,significant
0.2,degree,0.0558141861322291,1000,partial_correlation_p_value,1000.0,0.05,,0.11371053994288459,0.0127581900526161,0.06371053994288459,2.1367935404405691e-10,non-significant
0.2,degree,0.0558141861322291,1000,partial_correlation_p_value,1000.0,0.1,,0.0015273578790529936,0.0002941528371631,-0.04847264212094701,0.0,significant
0.2,degree,0.0558141861322291,1000,partial_correlation_p_value,1000.0,0.2,,1.6849007397872172e-10,6.212612174296327e-11,-0.04999999983150993,0.0,significant
0.2,degree,0.0558141861322291,1000,partial_correlation_p_value,1000.0,0.3,,2.761398881915165e-22,1.5487053709960344e-22,-0.05,0.0,significant
0.2,degree,0.0558141861322291,1000,partial_correlation_p_value,1000.0,0.4,,8.653026414338422e-40,6.703424588082259e-40,-0.05,0.0,significant
0.2,degree,0.0558141861322291,1000,partial_correlation_p_value,1000.0,0.5,,1.706877942166305e-64,1.7453977198541285e-64,-0.05,0.0,significant
0.3,degree,0.0468999289895655,30,partial_correlation_p_value,30.0,0.05,,0.7858069815820645,0.0363992585243679,0.7358069815820645,1.8673358630198106e-103,non-significant
0.3,degree,0.0468999289895655,30,partial_correlation_p_value,30.0,0.1,,0.5860649647763356,0.0326261437504199,0.5360649647763356,1.3202651019372815e-110,non-significant
0.3,degree,0.0468999289895655,30,partial_correlation_p_value,30.0,0.2,,0.27242589732757794,0.0208827794973568,0.22242589732757795,6.782257277383496e-55,non-significant
0.3,degree,0.0468999289895655,30,partial_correlation_p_value,30.0,0.3,,0.09527344416868826,0.0096151400051739,0.045273444168688254,8.734155669489551e-09,non-significant
0.3,degree,0.0468999289895655,30,partial_correlation_p_value,30.0,0.4,,0.023307657869861772,0.0030123475110258,-0.02669234213013823,3.477551580033378e-12,significant
0.3,degree,0.0468999289895655,30,partial_correlation_p_value,30.0,0.5,,0.0035685233088176825,0.000582430008314,-0.04643147669118232,0.0,significant
0.3,degree,0.0468999289895655,50,partial_correlation_p_value,50.0,0.05,,0.724830244916418,0.0353748036427485,0.674830244916418,2.8649062703651035e-112,non-significant
0.3,degree,0.0468999289895655,50,partial_correlation_p_value,50.0,0.1,,0.4805913120761051,0.0294028987712594,0.4305913120761051,5.214474422320633e-99,non-significant
0.3,degree,0.0468999289895655,50,partial_correlation_p_value,50.0,0.2,,0.15515112469544967,0.0138348065406226,0.10515112469544967,9.388134309586444e-25,non-significant
0.3,degree,0.0468999289895655,50,partial_correlation_p_value,50.0,0.3,,0.030712033725595562,0.0037311438487634,-0.01928796627440444,4.713427584679408e-06,significant
0.3,degree,0.0468999289895655,50,partial_correlation_p_value,50.0,0.4,,0.003302727162238229,0.0005250134017937,-0.046697272837761775,0.0,significant
0.3,degree,0.0468999289895655,50,partial_correlation_p_value,50.0,0.5,,0.0001605349566003264,3.268352078900295e-05,-0.04983946504339968,0.0,significant
0.3,degree,0.0468999289895655,75,partial_correlation_p_value,75.0,0.05,,0.6658561263349685,0.0342260573996529,0.6158561263349684,3.4744708533876885e-115,non-significant
0.3,degree,0.0468999289895655,75,partial_correlation_p_value,75.0,0.1,,0.3868655898413166,0.0258869934124805,0.3368655898413166,2.0227546158873896e-82,non-significant
0.3,degree,0.0468999289895655,75,partial_correlation_p_value,75.0,0.2,,0.08116706380718447,0.0082911550258888,0.031167063807184467,8.414376216991917e-06,non-significant
0.3,degree,0.0468999289895655,75,partial_correlation_p_value,75.0,0.3,,0.008030434893107933,0.0011458055696023,-0.04196956510689207,0.0,significant
0.3,degree,0.0468999289895655,75,partial_correlation_p_value,75.0,0.4,,0.00031301084080057913,5.928065551826143e-05,-0.049686989159199425,0.0,significant
0.3,degree,0.0468999289895655,75,partial_correlation_p_value,75.0,0.5,,3.657912410473166e-06,8.950476539999373e-07,-0.04999634208758953,0.0,significant
0.3,degree,0.0468999289895655,100,partial_correlation_p_value,100.0,0.05,,0.6177343076882446,0.0331434487449947,0.5677343076882445,2.4661446297346423e-114,non-significant
0.3,degree,0.0468999289895655,100,partial_correlation_p_value,100.0,0.1,,0.3173043978741975,0.0228113539794768,0.2673043978741975,2.9211136515970916e-67,non-significant
0.3,degree,0.0468999289895655,100,partial_correlation_p_value,100.0,0.2,,0.043860884260170395,0.0049731890264661,-0.006139115739829608,0.1114558895974217,significant
0.3,degree,0.0468999289895655,100,partial_correlation_p_value,100.0,0.3,,0.0021883947254214523,0.000352174454947,-0.04781160527457855,0.0,significant
0.3,degree,0.0468999289895655,100,partial_correlation_p_value,100.0,0.4,,3.109559952288662e-05,6.699364248617444e-06,-0.04996890440047712,0.0,significant
0.3,degree,0.0468999289895655,100,partial_correlation_p_value,100.0,0.5,,8.769694091866885e-08,2.4532480884667437e-08,-0.049999912303059085,0.0,significant
0.3,degree,0.0468999289895655,300,partial_correlation_p_value,300.0,0.05,,0.3865747744849377,0.0257605167178665,0.3365747744849377,4.4362650935959956e-83,non-significant
0.3,degree,0.0468999289895655,300,partial_correlation_p_value,300.0,0.1,,0.0827480032540806,0.0083356018192767,0.0327480032540806,3.0432061842440627e-06,non-significant
0.3,degree,0.0468999289895655,300,partial_correlation_p_value,300.0,0.2,,0.00047121211121644706,8.375769321509452e-05,-0.04952878788878356,0.0,significant
0.3,degree,0.0468999289895655,300,partial_correlation_p_value,300.0,0.3,,1.0680987893806553e-07,2.8194443078734045e-08,-0.04999989319012106,0.0,significant
0.3,degree,0.0468999289895655,300,partial_correlation_p_value,300.0,0.4,,4.961369134212258e-13,1.791548768160883e-13,-0.049999999999503865,0.0,significant
0.3,degree,0.0468999289895655,300,partial_correlation_p_value,300.0,0.5,,1.6558627351112573e-20,7.85478397641856e-21,-0.05,0.0,significant
0.3,degree,0.0468999289895655,500,partial_correlation_p_value,500.0,0.05,,0.2634924310858535,0.0200493116395799,0.21349243108585353,1.4788612504496107e-54,non-significant
0.3,degree,0.0468999289895655,500,partial_correlation_p_value,500.0,0.1,,0.025054006060311104,0.003050077545178,-0.0249459939396889,4.01775279712524e-11,significant
0.3,degree,0.0468999289895655,500,partial_correlation_p_value,500.0,0.2,,6.313699919191115e-06,1.4125455856888492e-06,-0.04999368630008081,0.0,significant
0.3,degree,0.0468999289895655,500,partial_correlation_p_value,500.0,0.3,,6.716109043816408e-12,2.2602538257693454e-12,-0.049999999993283896,0.0,significant
0.3,degree,0.0468999289895655,500,partial_correlation_p_value,500.0,0.4,,1.0365018011564428e-20,4.797463744298765e-21,-0.05,0.0,significant
0.3,degree,0.0468999289895655,500,partial_correlation_p_value,500.0,0.5,,4.1307211551450724e-33,2.518343951753856e-33,-0.05,0.0,significant
0.3,degree,0.0468999289895655,1000,partial_correlation_p_value,1000.0,0.05,,0.11371053994288459,0.0107205398657163,0.06371053994288459,4.846039112124792e-14,non-significant
0.3,degree,0.0468999289895655,1000,partial_correlation_p_value,1000.0,0.1,,0.0015273578790529936,0.0002471727732864,-0.04847264212094701,0.0,significant
0.3,degree,0.0468999289895655,1000,partial_correlation_p_value,1000.0,0.2,,1.6849007397872172e-10,5.2203765745848577e-11,-0.04999999983150993,0.0,significant
0.3,degree,0.0468999289895655,1000,partial_correlation_p_value,1000.0,0.3,,2.761398881915165e-22,1.3013568226793718e-22,-0.05,0.0,significant
0.3,degree,0.0468999289895655,1000,partial_correlation_p_value,1000.0,0.4,,8.653026414338422e-40,5.632799812276135e-40,-0.05,0.0,significant
0.3,degree,0.0468999289895655,1000,partial_correlation_p_value,1000.0,0.5,,1.706877942166305e-64,1.4666348251639174e-64,-0.05,0.0,significant
0.4,degree,0.0452103422696232,30,partial_correlation_p_value,30.0,0.05,,0.7858069815820645,0.0350879622144694,0.7358069815820645,3.178994314198825e-111,non-significant
0.4,degree,0.0452103422696232,30,partial_correlation_p_value,30.0,0.1,,0.5860649647763356,0.0314507752500561,0.5360649647763356,6.685096655663434e-119,non-significant
0.4,degree,0.0452103422696232,30,partial_correlation_p_value,30.0,0.2,,0.27242589732757794,0.0201304698953088,0.22242589732757795,6.178849498801827e-59,non-significant
0.4,degree,0.0452103422696232,30,partial_correlation_p_value,30.0,0.3,,0.09527344416868826,0.0092687511467442,0.045273444168688254,2.4785267159386325e-09,non-significant
0.4,degree,0.0452103422696232,30,partial_correlation_p_value,30.0,0.4,,0.023307657869861772,0.0029038266142966,-0.02669234213013823,5.71209746169643e-13,significant
0.4,degree,0.0452103422696232,30,partial_correlation_p_value,30.0,0.5,,0.0035685233088176825,0.0005614477589046,-0.04643147669118232,0.0,significant
0.4,degree,0.0452103422696232,50,partial_correlation_p_value,50.0,0.05,,0.724830244916418,0.0341004136864513,0.674830244916418,1.0552227616187597e-120,non-significant
0.4,degree,0.0452103422696232,50,partial_correlation_p_value,50.0,0.1,,0.4805913120761051,0.0283436488243612,0.4305913120761051,2.0491428880357362e-106,non-significant
0.4,degree,0.0452103422696232,50,partial_correlation_p_value,50.0,0.2,,0.15515112469544967,0.0133364026856997,0.10515112469544967,1.6692013657716638e-26,non-significant
0.4,degree,0.0452103422696232,50,partial_correlation_p_value,50.0,0.3,,0.030712033725595562,0.0035967280568234,-0.01928796627440444,2.1863882981865146e-06,significant
0.4,degree,0.0452103422696232,50,partial_correlation_p_value,50.0,0.4,,0.003302727162238229,0.0005060996061745,-0.046697272837761775,0.0,significant
0.4,degree,0.0452103422696232,50,partial_correlation_p_value,50.0,0.5,,0.0001605349566003264,3.150608526029792e-05,-0.04983946504339968,0.0,significant
0.4,degree,0.0452103422696232,75,partial_correlation_p_value,75.0,0.05,,0.6658561263349685,0.0329930514377184,0.6158561263349684,7.77139303167766e-124,non-significant
0.4,degree,0.0452103422696232,75,partial_correlation_p_value,75.0,0.1,,0.3868655898413166,0.0249544052139207,0.3368655898413166,1.471613263116694e-88,non-significant
0.4,degree,0.0452103422696232,75,partial_correlation_p_value,75.0,0.2,,0.08116706380718447,0.0079924631999835,0.031167063807184467,3.972210383351214e-06,non-significant
0.4,degree,0.0452103422696232,75,partial_correlation_p_value,75.0,0.3,,0.008030434893107933,0.0011045275140541,-0.04196956510689207,0.0,significant
0.4,degree,0.0452103422696232,75,partial_correlation_p_value,75.0,0.4,,0.00031301084080057913,5.714504869601202e-05,-0.049686989159199425,0.0,significant
0.4,degree,0.0452103422696232,75,partial_correlation_p_value,75.0,0.5,,3.657912410473166e-06,8.628032420680927e-07,-0.04999634208758953,0.0,significant
0.4,degree,0.0452103422696232,100,partial_correlation_p_value,100.0,0.05,,0.6177343076882446,0.0319494441471393,0.5677343076882445,6.462845062255198e-123,non-significant
0.4,degree,0.0452103422696232,100,partial_correlation_p_value,100.0,0.1,,0.3173043978741975,0.0219895667917776,0.2673043978741975,3.045020003064828e-72,non-significant
0.4,degree,0.0452103422696232,100,partial_correlation_p_value,100.0,0.2,,0.043860884260170395,0.0047940281126671,-0.006139115739829608,0.10351254634601492,significant
0.4,degree,0.0452103422696232,100,partial_correlation_p_value,100.0,0.3,,0.0021883947254214523,0.0003394872442198,-0.04781160527457855,0.0,significant
0.4,degree,0.0452103422696232,100,partial_correlation_p_value,100.0,0.4,,3.109559952288662e-05,6.458017254914349e-06,-0.04996890440047712,0.0,significant
0.4,degree,0.0452103422696232,100,partial_correlation_p_value,100.0,0.5,,8.769694091866885e-08,2.364868948448868e-08,-0.049999912303059085,0.0,significant
0.4,degree,0.0452103422696232,300,partial_correlation_p_value,300.0,0.05,,0.3865747744849377,0.0248324848874762,0.3365747744849377,2.8764344676937702e-89,non-significant
0.4,degree,0.0452103422696232,300,partial_correlation_p_value,300.0,0.1,,0.0827480032540806,0.0080353087817391,0.0327480032540806,1.333294180413229e-06,non-significant
0.4,degree,0.0452103422696232,300,partial_correlation_p_value,300.0,0.2,,0.00047121211121644706,8.074029235334247e-05,-0.04952878788878356,0.0,significant
0.4,degree,0.0452103422696232,300,partial_correlation_p_value,300.0,0.3,,1.0680987893806553e-07,2.7178728180474892e-08,-0.04999989319012106,0.0,significant
0.4,degree,0.0452103422696232,300,partial_correlation_p_value,300.0,0.4,,4.961369134212258e-13,1.7270075828749296e-13,-0.049999999999503865,0.0,significant
0.4,degree,0.0452103422696232,300,partial_correlation_p_value,300.0,0.5,,1.6558627351112573e-20,7.571812573678802e-21,-0.05,0.0,significant
0.4,degree,0.0452103422696232,500,partial_correlation_p_value,500.0,0.05,,0.2634924310858535,0.0193270280152752,0.21349243108585353,1.4315544327623002e-58,non-significant
0.4,degree,0.0452103422696232,500,partial_correlation_p_value,500.0,0.1,,0.025054006060311104,0.0029401974104709,-0.0249459939396889,7.904898957633577e-12,significant
0.4,degree,0.0452103422696232,500,partial_correlation_p_value,500.0,0.2,,6.313699919191115e-06,1.361658125636959e-06,-0.04999368630008081,0.0,significant
0.4,degree,0.0452103422696232,500,partial_correlation_p_value,500.0,0.3,,6.716109043816408e-12,2.1788273731073744e-12,-0.049999999993283896,0.0,significant
0.4,degree,0.0452103422696232,500,partial_correlation_p_value,500.0,0.4,,1.0365018011564428e-20,4.624633396654202e-21,-0.05,0.0,significant
0.4,degree,0.0452103422696232,500,partial_correlation_p_value,500.0,0.5,,4.1307211551450724e-33,2.4276197099735117e-33,-0.05,0.0,significant
0.4,degree,0.0452103422696232,1000,partial_correlation_p_value,1000.0,0.05,,0.11371053994288459,0.0103343285818622,0.06371053994288459,5.5559309346758414e-15,non-significant
0.4,degree,0.0452103422696232,1000,partial_correlation_p_value,1000.0,0.1,,0.0015273578790529936,0.0002382682857046,-0.04847264212094701,0.0,significant
0.4,degree,0.0452103422696232,1000,partial_correlation_p_value,1000.0,0.2,,1.6849007397872172e-10,5.0323106409353885e-11,-0.04999999983150993,0.0,significant
0.4,degree,0.0452103422696232,1000,partial_correlation_p_value,1000.0,0.3,,2.761398881915165e-22,1.2544749775918332e-22,-0.05,0.0,significant
0.4,degree,0.0452103422696232,1000,partial_correlation_p_value,1000.0,0.4,,8.653026414338422e-40,5.429876183947558e-40,-0.05,0.0,significant
0.4,degree,0.0452103422696232,1000,partial_correlation_p_value,1000.0,0.5,,1.706877942166305e-64,1.4137987809099236e-64,-0.05,0.0,significant
0.5,degree,0.0439356043225321,30,partial_correlation_p_value,30.0,0.05,,0.7858069815820645,0.0340986320153274,0.7358069815820645,1.0940825626882126e-117,non-significant
0.5,degree,0.0439356043225321,30,partial_correlation_p_value,30.0,0.1,,0.5860649647763356,0.0305639981396864,0.5360649647763356,8.388777378861128e-126,non-significant
0.5,degree,0.0439356043225321,30,partial_correlation_p_value,30.0,0.2,,0.27242589732757794,0.019562876893794,0.22242589732757795,2.6909288626106866e-62,non-significant
0.5,degree,0.0439356043225321,30,partial_correlation_p_value,30.0,0.3,,0.09527344416868826,0.0090074120766165,0.045273444168688254,8.705945456099316e-10,non-significant
0.5,degree,0.0439356043225321,30,partial_correlation_p_value,30.0,0.4,,0.023307657869861772,0.0028219511452957,-0.02669234213013823,1.2723155862204294e-13,significant
0.5,degree,0.0439356043225321,30,partial_correlation_p_value,30.0,0.5,,0.0035685233088176825,0.0005456173376413,-0.04643147669118232,0.0,significant
0.5,degree,0.0439356043225321,50,partial_correlation_p_value,50.0,0.05,,0.724830244916418,0.0331389281246216,0.674830244916418,1.0160999656626109e-127,non-significant
0.5,degree,0.0439356043225321,50,partial_correlation_p_value,50.0,0.1,,0.4805913120761051,0.0275444793666304,0.4305913120761051,1.4145187921822085e-112,non-significant
0.5,degree,0.0439356043225321,50,partial_correlation_p_value,50.0,0.2,,0.15515112469544967,0.0129603732701345,0.10515112469544967,5.850531089716438e-28,non-significant
0.5,degree,0.0439356043225321,50,partial_correlation_p_value,50.0,0.3,,0.030712033725595562,0.0034953157358978,-0.01928796627440444,1.1556942403068149e-06,significant
0.5,degree,0.0439356043225321,50,partial_correlation_p_value,50.0,0.4,,0.003302727162238229,0.0004918297656776,-0.046697272837761775,0.0,significant
0.5,degree,0.0439356043225321,50,partial_correlation_p_value,50.0,0.5,,0.0001605349566003264,3.0617748644616645e-05,-0.04983946504339968,0.0,significant
0.5,degree,0.0439356043225321,75,partial_correlation_p_value,75.0,0.05,,0.6658561263349685,0.03206278874678,0.6158561263349684,4.941417277015896e-131,non-significant
0.5,degree,0.0439356043225321,75,partial_correlation_p_value,75.0,0.1,,0.3868655898413166,0.0242507979047001,0.3368655898413166,1.1519463152636622e-93,non-significant
0.5,degree,0.0439356043225321,75,partial_correlation_p_value,75.0,0.2,,0.08116706380718447,0.0077671099816648,0.031167063807184467,2.130723186872329e-06,non-significant
0.5,degree,0.0439356043225321,75,partial_correlation_p_value,75.0,0.3,,0.008030434893107933,0.0010733845705352,-0.04196956510689207,0.0,significant
0.5,degree,0.0439356043225321,75,partial_correlation_p_value,75.0,0.4,,0.00031301084080057913,5.553380316226344e-05,-0.049686989159199425,0.0,significant
0.5,degree,0.0439356043225321,75,partial_correlation_p_value,75.0,0.5,,3.657912410473166e-06,8.384758873451799e-07,-0.04999634208758953,0.0,significant
0.5,degree,0.0439356043225321,100,partial_correlation_p_value,100.0,0.05,,0.6177343076882446,0.0310486067104321,0.5677343076882445,4.68831254884204e-130,non-significant
0.5,degree,0.0439356043225321,100,partial_correlation_p_value,100.0,0.1,,0.3173043978741975,0.0213695552231324,0.2673043978741975,2.1838674079031502e-76,non-significant
0.5,degree,0.0439356043225321,100,partial_correlation_p_value,100.0,0.2,,0.043860884260170395,0.0046588570600307,-0.006139115739829608,0.097409168830205,significant
0.5,degree,0.0439356043225321,100,partial_correlation_p_value,100.0,0.3,,0.0021883947254214523,0.0003299151584749,-0.04781160527457855,0.0,significant
0.5,degree,0.0439356043225321,100,partial_correlation_p_value,100.0,0.4,,3.109559952288662e-05,6.275928837872224e-06,-0.04996890440047712,0.0,significant
0.5,degree,0.0439356043225321,100,partial_correlation_p_value,100.0,0.5,,8.769694091866885e-08,2.298189776446432e-08,-0.049999912303059085,0.0,significant
0.5,degree,0.0439356043225321,300,partial_correlation_p_value,300.0,0.05,,0.3865747744849377,0.0241323152090905,0.3365747744849377,2.045877935364841e-94,non-significant
0.5,degree,0.0439356043225321,300,partial_correlation_p_value,300.0,0.1,,0.0827480032540806,0.0078087475015879,0.0327480032540806,6.721369797282326e-07,non-significant
0.5,degree,0.0439356043225321,300,partial_correlation_p_value,300.0,0.2,,0.00047121211121644706,7.846376204290532e-05,-0.04952878788878356,0.0,significant
0.5,degree,0.0439356043225321,300,partial_correlation_p_value,300.0,0.3,,1.0680987893806553e-07,2.6412404493768276e-08,-0.04999989319012106,0.0,significant
0.5,degree,0.0439356043225321,300,partial_correlation_p_value,300.0,0.4,,4.961369134212258e-13,1.6783133684477157e-13,-0.049999999999503865,0.0,significant
0.5,degree,0.0439356043225321,300,partial_correlation_p_value,300.0,0.5,,1.6558627351112573e-20,7.358319900733147e-21,-0.05,0.0,significant
0.5,degree,0.0439356043225321,500,partial_correlation_p_value,500.0,0.05,,0.2634924310858535,0.0187820886324093,0.21349243108585353,6.557285215507293e-62,non-significant
0.5,degree,0.0439356043225321,500,partial_correlation_p_value,500.0,0.1,,0.025054006060311104,0.0028572964408495,-0.0249459939396889,2.0472512574087887e-12,significant
0.5,degree,0.0439356043225321,500,partial_correlation_p_value,500.0,0.2,,6.313699919191115e-06,1.3232652005544028e-06,-0.04999368630008081,0.0,significant
0.5,degree,0.0439356043225321,500,partial_correlation_p_value,500.0,0.3,,6.716109043816408e-12,2.1173937764294976e-12,-0.049999999993283896,0.0,significant
0.5,degree,0.0439356043225321,500,partial_correlation_p_value,500.0,0.4,,1.0365018011564428e-20,4.494238549233176e-21,-0.05,0.0,significant
0.5,degree,0.0439356043225321,500,partial_correlation_p_value,500.0,0.5,,4.1307211551450724e-33,2.3591712353533853e-33,-0.05,0.0,significant
0.5,degree,0.0439356043225321,1000,partial_correlation_p_value,1000.0,0.05,,0.11371053994288459,0.010042944793559,0.06371053994288459,9.181475006475562e-16,non-significant
0.5,degree,0.0439356043225321,1000,partial_correlation_p_value,1000.0,0.1,,0.0015273578790529936,0.0002315501409145,-0.04847264212094701,0.0,significant
0.5,degree,0.0439356043225321,1000,partial_correlation_p_value,1000.0,0.2,,1.6849007397872172e-10,4.890421041929615e-11,-0.04999999983150993,0.0,significant
0.5,degree,0.0439356043225321,1000,partial_correlation_p_value,1000.0,0.3,,2.761398881915165e-22,1.2191041580551051e-22,-0.05,0.0,significant
0.5,degree,0.0439356043225321,1000,partial_correlation_p_value,1000.0,0.4,,8.653026414338422e-40,5.276776940008968e-40,-0.05,0.0,significant
0.5,degree,0.0439356043225321,1000,partial_correlation_p_value,1000.0,0.5,,1.706877942166305e-64,1.373935712746692e-64,-0.05,0.0,significant
0.05,eigenvec,0.168795738912578,30,partial_correlation_p_value,30.0,0.05,,0.7858069815820645,0.1310031778482563,0.7358069815820645,6.186489133557378e-09,non-significant
0.05,eigenvec,0.168795738912578,30,partial_correlation_p_value,30.0,0.1,,0.5860649647763356,0.1174235049150156,0.5360649647763356,1.0609399703780029e-09,non-significant
0.05,eigenvec,0.168795738912578,30,partial_correlation_p_value,30.0,0.2,,0.27242589732757794,0.0751584122139932,0.22242589732757795,1.4352941895138405e-05,non-significant
0.05,eigenvec,0.168795738912578,30,partial_correlation_p_value,30.0,0.3,,0.09527344416868826,0.03460548228724,0.045273444168688254,0.07414864365445428,non-significant
0.05,eigenvec,0.168795738912578,30,partial_correlation_p_value,30.0,0.4,,0.023307657869861772,0.0108416246024209,-0.02669234213013823,0.021186663730153543,significant
0.05,eigenvec,0.168795738912578,30,partial_correlation_p_value,30.0,0.5,,0.0035685233088176825,0.0020962015452112,-0.04643147669118232,6.661338147750939e-16,significant
0.05,eigenvec,0.168795738912578,50,partial_correlation_p_value,50.0,0.05,,0.724830244916418,0.1273161015039827,0.674830244916418,1.0895116500467855e-09,non-significant
0.05,eigenvec,0.168795738912578,50,partial_correlation_p_value,50.0,0.1,,0.4805913120761051,0.1058228473090158,0.4305913120761051,6.840962679398558e-09,non-significant
0.05,eigenvec,0.168795738912578,50,partial_correlation_p_value,50.0,0.2,,0.15515112469544967,0.0497923225695398,0.10515112469544967,0.003336614008165883,non-significant
0.05,eigenvec,0.168795738912578,50,partial_correlation_p_value,50.0,0.3,,0.030712033725595562,0.0134286169832212,-0.01928796627440444,0.0882676436146056,significant
0.05,eigenvec,0.168795738912578,50,partial_correlation_p_value,50.0,0.4,,0.003302727162238229,0.0018895556348175,-0.046697272837761775,0.0,significant
0.05,eigenvec,0.168795738912578,50,partial_correlation_p_value,50.0,0.5,,0.0001605349566003264,0.0001176300084179,-0.04983946504339968,0.0,significant
0.05,eigenvec,0.168795738912578,75,partial_correlation_p_value,75.0,0.05,,0.6658561263349685,0.123181692878982,0.6158561263349684,5.583116767329163e-10,non-significant
0.05,eigenvec,0.168795738912578,75,partial_correlation_p_value,75.0,0.1,,0.3868655898413166,0.0931688869349218,0.3368655898413166,1.1480689381822579e-07,non-significant
0.05,eigenvec,0.168795738912578,75,partial_correlation_p_value,75.0,0.2,,0.08116706380718447,0.0298403786356482,0.031167063807184467,0.14046799620321265,non-significant
0.05,eigenvec,0.168795738912578,75,partial_correlation_p_value,75.0,0.3,,0.008030434893107933,0.0041238249596113,-0.04196956510689207,6.872690028192352e-08,significant
0.05,eigenvec,0.168795738912578,75,partial_correlation_p_value,75.0,0.4,,0.00031301084080057913,0.000213354737779,-0.049686989159199425,0.0,significant
0.05,eigenvec,0.168795738912578,75,partial_correlation_p_value,75.0,0.5,,3.657912410473166e-06,3.221331745566221e-06,-0.04999634208758953,0.0,significant
0.05,eigenvec,0.168795738912578,100,partial_correlation_p_value,100.0,0.05,,0.6177343076882446,0.1192853175165196,0.5677343076882445,5.808242653527345e-10,non-significant
0.05,eigenvec,0.168795738912578,100,partial_correlation_p_value,100.0,0.1,,0.3173043978741975,0.0820994707991739,0.2673043978741975,1.600674978142153e-06,non-significant
0.05,eigenvec,0.168795738912578,100,partial_correlation_p_value,100.0,0.2,,0.043860884260170395,0.0178988142319158,-0.006139115739829608,0.3240200731098475,significant
0.05,eigenvec,0.168795738912578,100,partial_correlation_p_value,100.0,0.3,,0.0021883947254214523,0.0012674975981764,-0.04781160527457855,0.0,significant
0.05,eigenvec,0.168795738912578,100,partial_correlation_p_value,100.0,0.4,,3.109559952288662e-05,2.4111425389183e-05,-0.04996890440047712,0.0,significant
0.05,eigenvec,0.168795738912578,100,partial_correlation_p_value,100.0,0.5,,8.769694091866885e-08,8.829391275213739e-08,-0.049999912303059085,0.0,significant
0.05,eigenvec,0.168795738912578,300,partial_correlation_p_value,300.0,0.05,,0.3865747744849377,0.0927136895053619,0.3365747744849377,1.0167146937613666e-07,non-significant
0.05,eigenvec,0.168795738912578,300,partial_correlation_p_value,300.0,0.1,,0.0827480032540806,0.0300003453881324,0.0327480032540806,0.1270270554425909,non-significant
0.05,eigenvec,0.168795738912578,300,partial_correlation_p_value,300.0,0.2,,0.00047121211121644706,0.0003014491070764,-0.04952878788878356,0.0,significant
0.05,eigenvec,0.168795738912578,300,partial_correlation_p_value,300.0,0.3,,1.0680987893806553e-07,1.0147354069048504e-07,-0.04999989319012106,0.0,significant
0.05,eigenvec,0.168795738912578,300,partial_correlation_p_value,300.0,0.4,,4.961369134212258e-13,6.447894583953755e-13,-0.049999999999503865,0.0,significant
0.05,eigenvec,0.168795738912578,300,partial_correlation_p_value,300.0,0.5,,1.6558627351112573e-20,2.826985229749986e-20,-0.05,0.0,significant
0.05,eigenvec,0.168795738912578,500,partial_correlation_p_value,500.0,0.05,,0.2634924310858535,0.0721587099554967,0.21349243108585353,1.498993068452325e-05,non-significant
0.05,eigenvec,0.168795738912578,500,partial_correlation_p_value,500.0,0.1,,0.025054006060311104,0.010977417323884,-0.0249459939396889,0.02718429401349043,significant
0.05,eigenvec,0.168795738912578,500,partial_correlation_p_value,500.0,0.2,,6.313699919191115e-06,5.083838739651331e-06,-0.04999368630008081,0.0,significant
0.05,eigenvec,0.168795738912578,500,partial_correlation_p_value,500.0,0.3,,6.716109043816408e-12,8.134793012919071e-12,-0.049999999993283896,0.0,significant
0.05,eigenvec,0.168795738912578,500,partial_correlation_p_value,500.0,0.4,,1.0365018011564428e-20,1.7266368096322255e-20,-0.05,0.0,significant
0.05,eigenvec,0.168795738912578,500,partial_correlation_p_value,500.0,0.5,,4.1307211551450724e-33,9.063675304644676e-33,-0.05,0.0,significant
0.05,eigenvec,0.168795738912578,1000,partial_correlation_p_value,1000.0,0.05,,0.11371053994288459,0.0385838846062634,0.06371053994288459,0.025517322219016203,non-significant
0.05,eigenvec,0.168795738912578,1000,partial_correlation_p_value,1000.0,0.1,,0.0015273578790529936,0.0008895900655893,-0.04847264212094701,0.0,significant
0.05,eigenvec,0.168795738912578,1000,partial_correlation_p_value,1000.0,0.2,,1.6849007397872172e-10,1.8788457473038222e-10,-0.04999999983150993,0.0,significant
0.05,eigenvec,0.168795738912578,1000,partial_correlation_p_value,1000.0,0.3,,2.761398881915165e-22,4.68366351944714e-22,-0.05,0.0,significant
0.05,eigenvec,0.168795738912578,1000,partial_correlation_p_value,1000.0,0.4,,8.653026414338422e-40,2.0272794158629048e-39,-0.05,0.0,significant
0.05,eigenvec,0.168795738912578,1000,partial_correlation_p_value,1000.0,0.5,,1.706877942166305e-64,5.278509250697196e-64,-0.05,0.0,significant
0.1,eigenvec,0.1098462185691532,30,partial_correlation_p_value,30.0,0.05,,0.7858069815820645,0.0852521740174148,0.7358069815820645,8.017367609658746e-20,non-significant
0.1,eigenvec,0.1098462185691532,30,partial_correlation_p_value,30.0,0.1,,0.5860649647763356,0.076415009461413,0.5360649647763356,2.568986117157148e-21,non-significant
0.1,eigenvec,0.1098462185691532,30,partial_correlation_p_value,30.0,0.2,,0.27242589732757794,0.0489104015809585,0.22242589732757795,2.6294099842213607e-11,non-significant
0.1,eigenvec,0.1098462185691532,30,partial_correlation_p_value,30.0,0.3,,0.09527344416868826,0.0225200078835158,0.045273444168688254,0.00971667191460404,non-significant
0.1,eigenvec,0.1098462185691532,30,partial_correlation_p_value,30.0,0.4,,0.023307657869861772,0.0070553408124777,-0.02669234213013823,0.0013519490998191719,significant
0.1,eigenvec,0.1098462185691532,30,partial_correlation_p_value,30.0,0.5,,0.0035685233088176825,0.0013641328542039,-0.04643147669118232,0.0,significant
0.1,eigenvec,0.1098462185691532,50,partial_correlation_p_value,50.0,0.05,,0.724830244916418,0.0828527568484542,0.674830244916418,1.7005508888900528e-21,non-significant
0.1,eigenvec,0.1098462185691532,50,partial_correlation_p_value,50.0,0.1,,0.4805913120761051,0.0688657171679947,0.4305913120761051,2.8088516918266783e-19,non-significant
0.1,eigenvec,0.1098462185691532,50,partial_correlation_p_value,50.0,0.2,,0.15515112469544967,0.032403059362015,0.10515112469544967,9.06272818181622e-06,non-significant
0.1,eigenvec,0.1098462185691532,50,partial_correlation_p_value,50.0,0.3,,0.030712033725595562,0.0087388627563894,-0.01928796627440444,0.02496249133994155,significant
0.1,eigenvec,0.1098462185691532,50,partial_correlation_p_value,50.0,0.4,,0.003302727162238229,0.001229655100288,-0.046697272837761775,0.0,significant
0.1,eigenvec,0.1098462185691532,50,partial_correlation_p_value,50.0,0.5,,0.0001605349566003264,7.654939454166414e-05,-0.04983946504339968,0.0,significant
0.1,eigenvec,0.1098462185691532,75,partial_correlation_p_value,75.0,0.05,,0.6658561263349685,0.0801622318600762,0.6158561263349684,4.374358855490708e-22,non-significant
0.1,eigenvec,0.1098462185691532,75,partial_correlation_p_value,75.0,0.1,,0.3868655898413166,0.0606309731752093,0.3368655898413166,2.656423065311819e-16,non-significant
0.1,eigenvec,0.1098462185691532,75,partial_correlation_p_value,75.0,0.2,,0.08116706380718447,0.0194190491709945,0.031167063807184467,0.03836908907802011,non-significant
0.1,eigenvec,0.1098462185691532,75,partial_correlation_p_value,75.0,0.3,,0.008030434893107933,0.0026836375181781,-0.04196956510689207,7.771561172376096e-16,significant
0.1,eigenvec,0.1098462185691532,75,partial_correlation_p_value,75.0,0.4,,0.00031301084080057913,0.0001388436183865,-0.049686989159199425,0.0,significant
0.1,eigenvec,0.1098462185691532,75,partial_correlation_p_value,75.0,0.5,,3.657912410473166e-06,2.0963272727547e-06,-0.04999634208758953,0.0,significant
0.1,eigenvec,0.1098462185691532,100,partial_correlation_p_value,100.0,0.05,,0.6177343076882446,0.0776266103897132,0.5677343076882445,5.664309407613363e-22,non-significant
0.1,eigenvec,0.1098462185691532,100,partial_correlation_p_value,100.0,0.1,,0.3173043978741975,0.053427393795104,0.2673043978741975,1.4658900651339035e-13,non-significant
0.1,eigenvec,0.1098462185691532,100,partial_correlation_p_value,100.0,0.2,,0.043860884260170395,0.0116479069490372,-0.006139115739829608,0.27826369946322305,significant
0.1,eigenvec,0.1098462185691532,100,partial_correlation_p_value,100.0,0.3,,0.0021883947254214523,0.0008248420197223,-0.04781160527457855,0.0,significant
0.1,eigenvec,0.1098462185691532,100,partial_correlation_p_value,100.0,0.4,,3.109559952288662e-05,1.5690851678938126e-05,-0.04996890440047712,0.0,significant
0.1,eigenvec,0.1098462185691532,100,partial_correlation_p_value,100.0,0.5,,8.769694091866885e-08,5.7458514657885794e-08,-0.049999912303059085,0.0,significant
0.1,eigenvec,0.1098462185691532,300,partial_correlation_p_value,300.0,0.05,,0.3865747744849377,0.0603347469987567,0.3365747744849377,2.006753610412335e-16,non-significant
0.1,eigenvec,0.1098462185691532,300,partial_correlation_p_value,300.0,0.1,,0.0827480032540806,0.0195231498015577,0.0327480032540806,0.031120374544176585,non-significant
0.1,eigenvec,0.1098462185691532,300,partial_correlation_p_value,300.0,0.2,,0.00047121211121644706,0.0001961722773141,-0.04952878788878356,0.0,significant
0.1,eigenvec,0.1098462185691532,300,partial_correlation_p_value,300.0,0.3,,1.0680987893806553e-07,6.603534426568566e-08,-0.04999989319012106,0.0,significant
0.1,eigenvec,0.1098462185691532,300,partial_correlation_p_value,300.0,0.4,,4.961369134212258e-13,4.1960587532761785e-13,-0.049999999999503865,0.0,significant
0.1,eigenvec,0.1098462185691532,300,partial_correlation_p_value,300.0,0.5,,1.6558627351112573e-20,1.8397006905471416e-20,-0.05,0.0,significant
0.1,eigenvec,0.1098462185691532,500,partial_correlation_p_value,500.0,0.05,,0.2634924310858535,0.0469583028369265,0.21349243108585353,2.987623378446318e-11,non-significant
0.1,eigenvec,0.1098462185691532,500,partial_correlation_p_value,500.0,0.1,,0.025054006060311104,0.0071437098498599,-0.0249459939396889,0.002235677227300892,significant
0.1,eigenvec,0.1098462185691532,500,partial_correlation_p_value,500.0,0.2,,6.313699919191115e-06,3.308380086865188e-06,-0.04999368630008081,0.0,significant
0.1,eigenvec,0.1098462185691532,500,partial_correlation_p_value,500.0,0.3,,6.716109043816408e-12,5.293831805640106e-12,-0.049999999993283896,0.0,significant
0.1,eigenvec,0.1098462185691532,500,partial_correlation_p_value,500.0,0.4,,1.0365018011564428e-20,1.1236333665901195e-20,-0.05,0.0,significant
0.1,eigenvec,0.1098462185691532,500,partial_correlation_p_value,500.0,0.5,,4.1307211551450724e-33,5.8983151172404765e-33,-0.05,0.0,significant
0.1,eigenvec,0.1098462185691532,1000,partial_correlation_p_value,1000.0,0.05,,0.11371053994288459,0.0251090095580059,0.06371053994288459,0.0009311373958258688,non-significant
0.1,eigenvec,0.1098462185691532,1000,partial_correlation_p_value,1000.0,0.1,,0.0015273578790529936,0.000578913338756,-0.04847264212094701,0.0,significant
0.1,eigenvec,0.1098462185691532,1000,partial_correlation_p_value,1000.0,0.2,,1.6849007397872172e-10,1.2226854892524822e-10,-0.04999999983150993,0.0,significant
0.1,eigenvec,0.1098462185691532,1000,partial_correlation_p_value,1000.0,0.3,,2.761398881915165e-22,3.0479603926969904e-22,-0.05,0.0,significant
0.1,eigenvec,0.1098462185691532,1000,partial_correlation_p_value,1000.0,0.4,,8.653026414338422e-40,1.3192808020524503e-39,-0.05,0.0,significant
0.1,eigenvec,0.1098462185691532,1000,partial_correlation_p_value,1000.0,0.5,,1.706877942166305e-64,3.435064679989828e-64,-0.05,0.0,significant
0.2,eigenvec,0.0830872345398325,30,partial_correlation_p_value,30.0,0.05,,0.7858069815820645,0.0644843989158921,0.7358069815820645,7.966101022228088e-34,non-significant
0.2,eigenvec,0.0830872345398325,30,partial_correlation_p_value,30.0,0.1,,0.5860649647763356,0.057800003461083,0.5360649647763356,2.9084899394551475e-36,non-significant
0.2,eigenvec,0.0830872345398325,30,partial_correlation_p_value,30.0,0.2,,0.27242589732757794,0.0369956295312626,0.22242589732757795,1.2423921757366134e-18,non-significant
0.2,eigenvec,0.0830872345398325,30,partial_correlation_p_value,30.0,0.3,,0.09527344416868826,0.0170340426937737,0.045273444168688254,0.0008517441866521202,non-significant
0.2,eigenvec,0.0830872345398325,30,partial_correlation_p_value,30.0,0.4,,0.023307657869861772,0.0053366311966009,-0.02669234213013823,4.497282177151618e-05,significant
0.2,eigenvec,0.0830872345398325,30,partial_correlation_p_value,30.0,0.5,,0.0035685233088176825,0.0010318245623483,-0.04643147669118232,0.0,significant
0.2,eigenvec,0.0830872345398325,50,partial_correlation_p_value,50.0,0.05,,0.724830244916418,0.0626694894936727,0.674830244916418,1.0889519679258366e-36,non-significant
0.2,eigenvec,0.0830872345398325,50,partial_correlation_p_value,50.0,0.1,,0.4805913120761051,0.0520897493661902,0.4305913120761051,1.2477628772149315e-32,non-significant
0.2,eigenvec,0.0830872345398325,50,partial_correlation_p_value,50.0,0.2,,0.15515112469544967,0.0245095427779787,0.10515112469544967,5.445931621718248e-09,non-significant
0.2,eigenvec,0.0830872345398325,50,partial_correlation_p_value,50.0,0.3,,0.030712033725595562,0.0066100403719808,-0.01928796627440444,0.005478197574569799,significant
0.2,eigenvec,0.0830872345398325,50,partial_correlation_p_value,50.0,0.4,,0.003302727162238229,0.0009301061342991,-0.046697272837761775,0.0,significant
0.2,eigenvec,0.0830872345398325,50,partial_correlation_p_value,50.0,0.5,,0.0001605349566003264,5.790165179114779e-05,-0.04983946504339968,0.0,significant
0.2,eigenvec,0.0830872345398325,75,partial_correlation_p_value,75.0,0.05,,0.6658561263349685,0.0606343872966507,0.6158561263349684,1.1465641195654712e-37,non-significant
0.2,eigenvec,0.0830872345398325,75,partial_correlation_p_value,75.0,0.1,,0.3868655898413166,0.0458610223839018,0.3368655898413166,2.1967100094525295e-27,non-significant
0.2,eigenvec,0.0830872345398325,75,partial_correlation_p_value,75.0,0.2,,0.08116706380718447,0.0146884900912197,0.031167063807184467,0.008501447399148475,non-significant
0.2,eigenvec,0.0830872345398325,75,partial_correlation_p_value,75.0,0.3,,0.008030434893107933,0.0020298925424764,-0.04196956510689207,0.0,significant
0.2,eigenvec,0.0830872345398325,75,partial_correlation_p_value,75.0,0.4,,0.00031301084080057913,0.0001050207502407,-0.049686989159199425,0.0,significant
0.2,eigenvec,0.0830872345398325,75,partial_correlation_p_value,75.0,0.5,,3.657912410473166e-06,1.5856534530951025e-06,-0.04999634208758953,0.0,significant
0.2,eigenvec,0.0830872345398325,100,partial_correlation_p_value,100.0,0.05,,0.6177343076882446,0.0587164534928607,0.5677343076882445,1.9717389403349677e-37,non-significant
0.2,eigenvec,0.0830872345398325,100,partial_correlation_p_value,100.0,0.1,,0.3173043978741975,0.0404122641355301,0.2673043978741975,1.4263935641243892e-22,non-significant
0.2,eigenvec,0.0830872345398325,100,partial_correlation_p_value,100.0,0.2,,0.043860884260170395,0.0088104296094957,-0.006139115739829608,0.23253133721224817,significant
0.2,eigenvec,0.0830872345398325,100,partial_correlation_p_value,100.0,0.3,,0.0021883947254214523,0.0006239071607898,-0.04781160527457855,0.0,significant
0.2,eigenvec,0.0830872345398325,100,partial_correlation_p_value,100.0,0.4,,3.109559952288662e-05,1.1868496617905074e-05,-0.04996890440047712,0.0,significant
0.2,eigenvec,0.0830872345398325,100,partial_correlation_p_value,100.0,0.5,,8.769694091866885e-08,4.346138761877057e-08,-0.049999912303059085,0.0,significant
0.2,eigenvec,0.0830872345398325,300,partial_correlation_p_value,300.0,0.05,,0.3865747744849377,0.0456369581045815,0.3365747744849377,1.350267452983669e-27,non-significant
0.2,eigenvec,0.0830872345398325,300,partial_correlation_p_value,300.0,0.1,,0.0827480032540806,0.0147672313862776,0.0327480032540806,0.006014381269236223,non-significant
0.2,eigenvec,0.0830872345398325,300,partial_correlation_p_value,300.0,0.2,,0.00047121211121644706,0.0001483839155113,-0.04952878788878356,0.0,significant
0.2,eigenvec,0.0830872345398325,300,partial_correlation_p_value,300.0,0.3,,1.0680987893806553e-07,4.994886677384786e-08,-0.04999989319012106,0.0,significant
0.2,eigenvec,0.0830872345398325,300,partial_correlation_p_value,300.0,0.4,,4.961369134212258e-13,3.1738818351483893e-13,-0.049999999999503865,0.0,significant
0.2,eigenvec,0.0830872345398325,300,partial_correlation_p_value,300.0,0.5,,1.6558627351112573e-20,1.3915421463721354e-20,-0.05,0.0,significant
0.2,eigenvec,0.0830872345398325,500,partial_correlation_p_value,500.0,0.05,,0.2634924310858535,0.0355190699527625,0.21349243108585353,1.5739016311560068e-18,non-significant
0.2,eigenvec,0.0830872345398325,500,partial_correlation_p_value,500.0,0.1,,0.025054006060311104,0.0054034731783339,-0.0249459939396889,0.00010299801396851382,significant
0.2,eigenvec,0.0830872345398325,500,partial_correlation_p_value,500.0,0.2,,6.313699919191115e-06,2.502445289468269e-06,-0.04999368630008081,0.0,significant
0.2,eigenvec,0.0830872345398325,500,partial_correlation_p_value,500.0,0.3,,6.716109043816408e-12,4.00423292289064e-12,-0.049999999993283896,0.0,significant
0.2,eigenvec,0.0830872345398325,500,partial_correlation_p_value,500.0,0.4,,1.0365018011564428e-20,8.499117246159977e-21,-0.05,0.0,significant
0.2,eigenvec,0.0830872345398325,500,partial_correlation_p_value,500.0,0.5,,4.1307211551450724e-33,4.46146164992903e-33,-0.05,0.0,significant
0.2,eigenvec,0.0830872345398325,1000,partial_correlation_p_value,1000.0,0.05,,0.11371053994288459,0.0189923530676256,0.06371053994288459,1.590723935495036e-05,non-significant
0.2,eigenvec,0.0830872345398325,1000,partial_correlation_p_value,1000.0,0.1,,0.0015273578790529936,0.0004378877032092,-0.04847264212094701,0.0,significant
0.2,eigenvec,0.0830872345398325,1000,partial_correlation_p_value,1000.0,0.2,,1.6849007397872172e-10,9.24834348758356e-11,-0.04999999983150993,0.0,significant
0.2,eigenvec,0.0830872345398325,1000,partial_correlation_p_value,1000.0,0.3,,2.761398881915165e-22,2.3054648882310364e-22,-0.05,0.0,significant
0.2,eigenvec,0.0830872345398325,1000,partial_correlation_p_value,1000.0,0.4,,8.653026414338422e-40,9.978986518777829e-40,-0.05,0.0,significant
0.2,eigenvec,0.0830872345398325,1000,partial_correlation_p_value,1000.0,0.5,,1.706877942166305e-64,2.5982690022791347e-64,-0.05,0.0,significant
0.3,eigenvec,0.0742226531441458,30,partial_correlation_p_value,30.0,0.05,,0.7858069815820645,0.0576045550252182,0.7358069815820645,4.363031495701539e-42,non-significant
0.3,eigenvec,0.0742226531441458,30,partial_correlation_p_value,30.0,0.1,,0.5860649647763356,0.0516333180708489,0.5360649647763356,4.408444557427782e-45,non-significant
0.3,eigenvec,0.0742226531441458,30,partial_correlation_p_value,30.0,0.2,,0.27242589732757794,0.033048563882961,0.22242589732757795,6.06193734592603e-23,non-significant
0.3,eigenvec,0.0742226531441458,30,partial_correlation_p_value,30.0,0.3,,0.09527344416868826,0.0152166797884748,0.045273444168688254,0.00021036682776679854,non-significant
0.3,eigenvec,0.0742226531441458,30,partial_correlation_p_value,30.0,0.4,,0.023307657869861772,0.0047672657353115,-0.02669234213013823,6.238916883338774e-06,significant
0.3,eigenvec,0.0742226531441458,30,partial_correlation_p_value,30.0,0.5,,0.0035685233088176825,0.000921739145862,-0.04643147669118232,0.0,significant
0.3,eigenvec,0.0742226531441458,50,partial_correlation_p_value,50.0,0.05,,0.724830244916418,0.0559832783841133,0.674830244916418,1.1781891782912218e-45,non-significant
0.3,eigenvec,0.0742226531441458,50,partial_correlation_p_value,50.0,0.1,,0.4805913120761051,0.046532291283792,0.4305913120761051,1.65762718010377e-40,non-significant
0.3,eigenvec,0.0742226531441458,50,partial_correlation_p_value,50.0,0.2,,0.15515112469544967,0.021894618377982,0.10515112469544967,7.103956014829497e-11,non-significant
0.3,eigenvec,0.0742226531441458,50,partial_correlation_p_value,50.0,0.3,,0.030712033725595562,0.0059048148192142,-0.01928796627440444,0.0023023173533848196,significant
0.3,eigenvec,0.0742226531441458,50,partial_correlation_p_value,50.0,0.4,,0.003302727162238229,0.0008308730622179,-0.046697272837761775,0.0,significant
0.3,eigenvec,0.0742226531441458,50,partial_correlation_p_value,50.0,0.5,,0.0001605349566003264,5.1724121535266295e-05,-0.04983946504339968,0.0,significant
0.3,eigenvec,0.0742226531441458,75,partial_correlation_p_value,75.0,0.05,,0.6658561263349685,0.0541653013468581,0.6158561263349684,7.313512926153665e-47,non-significant
0.3,eigenvec,0.0742226531441458,75,partial_correlation_p_value,75.0,0.1,,0.3868655898413166,0.0409681075087941,0.3368655898413166,6.424653988569169e-34,non-significant
0.3,eigenvec,0.0742226531441458,75,partial_correlation_p_value,75.0,0.2,,0.08116706380718447,0.0131213743156798,0.031167063807184467,0.003618073861094709,non-significant
0.3,eigenvec,0.0742226531441458,75,partial_correlation_p_value,75.0,0.3,,0.008030434893107933,0.0018133232010253,-0.04196956510689207,0.0,significant
0.3,eigenvec,0.0742226531441458,75,partial_correlation_p_value,75.0,0.4,,0.00031301084080057913,9.38160809085326e-05,-0.049686989159199425,0.0,significant
0.3,eigenvec,0.0742226531441458,75,partial_correlation_p_value,75.0,0.5,,3.657912410473166e-06,1.4164800033087265e-06,-0.04999634208758953,0.0,significant
0.3,eigenvec,0.0742226531441458,100,partial_correlation_p_value,100.0,0.05,,0.6177343076882446,0.0524519920008371,0.5677343076882445,1.487512236873931e-46,non-significant
0.3,eigenvec,0.0742226531441458,100,partial_correlation_p_value,100.0,0.1,,0.3173043978741975,0.0361006775627257,0.2673043978741975,7.0010501057561835e-28,non-significant
0.3,eigenvec,0.0742226531441458,100,partial_correlation_p_value,100.0,0.2,,0.043860884260170395,0.0078704444139732,-0.006139115739829608,0.21079968079927724,significant
0.3,eigenvec,0.0742226531441458,100,partial_correlation_p_value,100.0,0.3,,0.0021883947254214523,0.000557342473196,-0.04781160527457855,0.0,significant
0.3,eigenvec,0.0742226531441458,100,partial_correlation_p_value,100.0,0.4,,3.109559952288662e-05,1.0602246093422714e-05,-0.04996890440047712,0.0,significant
0.3,eigenvec,0.0742226531441458,100,partial_correlation_p_value,100.0,0.5,,8.769694091866885e-08,3.882448990217389e-08,-0.049999912303059085,0.0,significant
0.3,eigenvec,0.0742226531441458,300,partial_correlation_p_value,300.0,0.05,,0.3865747744849377,0.0407679486591455,0.3365747744849377,3.495576951183143e-34,non-significant
0.3,eigenvec,0.0742226531441458,300,partial_correlation_p_value,300.0,0.1,,0.0827480032540806,0.0131917146978525,0.0327480032540806,0.002362722380276663,non-significant
0.3,eigenvec,0.0742226531441458,300,partial_correlation_p_value,300.0,0.2,,0.00047121211121644706,0.00013255282781,-0.04952878788878356,0.0,significant
0.3,eigenvec,0.0742226531441458,300,partial_correlation_p_value,300.0,0.3,,1.0680987893806553e-07,4.461981956712184e-08,-0.04999989319012106,0.0,significant
0.3,eigenvec,0.0742226531441458,300,partial_correlation_p_value,300.0,0.4,,4.961369134212258e-13,2.835260216270507e-13,-0.049999999999503865,0.0,significant
0.3,eigenvec,0.0742226531441458,300,partial_correlation_p_value,300.0,0.5,,1.6558627351112573e-20,1.2430784420454416e-20,-0.05,0.0,significant
0.3,eigenvec,0.0742226531441458,500,partial_correlation_p_value,500.0,0.05,,0.2634924310858535,0.0317295385230649,0.21349243108585353,8.189524692063972e-23,non-significant
0.3,eigenvec,0.0742226531441458,500,partial_correlation_p_value,500.0,0.1,,0.025054006060311104,0.0048269763425199,-0.0249459939396889,1.7313233785176685e-05,significant
0.3,eigenvec,0.0742226531441458,500,partial_correlation_p_value,500.0,0.2,,6.313699919191115e-06,2.2354592707422574e-06,-0.04999368630008081,0.0,significant
0.3,eigenvec,0.0742226531441458,500,partial_correlation_p_value,500.0,0.3,,6.716109043816408e-12,3.5770211030624616e-12,-0.049999999993283896,0.0,significant
0.3,eigenvec,0.0742226531441458,500,partial_correlation_p_value,500.0,0.4,,1.0365018011564428e-20,7.592345982952864e-21,-0.05,0.0,significant
0.3,eigenvec,0.0742226531441458,500,partial_correlation_p_value,500.0,0.5,,4.1307211551450724e-33,3.98546807331564e-33,-0.05,0.0,significant
0.3,eigenvec,0.0742226531441458,1000,partial_correlation_p_value,1000.0,0.05,,0.11371053994288459,0.0169660579261876,0.06371053994288459,1.4986518346831195e-06,non-significant
0.3,eigenvec,0.0742226531441458,1000,partial_correlation_p_value,1000.0,0.1,,0.0015273578790529936,0.0003911694412672,-0.04847264212094701,0.0,significant
0.3,eigenvec,0.0742226531441458,1000,partial_correlation_p_value,1000.0,0.2,,1.6849007397872172e-10,8.261637237519953e-11,-0.04999999983150993,0.0,significant
0.3,eigenvec,0.0742226531441458,1000,partial_correlation_p_value,1000.0,0.3,,2.761398881915165e-22,2.0594947188083904e-22,-0.05,0.0,significant
0.3,eigenvec,0.0742226531441458,1000,partial_correlation_p_value,1000.0,0.4,,8.653026414338422e-40,8.914327925528367e-40,-0.05,0.0,significant
0.3,eigenvec,0.0742226531441458,1000,partial_correlation_p_value,1000.0,0.5,,1.706877942166305e-64,2.3210595466250163e-64,-0.05,0.0,significant
0.4,eigenvec,0.0732660945651253,30,partial_correlation_p_value,30.0,0.05,,0.7858069815820645,0.0568621653508284,0.7358069815820645,3.6779982834049676e-43,non-significant
0.4,eigenvec,0.0732660945651253,30,partial_correlation_p_value,30.0,0.1,,0.5860649647763356,0.0509678838500046,0.5360649647763356,3.144263166971039e-46,non-significant
0.4,eigenvec,0.0732660945651253,30,partial_correlation_p_value,30.0,0.2,,0.27242589732757794,0.0326226442214103,0.22242589732757795,1.6685602024948358e-23,non-significant
0.4,eigenvec,0.0732660945651253,30,partial_correlation_p_value,30.0,0.3,,0.09527344416868826,0.0150205719294953,0.045273444168688254,0.0001756189478750941,non-significant
0.4,eigenvec,0.0732660945651253,30,partial_correlation_p_value,30.0,0.4,,0.023307657869861772,0.0047058266901628,-0.02669234213013823,4.831392743098739e-06,significant
0.4,eigenvec,0.0732660945651253,30,partial_correlation_p_value,30.0,0.5,,0.0035685233088176825,0.0009098600570631,-0.04643147669118232,0.0,significant
0.4,eigenvec,0.0732660945651253,50,partial_correlation_p_value,50.0,0.05,,0.724830244916418,0.055261783221228,0.674830244916418,8.042642568426353e-47,non-significant
0.4,eigenvec,0.0732660945651253,50,partial_correlation_p_value,50.0,0.1,,0.4805913120761051,0.0459325975172198,0.4305913120761051,1.568120674942552e-41,non-significant
0.4,eigenvec,0.0732660945651253,50,partial_correlation_p_value,50.0,0.2,,0.15515112469544967,0.021612447313534,0.10515112469544967,4.0457021742574894e-11,non-significant
0.4,eigenvec,0.0732660945651253,50,partial_correlation_p_value,50.0,0.3,,0.030712033725595562,0.0058287153935864,-0.01928796627440444,0.002059011645485942,significant
0.4,eigenvec,0.0732660945651253,50,partial_correlation_p_value,50.0,0.4,,0.003302727162238229,0.0008201650273785,-0.046697272837761775,0.0,significant
0.4,eigenvec,0.0732660945651253,50,partial_correlation_p_value,50.0,0.5,,0.0001605349566003264,5.105751706747975e-05,-0.04983946504339968,0.0,significant
0.4,eigenvec,0.0732660945651253,75,partial_correlation_p_value,75.0,0.05,,0.6658561263349685,0.0534672357092967,0.6158561263349684,4.660712952293793e-48,non-significant
0.4,eigenvec,0.0732660945651253,75,partial_correlation_p_value,75.0,0.1,,0.3868655898413166,0.0404401232203901,0.3368655898413166,9.087478381758045e-35,non-significant
0.4,eigenvec,0.0732660945651253,75,partial_correlation_p_value,75.0,0.2,,0.08116706380718447,0.0129522701050579,0.031167063807184467,0.003241608530603516,non-significant
0.4,eigenvec,0.0732660945651253,75,partial_correlation_p_value,75.0,0.3,,0.008030434893107933,0.0017899536529022,-0.04196956510689207,0.0,significant
0.4,eigenvec,0.0732660945651253,75,partial_correlation_p_value,75.0,0.4,,0.00031301084080057913,9.260700829738713e-05,-0.049686989159199425,0.0,significant
0.4,eigenvec,0.0732660945651253,75,partial_correlation_p_value,75.0,0.5,,3.657912410473166e-06,1.3982248474798912e-06,-0.04999634208758953,0.0,significant
0.4,eigenvec,0.0732660945651253,100,partial_correlation_p_value,100.0,0.05,,0.6177343076882446,0.0517760069637936,0.5677343076882445,9.688790233319291e-48,non-significant
0.4,eigenvec,0.0732660945651253,100,partial_correlation_p_value,100.0,0.1,,0.3173043978741975,0.035635423204814,0.2673043978741975,1.4292896339413626e-28,non-significant
0.4,eigenvec,0.0732660945651253,100,partial_correlation_p_value,100.0,0.2,,0.043860884260170395,0.0077690125625644,-0.006139115739829608,0.20819679056882134,significant
0.4,eigenvec,0.0732660945651253,100,partial_correlation_p_value,100.0,0.3,,0.0021883947254214523,0.0005501596159199,-0.04781160527457855,0.0,significant
0.4,eigenvec,0.0732660945651253,100,partial_correlation_p_value,100.0,0.4,,3.109559952288662e-05,1.0465607627564396e-05,-0.04996890440047712,0.0,significant
0.4,eigenvec,0.0732660945651253,100,partial_correlation_p_value,100.0,0.5,,8.769694091866885e-08,3.8324131893953753e-08,-0.049999912303059085,0.0,significant
0.4,eigenvec,0.0732660945651253,300,partial_correlation_p_value,300.0,0.05,,0.3865747744849377,0.040242543956039,0.3365747744849377,4.866530389767019e-35,non-significant
0.4,eigenvec,0.0732660945651253,300,partial_correlation_p_value,300.0,0.1,,0.0827480032540806,0.0130217039621581,0.0327480032540806,0.002094999399205046,non-significant
0.4,eigenvec,0.0732660945651253,300,partial_correlation_p_value,300.0,0.2,,0.00047121211121644706,0.0001308445279953,-0.04952878788878356,0.0,significant
0.4,eigenvec,0.0732660945651253,300,partial_correlation_p_value,300.0,0.3,,1.0680987893806553e-07,4.404477314405223e-08,-0.04999989319012106,0.0,significant
0.4,eigenvec,0.0732660945651253,300,partial_correlation_p_value,300.0,0.4,,4.961369134212258e-13,2.7987202602228296e-13,-0.049999999999503865,0.0,significant
0.4,eigenvec,0.0732660945651253,300,partial_correlation_p_value,300.0,0.5,,1.6558627351112573e-20,1.227058031863866e-20,-0.05,0.0,significant
0.4,eigenvec,0.0732660945651253,500,partial_correlation_p_value,500.0,0.05,,0.2634924310858535,0.0313206180520646,0.21349243108585353,2.2731197716707024e-23,non-significant
0.4,eigenvec,0.0732660945651253,500,partial_correlation_p_value,500.0,0.1,,0.025054006060311104,0.0047647677655481,-0.0249459939396889,1.3746210249632185e-05,significant
0.4,eigenvec,0.0732660945651253,500,partial_correlation_p_value,500.0,0.2,,6.313699919191115e-06,2.2066493636196086e-06,-0.04999368630008081,0.0,significant
0.4,eigenvec,0.0732660945651253,500,partial_correlation_p_value,500.0,0.3,,6.716109043816408e-12,3.5309215623086868e-12,-0.049999999993283896,0.0,significant
0.4,eigenvec,0.0732660945651253,500,partial_correlation_p_value,500.0,0.4,,1.0365018011564428e-20,7.494498178041051e-21,-0.05,0.0,significant
0.4,eigenvec,0.0732660945651253,500,partial_correlation_p_value,500.0,0.5,,4.1307211551450724e-33,3.934104594438933e-33,-0.05,0.0,significant
0.4,eigenvec,0.0732660945651253,1000,partial_correlation_p_value,1000.0,0.05,,0.11371053994288459,0.0167474046232676,0.06371053994288459,1.1037764717960293e-06,non-significant
0.4,eigenvec,0.0732660945651253,1000,partial_correlation_p_value,1000.0,0.1,,0.0015273578790529936,0.0003861281705898,-0.04847264212094701,0.0,significant
0.4,eigenvec,0.0732660945651253,1000,partial_correlation_p_value,1000.0,0.2,,1.6849007397872172e-10,8.155163814090084e-11,-0.04999999983150993,0.0,significant
0.4,eigenvec,0.0732660945651253,1000,partial_correlation_p_value,1000.0,0.3,,2.761398881915165e-22,2.0329525883634208e-22,-0.05,0.0,significant
0.4,eigenvec,0.0732660945651253,1000,partial_correlation_p_value,1000.0,0.4,,8.653026414338422e-40,8.799442826543748e-40,-0.05,0.0,significant
0.4,eigenvec,0.0732660945651253,1000,partial_correlation_p_value,1000.0,0.5,,1.706877942166305e-64,2.2911464496432937e-64,-0.05,0.0,significant
0.5,eigenvec,0.0764850198454481,30,partial_correlation_p_value,30.0,0.05,,0.7858069815820645,0.0593603886098692,0.7358069815820645,1.0529770970448597e-39,non-significant
0.5,eigenvec,0.0764850198454481,30,partial_correlation_p_value,30.0,0.1,,0.5860649647763356,0.0532071435073282,0.5360649647763356,1.5413182334918795e-42,non-significant
0.5,eigenvec,0.0764850198454481,30,partial_correlation_p_value,30.0,0.2,,0.27242589732757794,0.0340559109298184,0.22242589732757795,1.060713315767972e-21,non-significant
0.5,eigenvec,0.0764850198454481,30,partial_correlation_p_value,30.0,0.3,,0.09527344416868826,0.0156804965371292,0.045273444168688254,0.0003142728685916598,non-significant
0.5,eigenvec,0.0764850198454481,30,partial_correlation_p_value,30.0,0.4,,0.023307657869861772,0.0049125758636747,-0.02669234213013823,1.1009704206976778e-05,significant
0.5,eigenvec,0.0764850198454481,30,partial_correlation_p_value,30.0,0.5,,0.0035685233088176825,0.0009498345030414,-0.04643147669118232,0.0,significant
0.5,eigenvec,0.0764850198454481,50,partial_correlation_p_value,50.0,0.05,,0.724830244916418,0.0576896941410384,0.674830244916418,4.5401131055400866e-43,non-significant
0.5,eigenvec,0.0764850198454481,50,partial_correlation_p_value,50.0,0.1,,0.4805913120761051,0.0479506332841958,0.4305913120761051,3.098020740647498e-38,non-significant
0.5,eigenvec,0.0764850198454481,50,partial_correlation_p_value,50.0,0.2,,0.15515112469544967,0.0225619841141524,0.10515112469544967,2.478750677324228e-10,non-significant
0.5,eigenvec,0.0764850198454481,50,partial_correlation_p_value,50.0,0.3,,0.030712033725595562,0.0060847983668032,-0.01928796627440444,0.0029518293352976954,significant
0.5,eigenvec,0.0764850198454481,50,partial_correlation_p_value,50.0,0.4,,0.003302727162238229,0.0008561987474278,-0.046697272837761775,0.0,significant
0.5,eigenvec,0.0764850198454481,50,partial_correlation_p_value,50.0,0.5,,0.0001605349566003264,5.3300714735030256e-05,-0.04983946504339968,0.0,significant
0.5,eigenvec,0.0764850198454481,75,partial_correlation_p_value,75.0,0.05,,0.6658561263349685,0.0558163036883556,0.6158561263349684,3.2823855363930845e-44,non-significant
0.5,eigenvec,0.0764850198454481,75,partial_correlation_p_value,75.0,0.1,,0.3868655898413166,0.0422168486722671,0.3368655898413166,4.920727677349791e-32,non-significant
0.5,eigenvec,0.0764850198454481,75,partial_correlation_p_value,75.0,0.2,,0.08116706380718447,0.0135213244531326,0.031167063807184467,0.00462071172822647,non-significant
0.5,eigenvec,0.0764850198454481,75,partial_correlation_p_value,75.0,0.3,,0.008030434893107933,0.001868594763748,-0.04196956510689207,0.0,significant
0.5,eigenvec,0.0764850198454481,75,partial_correlation_p_value,75.0,0.4,,0.00031301084080057913,9.667567118863144e-05,-0.049686989159199425,0.0,significant
0.5,eigenvec,0.0764850198454481,75,partial_correlation_p_value,75.0,0.5,,3.657912410473166e-06,1.4596554633171775e-06,-0.04999634208758953,0.0,significant
0.5,eigenvec,0.0764850198454481,100,partial_correlation_p_value,100.0,0.05,,0.6177343076882446,0.0540507712830761,0.5677343076882445,6.360557013189337e-44,non-significant
0.5,eigenvec,0.0764850198454481,100,partial_correlation_p_value,100.0,0.1,,0.3173043978741975,0.0372010555114059,0.2673043978741975,2.3764957689932837e-26,non-significant
0.5,eigenvec,0.0764850198454481,100,partial_correlation_p_value,100.0,0.2,,0.043860884260170395,0.0081103419467661,-0.006139115739829608,0.21674566969744236,significant
0.5,eigenvec,0.0764850198454481,100,partial_correlation_p_value,100.0,0.3,,0.0021883947254214523,0.0005743307240758,-0.04781160527457855,0.0,significant
0.5,eigenvec,0.0764850198454481,100,partial_correlation_p_value,100.0,0.4,,3.109559952288662e-05,1.0925411158328022e-05,-0.04996890440047712,0.0,significant
0.5,eigenvec,0.0764850198454481,100,partial_correlation_p_value,100.0,0.5,,8.769694091866885e-08,4.000789186139978e-08,-0.049999912303059085,0.0,significant
0.5,eigenvec,0.0764850198454481,300,partial_correlation_p_value,300.0,0.05,,0.3865747744849377,0.0420105888184474,0.3365747744849377,2.773220986418312e-32,non-significant
0.5,eigenvec,0.0764850198454481,300,partial_correlation_p_value,300.0,0.1,,0.0827480032540806,0.0135938088672368,0.0327480032540806,0.0030878618850035404,non-significant
0.5,eigenvec,0.0764850198454481,300,partial_correlation_p_value,300.0,0.2,,0.00047121211121644706,0.0001365931455715,-0.04952878788878356,0.0,significant
0.5,eigenvec,0.0764850198454481,300,partial_correlation_p_value,300.0,0.3,,1.0680987893806553e-07,4.597986787758478e-08,-0.04999989319012106,0.0,significant
0.5,eigenvec,0.0764850198454481,300,partial_correlation_p_value,300.0,0.4,,4.961369134212258e-13,2.921681248544311e-13,-0.049999999999503865,0.0,significant
0.5,eigenvec,0.0764850198454481,300,partial_correlation_p_value,300.0,0.5,,1.6558627351112573e-20,1.2809684817470492e-20,-0.05,0.0,significant
0.5,eigenvec,0.0764850198454481,500,partial_correlation_p_value,500.0,0.05,,0.2634924310858535,0.0326966806065318,0.21349243108585353,1.4066560234970259e-21,non-significant
0.5,eigenvec,0.0764850198454481,500,partial_correlation_p_value,500.0,0.1,,0.025054006060311104,0.0049741064986473,-0.0249459939396889,2.8906546281737278e-05,significant
0.5,eigenvec,0.0764850198454481,500,partial_correlation_p_value,500.0,0.2,,6.313699919191115e-06,2.3035978834434623e-06,-0.04999368630008081,0.0,significant
0.5,eigenvec,0.0764850198454481,500,partial_correlation_p_value,500.0,0.3,,6.716109043816408e-12,3.68605160912249e-12,-0.049999999993283896,0.0,significant
0.5,eigenvec,0.0764850198454481,500,partial_correlation_p_value,500.0,0.4,,1.0365018011564428e-20,7.823766849884695e-21,-0.05,0.0,significant
0.5,eigenvec,0.0764850198454481,500,partial_correlation_p_value,500.0,0.5,,4.1307211551450724e-33,4.106948374493527e-33,-0.05,0.0,significant
0.5,eigenvec,0.0764850198454481,1000,partial_correlation_p_value,1000.0,0.05,,0.11371053994288459,0.017483197140142,0.06371053994288459,2.956180994383781e-06,non-significant
0.5,eigenvec,0.0764850198454481,1000,partial_correlation_p_value,1000.0,0.1,,0.0015273578790529936,0.0004030926032804,-0.04847264212094701,0.0,significant
0.5,eigenvec,0.0764850198454481,1000,partial_correlation_p_value,1000.0,0.2,,1.6849007397872172e-10,8.513458645036945e-11,-0.04999999983150993,0.0,significant
0.5,eigenvec,0.0764850198454481,1000,partial_correlation_p_value,1000.0,0.3,,2.761398881915165e-22,2.1222697891671835e-22,-0.05,0.0,significant
0.5,eigenvec,0.0764850198454481,1000,partial_correlation_p_value,1000.0,0.4,,8.653026414338422e-40,9.186043874890052e-40,-0.05,0.0,significant
0.5,eigenvec,0.0764850198454481,1000,partial_correlation_p_value,1000.0,0.5,,1.706877942166305e-64,2.391807325201811e-64,-0.05,0.0,significant
0.05,smallworldness,0.1769860805927448,30,partial_correlation_p_value,30.0,0.05,,0.7858069815820645,0.1373597410807001,0.7358069815820645,3.3315625536995855e-08,non-significant
0.05,smallworldness,0.1769860805927448,30,partial_correlation_p_value,30.0,0.1,,0.5860649647763356,0.1231211524547727,0.5360649647763356,6.389941279496437e-09,non-significant
0.05,smallworldness,0.1769860805927448,30,partial_correlation_p_value,30.0,0.2,,0.27242589732757794,0.0788052642028947,0.22242589732757795,3.513594277872194e-05,non-significant
0.05,smallworldness,0.1769860805927448,30,partial_correlation_p_value,30.0,0.3,,0.09527344416868826,0.0362846166407811,0.045273444168688254,0.08593585229809507,non-significant
0.05,smallworldness,0.1769860805927448,30,partial_correlation_p_value,30.0,0.4,,0.023307657869861772,0.0113676841489117,-0.02669234213013823,0.025660752996163216,significant
0.05,smallworldness,0.1769860805927448,30,partial_correlation_p_value,30.0,0.5,,0.0035685233088176825,0.0021979138692093,-0.04643147669118232,1.199040866595169e-14,significant
0.05,smallworldness,0.1769860805927448,50,partial_correlation_p_value,50.0,0.05,,0.724830244916418,0.133493759657098,0.674830244916418,6.755844156501627e-09,non-significant
0.05,smallworldness,0.1769860805927448,50,partial_correlation_p_value,50.0,0.1,,0.4805913120761051,0.1109576053462305,0.4305913120761051,3.4132995375097463e-08,non-significant
0.05,smallworldness,0.1769860805927448,50,partial_correlation_p_value,50.0,0.2,,0.15515112469544967,0.0522083559215715,0.10515112469544967,0.005019955334556646,non-significant
0.05,smallworldness,0.1769860805927448,50,partial_correlation_p_value,50.0,0.3,,0.030712033725595562,0.0140802031079256,-0.01928796627440444,0.09655017433359259,significant
0.05,smallworldness,0.1769860805927448,50,partial_correlation_p_value,50.0,0.4,,0.003302727162238229,0.0019812410433032,-0.046697272837761775,1.1102230246251565e-16,significant
0.05,smallworldness,0.1769860805927448,50,partial_correlation_p_value,50.0,0.5,,0.0001605349566003264,0.0001233376759633,-0.04983946504339968,0.0,significant
0.05,smallworldness,0.1769860805927448,75,partial_correlation_p_value,75.0,0.05,,0.6658561263349685,0.1291587404035215,0.6158561263349684,3.624508698117e-09,non-significant
0.05,smallworldness,0.1769860805927448,75,partial_correlation_p_value,75.0,0.1,,0.3868655898413166,0.0976896468952965,0.3368655898413166,4.381207613026933e-07,non-significant
0.05,smallworldness,0.1769860805927448,75,partial_correlation_p_value,75.0,0.2,,0.08116706380718447,0.0312882996463681,0.031167063807184467,0.15477799999085692,non-significant
0.05,smallworldness,0.1769860805927448,75,partial_correlation_p_value,75.0,0.3,,0.008030434893107933,0.0043239220453908,-0.04196956510689207,2.362266136035629e-07,significant
0.05,smallworldness,0.1769860805927448,75,partial_correlation_p_value,75.0,0.4,,0.00031301084080057913,0.0002237071803985,-0.049686989159199425,0.0,significant
0.05,smallworldness,0.1769860805927448,75,partial_correlation_p_value,75.0,0.5,,3.657912410473166e-06,3.377637869354216e-06,-0.04999634208758953,0.0,significant
0.05,smallworldness,0.1769860805927448,100,partial_correlation_p_value,100.0,0.05,,0.6177343076882446,0.1250733043115742,0.5677343076882445,3.7161791463962347e-09,non-significant
0.05,smallworldness,0.1769860805927448,100,partial_correlation_p_value,100.0,0.1,,0.3173043978741975,0.0860831182652653,0.2673043978741975,4.782738277547578e-06,non-significant
0.05,smallworldness,0.1769860805927448,100,partial_correlation_p_value,100.0,0.2,,0.043860884260170395,0.0187673041900963,-0.006139115739829608,0.3272321109278242,significant
0.05,smallworldness,0.1769860805927448,100,partial_correlation_p_value,100.0,0.3,,0.0021883947254214523,0.0013289993782257,-0.04781160527457855,0.0,significant
0.05,smallworldness,0.1769860805927448,100,partial_correlation_p_value,100.0,0.4,,3.109559952288662e-05,2.528136494811663e-05,-0.04996890440047712,0.0,significant
0.05,smallworldness,0.1769860805927448,100,partial_correlation_p_value,100.0,0.5,,8.769694091866885e-08,9.25781282091009e-08,-0.049999912303059085,0.0,significant
0.05,smallworldness,0.1769860805927448,300,partial_correlation_p_value,300.0,0.05,,0.3865747744849377,0.0972123622821142,0.3365747744849377,3.9211164095059226e-07,non-significant
0.05,smallworldness,0.1769860805927448,300,partial_correlation_p_value,300.0,0.1,,0.0827480032540806,0.0314560283386308,0.0327480032540806,0.14102344913073425,non-significant
0.05,smallworldness,0.1769860805927448,300,partial_correlation_p_value,300.0,0.2,,0.00047121211121644706,0.0003160760828641,-0.04952878788878356,0.0,significant
0.05,smallworldness,0.1769860805927448,300,partial_correlation_p_value,300.0,0.3,,1.0680987893806553e-07,1.0639726077433043e-07,-0.04999989319012106,0.0,significant
0.05,smallworldness,0.1769860805927448,300,partial_correlation_p_value,300.0,0.4,,4.961369134212258e-13,6.760760655695232e-13,-0.049999999999503865,0.0,significant
0.05,smallworldness,0.1769860805927448,300,partial_correlation_p_value,300.0,0.5,,1.6558627351112573e-20,2.9641567905109425e-20,-0.05,0.0,significant
0.05,smallworldness,0.1769860805927448,500,partial_correlation_p_value,500.0,0.05,,0.2634924310858535,0.0756600097723225,0.21349243108585353,3.6488389068254956e-05,non-significant
0.05,smallworldness,0.1769860805927448,500,partial_correlation_p_value,500.0,0.1,,0.025054006060311104,0.011510065832831,-0.0249459939396889,0.0323682561069375,significant
0.05,smallworldness,0.1769860805927448,500,partial_correlation_p_value,500.0,0.2,,6.313699919191115e-06,5.330517812196983e-06,-0.04999368630008081,0.0,significant
0.05,smallworldness,0.1769860805927448,500,partial_correlation_p_value,500.0,0.3,,6.716109043816408e-12,8.529511118378757e-12,-0.049999999993283896,0.0,significant
0.05,smallworldness,0.1769860805927448,500,partial_correlation_p_value,500.0,0.4,,1.0365018011564428e-20,1.8104170372585e-20,-0.05,0.0,significant
0.05,smallworldness,0.1769860805927448,500,partial_correlation_p_value,500.0,0.5,,4.1307211551450724e-33,9.503464828369427e-33,-0.05,0.0,significant
0.05,smallworldness,0.1769860805927448,1000,partial_correlation_p_value,1000.0,0.05,,0.11371053994288459,0.0404560598182046,0.06371053994288459,0.032248687110185116,non-significant
0.05,smallworldness,0.1769860805927448,1000,partial_correlation_p_value,1000.0,0.1,,0.0015273578790529936,0.0009327549383486,-0.04847264212094701,0.0,significant
0.05,smallworldness,0.1769860805927448,1000,partial_correlation_p_value,1000.0,0.2,,1.6849007397872172e-10,1.9700114884172075e-10,-0.04999999983150993,0.0,significant
0.05,smallworldness,0.1769860805927448,1000,partial_correlation_p_value,1000.0,0.3,,2.761398881915165e-22,4.9109252073684935e-22,-0.05,0.0,significant
0.05,smallworldness,0.1769860805927448,1000,partial_correlation_p_value,1000.0,0.4,,8.653026414338422e-40,2.12564748607637e-39,-0.05,0.0,significant
0.05,smallworldness,0.1769860805927448,1000,partial_correlation_p_value,1000.0,0.5,,1.706877942166305e-64,5.534634165956592e-64,-0.05,0.0,significant
0.1,smallworldness,0.1091701381745782,30,partial_correlation_p_value,30.0,0.05,,0.7858069815820645,0.084727464799393,0.7358069815820645,4.685244242032969e-20,non-significant
0.1,smallworldness,0.1091701381745782,30,partial_correlation_p_value,30.0,0.1,,0.5860649647763356,0.075944691134382,0.5360649647763356,1.4480543295280404e-21,non-significant
0.1,smallworldness,0.1091701381745782,30,partial_correlation_p_value,30.0,0.2,,0.27242589732757794,0.0486093683362059,0.22242589732757795,1.9838381930423098e-11,non-significant
0.1,smallworldness,0.1091701381745782,30,partial_correlation_p_value,30.0,0.3,,0.09527344416868826,0.0223814019668621,0.045273444168688254,0.009320573949490447,non-significant
0.1,smallworldness,0.1091701381745782,30,partial_correlation_p_value,30.0,0.4,,0.023307657869861772,0.0070119166722342,-0.02669234213013823,0.0012763039265772935,significant
0.1,smallworldness,0.1091701381745782,30,partial_correlation_p_value,30.0,0.5,,0.0035685233088176825,0.0013557369031157,-0.04643147669118232,0.0,significant
0.1,smallworldness,0.1091701381745782,50,partial_correlation_p_value,50.0,0.05,,0.724830244916418,0.0823428155389455,0.674830244916418,9.495134908561043e-22,non-significant
0.1,smallworldness,0.1091701381745782,50,partial_correlation_p_value,50.0,0.1,,0.4805913120761051,0.068441863148784,0.4305913120761051,1.6828005104900421e-19,non-significant
0.1,smallworldness,0.1091701381745782,50,partial_correlation_p_value,50.0,0.2,,0.15515112469544967,0.0322036253401227,0.10515112469544967,8.000828904165633e-06,non-significant
0.1,smallworldness,0.1091701381745782,50,partial_correlation_p_value,50.0,0.3,,0.030712033725595562,0.0086850768923202,-0.01928796627440444,0.02432195357419009,significant
0.1,smallworldness,0.1091701381745782,50,partial_correlation_p_value,50.0,0.4,,0.003302727162238229,0.001222086831519,-0.046697272837761775,0.0,significant
0.1,smallworldness,0.1091701381745782,50,partial_correlation_p_value,50.0,0.5,,0.0001605349566003264,7.607824910270098e-05,-0.04983946504339968,0.0,significant
0.1,smallworldness,0.1091701381745782,75,partial_correlation_p_value,75.0,0.05,,0.6658561263349685,0.079668850166542,0.6158561263349684,2.406466882364781e-22,non-significant
0.1,smallworldness,0.1091701381745782,75,partial_correlation_p_value,75.0,0.1,,0.3868655898413166,0.0602578022750025,0.3368655898413166,1.7358693262123198e-16,non-significant
0.1,smallworldness,0.1091701381745782,75,partial_correlation_p_value,75.0,0.2,,0.08116706380718447,0.0192995290036477,0.031167063807184467,0.03738150805292845,non-significant
0.1,smallworldness,0.1091701381745782,75,partial_correlation_p_value,75.0,0.3,,0.008030434893107933,0.0026671202931355,-0.04196956510689207,4.440892098500626e-16,significant
0.1,smallworldness,0.1091701381745782,75,partial_correlation_p_value,75.0,0.4,,0.00031301084080057913,0.0001379890650889,-0.049686989159199425,0.0,significant
0.1,smallworldness,0.1091701381745782,75,partial_correlation_p_value,75.0,0.5,,3.657912410473166e-06,2.08342481886795e-06,-0.04999634208758953,0.0,significant
0.1,smallworldness,0.1091701381745782,100,partial_correlation_p_value,100.0,0.05,,0.6177343076882446,0.0771488349135483,0.5677343076882445,3.130833728001623e-22,non-significant
0.1,smallworldness,0.1091701381745782,100,partial_correlation_p_value,100.0,0.1,,0.3173043978741975,0.0530985594123768,0.2673043978741975,1.0368796036175933e-13,non-significant
0.1,smallworldness,0.1091701381745782,100,partial_correlation_p_value,100.0,0.2,,0.043860884260170395,0.0115762165292062,-0.006139115739829608,0.27738596900968826,significant
0.1,smallworldness,0.1091701381745782,100,partial_correlation_p_value,100.0,0.3,,0.0021883947254214523,0.0008197652904054,-0.04781160527457855,0.0,significant
0.1,smallworldness,0.1091701381745782,100,partial_correlation_p_value,100.0,0.4,,3.109559952288662e-05,1.559427778379183e-05,-0.04996890440047712,0.0,significant
0.1,smallworldness,0.1091701381745782,100,partial_correlation_p_value,100.0,0.5,,8.769694091866885e-08,5.710486957326104e-08,-0.049999912303059085,0.0,significant
0.1,smallworldness,0.1091701381745782,300,partial_correlation_p_value,300.0,0.05,,0.3865747744849377,0.0599633993084234,0.3365747744849377,1.306851079305734e-16,non-significant
0.1,smallworldness,0.1091701381745782,300,partial_correlation_p_value,300.0,0.1,,0.0827480032540806,0.0194029889167032,0.0327480032540806,0.03024984172666789,non-significant
0.1,smallworldness,0.1091701381745782,300,partial_correlation_p_value,300.0,0.2,,0.00047121211121644706,0.0001949648781666,-0.04952878788878356,0.0,significant
0.1,smallworldness,0.1091701381745782,300,partial_correlation_p_value,300.0,0.3,,1.0680987893806553e-07,6.562891059697511e-08,-0.04999989319012106,0.0,significant
0.1,smallworldness,0.1091701381745782,300,partial_correlation_p_value,300.0,0.4,,4.961369134212258e-13,4.170232893319161e-13,-0.049999999999503865,0.0,significant
0.1,smallworldness,0.1091701381745782,300,partial_correlation_p_value,300.0,0.5,,1.6558627351112573e-20,1.828377719351897e-20,-0.05,0.0,significant
0.1,smallworldness,0.1091701381745782,500,partial_correlation_p_value,500.0,0.05,,0.2634924310858535,0.0466692843497715,0.21349243108585353,2.2581861991039576e-11,non-significant
0.1,smallworldness,0.1091701381745782,500,partial_correlation_p_value,500.0,0.1,,0.025054006060311104,0.0070997418167593,-0.0249459939396889,0.002122076876934109,significant
0.1,smallworldness,0.1091701381745782,500,partial_correlation_p_value,500.0,0.2,,6.313699919191115e-06,3.2880177025822574e-06,-0.04999368630008081,0.0,significant
0.1,smallworldness,0.1091701381745782,500,partial_correlation_p_value,500.0,0.3,,6.716109043816408e-12,5.2612493832081694e-12,-0.049999999993283896,0.0,significant
0.1,smallworldness,0.1091701381745782,500,partial_correlation_p_value,500.0,0.4,,1.0365018011564428e-20,1.1167176393148683e-20,-0.05,0.0,significant
0.1,smallworldness,0.1091701381745782,500,partial_correlation_p_value,500.0,0.5,,4.1307211551450724e-33,5.8620122270387427e-33,-0.05,0.0,significant
0.1,smallworldness,0.1091701381745782,1000,partial_correlation_p_value,1000.0,0.05,,0.11371053994288459,0.0249544688800428,0.06371053994288459,0.0008691373113988607,non-significant
0.1,smallworldness,0.1091701381745782,1000,partial_correlation_p_value,1000.0,0.1,,0.0015273578790529936,0.0005753502487964,-0.04847264212094701,0.0,significant
0.1,smallworldness,0.1091701381745782,1000,partial_correlation_p_value,1000.0,0.2,,1.6849007397872172e-10,1.2151601169749236e-10,-0.04999999983150993,0.0,significant
0.1,smallworldness,0.1091701381745782,1000,partial_correlation_p_value,1000.0,0.3,,2.761398881915165e-22,3.02920083691268e-22,-0.05,0.0,significant
0.1,smallworldness,0.1091701381745782,1000,partial_correlation_p_value,1000.0,0.4,,8.653026414338422e-40,1.3111609059210664e-39,-0.05,0.0,significant
0.1,smallworldness,0.1091701381745782,1000,partial_correlation_p_value,1000.0,0.5,,1.706877942166305e-64,3.4139225786549863e-64,-0.05,0.0,significant
0.2,smallworldness,0.0392539019266324,30,partial_correlation_p_value,30.0,0.05,,0.7858069815820645,0.0304651404618451,0.7358069815820645,4.59882968595683e-147,non-significant
0.2,smallworldness,0.0392539019266324,30,partial_correlation_p_value,30.0,0.1,,0.5860649647763356,0.0273071510898904,0.5360649647763356,3.591266641229456e-157,non-significant
0.2,smallworldness,0.0392539019266324,30,partial_correlation_p_value,30.0,0.2,,0.27242589732757794,0.017478290394152,0.22242589732757795,1.436147558499395e-77,non-significant
0.2,smallworldness,0.0392539019266324,30,partial_correlation_p_value,30.0,0.3,,0.09527344416868826,0.0080475977449328,0.045273444168688254,7.604606240075081e-12,non-significant
0.2,smallworldness,0.0392539019266324,30,partial_correlation_p_value,30.0,0.4,,0.023307657869861772,0.0025212488870303,-0.02669234213013823,1.1102230246251565e-16,significant
0.2,smallworldness,0.0392539019266324,30,partial_correlation_p_value,30.0,0.5,,0.0035685233088176825,0.0004874772929949,-0.04643147669118232,0.0,significant
0.2,smallworldness,0.0392539019266324,50,partial_correlation_p_value,50.0,0.05,,0.724830244916418,0.0296077009663548,0.674830244916418,1.3051668279593034e-159,non-significant
0.2,smallworldness,0.0392539019266324,50,partial_correlation_p_value,50.0,0.1,,0.4805913120761051,0.0246093870415562,0.4305913120761051,1.4075030411540521e-140,non-significant
0.2,smallworldness,0.0392539019266324,50,partial_correlation_p_value,50.0,0.2,,0.15515112469544967,0.0115793381955942,0.10515112469544967,1.4396788549294806e-34,non-significant
0.2,smallworldness,0.0392539019266324,50,partial_correlation_p_value,50.0,0.3,,0.030712033725595562,0.0031228609055272,-0.01928796627440444,6.4623504991701e-08,significant
0.2,smallworldness,0.0392539019266324,50,partial_correlation_p_value,50.0,0.4,,0.003302727162238229,0.0004394212321465,-0.046697272837761775,0.0,significant
0.2,smallworldness,0.0392539019266324,50,partial_correlation_p_value,50.0,0.5,,0.0001605349566003264,2.7355174033504623e-05,-0.04983946504339968,0.0,significant
0.2,smallworldness,0.0392539019266324,75,partial_correlation_p_value,75.0,0.05,,0.6658561263349685,0.0286462331488855,0.6158561263349684,9.619579667839103e-164,non-significant
0.2,smallworldness,0.0392539019266324,75,partial_correlation_p_value,75.0,0.1,,0.3868655898413166,0.0216666746087178,0.3368655898413166,7.141940480671501e-117,non-significant
0.2,smallworldness,0.0392539019266324,75,partial_correlation_p_value,75.0,0.2,,0.08116706380718447,0.0069394601070111,0.031167063807184467,1.274662447245908e-07,non-significant
0.2,smallworldness,0.0392539019266324,75,partial_correlation_p_value,75.0,0.3,,0.008030434893107933,0.0009590065576893,-0.04196956510689207,0.0,significant
0.2,smallworldness,0.0392539019266324,75,partial_correlation_p_value,75.0,0.4,,0.00031301084080057913,4.9616216655211445e-05,-0.049686989159199425,0.0,significant
0.2,smallworldness,0.0392539019266324,75,partial_correlation_p_value,75.0,0.5,,3.657912410473166e-06,7.491293395687813e-07,-0.04999634208758953,0.0,significant
0.2,smallworldness,0.0392539019266324,100,partial_correlation_p_value,100.0,0.05,,0.6177343076882446,0.0277401206052112,0.5677343076882445,1.6616967448655128e-162,non-significant
0.2,smallworldness,0.0392539019266324,100,partial_correlation_p_value,100.0,0.1,,0.3173043978741975,0.0190924521894968,0.2673043978741975,3.199941972098844e-95,non-significant
0.2,smallworldness,0.0392539019266324,100,partial_correlation_p_value,100.0,0.2,,0.043860884260170395,0.0041624172682849,-0.006139115739829608,0.07442061179874349,significant
0.2,smallworldness,0.0392539019266324,100,partial_correlation_p_value,100.0,0.3,,0.0021883947254214523,0.0002947599668782,-0.04781160527457855,0.0,significant
0.2,smallworldness,0.0392539019266324,100,partial_correlation_p_value,100.0,0.4,,3.109559952288662e-05,5.607176660001438e-06,-0.04996890440047712,0.0,significant
0.2,smallworldness,0.0392539019266324,100,partial_correlation_p_value,100.0,0.5,,8.769694091866885e-08,2.0532986284008465e-08,-0.049999912303059085,0.0,significant
0.2,smallworldness,0.0392539019266324,300,partial_correlation_p_value,300.0,0.05,,0.3865747744849377,0.0215608172252773,0.3365747744849377,8.204959397898904e-118,non-significant
0.2,smallworldness,0.0392539019266324,300,partial_correlation_p_value,300.0,0.1,,0.0827480032540806,0.0069766608044576,0.0327480032540806,3.03258537552845e-08,non-significant
0.2,smallworldness,0.0392539019266324,300,partial_correlation_p_value,300.0,0.2,,0.00047121211121644706,7.010279857348551e-05,-0.04952878788878356,0.0,significant
0.2,smallworldness,0.0392539019266324,300,partial_correlation_p_value,300.0,0.3,,1.0680987893806553e-07,2.359794411916655e-08,-0.04999989319012106,0.0,significant
0.2,smallworldness,0.0392539019266324,300,partial_correlation_p_value,300.0,0.4,,4.961369134212258e-13,1.4994751838070514e-13,-0.049999999999503865,0.0,significant
0.2,smallworldness,0.0392539019266324,300,partial_correlation_p_value,300.0,0.5,,1.6558627351112573e-20,6.574229993691816e-21,-0.05,0.0,significant
0.2,smallworldness,0.0392539019266324,500,partial_correlation_p_value,500.0,0.05,,0.2634924310858535,0.0167807015863853,0.21349243108585353,4.4023178914325296e-77,non-significant
0.2,smallworldness,0.0392539019266324,500,partial_correlation_p_value,500.0,0.1,,0.025054006060311104,0.0025528278487091,-0.0249459939396889,4.440892098500626e-15,significant
0.2,smallworldness,0.0392539019266324,500,partial_correlation_p_value,500.0,0.2,,6.313699919191115e-06,1.1822603377472896e-06,-0.04999368630008081,0.0,significant
0.2,smallworldness,0.0392539019266324,500,partial_correlation_p_value,500.0,0.3,,6.716109043816408e-12,1.8917679390470977e-12,-0.049999999993283896,0.0,significant
0.2,smallworldness,0.0392539019266324,500,partial_correlation_p_value,500.0,0.4,,1.0365018011564428e-20,4.015340222736294e-21,-0.05,0.0,significant
0.2,smallworldness,0.0392539019266324,500,partial_correlation_p_value,500.0,0.5,,4.1307211551450724e-33,2.107782007978464e-33,-0.05,0.0,significant
0.2,smallworldness,0.0392539019266324,1000,partial_correlation_p_value,1000.0,0.05,,0.11371053994288459,0.0089727858774159,0.06371053994288459,2.6039342696863287e-19,non-significant
0.2,smallworldness,0.0392539019266324,1000,partial_correlation_p_value,1000.0,0.1,,0.0015273578790529936,0.0002068765563308,-0.04847264212094701,0.0,significant
0.2,smallworldness,0.0392539019266324,1000,partial_correlation_p_value,1000.0,0.2,,1.6849007397872172e-10,4.369306190728662e-11,-0.04999999983150993,0.0,significant
0.2,smallworldness,0.0392539019266324,1000,partial_correlation_p_value,1000.0,0.3,,2.761398881915165e-22,1.089198516705116e-22,-0.05,0.0,significant
0.2,smallworldness,0.0392539019266324,1000,partial_correlation_p_value,1000.0,0.4,,8.653026414338422e-40,4.714492669117561e-40,-0.05,0.0,significant
0.2,smallworldness,0.0392539019266324,1000,partial_correlation_p_value,1000.0,0.5,,1.706877942166305e-64,1.2275314873499434e-64,-0.05,0.0,significant
0.3,smallworldness,0.0305613197719839,30,partial_correlation_p_value,30.0,0.05,,0.7858069815820645,0.0237187860022946,0.7358069815820645,1.2779155841561874e-241,non-significant
0.3,smallworldness,0.0305613197719839,30,partial_correlation_p_value,30.0,0.1,,0.5860649647763356,0.0212601177350425,0.5360649647763356,3.835918458582105e-258,non-significant
0.3,smallworldness,0.0305613197719839,30,partial_correlation_p_value,30.0,0.2,,0.27242589732757794,0.0136078095574204,0.22242589732757795,1.0495270003441185e-126,non-significant
0.3,smallworldness,0.0305613197719839,30,partial_correlation_p_value,30.0,0.3,,0.09527344416868826,0.0062654970845668,0.045273444168688254,1.9820267643659455e-18,non-significant
0.3,smallworldness,0.0305613197719839,30,partial_correlation_p_value,30.0,0.4,,0.023307657869861772,0.0019629308088991,-0.02669234213013823,0.0,significant
0.3,smallworldness,0.0305613197719839,30,partial_correlation_p_value,30.0,0.5,,0.0035685233088176825,0.0003795278609663,-0.04643147669118232,0.0,significant
0.3,smallworldness,0.0305613197719839,50,partial_correlation_p_value,50.0,0.05,,0.724830244916418,0.0230512222361297,0.674830244916418,2.8879128740124453e-262,non-significant
0.3,smallworldness,0.0305613197719839,50,partial_correlation_p_value,50.0,0.1,,0.4805913120761051,0.0191597601730197,0.4305913120761051,1.042260035784243e-230,non-significant
0.3,smallworldness,0.0305613197719839,50,partial_correlation_p_value,50.0,0.2,,0.15515112469544967,0.0090151511053581,0.10515112469544967,8.369368914495368e-56,non-significant
0.3,smallworldness,0.0305613197719839,50,partial_correlation_p_value,50.0,0.3,,0.030712033725595562,0.0024313188257214,-0.01928796627440444,6.599498725279318e-12,significant
0.3,smallworldness,0.0305613197719839,50,partial_correlation_p_value,50.0,0.4,,0.003302727162238229,0.0003421135767682,-0.046697272837761775,0.0,significant
0.3,smallworldness,0.0305613197719839,50,partial_correlation_p_value,50.0,0.5,,0.0001605349566003264,2.129750623565404e-05,-0.04983946504339968,0.0,significant
0.3,smallworldness,0.0305613197719839,75,partial_correlation_p_value,75.0,0.05,,0.6658561263349685,0.0223026667046294,0.6158561263349684,4.8884433634022704e-269,non-significant
0.3,smallworldness,0.0305613197719839,75,partial_correlation_p_value,75.0,0.1,,0.3868655898413166,0.0168686968329968,0.3368655898413166,1.4582486228784566e-191,non-significant
0.3,smallworldness,0.0305613197719839,75,partial_correlation_p_value,75.0,0.2,,0.08116706380718447,0.0054027510378887,0.031167063807184467,1.6241158865714023e-11,non-significant
0.3,smallworldness,0.0305613197719839,75,partial_correlation_p_value,75.0,0.3,,0.008030434893107933,0.0007466393055078,-0.04196956510689207,0.0,significant
0.3,smallworldness,0.0305613197719839,75,partial_correlation_p_value,75.0,0.4,,0.00031301084080057913,3.8628951229104914e-05,-0.049686989159199425,0.0,significant
0.3,smallworldness,0.0305613197719839,75,partial_correlation_p_value,75.0,0.5,,3.657912410473166e-06,5.832383578052302e-07,-0.04999634208758953,0.0,significant
0.3,smallworldness,0.0305613197719839,100,partial_correlation_p_value,100.0,0.05,,0.6177343076882446,0.0215972082957204,0.5677343076882445,5.815908694964725e-267,non-significant
0.3,smallworldness,0.0305613197719839,100,partial_correlation_p_value,100.0,0.1,,0.3173043978741975,0.0148645232182294,0.2673043978741975,7.939476963618713e-156,non-significant
0.3,smallworldness,0.0305613197719839,100,partial_correlation_p_value,100.0,0.2,,0.043860884260170395,0.0032406705809334,-0.006139115739829608,0.03293136203203251,significant
0.3,smallworldness,0.0305613197719839,100,partial_correlation_p_value,100.0,0.3,,0.0021883947254214523,0.0002294868321774,-0.04781160527457855,0.0,significant
0.3,smallworldness,0.0305613197719839,100,partial_correlation_p_value,100.0,0.4,,3.109559952288662e-05,4.365495161336943e-06,-0.04996890440047712,0.0,significant
0.3,smallworldness,0.0305613197719839,100,partial_correlation_p_value,100.0,0.5,,8.769694091866885e-08,1.59860581725659e-08,-0.049999912303059085,0.0,significant
0.3,smallworldness,0.0305613197719839,300,partial_correlation_p_value,300.0,0.05,,0.3865747744849377,0.0167862810428009,0.3365747744849377,4.119318175719407e-193,non-significant
0.3,smallworldness,0.0305613197719839,300,partial_correlation_p_value,300.0,0.1,,0.0827480032540806,0.0054317138251429,0.0327480032540806,1.5591000854673724e-12,non-significant
0.3,smallworldness,0.0305613197719839,300,partial_correlation_p_value,300.0,0.2,,0.00047121211121644706,5.4578881052884605e-05,-0.04952878788878356,0.0,significant
0.3,smallworldness,0.0305613197719839,300,partial_correlation_p_value,300.0,0.3,,1.0680987893806553e-07,1.837229627605396e-08,-0.04999989319012106,0.0,significant
0.3,smallworldness,0.0305613197719839,300,partial_correlation_p_value,300.0,0.4,,4.961369134212258e-13,1.1674238313463134e-13,-0.049999999999503865,0.0,significant
0.3,smallworldness,0.0305613197719839,300,partial_correlation_p_value,300.0,0.5,,1.6558627351112573e-20,5.1183993241565636e-21,-0.05,0.0,significant
0.3,smallworldness,0.0305613197719839,500,partial_correlation_p_value,500.0,0.05,,0.2634924310858535,0.0130646983359332,0.21349243108585353,6.73621617041881e-126,non-significant
0.3,smallworldness,0.0305613197719839,500,partial_correlation_p_value,500.0,0.1,,0.025054006060311104,0.0019875167659267,-0.0249459939396889,0.0,significant
0.3,smallworldness,0.0305613197719839,500,partial_correlation_p_value,500.0,0.2,,6.313699919191115e-06,9.204546417617326e-07,-0.04999368630008081,0.0,significant
0.3,smallworldness,0.0305613197719839,500,partial_correlation_p_value,500.0,0.3,,6.716109043816408e-12,1.4728452989887332e-12,-0.049999999993283896,0.0,significant
0.3,smallworldness,0.0305613197719839,500,partial_correlation_p_value,500.0,0.4,,1.0365018011564428e-20,3.1261630186398297e-21,-0.05,0.0,significant
0.3,smallworldness,0.0305613197719839,500,partial_correlation_p_value,500.0,0.5,,4.1307211551450724e-33,1.641024122286293e-33,-0.05,0.0,significant
0.3,smallworldness,0.0305613197719839,1000,partial_correlation_p_value,1000.0,0.05,,0.11371053994288459,0.0069858068876256,0.06371053994288459,1.094193861694946e-30,non-significant
0.3,smallworldness,0.0305613197719839,1000,partial_correlation_p_value,1000.0,0.1,,0.0015273578790529936,0.0001610647676037,-0.04847264212094701,0.0,significant
0.3,smallworldness,0.0305613197719839,1000,partial_correlation_p_value,1000.0,0.2,,1.6849007397872172e-10,3.4017449762356216e-11,-0.04999999983150993,0.0,significant
0.3,smallworldness,0.0305613197719839,1000,partial_correlation_p_value,1000.0,0.3,,2.761398881915165e-22,8.480009000483924e-23,-0.05,0.0,significant
0.3,smallworldness,0.0305613197719839,1000,partial_correlation_p_value,1000.0,0.4,,8.653026414338422e-40,3.670491618715277e-40,-0.05,0.0,significant
0.3,smallworldness,0.0305613197719839,1000,partial_correlation_p_value,1000.0,0.5,,1.706877942166305e-64,9.557007195156829e-65,-0.05,0.0,significant
0.4,smallworldness,0.0354884841336918,30,partial_correlation_p_value,30.0,0.05,,0.7858069815820645,0.0275427817578907,0.7358069815820645,1.3709063181133986e-179,non-significant
0.4,smallworldness,0.0354884841336918,30,partial_correlation_p_value,30.0,0.1,,0.5860649647763356,0.0246877214907496,0.5360649647763356,6.6575028858958565e-192,non-significant
0.4,smallworldness,0.0354884841336918,30,partial_correlation_p_value,30.0,0.2,,0.27242589732757794,0.01580169106491,0.22242589732757795,1.787149343996464e-94,non-significant
0.4,smallworldness,0.0354884841336918,30,partial_correlation_p_value,30.0,0.3,,0.09527344416868826,0.0072756345450492,0.045273444168688254,4.080061830461472e-14,non-significant
0.4,smallworldness,0.0354884841336918,30,partial_correlation_p_value,30.0,0.4,,0.023307657869861772,0.0022793989064245,-0.02669234213013823,0.0,significant
0.4,smallworldness,0.0354884841336918,30,partial_correlation_p_value,30.0,0.5,,0.0035685233088176825,0.0004407161919933,-0.04643147669118232,0.0,significant
0.4,smallworldness,0.0354884841336918,50,partial_correlation_p_value,50.0,0.05,,0.724830244916418,0.0267675918675154,0.674830244916418,6.377917288854491e-195,non-significant
0.4,smallworldness,0.0354884841336918,50,partial_correlation_p_value,50.0,0.1,,0.4805913120761051,0.0222487395825384,0.4305913120761051,1.395926999555422e-171,non-significant
0.4,smallworldness,0.0354884841336918,50,partial_correlation_p_value,50.0,0.2,,0.15515112469544967,0.0104685939400636,0.10515112469544967,7.058669240272674e-42,non-significant
0.4,smallworldness,0.0354884841336918,50,partial_correlation_p_value,50.0,0.3,,0.030712033725595562,0.0028233014874462,-0.01928796627440444,2.7051357820440103e-09,significant
0.4,smallworldness,0.0354884841336918,50,partial_correlation_p_value,50.0,0.4,,0.003302727162238229,0.0003972698931735,-0.046697272837761775,0.0,significant
0.4,smallworldness,0.0354884841336918,50,partial_correlation_p_value,50.0,0.5,,0.0001605349566003264,2.4731137849095133e-05,-0.04983946504339968,0.0,significant
0.4,smallworldness,0.0354884841336918,75,partial_correlation_p_value,75.0,0.05,,0.6658561263349685,0.0258983525381593,0.6158561263349684,5.815818316253208e-200,non-significant
0.4,smallworldness,0.0354884841336918,75,partial_correlation_p_value,75.0,0.1,,0.3868655898413166,0.0195883058840493,0.3368655898413166,1.4469216104911744e-142,non-significant
0.4,smallworldness,0.0354884841336918,75,partial_correlation_p_value,75.0,0.2,,0.08116706380718447,0.0062737946501305,0.031167063807184467,5.755091063533891e-09,non-significant
0.4,smallworldness,0.0354884841336918,75,partial_correlation_p_value,75.0,0.3,,0.008030434893107933,0.0008670141651211,-0.04196956510689207,0.0,significant
0.4,smallworldness,0.0354884841336918,75,partial_correlation_p_value,75.0,0.4,,0.00031301084080057913,4.4856797187533656e-05,-0.049686989159199425,0.0,significant
0.4,smallworldness,0.0354884841336918,75,partial_correlation_p_value,75.0,0.5,,3.657912410473166e-06,6.772693509822117e-07,-0.04999634208758953,0.0,significant
0.4,smallworldness,0.0354884841336918,100,partial_correlation_p_value,100.0,0.05,,0.6177343076882446,0.0250791585459385,0.5677343076882445,1.9508562305182516e-198,non-significant
0.4,smallworldness,0.0354884841336918,100,partial_correlation_p_value,100.0,0.1,,0.3173043978741975,0.017261014914304,0.2673043978741975,4.5257396479481137e-116,non-significant
0.4,smallworldness,0.0354884841336918,100,partial_correlation_p_value,100.0,0.2,,0.043860884260170395,0.0037631387437465,-0.006139115739829608,0.05582041244783453,significant
0.4,smallworldness,0.0354884841336918,100,partial_correlation_p_value,100.0,0.3,,0.0021883947254214523,0.0002664852127912,-0.04781160527457855,0.0,significant
0.4,smallworldness,0.0354884841336918,100,partial_correlation_p_value,100.0,0.4,,3.109559952288662e-05,5.069310060059536e-06,-0.04996890440047712,0.0,significant
0.4,smallworldness,0.0354884841336918,100,partial_correlation_p_value,100.0,0.5,,8.769694091866885e-08,1.8563366243674213e-08,-0.049999912303059085,0.0,significant
0.4,smallworldness,0.0354884841336918,300,partial_correlation_p_value,300.0,0.05,,0.3865747744849377,0.0194926028357335,0.3365747744849377,1.0260525370485915e-143,non-significant
0.4,smallworldness,0.0354884841336918,300,partial_correlation_p_value,300.0,0.1,,0.0827480032540806,0.0063074268827569,0.0327480032540806,1.0019978958368982e-09,non-significant
0.4,smallworldness,0.0354884841336918,300,partial_correlation_p_value,300.0,0.2,,0.00047121211121644706,6.337821038918475e-05,-0.04952878788878356,0.0,significant
0.4,smallworldness,0.0354884841336918,300,partial_correlation_p_value,300.0,0.3,,1.0680987893806553e-07,2.1334318993969966e-08,-0.04999989319012106,0.0,significant
0.4,smallworldness,0.0354884841336918,300,partial_correlation_p_value,300.0,0.4,,4.961369134212258e-13,1.355638513818603e-13,-0.049999999999503865,0.0,significant
0.4,smallworldness,0.0354884841336918,300,partial_correlation_p_value,300.0,0.5,,1.6558627351112573e-20,5.943599116807302e-21,-0.05,0.0,significant
0.4,smallworldness,0.0354884841336918,500,partial_correlation_p_value,500.0,0.05,,0.2634924310858535,0.0151710182369567,0.21349243108585353,7.063506447792083e-94,non-significant
0.4,smallworldness,0.0354884841336918,500,partial_correlation_p_value,500.0,0.1,,0.025054006060311104,0.0023079486664609,-0.0249459939396889,0.0,significant
0.4,smallworldness,0.0354884841336918,500,partial_correlation_p_value,500.0,0.2,,6.313699919191115e-06,1.068852398838132e-06,-0.04999368630008081,0.0,significant
0.4,smallworldness,0.0354884841336918,500,partial_correlation_p_value,500.0,0.3,,6.716109043816408e-12,1.7103007139259793e-12,-0.049999999993283896,0.0,significant
0.4,smallworldness,0.0354884841336918,500,partial_correlation_p_value,500.0,0.4,,1.0365018011564428e-20,3.630170016022569e-21,-0.05,0.0,significant
0.4,smallworldness,0.0354884841336918,500,partial_correlation_p_value,500.0,0.5,,4.1307211551450724e-33,1.9055937034548463e-33,-0.05,0.0,significant
0.4,smallworldness,0.0354884841336918,1000,partial_correlation_p_value,1000.0,0.05,,0.11371053994288459,0.008112074306418,0.06371053994288459,3.139404579411168e-23,non-significant
0.4,smallworldness,0.0354884841336918,1000,partial_correlation_p_value,1000.0,0.1,,0.0015273578790529936,0.0001870319898567,-0.04847264212094701,0.0,significant
0.4,smallworldness,0.0354884841336918,1000,partial_correlation_p_value,1000.0,0.2,,1.6849007397872172e-10,3.950181913500749e-11,-0.04999999983150993,0.0,significant
0.4,smallworldness,0.0354884841336918,1000,partial_correlation_p_value,1000.0,0.3,,2.761398881915165e-22,9.8471750275365e-23,-0.05,0.0,significant
0.4,smallworldness,0.0354884841336918,1000,partial_correlation_p_value,1000.0,0.4,,8.653026414338422e-40,4.262256491064161e-40,-0.05,0.0,significant
0.4,smallworldness,0.0354884841336918,1000,partial_correlation_p_value,1000.0,0.5,,1.706877942166305e-64,1.1097809281188792e-64,-0.05,0.0,significant
0.5,smallworldness,0.0397091509227995,30,partial_correlation_p_value,30.0,0.05,,0.7858069815820645,0.0308184613785598,0.7358069815820645,9.582124164465701e-144,non-significant
0.5,smallworldness,0.0397091509227995,30,partial_correlation_p_value,30.0,0.1,,0.5860649647763356,0.0276238470745365,0.5360649647763356,1.256462741902673e-153,non-significant
0.5,smallworldness,0.0397091509227995,30,partial_correlation_p_value,30.0,0.2,,0.27242589732757794,0.0176809956990036,0.22242589732757795,7.627690237009946e-76,non-significant
0.5,smallworldness,0.0397091509227995,30,partial_correlation_p_value,30.0,0.3,,0.09527344416868826,0.0081409301428632,0.045273444168688254,1.297815933641018e-11,non-significant
0.5,smallworldness,0.0397091509227995,30,partial_correlation_p_value,30.0,0.4,,0.023307657869861772,0.0025504891910147,-0.02669234213013823,3.3306690738754696e-16,significant
0.5,smallworldness,0.0397091509227995,30,partial_correlation_p_value,30.0,0.5,,0.0035685233088176825,0.0004931308341054,-0.04643147669118232,0.0,significant
0.5,smallworldness,0.0397091509227995,50,partial_correlation_p_value,50.0,0.05,,0.724830244916418,0.0299510776877045,0.674830244916418,5.231701883823296e-156,non-significant
0.5,smallworldness,0.0397091509227995,50,partial_correlation_p_value,50.0,0.1,,0.4805913120761051,0.0248947955792321,0.4305913120761051,2.0510844825305065e-137,non-significant
0.5,smallworldness,0.0397091509227995,50,partial_correlation_p_value,50.0,0.2,,0.15515112469544967,0.0117136301215198,0.10515112469544967,8.026354331160498e-34,non-significant
0.5,smallworldness,0.0397091509227995,50,partial_correlation_p_value,50.0,0.3,,0.030712033725595562,0.0031590784335342,-0.01928796627440444,8.942609275308655e-08,significant
0.5,smallworldness,0.0397091509227995,50,partial_correlation_p_value,50.0,0.4,,0.003302727162238229,0.0004445174408037,-0.046697272837761775,0.0,significant
0.5,smallworldness,0.0397091509227995,50,partial_correlation_p_value,50.0,0.5,,0.0001605349566003264,2.7672426966525285e-05,-0.04983946504339968,0.0,significant
0.5,smallworldness,0.0397091509227995,75,partial_correlation_p_value,75.0,0.05,,0.6658561263349685,0.028978459201454,0.6158561263349684,4.7722421706462634e-160,non-significant
0.5,smallworldness,0.0397091509227995,75,partial_correlation_p_value,75.0,0.1,,0.3868655898413166,0.0219179548988743,0.3368655898413166,2.9895104812552594e-114,non-significant
0.5,smallworldness,0.0397091509227995,75,partial_correlation_p_value,75.0,0.2,,0.08116706380718447,0.0070199408259359,0.031167063807184467,1.7503924636308875e-07,non-significant
0.5,smallworldness,0.0397091509227995,75,partial_correlation_p_value,75.0,0.3,,0.008030434893107933,0.0009701286818929,-0.04196956510689207,0.0,significant
0.5,smallworldness,0.0397091509227995,75,partial_correlation_p_value,75.0,0.4,,0.00031301084080057913,5.019164308971246e-05,-0.049686989159199425,0.0,significant
0.5,smallworldness,0.0397091509227995,75,partial_correlation_p_value,75.0,0.5,,3.657912410473166e-06,7.578174027446521e-07,-0.04999634208758953,0.0,significant
0.5,smallworldness,0.0397091509227995,100,partial_correlation_p_value,100.0,0.05,,0.6177343076882446,0.0280618379744216,0.5677343076882445,7.703958178579012e-159,non-significant
0.5,smallworldness,0.0397091509227995,100,partial_correlation_p_value,100.0,0.1,,0.3173043978741975,0.0193138778126077,0.2673043978741975,4.292864735054074e-93,non-significant
0.5,smallworldness,0.0397091509227995,100,partial_correlation_p_value,100.0,0.2,,0.043860884260170395,0.0042106911006942,-0.006139115739829608,0.07667974581493986,significant
0.5,smallworldness,0.0397091509227995,100,partial_correlation_p_value,100.0,0.3,,0.0021883947254214523,0.0002981784596253,-0.04781160527457855,0.0,significant
0.5,smallworldness,0.0397091509227995,100,partial_correlation_p_value,100.0,0.4,,3.109559952288662e-05,5.672206158229877e-06,-0.04996890440047712,0.0,significant
0.5,smallworldness,0.0397091509227995,100,partial_correlation_p_value,100.0,0.5,,8.769694091866885e-08,2.0771118569853045e-08,-0.049999912303059085,0.0,significant
0.5,smallworldness,0.0397091509227995,300,partial_correlation_p_value,300.0,0.05,,0.3865747744849377,0.0218108698293902,0.3365747744849377,3.6077561431187427e-115,non-significant
0.5,smallworldness,0.0397091509227995,300,partial_correlation_p_value,300.0,0.1,,0.0827480032540806,0.0070575729602419,0.0327480032540806,4.299241715325154e-08,non-significant
0.5,smallworldness,0.0397091509227995,300,partial_correlation_p_value,300.0,0.2,,0.00047121211121644706,7.091581911699055e-05,-0.04952878788878356,0.0,significant
0.5,smallworldness,0.0397091509227995,300,partial_correlation_p_value,300.0,0.3,,1.0680987893806553e-07,2.387162239940317e-08,-0.04999989319012106,0.0,significant
0.5,smallworldness,0.0397091509227995,300,partial_correlation_p_value,300.0,0.4,,4.961369134212258e-13,1.516865418629605e-13,-0.049999999999503865,0.0,significant
0.5,smallworldness,0.0397091509227995,300,partial_correlation_p_value,300.0,0.5,,1.6558627351112573e-20,6.650474938991618e-21,-0.05,0.0,significant
0.5,smallworldness,0.0397091509227995,500,partial_correlation_p_value,500.0,0.05,,0.2634924310858535,0.0169753165718321,0.21349243108585353,2.2783191153323637e-75,non-significant
0.5,smallworldness,0.0397091509227995,500,partial_correlation_p_value,500.0,0.1,,0.025054006060311104,0.0025824343912047,-0.0249459939396889,8.881784197001252e-15,significant
0.5,smallworldness,0.0397091509227995,500,partial_correlation_p_value,500.0,0.2,,6.313699919191115e-06,1.195971658292534e-06,-0.04999368630008081,0.0,significant
0.5,smallworldness,0.0397091509227995,500,partial_correlation_p_value,500.0,0.3,,6.716109043816408e-12,1.9137078077725552e-12,-0.049999999993283896,0.0,significant
0.5,smallworldness,0.0397091509227995,500,partial_correlation_p_value,500.0,0.4,,1.0365018011564428e-20,4.0619083221085986e-21,-0.05,0.0,significant
0.5,smallworldness,0.0397091509227995,500,partial_correlation_p_value,500.0,0.5,,4.1307211551450724e-33,2.1322271101511026e-33,-0.05,0.0,significant
0.5,smallworldness,0.0397091509227995,1000,partial_correlation_p_value,1000.0,0.05,,0.11371053994288459,0.0090768481887538,0.06371053994288459,6.545566601512328e-19,non-significant
0.5,smallworldness,0.0397091509227995,1000,partial_correlation_p_value,1000.0,0.1,,0.0015273578790529936,0.0002092758170406,-0.04847264212094701,0.0,significant
0.5,smallworldness,0.0397091509227995,1000,partial_correlation_p_value,1000.0,0.2,,1.6849007397872172e-10,4.419979427264325e-11,-0.04999999983150993,0.0,significant
0.5,smallworldness,0.0397091509227995,1000,partial_correlation_p_value,1000.0,0.3,,2.761398881915165e-22,1.1018305483508738e-22,-0.05,0.0,significant
0.5,smallworldness,0.0397091509227995,1000,partial_correlation_p_value,1000.0,0.4,,8.653026414338422e-40,4.7691692222679826e-40,-0.05,0.0,significant
0.5,smallworldness,0.0397091509227995,1000,partial_correlation_p_value,1000.0,0.5,,1.706877942166305e-64,1.2417678422077118e-64,-0.05,0.0,significant
0.05,avg_shortestPathLength,0.0351138182966801,30,ancova_p_value,,0.5,30.0,0.4849569686830381,0.0215046117386109,0.4349569686830381,1.3912045459370891e-186,non-significant
0.05,avg_shortestPathLength,0.0351138182966801,30,ancova_p_value,,1.0,30.0,0.3253086154260302,0.0167137099562903,0.2753086154260302,2.8197595612331103e-131,non-significant
0.05,avg_shortestPathLength,0.0351138182966801,30,ancova_p_value,,2.0,30.0,0.167594108019346,0.0102177306908392,0.11759410801934599,5.963842003574506e-56,non-significant
0.05,avg_shortestPathLength,0.0351138182966801,30,ancova_p_value,,4.0,30.0,0.054625044962983094,0.0039926009115203,0.004625044962983091,0.12151127116219254,non-significant
0.05,avg_shortestPathLength,0.0351138182966801,30,ancova_p_value,,6.0,30.0,0.0203613903722062,0.0016462294013669,-0.029638609627793803,0.0,significant
0.05,avg_shortestPathLength,0.0351138182966801,30,ancova_p_value,,8.0,30.0,0.008257335914631373,0.0007120875097647,-0.04174266408536863,0.0,significant
0.05,avg_shortestPathLength,0.0351138182966801,30,ancova_p_value,,10.0,30.0,0.0035685233088176825,0.0003215505451063,-0.04643147669118232,0.0,significant
0.05,avg_shortestPathLength,0.0351138182966801,30,ancova_p_value,,15.0,30.0,0.0005407062921313466,5.18066072982572e-05,-0.049459293707868654,0.0,significant
0.05,avg_shortestPathLength,0.0351138182966801,50,ancova_p_value,,0.5,50.0,0.48278284379668057,0.0216297629467276,0.4327828437966806,5.980115951684049e-183,non-significant
0.05,avg_shortestPathLength,0.0351138182966801,50,ancova_p_value,,1.0,50.0,0.32212564510024433,0.0168245094845432,0.27212564510024434,1.4304186833969012e-126,non-significant
0.05,avg_shortestPathLength,0.0351138182966801,50,ancova_p_value,,2.0,50.0,0.16349617189550622,0.0102540785297748,0.11349617189550622,1.9590493786052664e-51,non-significant
0.05,avg_shortestPathLength,0.0351138182966801,50,ancova_p_value,,4.0,50.0,0.05094706873769324,0.0039168868533651,0.0009470687376932352,0.41337497191467926,non-significant
0.05,avg_shortestPathLength,0.0351138182966801,50,ancova_p_value,,6.0,50.0,0.01785224137520709,0.0015494844177165,-0.03214775862479291,0.0,significant
0.05,avg_shortestPathLength,0.0351138182966801,50,ancova_p_value,,8.0,50.0,0.006713432842279582,0.00063323960008,-0.04328656715772042,0.0,significant
0.05,avg_shortestPathLength,0.0351138182966801,50,ancova_p_value,,10.0,50.0,0.0026605541904910716,0.0002667626463165,-0.04733944580950893,0.0,significant
0.05,avg_shortestPathLength,0.0351138182966801,50,ancova_p_value,,15.0,50.0,0.00031306556427201346,3.464904806042034e-05,-0.04968693443572799,0.0,significant
0.05,avg_shortestPathLength,0.0351138182966801,75,ancova_p_value,,0.5,75.0,0.4816914470000123,0.0216927374785601,0.43169144700001233,3.773751634741522e-181,non-significant
0.05,avg_shortestPathLength,0.0351138182966801,75,ancova_p_value,,1.0,75.0,0.3205260061237414,0.016880372102813,0.2705260061237414,2.9501387632256905e-124,non-significant
0.05,avg_shortestPathLength,0.0351138182966801,75,ancova_p_value,,2.0,75.0,0.16143714082856858,0.0102719043313859,0.11143714082856858,2.9270358193026746e-49,non-significant
0.05,avg_shortestPathLength,0.0351138182966801,75,ancova_p_value,,4.0,75.0,0.04912138289485513,0.0038767612282549,-0.0008786171051448702,0.40120229401607077,significant
0.05,avg_shortestPathLength,0.0351138182966801,75,ancova_p_value,,6.0,75.0,0.016639791628428848,0.0014992284157406,-0.03336020837157115,0.0,significant
0.05,avg_shortestPathLength,0.0351138182966801,75,ancova_p_value,,8.0,75.0,0.005996484169924953,0.0005933774148339,-0.04400351583007505,0.0,significant
0.05,avg_shortestPathLength,0.0351138182966801,75,ancova_p_value,,10.0,75.0,0.0022598459055359287,0.0002400929154579,-0.047740154094464075,0.0,significant
0.05,avg_shortestPathLength,0.0351138182966801,75,ancova_p_value,,15.0,75.0,0.0002280430925145892,2.73579255747346e-05,-0.04977195690748541,0.0,significant
0.05,avg_shortestPathLength,0.0351138182966801,100,ancova_p_value,,0.5,100.0,0.48114467698573943,0.0217243245416422,0.43114467698573944,2.96923693608935e-180,non-significant
0.05,avg_shortestPathLength,0.0351138182966801,100,ancova_p_value,,1.0,100.0,0.31972415578412333,0.0169084199135724,0.26972415578412334,4.144565051449665e-123,non-significant
0.05,avg_shortestPathLength,0.0351138182966801,100,ancova_p_value,,2.0,100.0,0.16040513148560548,0.0102807246339309,0.11040513148560548,3.410226963256899e-48,non-significant
0.05,avg_shortestPathLength,0.0351138182966801,100,ancova_p_value,,4.0,100.0,0.04821217873113365,0.0038561042471844,-0.0017878212688663547,0.31439011715223675,significant
0.05,avg_shortestPathLength,0.0351138182966801,100,ancova_p_value,,6.0,100.0,0.016044679166962617,0.0014736223677999,-0.033955320833037386,0.0,significant
0.05,avg_shortestPathLength,0.0351138182966801,100,ancova_p_value,,8.0,100.0,0.005652215916228005,0.0005733670727854,-0.044347784083772,0.0,significant
0.05,avg_shortestPathLength,0.0351138182966801,100,ancova_p_value,,10.0,100.0,0.00207287258086666,0.0002269874261518,-0.047927127419133346,0.0,significant
0.05,avg_shortestPathLength,0.0351138182966801,100,ancova_p_value,,15.0,100.0,0.0001920508540141487,2.4048692152469475e-05,-0.04980794914598585,0.0,significant
0.05,avg_shortestPathLength,0.0351138182966801,300,ancova_p_value,,0.5,300.0,0.4800490110787622,0.0217876983513649,0.4300490110787622,1.8032331868561741e-178,non-significant
0.05,avg_shortestPathLength,0.0351138182966801,300,ancova_p_value,,1.0,300.0,0.31811640443062633,0.0169647496840564,0.26811640443062634,7.828166987832522e-121,non-significant
0.05,avg_shortestPathLength,0.0351138182966801,300,ancova_p_value,,2.0,300.0,0.15833615787546532,0.0102981716839868,0.10833615787546531,4.207462907133832e-46,non-significant
0.05,avg_shortestPathLength,0.0351138182966801,300,ancova_p_value,,4.0,300.0,0.0464015209831491,0.0038135611069829,-0.0035984790168509043,0.17179488428097967,significant
0.05,avg_shortestPathLength,0.0351138182966801,300,ancova_p_value,,6.0,300.0,0.014877544674688336,0.0014214459727202,-0.03512245532531166,0.0,significant
0.05,avg_shortestPathLength,0.0351138182966801,300,ancova_p_value,,8.0,300.0,0.004992719858471545,0.000533239373551,-0.04500728014152846,0.0,significant
0.05,avg_shortestPathLength,0.0351138182966801,300,ancova_p_value,,10.0,300.0,0.0017256705948826214,0.0002013122119744,-0.04827432940511738,0.0,significant
0.05,avg_shortestPathLength,0.0351138182966801,300,ancova_p_value,,15.0,300.0,0.00013201666015390175,1.8116182936629604e-05,-0.0498679833398461,0.0,significant
0.05,avg_shortestPathLength,0.0351138182966801,500,ancova_p_value,,0.5,500.0,0.47982953965954955,0.0218004050722029,0.42982953965954956,4.0869367395306134e-178,non-significant
0.05,avg_shortestPathLength,0.0351138182966801,500,ancova_p_value,,1.0,500.0,0.3177942072606085,0.0169760532280321,0.2677942072606085,2.2173962421412087e-120,non-significant
0.05,avg_shortestPathLength,0.0351138182966801,500,ancova_p_value,,2.0,500.0,0.15792157401181234,0.0103016291881503,0.10792157401181234,1.0855607076607941e-45,non-significant
0.05,avg_shortestPathLength,0.0351138182966801,500,ancova_p_value,,4.0,500.0,0.046040682769031456,0.0038048512118885,-0.003959317230968547,0.14931490277561987,significant
0.05,avg_shortestPathLength,0.0351138182966801,500,ancova_p_value,,6.0,500.0,0.01464790875937049,0.001410855675813,-0.03535209124062951,0.0,significant
0.05,avg_shortestPathLength,0.0351138182966801,500,ancova_p_value,,8.0,500.0,0.004865533464805003,0.000525202918679,-0.045134466535195,0.0,significant
0.05,avg_shortestPathLength,0.0351138182966801,500,ancova_p_value,,10.0,500.0,0.0016604995248597615,0.0001962718181251,-0.04833950047514024,0.0,significant
0.05,avg_shortestPathLength,0.0351138182966801,500,ancova_p_value,,15.0,500.0,0.0001217965039979378,1.7040258676449384e-05,-0.04987820349600206,0.0,significant
0.05,avg_shortestPathLength,0.0351138182966801,1000,ancova_p_value,,0.5,1000.0,0.4796648624377731,0.0218099421054675,0.42966486243777313,7.544232160006378e-178,non-significant
0.05,avg_shortestPathLength,0.0351138182966801,1000,ancova_p_value,,1.0,1000.0,0.31755241808467255,0.0169845391308522,0.26755241808467256,4.834072923116915e-120,non-significant
0.05,avg_shortestPathLength,0.0351138182966801,1000,ancova_p_value,,2.0,1000.0,0.1576104641334238,0.0103042151706957,0.1076104641334238,2.2026052881799158e-45,non-significant
0.05,avg_shortestPathLength,0.0351138182966801,1000,ancova_p_value,,4.0,1000.0,0.04577034649325166,0.0037982739454432,-0.0042296535067483446,0.133825928035457,significant
0.05,avg_shortestPathLength,0.0351138182966801,1000,ancova_p_value,,6.0,1000.0,0.014476528145859816,0.0014028789380081,-0.03552347185414019,0.0,significant
0.05,avg_shortestPathLength,0.0351138182966801,1000,ancova_p_value,,8.0,1000.0,0.00477118583723039,0.0005191743460482,-0.04522881416276961,0.0,significant
0.05,avg_shortestPathLength,0.0351138182966801,1000,ancova_p_value,,10.0,1000.0,0.0016125523948250528,0.000192513844579,-0.04838744760517495,0.0,significant
0.05,avg_shortestPathLength,0.0351138182966801,1000,ancova_p_value,,15.0,1000.0,0.00011449967420285442,1.6257561277231154e-05,-0.049885500325797145,0.0,significant
0.1,avg_shortestPathLength,0.030563543135895,30,ancova_p_value,,0.5,30.0,0.4849569686830381,0.0187179053824474,0.4349569686830381,1.1466620499900521e-245,non-significant
0.1,avg_shortestPathLength,0.030563543135895,30,ancova_p_value,,1.0,30.0,0.3253086154260302,0.0145478395682822,0.2753086154260302,1.2260774625672833e-172,non-significant
0.1,avg_shortestPathLength,0.030563543135895,30,ancova_p_value,,2.0,30.0,0.167594108019346,0.0088936512139424,0.11759410801934599,3.1806696791880316e-73,non-significant
0.1,avg_shortestPathLength,0.030563543135895,30,ancova_p_value,,4.0,30.0,0.054625044962983094,0.0034752139215575,0.004625044962983091,0.08886254275504894,non-significant
0.1,avg_shortestPathLength,0.030563543135895,30,ancova_p_value,,6.0,30.0,0.0203613903722062,0.0014329003725867,-0.029638609627793803,0.0,significant
0.1,avg_shortestPathLength,0.030563543135895,30,ancova_p_value,,8.0,30.0,0.008257335914631373,0.000619810615221,-0.04174266408536863,0.0,significant
0.1,avg_shortestPathLength,0.030563543135895,30,ancova_p_value,,10.0,30.0,0.0035685233088176825,0.0002798819505384,-0.04643147669118232,0.0,significant
0.1,avg_shortestPathLength,0.030563543135895,30,ancova_p_value,,15.0,30.0,0.0005407062921313466,4.509317282177659e-05,-0.049459293707868654,0.0,significant
0.1,avg_shortestPathLength,0.030563543135895,50,ancova_p_value,,0.5,50.0,0.48278284379668057,0.0188268386894283,0.4327828437966806,7.153296242513798e-241,non-significant
0.1,avg_shortestPathLength,0.030563543135895,50,ancova_p_value,,1.0,50.0,0.32212564510024433,0.014644280978686,0.27212564510024434,1.9839876835124338e-166,non-significant
0.1,avg_shortestPathLength,0.030563543135895,50,ancova_p_value,,2.0,50.0,0.16349617189550622,0.0089252888653598,0.11349617189550622,2.8798959215487923e-67,non-significant
0.1,avg_shortestPathLength,0.030563543135895,50,ancova_p_value,,4.0,50.0,0.05094706873769324,0.0034093113796332,0.0009470687376932352,0.3981106841162424,non-significant
0.1,avg_shortestPathLength,0.030563543135895,50,ancova_p_value,,6.0,50.0,0.01785224137520709,0.0013486922282033,-0.03214775862479291,0.0,significant
0.1,avg_shortestPathLength,0.030563543135895,50,ancova_p_value,,8.0,50.0,0.006713432842279582,0.0005511803264709,-0.04328656715772042,0.0,significant
0.1,avg_shortestPathLength,0.030563543135895,50,ancova_p_value,,10.0,50.0,0.0026605541904910716,0.0002321938212146,-0.04733944580950893,0.0,significant
0.1,avg_shortestPathLength,0.030563543135895,50,ancova_p_value,,15.0,50.0,0.00031306556427201346,3.015900082596488e-05,-0.04968693443572799,0.0,significant
0.1,avg_shortestPathLength,0.030563543135895,75,ancova_p_value,,0.5,75.0,0.4816914470000123,0.0188816525750577,0.43169144700001233,1.698767436145968e-238,non-significant
0.1,avg_shortestPathLength,0.030563543135895,75,ancova_p_value,,1.0,75.0,0.3205260061237414,0.0146929045584047,0.2705260061237414,2.246750068572222e-163,non-significant
0.1,avg_shortestPathLength,0.030563543135895,75,ancova_p_value,,2.0,75.0,0.16143714082856858,0.0089408046845701,0.11143714082856858,2.1233384366056905e-64,non-significant
0.1,avg_shortestPathLength,0.030563543135895,75,ancova_p_value,,4.0,75.0,0.04912138289485513,0.0033743854919514,-0.0008786171051448702,0.3895221191940109,significant
0.1,avg_shortestPathLength,0.030563543135895,75,ancova_p_value,,6.0,75.0,0.016639791628428848,0.0013049487232603,-0.03336020837157115,0.0,significant
0.1,avg_shortestPathLength,0.030563543135895,75,ancova_p_value,,8.0,75.0,0.005996484169924953,0.0005164837404156,-0.04400351583007505,0.0,significant
0.1,avg_shortestPathLength,0.030563543135895,75,ancova_p_value,,10.0,75.0,0.0022598459055359287,0.0002089801261777,-0.047740154094464075,0.0,significant
0.1,avg_shortestPathLength,0.030563543135895,75,ancova_p_value,,15.0,75.0,0.0002280430925145892,2.38127090408468e-05,-0.04977195690748541,0.0,significant
0.1,avg_shortestPathLength,0.030563543135895,100,ancova_p_value,,0.5,100.0,0.48114467698573943,0.0189091463826775,0.43114467698573944,2.584971722181304e-237,non-significant
0.1,avg_shortestPathLength,0.030563543135895,100,ancova_p_value,,1.0,100.0,0.31972415578412333,0.0147173177528561,0.26972415578412334,7.3442944089362e-162,non-significant
0.1,avg_shortestPathLength,0.030563543135895,100,ancova_p_value,,2.0,100.0,0.16040513148560548,0.0089484819953948,0.11040513148560548,5.411513464913183e-63,non-significant
0.1,avg_shortestPathLength,0.030563543135895,100,ancova_p_value,,4.0,100.0,0.04821217873113365,0.0033564053757854,-0.0017878212688663547,0.2917023453165545,significant
0.1,avg_shortestPathLength,0.030563543135895,100,ancova_p_value,,6.0,100.0,0.016044679166962617,0.001282660872245,-0.033955320833037386,0.0,significant
0.1,avg_shortestPathLength,0.030563543135895,100,ancova_p_value,,8.0,100.0,0.005652215916228005,0.0004990664676144,-0.044347784083772,0.0,significant
0.1,avg_shortestPathLength,0.030563543135895,100,ancova_p_value,,10.0,100.0,0.00207287258086666,0.0001975729307442,-0.047927127419133346,0.0,significant
0.1,avg_shortestPathLength,0.030563543135895,100,ancova_p_value,,15.0,100.0,0.0001920508540141487,2.0932307439585785e-05,-0.04980794914598585,0.0,significant
0.1,avg_shortestPathLength,0.030563543135895,300,ancova_p_value,,0.5,300.0,0.4800490110787622,0.0189643078051916,0.4300490110787622,5.835730187472639e-235,non-significant
0.1,avg_shortestPathLength,0.030563543135895,300,ancova_p_value,,1.0,300.0,0.31811640443062633,0.0147663479481906,0.26811640443062634,7.40515879751505e-159,non-significant
0.1,avg_shortestPathLength,0.030563543135895,300,ancova_p_value,,2.0,300.0,0.15833615787546532,0.0089636681441204,0.10833615787546531,3.098385514543578e-60,non-significant
0.1,avg_shortestPathLength,0.030563543135895,300,ancova_p_value,,4.0,300.0,0.0464015209831491,0.0033193752502177,-0.0035984790168509043,0.13986102176147974,significant
0.1,avg_shortestPathLength,0.030563543135895,300,ancova_p_value,,6.0,300.0,0.014877544674688336,0.0012372458311287,-0.03512245532531166,0.0,significant
0.1,avg_shortestPathLength,0.030563543135895,300,ancova_p_value,,8.0,300.0,0.004992719858471545,0.0004641387745868,-0.04500728014152846,0.0,significant
0.1,avg_shortestPathLength,0.030563543135895,300,ancova_p_value,,10.0,300.0,0.0017256705948826214,0.0001752248764995,-0.04827432940511738,0.0,significant
0.1,avg_shortestPathLength,0.030563543135895,300,ancova_p_value,,15.0,300.0,0.00013201666015390175,1.5768571049813568e-05,-0.0498679833398461,0.0,significant
0.1,avg_shortestPathLength,0.030563543135895,500,ancova_p_value,,0.5,500.0,0.47982953965954955,0.0189753679071482,0.42982953965954956,1.718146763030735e-234,non-significant
0.1,avg_shortestPathLength,0.030563543135895,500,ancova_p_value,,1.0,500.0,0.3177942072606085,0.0147761867059973,0.2677942072606085,2.925637193227378e-158,non-significant
0.1,avg_shortestPathLength,0.030563543135895,500,ancova_p_value,,2.0,500.0,0.15792157401181234,0.0089666776025834,0.10792157401181234,1.0813412144465903e-59,non-significant
0.1,avg_shortestPathLength,0.030563543135895,500,ancova_p_value,,4.0,500.0,0.046040682769031456,0.0033117940395338,-0.003959317230968547,0.11762746601375429,significant
0.1,avg_shortestPathLength,0.030563543135895,500,ancova_p_value,,6.0,500.0,0.01464790875937049,0.0012280278932328,-0.03535209124062951,0.0,significant
0.1,avg_shortestPathLength,0.030563543135895,500,ancova_p_value,,8.0,500.0,0.004865533464805003,0.0004571437353955,-0.045134466535195,0.0,significant
0.1,avg_shortestPathLength,0.030563543135895,500,ancova_p_value,,10.0,500.0,0.0016604995248597615,0.0001708376494103,-0.04833950047514024,0.0,significant
0.1,avg_shortestPathLength,0.030563543135895,500,ancova_p_value,,15.0,500.0,0.0001217965039979378,1.483207199809742e-05,-0.04987820349600206,0.0,significant
0.1,avg_shortestPathLength,0.030563543135895,1000,ancova_p_value,,0.5,1000.0,0.4796648624377731,0.0189836690701009,0.42966486243777313,3.858318442667177e-234,non-significant
0.1,avg_shortestPathLength,0.030563543135895,1000,ancova_p_value,,1.0,1000.0,0.31755241808467255,0.0147835729507713,0.26755241808467256,8.181891592927406e-158,non-significant
0.1,avg_shortestPathLength,0.030563543135895,1000,ancova_p_value,,2.0,1000.0,0.1576104641334238,0.0089689284768236,0.1076104641334238,2.7490166663571763e-59,non-significant
0.1,avg_shortestPathLength,0.030563543135895,1000,ancova_p_value,,4.0,1000.0,0.04577034649325166,0.0033060690977169,-0.0042296535067483446,0.10270180224212444,significant
0.1,avg_shortestPathLength,0.030563543135895,1000,ancova_p_value,,6.0,1000.0,0.014476528145859816,0.0012210848325857,-0.03552347185414019,0.0,significant
0.1,avg_shortestPathLength,0.030563543135895,1000,ancova_p_value,,8.0,1000.0,0.00477118583723039,0.000451896384108,-0.04522881416276961,0.0,significant
0.1,avg_shortestPathLength,0.030563543135895,1000,ancova_p_value,,10.0,1000.0,0.0016125523948250528,0.0001675666583261,-0.04838744760517495,0.0,significant
0.1,avg_shortestPathLength,0.030563543135895,1000,ancova_p_value,,15.0,1000.0,0.00011449967420285442,1.415080157853667e-05,-0.049885500325797145,0.0,significant
0.2,avg_shortestPathLength,0.0315754464419614,30,ancova_p_value,,0.5,30.0,0.4849569686830381,0.0193376211743934,0.4349569686830381,2.701042132770827e-230,non-significant
0.2,avg_shortestPathLength,0.0315754464419614,30,ancova_p_value,,1.0,30.0,0.3253086154260302,0.0150294920681189,0.2753086154260302,7.06785635924495e-162,non-significant
0.2,avg_shortestPathLength,0.0315754464419614,30,ancova_p_value,,2.0,30.0,0.167594108019346,0.0091881038245699,0.11759410801934599,9.89526161897073e-69,non-significant
0.2,avg_shortestPathLength,0.0315754464419614,30,ancova_p_value,,4.0,30.0,0.054625044962983094,0.0035902719317128,0.004625044962983091,0.09624083528080553,non-significant
0.2,avg_shortestPathLength,0.0315754464419614,30,ancova_p_value,,6.0,30.0,0.0203613903722062,0.001480341096911,-0.029638609627793803,0.0,significant
0.2,avg_shortestPathLength,0.0315754464419614,30,ancova_p_value,,8.0,30.0,0.008257335914631373,0.0006403314170106,-0.04174266408536863,0.0,significant
0.2,avg_shortestPathLength,0.0315754464419614,30,ancova_p_value,,10.0,30.0,0.0035685233088176825,0.0002891483327049,-0.04643147669118232,0.0,significant
0.2,avg_shortestPathLength,0.0315754464419614,30,ancova_p_value,,15.0,30.0,0.0005407062921313466,4.65861257316043e-05,-0.049459293707868654,0.0,significant
0.2,avg_shortestPathLength,0.0315754464419614,50,ancova_p_value,,0.5,50.0,0.48278284379668057,0.0194501610649757,0.4327828437966806,8.400680650368565e-226,non-significant
0.2,avg_shortestPathLength,0.0315754464419614,50,ancova_p_value,,1.0,50.0,0.32212564510024433,0.0151291264781561,0.27212564510024434,4.6454553692706446e-156,non-significant
0.2,avg_shortestPathLength,0.0315754464419614,50,ancova_p_value,,2.0,50.0,0.16349617189550622,0.0092207889410643,0.11349617189550622,3.7801666935645424e-63,non-significant
0.2,avg_shortestPathLength,0.0315754464419614,50,ancova_p_value,,4.0,50.0,0.05094706873769324,0.0035221874765282,0.0009470687376932352,0.40184161436809734,non-significant
0.2,avg_shortestPathLength,0.0315754464419614,50,ancova_p_value,,6.0,50.0,0.01785224137520709,0.001393344974075,-0.03214775862479291,0.0,significant
0.2,avg_shortestPathLength,0.0315754464419614,50,ancova_p_value,,8.0,50.0,0.006713432842279582,0.0005694289042655,-0.04328656715772042,0.0,significant
0.2,avg_shortestPathLength,0.0315754464419614,50,ancova_p_value,,10.0,50.0,0.0026605541904910716,0.0002398813361827,-0.04733944580950893,0.0,significant
0.2,avg_shortestPathLength,0.0315754464419614,50,ancova_p_value,,15.0,50.0,0.00031306556427201346,3.115751047217182e-05,-0.04968693443572799,0.0,significant
0.2,avg_shortestPathLength,0.0315754464419614,75,ancova_p_value,,0.5,75.0,0.4816914470000123,0.0195067897386302,0.43169144700001233,1.4131249503025921e-223,non-significant
0.2,avg_shortestPathLength,0.0315754464419614,75,ancova_p_value,,1.0,75.0,0.3205260061237414,0.0151793598961337,0.2705260061237414,3.377465273148536e-153,non-significant
0.2,avg_shortestPathLength,0.0315754464419614,75,ancova_p_value,,2.0,75.0,0.16143714082856858,0.0092368184608193,0.11143714082856858,1.8397892376401386e-60,non-significant
0.2,avg_shortestPathLength,0.0315754464419614,75,ancova_p_value,,4.0,75.0,0.04912138289485513,0.0034861052562492,-0.0008786171051448702,0.3924327458148805,significant
0.2,avg_shortestPathLength,0.0315754464419614,75,ancova_p_value,,6.0,75.0,0.016639791628428848,0.00134815320127,-0.03336020837157115,0.0,significant
0.2,avg_shortestPathLength,0.0315754464419614,75,ancova_p_value,,8.0,75.0,0.005996484169924953,0.0005335835773727,-0.04400351583007505,0.0,significant
0.2,avg_shortestPathLength,0.0315754464419614,75,ancova_p_value,,10.0,75.0,0.0022598459055359287,0.000215899077938,-0.047740154094464075,0.0,significant
0.2,avg_shortestPathLength,0.0315754464419614,75,ancova_p_value,,15.0,75.0,0.0002280430925145892,2.460110451246117e-05,-0.04977195690748541,0.0,significant
0.2,avg_shortestPathLength,0.0315754464419614,100,ancova_p_value,,0.5,100.0,0.48114467698573943,0.0195351938161982,0.43114467698573944,1.8112071398226182e-222,non-significant
0.2,avg_shortestPathLength,0.0315754464419614,100,ancova_p_value,,1.0,100.0,0.31972415578412333,0.0152045813670362,0.26972415578412334,8.862488479296504e-152,non-significant
0.2,avg_shortestPathLength,0.0315754464419614,100,ancova_p_value,,2.0,100.0,0.16040513148560548,0.0092447499534373,0.11040513148560548,3.824851312099919e-59,non-significant
0.2,avg_shortestPathLength,0.0315754464419614,100,ancova_p_value,,4.0,100.0,0.04821217873113365,0.0034675298511499,-0.0017878212688663547,0.2972699263745917,significant
0.2,avg_shortestPathLength,0.0315754464419614,100,ancova_p_value,,6.0,100.0,0.016044679166962617,0.001325127440058,-0.033955320833037386,0.0,significant
0.2,avg_shortestPathLength,0.0315754464419614,100,ancova_p_value,,8.0,100.0,0.005652215916228005,0.000515589650358,-0.044347784083772,0.0,significant
0.2,avg_shortestPathLength,0.0315754464419614,100,ancova_p_value,,10.0,100.0,0.00207287258086666,0.0002041142110179,-0.047927127419133346,0.0,significant
0.2,avg_shortestPathLength,0.0315754464419614,100,ancova_p_value,,15.0,100.0,0.0001920508540141487,2.1625338054771195e-05,-0.04980794914598585,0.0,significant
0.2,avg_shortestPathLength,0.0315754464419614,300,ancova_p_value,,0.5,300.0,0.4800490110787622,0.0195921815330513,0.4300490110787622,2.9055823792787028e-220,non-significant
0.2,avg_shortestPathLength,0.0315754464419614,300,ancova_p_value,,1.0,300.0,0.31811640443062633,0.0152552348629329,0.26811640443062634,5.779229059188526e-149,non-significant
0.2,avg_shortestPathLength,0.0315754464419614,300,ancova_p_value,,2.0,300.0,0.15833615787546532,0.0092604388879176,0.10833615787546531,1.4688863354807548e-56,non-significant
0.2,avg_shortestPathLength,0.0315754464419614,300,ancova_p_value,,4.0,300.0,0.0464015209831491,0.0034292737254971,-0.0035984790168509043,0.1473746253350504,significant
0.2,avg_shortestPathLength,0.0315754464419614,300,ancova_p_value,,6.0,300.0,0.014877544674688336,0.0012782087895582,-0.03512245532531166,0.0,significant
0.2,avg_shortestPathLength,0.0315754464419614,300,ancova_p_value,,8.0,300.0,0.004992719858471545,0.0004795055649615,-0.04500728014152846,0.0,significant
0.2,avg_shortestPathLength,0.0315754464419614,300,ancova_p_value,,10.0,300.0,0.0017256705948826214,0.0001810262533571,-0.04827432940511738,0.0,significant
0.2,avg_shortestPathLength,0.0315754464419614,300,ancova_p_value,,15.0,300.0,0.00013201666015390175,1.6290639748010723e-05,-0.0498679833398461,0.0,significant
0.2,avg_shortestPathLength,0.0315754464419614,500,ancova_p_value,,0.5,500.0,0.47982953965954955,0.0196036078148609,0.42982953965954956,7.991615871620778e-220,non-significant
0.2,avg_shortestPathLength,0.0315754464419614,500,ancova_p_value,,1.0,500.0,0.3177942072606085,0.01526539936411,0.2677942072606085,2.0939022392868736e-148,non-significant
0.2,avg_shortestPathLength,0.0315754464419614,500,ancova_p_value,,2.0,500.0,0.15792157401181234,0.0092635479840749,0.10792157401181234,4.738917494809615e-56,non-significant
0.2,avg_shortestPathLength,0.0315754464419614,500,ancova_p_value,,4.0,500.0,0.046040682769031456,0.0034214415147206,-0.003959317230968547,0.12499851727181832,significant
0.2,avg_shortestPathLength,0.0315754464419614,500,ancova_p_value,,6.0,500.0,0.01464790875937049,0.0012686856625098,-0.03535209124062951,0.0,significant
0.2,avg_shortestPathLength,0.0315754464419614,500,ancova_p_value,,8.0,500.0,0.004865533464805003,0.0004722789327494,-0.045134466535195,0.0,significant
0.2,avg_shortestPathLength,0.0315754464419614,500,ancova_p_value,,10.0,500.0,0.0016604995248597615,0.0001764937731611,-0.04833950047514024,0.0,significant
0.2,avg_shortestPathLength,0.0315754464419614,500,ancova_p_value,,15.0,500.0,0.0001217965039979378,1.5323134916554114e-05,-0.04987820349600206,0.0,significant
0.2,avg_shortestPathLength,0.0315754464419614,1000,ancova_p_value,,0.5,1000.0,0.4796648624377731,0.0196121838142159,0.42966486243777313,1.705391244554913e-219,non-significant
0.2,avg_shortestPathLength,0.0315754464419614,1000,ancova_p_value,,1.0,1000.0,0.31755241808467255,0.0152730301540099,0.26755241808467256,5.4883978065441255e-148,non-significant
0.2,avg_shortestPathLength,0.0315754464419614,1000,ancova_p_value,,2.0,1000.0,0.1576104641334238,0.0092658733806659,0.1076104641334238,1.1360880565448558e-55,non-significant
0.2,avg_shortestPathLength,0.0315754464419614,1000,ancova_p_value,,4.0,1000.0,0.04577034649325166,0.0034155270304961,-0.0042296535067483446,0.1098750637935978,significant
0.2,avg_shortestPathLength,0.0315754464419614,1000,ancova_p_value,,6.0,1000.0,0.014476528145859816,0.0012615127297568,-0.03552347185414019,0.0,significant
0.2,avg_shortestPathLength,0.0315754464419614,1000,ancova_p_value,,8.0,1000.0,0.00477118583723039,0.0004668578512077,-0.04522881416276961,0.0,significant
0.2,avg_shortestPathLength,0.0315754464419614,1000,ancova_p_value,,10.0,1000.0,0.0016125523948250528,0.0001731144855133,-0.04838744760517495,0.0,significant
0.2,avg_shortestPathLength,0.0315754464419614,1000,ancova_p_value,,15.0,1000.0,0.00011449967420285442,1.4619308872901826e-05,-0.049885500325797145,0.0,significant
0.3,avg_shortestPathLength,0.0244643192954368,30,ancova_p_value,,0.5,30.0,0.4849569686830381,0.0149825827385886,0.4349569686830381,0.0,non-significant
0.3,avg_shortestPathLength,0.0244643192954368,30,ancova_p_value,,1.0,30.0,0.3253086154260302,0.0116446902335502,0.2753086154260302,2.7266059413720756e-268,non-significant
0.3,avg_shortestPathLength,0.0244643192954368,30,ancova_p_value,,2.0,30.0,0.167594108019346,0.0071188448941512,0.11759410801934599,3.816413984092953e-113,non-significant
0.3,avg_shortestPathLength,0.0244643192954368,30,ancova_p_value,,4.0,30.0,0.054625044962983094,0.0027817044188532,0.004625044962983091,0.045232183667195155,non-significant
0.3,avg_shortestPathLength,0.0244643192954368,30,ancova_p_value,,6.0,30.0,0.0203613903722062,0.001146952500816,-0.029638609627793803,0.0,significant
0.3,avg_shortestPathLength,0.0244643192954368,30,ancova_p_value,,8.0,30.0,0.008257335914631373,0.0004961219556924,-0.04174266408536863,0.0,significant
0.3,avg_shortestPathLength,0.0244643192954368,30,ancova_p_value,,10.0,30.0,0.0035685233088176825,0.0002240290457346,-0.04643147669118232,0.0,significant
0.3,avg_shortestPathLength,0.0244643192954368,30,ancova_p_value,,15.0,30.0,0.0005407062921313466,3.6094433588776086e-05,-0.049459293707868654,0.0,significant
0.3,avg_shortestPathLength,0.0244643192954368,50,ancova_p_value,,0.5,50.0,0.48278284379668057,0.0150697774460883,0.4327828437966806,0.0,non-significant
0.3,avg_shortestPathLength,0.0244643192954368,50,ancova_p_value,,1.0,50.0,0.32212564510024433,0.0117218859123015,0.27212564510024434,1.3298578455129664e-258,non-significant
0.3,avg_shortestPathLength,0.0244643192954368,50,ancova_p_value,,2.0,50.0,0.16349617189550622,0.0071441689739737,0.11349617189550622,7.428323827221004e-104,non-significant
0.3,avg_shortestPathLength,0.0244643192954368,50,ancova_p_value,,4.0,50.0,0.05094706873769324,0.0027289533087856,0.0009470687376932352,0.3698924618060685,non-significant
0.3,avg_shortestPathLength,0.0244643192954368,50,ancova_p_value,,6.0,50.0,0.01785224137520709,0.0010795488322586,-0.03214775862479291,0.0,significant
0.3,avg_shortestPathLength,0.0244643192954368,50,ancova_p_value,,8.0,50.0,0.006713432842279582,0.0004411874446687,-0.04328656715772042,0.0,significant
0.3,avg_shortestPathLength,0.0244643192954368,50,ancova_p_value,,10.0,50.0,0.0026605541904910716,0.0001858575020364,-0.04733944580950893,0.0,significant
0.3,avg_shortestPathLength,0.0244643192954368,50,ancova_p_value,,15.0,50.0,0.00031306556427201346,2.4140506961420437e-05,-0.04968693443572799,0.0,significant
0.3,avg_shortestPathLength,0.0244643192954368,75,ancova_p_value,,0.5,75.0,0.4816914470000123,0.0151136527387498,0.43169144700001233,0.0,non-significant
0.3,avg_shortestPathLength,0.0244643192954368,75,ancova_p_value,,1.0,75.0,0.3205260061237414,0.0117608062290408,0.2705260061237414,7.745748941866427e-254,non-significant
0.3,avg_shortestPathLength,0.0244643192954368,75,ancova_p_value,,2.0,75.0,0.16143714082856858,0.0071565884749983,0.11143714082856858,2.2001944063101388e-99,non-significant
0.3,avg_shortestPathLength,0.0244643192954368,75,ancova_p_value,,4.0,75.0,0.04912138289485513,0.0027009971891654,-0.0008786171051448702,0.36662855508852266,significant
0.3,avg_shortestPathLength,0.0244643192954368,75,ancova_p_value,,6.0,75.0,0.016639791628428848,0.0010445347284529,-0.03336020837157115,0.0,significant
0.3,avg_shortestPathLength,0.0244643192954368,75,ancova_p_value,,8.0,75.0,0.005996484169924953,0.0004134148675187,-0.04400351583007505,0.0,significant
0.3,avg_shortestPathLength,0.0244643192954368,75,ancova_p_value,,10.0,75.0,0.0022598459055359287,0.0001672763040096,-0.047740154094464075,0.0,significant
0.3,avg_shortestPathLength,0.0244643192954368,75,ancova_p_value,,15.0,75.0,0.0002280430925145892,1.9060673517934763e-05,-0.04977195690748541,0.0,significant
0.3,avg_shortestPathLength,0.0244643192954368,100,ancova_p_value,,0.5,100.0,0.48114467698573943,0.0151356599152499,0.43114467698573944,0.0,non-significant
0.3,avg_shortestPathLength,0.0244643192954368,100,ancova_p_value,,1.0,100.0,0.31972415578412333,0.0117803475558243,0.26972415578412334,1.7864935271231232e-251,non-significant
0.3,avg_shortestPathLength,0.0244643192954368,100,ancova_p_value,,2.0,100.0,0.16040513148560548,0.0071627337109256,0.11040513148560548,3.429698882627269e-97,non-significant
0.3,avg_shortestPathLength,0.0244643192954368,100,ancova_p_value,,4.0,100.0,0.04821217873113365,0.0026866051633163,-0.0017878212688663547,0.24973489057336917,significant
0.3,avg_shortestPathLength,0.0244643192954368,100,ancova_p_value,,6.0,100.0,0.016044679166962617,0.0010266946141303,-0.033955320833037386,0.0,significant
0.3,avg_shortestPathLength,0.0244643192954368,100,ancova_p_value,,8.0,100.0,0.005652215916228005,0.0003994733646906,-0.044347784083772,0.0,significant
0.3,avg_shortestPathLength,0.0244643192954368,100,ancova_p_value,,10.0,100.0,0.00207287258086666,0.0001581455147517,-0.047927127419133346,0.0,significant
0.3,avg_shortestPathLength,0.0244643192954368,100,ancova_p_value,,15.0,100.0,0.0001920508540141487,1.675508138946267e-05,-0.04980794914598585,0.0,significant
0.3,avg_shortestPathLength,0.0244643192954368,300,ancova_p_value,,0.5,300.0,0.4800490110787622,0.0151798133907541,0.4300490110787622,0.0,non-significant
0.3,avg_shortestPathLength,0.0244643192954368,300,ancova_p_value,,1.0,300.0,0.31811640443062633,0.0118195933444571,0.26811640443062634,8.680098092574898e-247,non-significant
0.3,avg_shortestPathLength,0.0244643192954368,300,ancova_p_value,,2.0,300.0,0.15833615787546532,0.0071748893301102,0.10833615787546531,6.843382189496129e-93,non-significant
0.3,avg_shortestPathLength,0.0244643192954368,300,ancova_p_value,,4.0,300.0,0.0464015209831491,0.0026569647249872,-0.0035984790168509043,0.09005798537879217,significant
0.3,avg_shortestPathLength,0.0244643192954368,300,ancova_p_value,,6.0,300.0,0.014877544674688336,0.0009903425438961,-0.03512245532531166,0.0,significant
0.3,avg_shortestPathLength,0.0244643192954368,300,ancova_p_value,,8.0,300.0,0.004992719858471545,0.0003715157999973,-0.04500728014152846,0.0,significant
0.3,avg_shortestPathLength,0.0244643192954368,300,ancova_p_value,,10.0,300.0,0.0017256705948826214,0.0001402572112836,-0.04827432940511738,0.0,significant
0.3,avg_shortestPathLength,0.0244643192954368,300,ancova_p_value,,15.0,300.0,0.00013201666015390175,1.2621814011555493e-05,-0.0498679833398461,0.0,significant
0.3,avg_shortestPathLength,0.0244643192954368,500,ancova_p_value,,0.5,500.0,0.47982953965954955,0.0151886663520912,0.42982953965954956,0.0,non-significant
0.3,avg_shortestPathLength,0.0244643192954368,500,ancova_p_value,,1.0,500.0,0.3177942072606085,0.0118274686916112,0.2677942072606085,7.405191616231466e-246,non-significant
0.3,avg_shortestPathLength,0.0244643192954368,500,ancova_p_value,,2.0,500.0,0.15792157401181234,0.0071772982246686,0.10792157401181234,4.8042652041401826e-92,non-significant
0.3,avg_shortestPathLength,0.0244643192954368,500,ancova_p_value,,4.0,500.0,0.046040682769031456,0.0026508964115723,-0.003959317230968547,0.07040734811340665,significant
0.3,avg_shortestPathLength,0.0244643192954368,500,ancova_p_value,,6.0,500.0,0.01464790875937049,0.0009829641265795,-0.03535209124062951,0.0,significant
0.3,avg_shortestPathLength,0.0244643192954368,500,ancova_p_value,,8.0,500.0,0.004865533464805003,0.0003659166823983,-0.045134466535195,0.0,significant
0.3,avg_shortestPathLength,0.0244643192954368,500,ancova_p_value,,10.0,500.0,0.0016604995248597615,0.0001367454939459,-0.04833950047514024,0.0,significant
0.3,avg_shortestPathLength,0.0244643192954368,500,ancova_p_value,,15.0,500.0,0.0001217965039979378,1.1872201582159166e-05,-0.04987820349600206,0.0,significant
0.3,avg_shortestPathLength,0.0244643192954368,1000,ancova_p_value,,0.5,1000.0,0.4796648624377731,0.0151953109449676,0.42966486243777313,0.0,non-significant
0.3,avg_shortestPathLength,0.0244643192954368,1000,ancova_p_value,,1.0,1000.0,0.31755241808467255,0.0118333809462782,0.26755241808467256,3.684844005883863e-245,non-significant
0.3,avg_shortestPathLength,0.0244643192954368,1000,ancova_p_value,,2.0,1000.0,0.1576104641334238,0.0071790999171576,0.1076104641334238,2.0578649273008106e-91,non-significant
0.3,avg_shortestPathLength,0.0244643192954368,1000,ancova_p_value,,4.0,1000.0,0.04577034649325166,0.002646313932246,-0.0042296535067483446,0.057987523356260784,significant
0.3,avg_shortestPathLength,0.0244643192954368,1000,ancova_p_value,,6.0,1000.0,0.014476528145859816,0.0009774066147491,-0.03552347185414019,0.0,significant
0.3,avg_shortestPathLength,0.0244643192954368,1000,ancova_p_value,,8.0,1000.0,0.00477118583723039,0.0003617164862109,-0.04522881416276961,0.0,significant
0.3,avg_shortestPathLength,0.0244643192954368,1000,ancova_p_value,,10.0,1000.0,0.0016125523948250528,0.0001341272579011,-0.04838744760517495,0.0,significant
0.3,avg_shortestPathLength,0.0244643192954368,1000,ancova_p_value,,15.0,1000.0,0.00011449967420285442,1.1326884666624716e-05,-0.049885500325797145,0.0,significant
0.4,avg_shortestPathLength,0.0309119068207723,30,ancova_p_value,,0.5,30.0,0.4849569686830381,0.0189312523253467,0.4349569686830381,3.327266492554704e-240,non-significant
0.4,avg_shortestPathLength,0.0309119068207723,30,ancova_p_value,,1.0,30.0,0.3253086154260302,0.014713656043698,0.2753086154260302,8.174302027715086e-169,non-significant
0.4,avg_shortestPathLength,0.0309119068207723,30,ancova_p_value,,2.0,30.0,0.167594108019346,0.0089950211727566,0.11759410801934599,1.2561811326524016e-71,non-significant
0.4,avg_shortestPathLength,0.0309119068207723,30,ancova_p_value,,4.0,30.0,0.054625044962983094,0.0035148244576157,0.004625044962983091,0.09140677404723073,non-significant
0.4,avg_shortestPathLength,0.0309119068207723,30,ancova_p_value,,6.0,30.0,0.0203613903722062,0.0014492325907342,-0.029638609627793803,0.0,significant
0.4,avg_shortestPathLength,0.0309119068207723,30,ancova_p_value,,8.0,30.0,0.008257335914631373,0.000626875225135,-0.04174266408536863,0.0,significant
0.4,avg_shortestPathLength,0.0309119068207723,30,ancova_p_value,,10.0,30.0,0.0035685233088176825,0.0002830720488587,-0.04643147669118232,0.0,significant
0.4,avg_shortestPathLength,0.0309119068207723,30,ancova_p_value,,15.0,30.0,0.0005407062921313466,4.5607145425579645e-05,-0.049459293707868654,0.0,significant
0.4,avg_shortestPathLength,0.0309119068207723,50,ancova_p_value,,0.5,50.0,0.48278284379668057,0.0190414272556583,0.4327828437966806,1.6208203531662878e-235,non-significant
0.4,avg_shortestPathLength,0.0309119068207723,50,ancova_p_value,,1.0,50.0,0.32212564510024433,0.0148111966946235,0.27212564510024434,9.603356152009186e-163,non-significant
0.4,avg_shortestPathLength,0.0309119068207723,50,ancova_p_value,,2.0,50.0,0.16349617189550622,0.0090270194305599,0.11349617189550622,8.370040216454294e-66,non-significant
0.4,avg_shortestPathLength,0.0309119068207723,50,ancova_p_value,,4.0,50.0,0.05094706873769324,0.0034481707576125,0.0009470687376932352,0.39941963869615044,non-significant
0.4,avg_shortestPathLength,0.0309119068207723,50,ancova_p_value,,6.0,50.0,0.01785224137520709,0.0013640646407634,-0.03214775862479291,0.0,significant
0.4,avg_shortestPathLength,0.0309119068207723,50,ancova_p_value,,8.0,50.0,0.006713432842279582,0.0005574626874101,-0.04328656715772042,0.0,significant
0.4,avg_shortestPathLength,0.0309119068207723,50,ancova_p_value,,10.0,50.0,0.0026605541904910716,0.0002348403695812,-0.04733944580950893,0.0,significant
0.4,avg_shortestPathLength,0.0309119068207723,50,ancova_p_value,,15.0,50.0,0.00031306556427201346,3.05027535320316e-05,-0.04968693443572799,0.0,significant
0.4,avg_shortestPathLength,0.0309119068207723,75,ancova_p_value,,0.5,75.0,0.4816914470000123,0.0190968659107097,0.43169144700001233,3.4051954933215472e-233,non-significant
0.4,avg_shortestPathLength,0.0309119068207723,75,ancova_p_value,,1.0,75.0,0.3205260061237414,0.0148603744865723,0.2705260061237414,9.290670360709536e-160,non-significant
0.4,avg_shortestPathLength,0.0309119068207723,75,ancova_p_value,,2.0,75.0,0.16143714082856858,0.0090427120992908,0.11143714082856858,5.324352301208242e-63,non-significant
0.4,avg_shortestPathLength,0.0309119068207723,75,ancova_p_value,,4.0,75.0,0.04912138289485513,0.0034128467841826,-0.0008786171051448702,0.3905469956219204,significant
0.4,avg_shortestPathLength,0.0309119068207723,75,ancova_p_value,,6.0,75.0,0.016639791628428848,0.0013198225467496,-0.03336020837157115,0.0,significant
0.4,avg_shortestPathLength,0.0309119068207723,75,ancova_p_value,,8.0,75.0,0.005996484169924953,0.0005223706291899,-0.04400351583007505,0.0,significant
0.4,avg_shortestPathLength,0.0309119068207723,75,ancova_p_value,,10.0,75.0,0.0022598459055359287,0.0002113620845291,-0.047740154094464075,0.0,significant
0.4,avg_shortestPathLength,0.0309119068207723,75,ancova_p_value,,15.0,75.0,0.0002280430925145892,2.408412662589236e-05,-0.04977195690748541,0.0,significant
0.4,avg_shortestPathLength,0.0309119068207723,100,ancova_p_value,,0.5,100.0,0.48114467698573943,0.0191246730931268,0.43114467698573944,4.8750242555745926e-232,non-significant
0.4,avg_shortestPathLength,0.0309119068207723,100,ancova_p_value,,1.0,100.0,0.31972415578412333,0.0148850659429498,0.26972415578412334,2.8088553643408842e-158,non-significant
0.4,avg_shortestPathLength,0.0309119068207723,100,ancova_p_value,,2.0,100.0,0.16040513148560548,0.0090504769162098,0.11040513148560548,1.2622137779672914e-61,non-significant
0.4,avg_shortestPathLength,0.0309119068207723,100,ancova_p_value,,4.0,100.0,0.04821217873113365,0.0033946617304054,-0.0017878212688663547,0.2936565175815944,significant
0.4,avg_shortestPathLength,0.0309119068207723,100,ancova_p_value,,6.0,100.0,0.016044679166962617,0.001297280658502,-0.033955320833037386,0.0,significant
0.4,avg_shortestPathLength,0.0309119068207723,100,ancova_p_value,,8.0,100.0,0.005652215916228005,0.0005047548340738,-0.044347784083772,0.0,significant
0.4,avg_shortestPathLength,0.0309119068207723,100,ancova_p_value,,10.0,100.0,0.00207287258086666,0.0001998248697252,-0.047927127419133346,0.0,significant
0.4,avg_shortestPathLength,0.0309119068207723,100,ancova_p_value,,15.0,100.0,0.0001920508540141487,2.1170894167577887e-05,-0.04980794914598585,0.0,significant
0.4,avg_shortestPathLength,0.0309119068207723,300,ancova_p_value,,0.5,300.0,0.4800490110787622,0.0191804632462931,0.4300490110787622,9.747396670262635e-230,non-significant
0.4,avg_shortestPathLength,0.0309119068207723,300,ancova_p_value,,1.0,300.0,0.31811640443062633,0.0149346549851248,0.26811640443062634,2.4257893133676023e-155,non-significant
0.4,avg_shortestPathLength,0.0309119068207723,300,ancova_p_value,,2.0,300.0,0.15833615787546532,0.0090658361568674,0.10833615787546531,6.270663432947271e-59,non-significant
0.4,avg_shortestPathLength,0.0309119068207723,300,ancova_p_value,,4.0,300.0,0.0464015209831491,0.0033572095349574,-0.0035984790168509043,0.1424742121183733,significant
0.4,avg_shortestPathLength,0.0309119068207723,300,ancova_p_value,,6.0,300.0,0.014877544674688336,0.0012513479761226,-0.03512245532531166,0.0,significant
0.4,avg_shortestPathLength,0.0309119068207723,300,ancova_p_value,,8.0,300.0,0.004992719858471545,0.0004694290347209,-0.04500728014152846,0.0,significant
0.4,avg_shortestPathLength,0.0309119068207723,300,ancova_p_value,,10.0,300.0,0.0017256705948826214,0.000177222092051,-0.04827432940511738,0.0,significant
0.4,avg_shortestPathLength,0.0309119068207723,300,ancova_p_value,,15.0,300.0,0.00013201666015390175,1.5948301439439477e-05,-0.0498679833398461,0.0,significant
0.4,avg_shortestPathLength,0.0309119068207723,500,ancova_p_value,,0.5,500.0,0.47982953965954955,0.0191916494114438,0.42982953965954956,2.8012231622158224e-229,non-significant
0.4,avg_shortestPathLength,0.0309119068207723,500,ancova_p_value,,1.0,500.0,0.3177942072606085,0.0149446058852282,0.2677942072606085,9.293460618502589e-155,non-significant
0.4,avg_shortestPathLength,0.0309119068207723,500,ancova_p_value,,2.0,500.0,0.15792157401181234,0.0090688799171794,0.10792157401181234,2.1281871983025892e-58,non-significant
0.4,avg_shortestPathLength,0.0309119068207723,500,ancova_p_value,,4.0,500.0,0.046040682769031456,0.0033495419135298,-0.003959317230968547,0.12018474702805126,significant
0.4,avg_shortestPathLength,0.0309119068207723,500,ancova_p_value,,6.0,500.0,0.01464790875937049,0.0012420249720439,-0.03535209124062951,0.0,significant
0.4,avg_shortestPathLength,0.0309119068207723,500,ancova_p_value,,8.0,500.0,0.004865533464805003,0.0004623542659768,-0.045134466535195,0.0,significant
0.4,avg_shortestPathLength,0.0309119068207723,500,ancova_p_value,,10.0,500.0,0.0016604995248597615,0.0001727848592871,-0.04833950047514024,0.0,significant
0.4,avg_shortestPathLength,0.0309119068207723,500,ancova_p_value,,15.0,500.0,0.0001217965039979378,1.5001128158656057e-05,-0.04987820349600206,0.0,significant
0.4,avg_shortestPathLength,0.0309119068207723,1000,ancova_p_value,,0.5,1000.0,0.4796648624377731,0.019200045191166,0.42966486243777313,6.177527457590706e-229,non-significant
0.4,avg_shortestPathLength,0.0309119068207723,1000,ancova_p_value,,1.0,1000.0,0.31755241808467255,0.0149520763185217,0.26755241808467256,2.5398566328698677e-154,non-significant
0.4,avg_shortestPathLength,0.0309119068207723,1000,ancova_p_value,,2.0,1000.0,0.1576104641334238,0.0090711564469151,0.1076104641334238,5.2986963914360546e-58,non-significant
0.4,avg_shortestPathLength,0.0309119068207723,1000,ancova_p_value,,4.0,1000.0,0.04577034649325166,0.0033437517187474,-0.0042296535067483446,0.10518548692289498,significant
0.4,avg_shortestPathLength,0.0309119068207723,1000,ancova_p_value,,6.0,1000.0,0.014476528145859816,0.0012350027742961,-0.03552347185414019,0.0,significant
0.4,avg_shortestPathLength,0.0309119068207723,1000,ancova_p_value,,8.0,1000.0,0.00477118583723039,0.0004570471053071,-0.04522881416276961,0.0,significant
0.4,avg_shortestPathLength,0.0309119068207723,1000,ancova_p_value,,10.0,1000.0,0.0016125523948250528,0.0001694765854016,-0.04838744760517495,0.0,significant
0.4,avg_shortestPathLength,0.0309119068207723,1000,ancova_p_value,,15.0,1000.0,0.00011449967420285442,1.431209260948645e-05,-0.049885500325797145,0.0,significant
0.5,avg_shortestPathLength,0.0330051703414683,30,ancova_p_value,,0.5,30.0,0.4849569686830381,0.0202132211189091,0.4349569686830381,6.158709686733663e-211,non-significant
0.5,avg_shortestPathLength,0.0330051703414683,30,ancova_p_value,,1.0,30.0,0.3253086154260302,0.015710021607004,0.2753086154260302,2.5157255465510933e-148,non-significant
0.5,avg_shortestPathLength,0.0330051703414683,30,ancova_p_value,,2.0,30.0,0.167594108019346,0.0096041375821063,0.11759410801934599,4.511333667810119e-63,non-significant
0.5,avg_shortestPathLength,0.0330051703414683,30,ancova_p_value,,4.0,30.0,0.054625044962983094,0.0037528380444655,0.004625044962983091,0.10657450152700278,non-significant
0.5,avg_shortestPathLength,0.0330051703414683,30,ancova_p_value,,6.0,30.0,0.0203613903722062,0.0015473703644011,-0.029638609627793803,0.0,significant
0.5,avg_shortestPathLength,0.0330051703414683,30,ancova_p_value,,8.0,30.0,0.008257335914631373,0.0006693253738241,-0.04174266408536863,0.0,significant
0.5,avg_shortestPathLength,0.0330051703414683,30,ancova_p_value,,10.0,30.0,0.0035685233088176825,0.0003022408564331,-0.04643147669118232,0.0,significant
0.5,avg_shortestPathLength,0.0330051703414683,30,ancova_p_value,,15.0,30.0,0.0005407062921313466,4.869552733472446e-05,-0.049459293707868654,0.0,significant
0.5,avg_shortestPathLength,0.0330051703414683,50,ancova_p_value,,0.5,50.0,0.48278284379668057,0.020330856771843,0.4327828437966806,7.973193579709872e-207,non-significant
0.5,avg_shortestPathLength,0.0330051703414683,50,ancova_p_value,,1.0,50.0,0.32212564510024433,0.0158141674242672,0.27212564510024434,5.317450212615488e-143,non-significant
0.5,avg_shortestPathLength,0.0330051703414683,50,ancova_p_value,,2.0,50.0,0.16349617189550622,0.0096383026679274,0.11349617189550622,5.813951654236069e-58,non-significant
0.5,avg_shortestPathLength,0.0330051703414683,50,ancova_p_value,,4.0,50.0,0.05094706873769324,0.0036816707517051,0.0009470687376932352,0.4067650885182662,non-significant
0.5,avg_shortestPathLength,0.0330051703414683,50,ancova_p_value,,6.0,50.0,0.01785224137520709,0.0014564350910542,-0.03214775862479291,0.0,significant
0.5,avg_shortestPathLength,0.0330051703414683,50,ancova_p_value,,8.0,50.0,0.006713432842279582,0.000595212422956,-0.04328656715772042,0.0,significant
0.5,avg_shortestPathLength,0.0330051703414683,50,ancova_p_value,,10.0,50.0,0.0026605541904910716,0.000250743069524,-0.04733944580950893,0.0,significant
0.5,avg_shortestPathLength,0.0330051703414683,50,ancova_p_value,,15.0,50.0,0.00031306556427201346,3.25683103939744e-05,-0.04968693443572799,0.0,significant
0.5,avg_shortestPathLength,0.0330051703414683,75,ancova_p_value,,0.5,75.0,0.4816914470000123,0.0203900495697536,0.43169144700001233,8.687975598990952e-205,non-significant
0.5,avg_shortestPathLength,0.0330051703414683,75,ancova_p_value,,1.0,75.0,0.3205260061237414,0.0158666753918183,0.2705260061237414,2.212732732775795e-140,non-significant
0.5,avg_shortestPathLength,0.0330051703414683,75,ancova_p_value,,2.0,75.0,0.16143714082856858,0.0096550579980848,0.11143714082856858,1.6772073415736167e-55,non-significant
0.5,avg_shortestPathLength,0.0330051703414683,75,ancova_p_value,,4.0,75.0,0.04912138289485513,0.003643954742565,-0.0008786171051448702,0.39622113690473226,significant
0.5,avg_shortestPathLength,0.0330051703414683,75,ancova_p_value,,6.0,75.0,0.016639791628428848,0.0014091970524027,-0.03336020837157115,0.0,significant
0.5,avg_shortestPathLength,0.0330051703414683,75,ancova_p_value,,8.0,75.0,0.005996484169924953,0.0005577440336423,-0.04400351583007505,0.0,significant
0.5,avg_shortestPathLength,0.0330051703414683,75,ancova_p_value,,10.0,75.0,0.0022598459055359287,0.0002256749039798,-0.047740154094464075,0.0,significant
0.5,avg_shortestPathLength,0.0330051703414683,75,ancova_p_value,,15.0,75.0,0.0002280430925145892,2.5715032929605915e-05,-0.04977195690748541,0.0,significant
0.5,avg_shortestPathLength,0.0330051703414683,100,ancova_p_value,,0.5,100.0,0.48114467698573943,0.0204197397728755,0.43114467698573944,8.971241787842056e-204,non-significant
0.5,avg_shortestPathLength,0.0330051703414683,100,ancova_p_value,,1.0,100.0,0.31972415578412333,0.0158930388810861,0.26972415578412334,4.4027865303885676e-139,non-significant
0.5,avg_shortestPathLength,0.0330051703414683,100,ancova_p_value,,2.0,100.0,0.16040513148560548,0.0096633486255951,0.11040513148560548,2.698067745474755e-54,non-significant
0.5,avg_shortestPathLength,0.0330051703414683,100,ancova_p_value,,4.0,100.0,0.04821217873113365,0.0036245382503678,-0.0017878212688663547,0.3046003327270599,significant
0.5,avg_shortestPathLength,0.0330051703414683,100,ancova_p_value,,6.0,100.0,0.016044679166962617,0.0013851286937038,-0.033955320833037386,0.0,significant
0.5,avg_shortestPathLength,0.0330051703414683,100,ancova_p_value,,8.0,100.0,0.005652215916228005,0.0005389353486305,-0.044347784083772,0.0,significant
0.5,avg_shortestPathLength,0.0330051703414683,100,ancova_p_value,,10.0,100.0,0.00207287258086666,0.0002133564228821,-0.047927127419133346,0.0,significant
0.5,avg_shortestPathLength,0.0330051703414683,100,ancova_p_value,,15.0,100.0,0.0001920508540141487,2.2604524927351223e-05,-0.04980794914598585,0.0,significant
0.5,avg_shortestPathLength,0.0330051703414683,300,ancova_p_value,,0.5,300.0,0.4800490110787622,0.0204793078713207,0.4300490110787622,9.360190866759372e-202,non-significant
0.5,avg_shortestPathLength,0.0330051703414683,300,ancova_p_value,,1.0,300.0,0.31811640443062633,0.0159459859475206,0.26811640443062634,1.6584903875722486e-136,non-significant
0.5,avg_shortestPathLength,0.0330051703414683,300,ancova_p_value,,2.0,300.0,0.15833615787546532,0.0096797479489095,0.10833615787546531,6.266517876309642e-52,non-significant
0.5,avg_shortestPathLength,0.0330051703414683,300,ancova_p_value,,4.0,300.0,0.0464015209831491,0.0035845499022665,-0.0035984790168509043,0.15758813433783714,significant
0.5,avg_shortestPathLength,0.0330051703414683,300,ancova_p_value,,6.0,300.0,0.014877544674688336,0.0013360855850091,-0.03512245532531166,0.0,significant
0.5,avg_shortestPathLength,0.0330051703414683,300,ancova_p_value,,8.0,300.0,0.004992719858471545,0.0005012173899212,-0.04500728014152846,0.0,significant
0.5,avg_shortestPathLength,0.0330051703414683,300,ancova_p_value,,10.0,300.0,0.0017256705948826214,0.0001892230515034,-0.04827432940511738,0.0,significant
0.5,avg_shortestPathLength,0.0330051703414683,300,ancova_p_value,,15.0,300.0,0.00013201666015390175,1.7028273561955342e-05,-0.0498679833398461,0.0,significant
0.5,avg_shortestPathLength,0.0330051703414683,500,ancova_p_value,,0.5,500.0,0.47982953965954955,0.0204912515307142,0.42982953965954956,2.3629774429124685e-201,non-significant
0.5,avg_shortestPathLength,0.0330051703414683,500,ancova_p_value,,1.0,500.0,0.3177942072606085,0.0159566106933465,0.2677942072606085,5.388328105282119e-136,non-significant
0.5,avg_shortestPathLength,0.0330051703414683,500,ancova_p_value,,2.0,500.0,0.15792157401181234,0.0096829978237282,0.10792157401181234,1.8311866405062988e-51,non-significant
0.5,avg_shortestPathLength,0.0330051703414683,500,ancova_p_value,,4.0,500.0,0.046040682769031456,0.0035763630520409,-0.003959317230968547,0.1351044998931985,significant
0.5,avg_shortestPathLength,0.0330051703414683,500,ancova_p_value,,6.0,500.0,0.01464790875937049,0.0013261312544822,-0.03535209124062951,0.0,significant
0.5,avg_shortestPathLength,0.0330051703414683,500,ancova_p_value,,8.0,500.0,0.004865533464805003,0.0004936635386211,-0.045134466535195,0.0,significant
0.5,avg_shortestPathLength,0.0330051703414683,500,ancova_p_value,,10.0,500.0,0.0016604995248597615,0.0001844853423719,-0.04833950047514024,0.0,significant
0.5,avg_shortestPathLength,0.0330051703414683,500,ancova_p_value,,15.0,500.0,0.0001217965039979378,1.6016960489086707e-05,-0.04987820349600206,0.0,significant
0.5,avg_shortestPathLength,0.0330051703414683,1000,ancova_p_value,,0.5,1000.0,0.4796648624377731,0.020500215847975,0.42966486243777313,4.728896036503622e-201,non-significant
0.5,avg_shortestPathLength,0.0330051703414683,1000,ancova_p_value,,1.0,1000.0,0.31755241808467255,0.0159645870024369,0.26755241808467256,1.3016798901299272e-135,non-significant
0.5,avg_shortestPathLength,0.0330051703414683,1000,ancova_p_value,,2.0,1000.0,0.1576104641334238,0.0096854285133699,0.1076104641334238,4.0773566839634714e-51,non-significant
0.5,avg_shortestPathLength,0.0330051703414683,1000,ancova_p_value,,4.0,1000.0,0.04577034649325166,0.0035701807622775,-0.0042296535067483446,0.11977823965795409,significant
0.5,avg_shortestPathLength,0.0330051703414683,1000,ancova_p_value,,6.0,1000.0,0.014476528145859816,0.0013186335341318,-0.03552347185414019,0.0,significant
0.5,avg_shortestPathLength,0.0330051703414683,1000,ancova_p_value,,8.0,1000.0,0.00477118583723039,0.0004879969926216,-0.04522881416276961,0.0,significant
0.5,avg_shortestPathLength,0.0330051703414683,1000,ancova_p_value,,10.0,1000.0,0.0016125523948250528,0.0001809530418975,-0.04838744760517495,0.0,significant
0.5,avg_shortestPathLength,0.0330051703414683,1000,ancova_p_value,,15.0,1000.0,0.00011449967420285442,1.528126547669142e-05,-0.049885500325797145,0.0,significant
0.05,betweeness,0.0626583545841557,30,ancova_p_value,,0.5,30.0,0.4849569686830381,0.0383735991377468,0.4349569686830381,8.873285225363067e-60,non-significant
0.05,betweeness,0.0626583545841557,30,ancova_p_value,,1.0,30.0,0.3253086154260302,0.0298245424638706,0.2753086154260302,1.803313387787975e-42,non-significant
0.05,betweeness,0.0626583545841557,30,ancova_p_value,,2.0,30.0,0.167594108019346,0.0182328844804823,0.11759410801934599,8.535515755714149e-19,non-significant
0.05,betweeness,0.0626583545841557,30,ancova_p_value,,4.0,30.0,0.054625044962983094,0.0071245400176465,0.004625044962983091,0.26579353394166366,non-significant
0.05,betweeness,0.0626583545841557,30,ancova_p_value,,6.0,30.0,0.0203613903722062,0.0029375906854158,-0.029638609627793803,5.5289106626332796e-14,significant
0.05,betweeness,0.0626583545841557,30,ancova_p_value,,8.0,30.0,0.008257335914631373,0.0012706744480137,-0.04174266408536863,0.0,significant
0.05,betweeness,0.0626583545841557,30,ancova_p_value,,10.0,30.0,0.0035685233088176825,0.0005737863054872,-0.04643147669118232,0.0,significant
0.05,betweeness,0.0626583545841557,30,ancova_p_value,,15.0,30.0,0.0005407062921313466,9.244556494738193e-05,-0.049459293707868654,0.0,significant
0.05,betweeness,0.0626583545841557,50,ancova_p_value,,0.5,50.0,0.48278284379668057,0.0385969234344255,0.4327828437966806,1.2316201579374087e-58,non-significant
0.05,betweeness,0.0626583545841557,50,ancova_p_value,,1.0,50.0,0.32212564510024433,0.0300222571091526,0.27212564510024434,5.458260256258204e-41,non-significant
0.05,betweeness,0.0626583545841557,50,ancova_p_value,,2.0,50.0,0.16349617189550622,0.0182977448656774,0.11349617189550622,2.2873181637228796e-17,non-significant
0.05,betweeness,0.0626583545841557,50,ancova_p_value,,4.0,50.0,0.05094706873769324,0.0069894331414073,0.0009470687376932352,0.46302501681432884,non-significant
0.05,betweeness,0.0626583545841557,50,ancova_p_value,,6.0,50.0,0.01785224137520709,0.0027649554727316,-0.03214775862479291,2.220446049250313e-16,significant
0.05,betweeness,0.0626583545841557,50,ancova_p_value,,8.0,50.0,0.006713432842279582,0.0011299754149009,-0.04328656715772042,0.0,significant
0.05,betweeness,0.0626583545841557,50,ancova_p_value,,10.0,50.0,0.0026605541904910716,0.0004760208172601,-0.04733944580950893,0.0,significant
0.05,betweeness,0.0626583545841557,50,ancova_p_value,,15.0,50.0,0.00031306556427201346,6.182900193393482e-05,-0.04968693443572799,0.0,significant
0.05,betweeness,0.0626583545841557,75,ancova_p_value,,0.5,75.0,0.4816914470000123,0.0387092974437683,0.43169144700001233,4.533848022445589e-58,non-significant
0.05,betweeness,0.0626583545841557,75,ancova_p_value,,1.0,75.0,0.3205260061237414,0.0301219403652992,0.2705260061237414,2.9211980497261294e-40,non-significant
0.05,betweeness,0.0626583545841557,75,ancova_p_value,,2.0,75.0,0.16143714082856858,0.0183295538643076,0.11143714082856858,1.1147731554591083e-16,non-significant
0.05,betweeness,0.0626583545841557,75,ancova_p_value,,4.0,75.0,0.04912138289485513,0.0069178315393023,-0.0008786171051448702,0.4322279723316296,significant
0.05,betweeness,0.0626583545841557,75,ancova_p_value,,6.0,75.0,0.016639791628428848,0.0026752768634392,-0.03336020837157115,0.0,significant
0.05,betweeness,0.0626583545841557,75,ancova_p_value,,8.0,75.0,0.005996484169924953,0.0010588439043216,-0.04400351583007505,0.0,significant
0.05,betweeness,0.0626583545841557,75,ancova_p_value,,10.0,75.0,0.0022598459055359287,0.0004284303946326,-0.047740154094464075,0.0,significant
0.05,betweeness,0.0626583545841557,75,ancova_p_value,,15.0,75.0,0.0002280430925145892,4.8818461919042695e-05,-0.04977195690748541,0.0,significant
0.05,betweeness,0.0626583545841557,100,ancova_p_value,,0.5,100.0,0.48114467698573943,0.0387656625300756,0.43114467698573944,8.672752800482987e-58,non-significant
0.05,betweeness,0.0626583545841557,100,ancova_p_value,,1.0,100.0,0.31972415578412333,0.0301719898830423,0.26972415578412334,6.7115210084380425e-40,non-significant
0.05,betweeness,0.0626583545841557,100,ancova_p_value,,2.0,100.0,0.16040513148560548,0.018345293127971,0.11040513148560548,2.4244466818638644e-16,non-significant
0.05,betweeness,0.0626583545841557,100,ancova_p_value,,4.0,100.0,0.04821217873113365,0.0068809704826774,-0.0017878212688663547,0.38143187127304645,significant
0.05,betweeness,0.0626583545841557,100,ancova_p_value,,6.0,100.0,0.016044679166962617,0.0026295845146946,-0.033955320833037386,0.0,significant
0.05,betweeness,0.0626583545841557,100,ancova_p_value,,8.0,100.0,0.005652215916228005,0.0010231367335196,-0.044347784083772,0.0,significant
0.05,betweeness,0.0626583545841557,100,ancova_p_value,,10.0,100.0,0.00207287258086666,0.0004050444902857,-0.047927127419133346,0.0,significant
0.05,betweeness,0.0626583545841557,100,ancova_p_value,,15.0,100.0,0.0001920508540141487,4.2913347316520766e-05,-0.04980794914598585,0.0,significant
0.05,betweeness,0.0626583545841557,300,ancova_p_value,,0.5,300.0,0.4800490110787622,0.0388787490251814,0.4300490110787622,3.1544381086196546e-57,non-significant
0.05,betweeness,0.0626583545841557,300,ancova_p_value,,1.0,300.0,0.31811640443062633,0.0302725067423258,0.26811640443062634,3.4942876301592736e-39,non-significant
0.05,betweeness,0.0626583545841557,300,ancova_p_value,,2.0,300.0,0.15833615787546532,0.0183764262687652,0.10833615787546531,1.1130684456955827e-15,non-significant
0.05,betweeness,0.0626583545841557,300,ancova_p_value,,4.0,300.0,0.0464015209831491,0.0068050549800866,-0.0035984790168509043,0.28697855213540424,significant
0.05,betweeness,0.0626583545841557,300,ancova_p_value,,6.0,300.0,0.014877544674688336,0.0025364790871901,-0.03512245532531166,0.0,significant
0.05,betweeness,0.0626583545841557,300,ancova_p_value,,8.0,300.0,0.004992719858471545,0.0009515314302732,-0.04500728014152846,0.0,significant
0.05,betweeness,0.0626583545841557,300,ancova_p_value,,10.0,300.0,0.0017256705948826214,0.0003592287188319,-0.04827432940511738,0.0,significant
0.05,betweeness,0.0626583545841557,300,ancova_p_value,,15.0,300.0,0.00013201666015390175,3.2327165464146966e-05,-0.0498679833398461,0.0,significant
0.05,betweeness,0.0626583545841557,500,ancova_p_value,,0.5,500.0,0.47982953965954955,0.0389014233527962,0.42982953965954956,4.0799619895330683e-57,non-significant
0.05,betweeness,0.0626583545841557,500,ancova_p_value,,1.0,500.0,0.3177942072606085,0.0302926771909083,0.2677942072606085,4.849640994684769e-39,non-significant
0.05,betweeness,0.0626583545841557,500,ancova_p_value,,2.0,500.0,0.15792157401181234,0.0183825959629869,0.10792157401181234,1.50258844529094e-15,non-significant
0.05,betweeness,0.0626583545841557,500,ancova_p_value,,4.0,500.0,0.046040682769031456,0.0067895127314311,-0.003959317230968547,0.2695788487023145,significant
0.05,betweeness,0.0626583545841557,500,ancova_p_value,,6.0,500.0,0.01464790875937049,0.0025175813822138,-0.03535209124062951,0.0,significant
0.05,betweeness,0.0626583545841557,500,ancova_p_value,,8.0,500.0,0.004865533464805003,0.0009371908924623,-0.045134466535195,0.0,significant
0.05,betweeness,0.0626583545841557,500,ancova_p_value,,10.0,500.0,0.0016604995248597615,0.0003502344595809,-0.04833950047514024,0.0,significant
0.05,betweeness,0.0626583545841557,500,ancova_p_value,,15.0,500.0,0.0001217965039979378,3.040724769187662e-05,-0.04987820349600206,0.0,significant
0.05,betweeness,0.0626583545841557,1000,ancova_p_value,,0.5,1000.0,0.4796648624377731,0.0389184415764176,0.42966486243777313,4.947262747568375e-57,non-significant
0.05,betweeness,0.0626583545841557,1000,ancova_p_value,,1.0,1000.0,0.31755241808467255,0.0303078197397298,0.26755241808467256,6.198172233406843e-39,non-significant
0.05,betweeness,0.0626583545841557,1000,ancova_p_value,,2.0,1000.0,0.1576104641334238,0.0183872104828296,0.1076104641334238,1.879873048896894e-15,non-significant
0.05,betweeness,0.0626583545841557,1000,ancova_p_value,,4.0,1000.0,0.04577034649325166,0.0067777760216935,-0.0042296535067483446,0.25690308485603675,significant
0.05,betweeness,0.0626583545841557,1000,ancova_p_value,,6.0,1000.0,0.014476528145859816,0.0025033474056755,-0.03552347185414019,0.0,significant
0.05,betweeness,0.0626583545841557,1000,ancova_p_value,,8.0,1000.0,0.00477118583723039,0.0009264332916128,-0.04522881416276961,0.0,significant
0.05,betweeness,0.0626583545841557,1000,ancova_p_value,,10.0,1000.0,0.0016125523948250528,0.0003435285970347,-0.04838744760517495,0.0,significant
0.05,betweeness,0.0626583545841557,1000,ancova_p_value,,15.0,1000.0,0.00011449967420285442,2.9010574429004805e-05,-0.049885500325797145,0.0,significant
0.1,betweeness,0.0692786045549923,30,ancova_p_value,,0.5,30.0,0.4849569686830381,0.0424280116779191,0.4349569686830381,3.436271491476048e-49,non-significant
0.1,betweeness,0.0692786045549923,30,ancova_p_value,,1.0,30.0,0.3253086154260302,0.0329756932990153,0.2753086154260302,4.7632384938568207e-35,non-significant
0.1,betweeness,0.0692786045549923,30,ancova_p_value,,2.0,30.0,0.167594108019346,0.0201593036108804,0.11759410801934599,1.1198437739573864e-15,non-significant
0.1,betweeness,0.0692786045549923,30,ancova_p_value,,4.0,30.0,0.054625044962983094,0.0078772925620929,0.004625044962983091,0.288630905661114,non-significant
0.1,betweeness,0.0692786045549923,30,ancova_p_value,,6.0,30.0,0.0203613903722062,0.0032479656510293,-0.029638609627793803,8.711920074233603e-12,significant
0.1,betweeness,0.0692786045549923,30,ancova_p_value,,8.0,30.0,0.008257335914631373,0.0014049292099402,-0.04174266408536863,0.0,significant
0.1,betweeness,0.0692786045549923,30,ancova_p_value,,10.0,30.0,0.0035685233088176825,0.0006344104440778,-0.04643147669118232,0.0,significant
0.1,betweeness,0.0692786045549923,30,ancova_p_value,,15.0,30.0,0.0005407062921313466,0.0001022130213817,-0.049459293707868654,0.0,significant
0.1,betweeness,0.0692786045549923,50,ancova_p_value,,0.5,50.0,0.48278284379668057,0.0426749315937038,0.4327828437966806,2.9575727483534904e-48,non-significant
0.1,betweeness,0.0692786045549923,50,ancova_p_value,,1.0,50.0,0.32212564510024433,0.0331942977423673,0.27212564510024434,7.766645021946819e-34,non-significant
0.1,betweeness,0.0692786045549923,50,ancova_p_value,,2.0,50.0,0.16349617189550622,0.0202310169044553,0.11349617189550622,1.659106585958937e-14,non-significant
0.1,betweeness,0.0692786045549923,50,ancova_p_value,,4.0,50.0,0.05094706873769324,0.0077279107930734,0.0009470687376932352,0.47003394611531013,non-significant
0.1,betweeness,0.0692786045549923,50,ancova_p_value,,6.0,50.0,0.01785224137520709,0.003057090440354,-0.03214775862479291,8.37108160567368e-14,significant
0.1,betweeness,0.0692786045549923,50,ancova_p_value,,8.0,50.0,0.006713432842279582,0.0012493644374373,-0.04328656715772042,0.0,significant
0.1,betweeness,0.0692786045549923,50,ancova_p_value,,10.0,50.0,0.0026605541904910716,0.0005263154160012,-0.04733944580950893,0.0,significant
0.1,betweeness,0.0692786045549923,50,ancova_p_value,,15.0,50.0,0.00031306556427201346,6.836162557154136e-05,-0.04968693443572799,0.0,significant
0.1,betweeness,0.0692786045549923,75,ancova_p_value,,0.5,75.0,0.4816914470000123,0.0427991786252,0.43169144700001233,8.592160394492082e-48,non-significant
0.1,betweeness,0.0692786045549923,75,ancova_p_value,,1.0,75.0,0.3205260061237414,0.033304513162628,0.2705260061237414,3.066212267372316e-33,non-significant
0.1,betweeness,0.0692786045549923,75,ancova_p_value,,2.0,75.0,0.16143714082856858,0.0202661867242186,0.11143714082856858,6.079225933549391e-14,non-significant
0.1,betweeness,0.0692786045549923,75,ancova_p_value,,4.0,75.0,0.04912138289485513,0.0076487440305457,-0.0008786171051448702,0.4351254925711949,significant
0.1,betweeness,0.0692786045549923,75,ancova_p_value,,6.0,75.0,0.016639791628428848,0.0029579367209268,-0.03336020837157115,7.105427357601002e-15,significant
0.1,betweeness,0.0692786045549923,75,ancova_p_value,,8.0,75.0,0.005996484169924953,0.0011707174345671,-0.04400351583007505,0.0,significant
0.1,betweeness,0.0692786045549923,75,ancova_p_value,,10.0,75.0,0.0022598459055359287,0.0004736967653568,-0.047740154094464075,0.0,significant
0.1,betweeness,0.0692786045549923,75,ancova_p_value,,15.0,75.0,0.0002280430925145892,5.397644002492731e-05,-0.04977195690748541,0.0,significant
0.1,betweeness,0.0692786045549923,100,ancova_p_value,,0.5,100.0,0.48114467698573943,0.042861499038031,0.43114467698573944,1.4608938585806367e-47,non-significant
0.1,betweeness,0.0692786045549923,100,ancova_p_value,,1.0,100.0,0.31972415578412333,0.0333598507272816,0.26972415578412334,6.0581452210137374e-33,non-significant
0.1,betweeness,0.0692786045549923,100,ancova_p_value,,2.0,100.0,0.16040513148560548,0.0202835889402608,0.11040513148560548,1.1495422170091455e-13,non-significant
0.1,betweeness,0.0692786045549923,100,ancova_p_value,,4.0,100.0,0.04821217873113365,0.0076079883710276,-0.0017878212688663547,0.3889971959731998,significant
0.1,betweeness,0.0692786045549923,100,ancova_p_value,,6.0,100.0,0.016044679166962617,0.0029074166876307,-0.033955320833037386,1.9984014443252818e-15,significant
0.1,betweeness,0.0692786045549923,100,ancova_p_value,,8.0,100.0,0.005652215916228005,0.0011312375761797,-0.044347784083772,0.0,significant
0.1,betweeness,0.0692786045549923,100,ancova_p_value,,10.0,100.0,0.00207287258086666,0.0004478399928615,-0.047927127419133346,0.0,significant
0.1,betweeness,0.0692786045549923,100,ancova_p_value,,15.0,100.0,0.0001920508540141487,4.744741285664168e-05,-0.04980794914598585,0.0,significant
0.1,betweeness,0.0692786045549923,300,ancova_p_value,,0.5,300.0,0.4800490110787622,0.0429865338339004,0.4300490110787622,4.2025504010687116e-47,non-significant
0.1,betweeness,0.0692786045549923,300,ancova_p_value,,1.0,300.0,0.31811640443062633,0.0334709878261032,0.26811640443062634,2.3384312896709249e-32,non-significant
0.1,betweeness,0.0692786045549923,300,ancova_p_value,,2.0,300.0,0.15833615787546532,0.0203180114935492,0.10833615787546531,4.0115374204466226e-13,non-significant
0.1,betweeness,0.0692786045549923,300,ancova_p_value,,4.0,300.0,0.0464015209831491,0.0075240519172461,-0.0035984790168509043,0.30231626312026094,significant
0.1,betweeness,0.0692786045549923,300,ancova_p_value,,6.0,300.0,0.014877544674688336,0.002804474085055,-0.03512245532531166,1.1102230246251565e-16,significant
0.1,betweeness,0.0692786045549923,300,ancova_p_value,,8.0,300.0,0.004992719858471545,0.0010520667214618,-0.04500728014152846,0.0,significant
0.1,betweeness,0.0692786045549923,300,ancova_p_value,,10.0,300.0,0.0017256705948826214,0.0003971834964694,-0.04827432940511738,0.0,significant
0.1,betweeness,0.0692786045549923,300,ancova_p_value,,15.0,300.0,0.00013201666015390175,3.574273418824758e-05,-0.0498679833398461,0.0,significant
0.1,betweeness,0.0692786045549923,500,ancova_p_value,,0.5,500.0,0.47982953965954955,0.0430116038470982,0.42982953965954956,5.18739406955314e-47,non-significant
0.1,betweeness,0.0692786045549923,500,ancova_p_value,,1.0,500.0,0.3177942072606085,0.0334932894096719,0.2677942072606085,3.0581561604194106e-32,non-significant
0.1,betweeness,0.0692786045549923,500,ancova_p_value,,2.0,500.0,0.15792157401181234,0.0203248330548406,0.10792157401181234,5.130777844015424e-13,non-significant
0.1,betweeness,0.0692786045549923,500,ancova_p_value,,4.0,500.0,0.046040682769031456,0.0075068675320887,-0.003959317230968547,0.2861422180370925,significant
0.1,betweeness,0.0692786045549923,500,ancova_p_value,,6.0,500.0,0.01464790875937049,0.0027835797184739,-0.03535209124062951,1.1102230246251565e-16,significant
0.1,betweeness,0.0692786045549923,500,ancova_p_value,,8.0,500.0,0.004865533464805003,0.0010362110154718,-0.045134466535195,0.0,significant
0.1,betweeness,0.0692786045549923,500,ancova_p_value,,10.0,500.0,0.0016604995248597615,0.0003872389370558,-0.04833950047514024,0.0,significant
0.1,betweeness,0.0692786045549923,500,ancova_p_value,,15.0,500.0,0.0001217965039979378,3.3619965005973965e-05,-0.04987820349600206,0.0,significant
0.1,betweeness,0.0692786045549923,1000,ancova_p_value,,0.5,1000.0,0.4796648624377731,0.0430304201532767,0.42966486243777313,6.073673931457618e-47,non-significant
0.1,betweeness,0.0692786045549923,1000,ancova_p_value,,1.0,1000.0,0.31755241808467255,0.0335100318641893,0.26755241808467256,3.738436221809627e-32,non-significant
0.1,betweeness,0.0692786045549923,1000,ancova_p_value,,2.0,1000.0,0.1576104641334238,0.0203299351277806,0.1076104641334238,6.165523833905239e-13,non-significant
0.1,betweeness,0.0692786045549923,1000,ancova_p_value,,4.0,1000.0,0.04577034649325166,0.0074938907650146,-0.0042296535067483446,0.2743045052754485,significant
0.1,betweeness,0.0692786045549923,1000,ancova_p_value,,6.0,1000.0,0.014476528145859816,0.0027678418326263,-0.03552347185414019,0.0,significant
0.1,betweeness,0.0692786045549923,1000,ancova_p_value,,8.0,1000.0,0.00477118583723039,0.001024316806309,-0.04522881416276961,0.0,significant
0.1,betweeness,0.0692786045549923,1000,ancova_p_value,,10.0,1000.0,0.0016125523948250528,0.0003798245578781,-0.04838744760517495,0.0,significant
0.1,betweeness,0.0692786045549923,1000,ancova_p_value,,15.0,1000.0,0.00011449967420285442,3.207572441246986e-05,-0.049885500325797145,0.0,significant
0.2,betweeness,0.0973272887753488,30,ancova_p_value,,0.5,30.0,0.4849569686830381,0.0596057523280921,0.4349569686830381,1.1620210612082478e-25,non-significant
0.2,betweeness,0.0973272887753488,30,ancova_p_value,,1.0,30.0,0.3253086154260302,0.0463264935097386,0.2753086154260302,1.5337884679956114e-18,non-significant
0.2,betweeness,0.0973272887753488,30,ancova_p_value,,2.0,30.0,0.167594108019346,0.0283211588433286,0.11759410801934599,1.0273695327444568e-08,non-significant
0.2,betweeness,0.0973272887753488,30,ancova_p_value,,4.0,30.0,0.054625044962983094,0.0110665555821083,0.004625044962983091,0.35768135918020505,non-significant
0.2,betweeness,0.0973272887753488,30,ancova_p_value,,6.0,30.0,0.0203613903722062,0.0045629627340316,-0.029638609627793803,7.215559022499818e-07,significant
0.2,betweeness,0.0973272887753488,30,ancova_p_value,,8.0,30.0,0.008257335914631373,0.0019737399707039,-0.04174266408536863,0.0,significant
0.2,betweeness,0.0973272887753488,30,ancova_p_value,,10.0,30.0,0.0035685233088176825,0.0008912628781927,-0.04643147669118232,0.0,significant
0.2,betweeness,0.0973272887753488,30,ancova_p_value,,15.0,30.0,0.0005407062921313466,0.0001435957942934,-0.049459293707868654,0.0,significant
0.2,betweeness,0.0973272887753488,50,ancova_p_value,,0.5,50.0,0.48278284379668057,0.0599526421954953,0.4327828437966806,3.466107868720941e-25,non-significant
0.2,betweeness,0.0973272887753488,50,ancova_p_value,,1.0,50.0,0.32212564510024433,0.0466336038784068,0.27212564510024434,6.3438402491420114e-18,non-significant
0.2,betweeness,0.0973272887753488,50,ancova_p_value,,2.0,50.0,0.16349617189550622,0.0284219065485925,0.11349617189550622,4.088088846265373e-08,non-significant
0.2,betweeness,0.0973272887753488,50,ancova_p_value,,4.0,50.0,0.05094706873769324,0.0108566939276404,0.0009470687376932352,0.4919811290269864,non-significant
0.2,betweeness,0.0973272887753488,50,ancova_p_value,,6.0,50.0,0.01785224137520709,0.0042948082746746,-0.03214775862479291,6.43176399917067e-08,significant
0.2,betweeness,0.0973272887753488,50,ancova_p_value,,8.0,50.0,0.006713432842279582,0.0017551920130203,-0.04328656715772042,0.0,significant
0.2,betweeness,0.0973272887753488,50,ancova_p_value,,10.0,50.0,0.0026605541904910716,0.0007394036414143,-0.04733944580950893,0.0,significant
0.2,betweeness,0.0973272887753488,50,ancova_p_value,,15.0,50.0,0.00031306556427201346,9.603905442223893e-05,-0.04968693443572799,0.0,significant
0.2,betweeness,0.0973272887753488,75,ancova_p_value,,0.5,75.0,0.4816914470000123,0.0601271928636502,0.43169144700001233,5.956666043495333e-25,non-significant
0.2,betweeness,0.0973272887753488,75,ancova_p_value,,1.0,75.0,0.3205260061237414,0.0467884419861329,0.2705260061237414,1.2755569841498684e-17,non-significant
0.2,betweeness,0.0973272887753488,75,ancova_p_value,,2.0,75.0,0.16143714082856858,0.0284713154999746,0.11143714082856858,7.955666763075192e-08,non-significant
0.2,betweeness,0.0973272887753488,75,ancova_p_value,,4.0,75.0,0.04912138289485513,0.0107454750829851,-0.0008786171051448702,0.4402272026086651,significant
0.2,betweeness,0.0973272887753488,75,ancova_p_value,,6.0,75.0,0.016639791628428848,0.0041555103955411,-0.03336020837157115,1.7784563155487376e-08,significant
0.2,betweeness,0.0973272887753488,75,ancova_p_value,,8.0,75.0,0.005996484169924953,0.0016447033620316,-0.04400351583007505,0.0,significant
0.2,betweeness,0.0973272887753488,75,ancova_p_value,,10.0,75.0,0.0022598459055359287,0.000665481387363,-0.047740154094464075,0.0,significant
0.2,betweeness,0.0973272887753488,75,ancova_p_value,,15.0,75.0,0.0002280430925145892,7.582976878815944e-05,-0.04977195690748541,0.0,significant
0.2,betweeness,0.0973272887753488,100,ancova_p_value,,0.5,100.0,0.48114467698573943,0.060214744812122,0.43114467698573944,7.799093972499242e-25,non-significant
0.2,betweeness,0.0973272887753488,100,ancova_p_value,,1.0,100.0,0.31972415578412333,0.046866183955241,0.26972415578412334,1.8035926697170768e-17,non-significant
0.2,betweeness,0.0973272887753488,100,ancova_p_value,,2.0,100.0,0.16040513148560548,0.0284957633149523,0.11040513148560548,1.1030327617511452e-07,non-significant
0.2,betweeness,0.0973272887753488,100,ancova_p_value,,4.0,100.0,0.04821217873113365,0.0106882187645499,-0.0017878212688663547,0.40703516570544296,significant
0.2,betweeness,0.0973272887753488,100,ancova_p_value,,6.0,100.0,0.016044679166962617,0.0040845364216695,-0.033955320833037386,9.170107562184171e-09,significant
0.2,betweeness,0.0973272887753488,100,ancova_p_value,,8.0,100.0,0.005652215916228005,0.0015892393756715,-0.044347784083772,0.0,significant
0.2,betweeness,0.0973272887753488,100,ancova_p_value,,10.0,100.0,0.00207287258086666,0.000629156037284,-0.047927127419133346,0.0,significant
0.2,betweeness,0.0973272887753488,100,ancova_p_value,,15.0,100.0,0.0001920508540141487,6.665734799949559e-05,-0.04980794914598585,0.0,significant
0.2,betweeness,0.0973272887753488,300,ancova_p_value,,0.5,300.0,0.4800490110787622,0.0603904021851698,0.4300490110787622,1.3336583554428829e-24,non-significant
0.2,betweeness,0.0973272887753488,300,ancova_p_value,,1.0,300.0,0.31811640443062633,0.0470223168996059,0.26811640443062634,3.585479660469924e-17,non-significant
0.2,betweeness,0.0973272887753488,300,ancova_p_value,,2.0,300.0,0.15833615787546532,0.0285441224556394,0.10833615787546531,2.0946312267027053e-07,non-significant
0.2,betweeness,0.0973272887753488,300,ancova_p_value,,4.0,300.0,0.0464015209831491,0.0105702991336848,-0.0035984790168509043,0.34317966276269174,significant
0.2,betweeness,0.0973272887753488,300,ancova_p_value,,6.0,300.0,0.014877544674688336,0.0039399156621647,-0.03512245532531166,2.342051108605858e-09,significant
0.2,betweeness,0.0973272887753488,300,ancova_p_value,,8.0,300.0,0.004992719858471545,0.0014780147820295,-0.04500728014152846,0.0,significant
0.2,betweeness,0.0973272887753488,300,ancova_p_value,,10.0,300.0,0.0017256705948826214,0.0005579903507871,-0.04827432940511738,0.0,significant
0.2,betweeness,0.0973272887753488,300,ancova_p_value,,15.0,300.0,0.00013201666015390175,5.0213820476114406e-05,-0.0498679833398461,0.0,significant
0.2,betweeness,0.0973272887753488,500,ancova_p_value,,0.5,500.0,0.47982953965954955,0.0604256222423546,0.42982953965954956,1.4841283144327178e-24,non-significant
0.2,betweeness,0.0973272887753488,500,ancova_p_value,,1.0,500.0,0.3177942072606085,0.0470536476788282,0.2677942072606085,4.109929031734726e-17,non-significant
0.2,betweeness,0.0973272887753488,500,ancova_p_value,,2.0,500.0,0.15792157401181234,0.0285537058482319,0.10792157401181234,2.3766532524356357e-07,non-significant
0.2,betweeness,0.0973272887753488,500,ancova_p_value,,4.0,500.0,0.046040682769031456,0.0105461573423283,-0.003959317230968547,0.33092120645270273,significant
0.2,betweeness,0.0973272887753488,500,ancova_p_value,,6.0,500.0,0.01464790875937049,0.0039105618369387,-0.03535209124062951,1.7709201882709635e-09,significant
0.2,betweeness,0.0973272887753488,500,ancova_p_value,,8.0,500.0,0.004865533464805003,0.0014557396094051,-0.045134466535195,0.0,significant
0.2,betweeness,0.0973272887753488,500,ancova_p_value,,10.0,500.0,0.0016604995248597615,0.0005440195583324,-0.04833950047514024,0.0,significant
0.2,betweeness,0.0973272887753488,500,ancova_p_value,,15.0,500.0,0.0001217965039979378,4.72316101597597e-05,-0.04987820349600206,0.0,significant
0.2,betweeness,0.0973272887753488,1000,ancova_p_value,,0.5,1000.0,0.4796648624377731,0.0604520566671944,0.42966486243777313,1.6078801268267523e-24,non-significant
0.2,betweeness,0.0973272887753488,1000,ancova_p_value,,1.0,1000.0,0.31755241808467255,0.0470771686160077,0.26755241808467256,4.552116004794813e-17,non-significant
0.2,betweeness,0.0973272887753488,1000,ancova_p_value,,2.0,1000.0,0.1576104641334238,0.0285608735868083,0.1076104641334238,2.611710859543707e-07,non-significant
0.2,betweeness,0.0973272887753488,1000,ancova_p_value,,4.0,1000.0,0.04577034649325166,0.0105279266986179,-0.0042296535067483446,0.32185626314988725,significant
0.2,betweeness,0.0973272887753488,1000,ancova_p_value,,6.0,1000.0,0.014476528145859816,0.0038884521860523,-0.03552347185414019,1.4339012199826584e-09,significant
0.2,betweeness,0.0973272887753488,1000,ancova_p_value,,8.0,1000.0,0.00477118583723039,0.0014390298165713,-0.04522881416276961,0.0,significant
0.2,betweeness,0.0973272887753488,1000,ancova_p_value,,10.0,1000.0,0.0016125523948250528,0.0005336033349117,-0.04838744760517495,0.0,significant
0.2,betweeness,0.0973272887753488,1000,ancova_p_value,,15.0,1000.0,0.00011449967420285442,4.506215609601212e-05,-0.049885500325797145,0.0,significant
0.3,betweeness,0.1247333168256184,30,ancova_p_value,,0.5,30.0,0.4849569686830381,0.0763899136955344,0.4349569686830381,3.6842694110285965e-16,non-significant
0.3,betweeness,0.1247333168256184,30,ancova_p_value,,1.0,30.0,0.3253086154260302,0.0593713979406951,0.2753086154260302,7.335662804609715e-12,non-significant
0.3,betweeness,0.1247333168256184,30,ancova_p_value,,2.0,30.0,0.167594108019346,0.0362960082760295,0.11759410801934599,7.14979340156561e-06,non-significant
0.3,betweeness,0.1247333168256184,30,ancova_p_value,,4.0,30.0,0.054625044962983094,0.0141827456714386,0.004625044962983091,0.40058035306662615,non-significant
0.3,betweeness,0.1247333168256184,30,ancova_p_value,,6.0,30.0,0.0203613903722062,0.0058478303827119,-0.029638609627793803,7.472941796071719e-05,significant
0.3,betweeness,0.1247333168256184,30,ancova_p_value,,8.0,30.0,0.008257335914631373,0.0025295180436543,-0.04174266408536863,0.0,significant
0.3,betweeness,0.1247333168256184,30,ancova_p_value,,10.0,30.0,0.0035685233088176825,0.0011422302661398,-0.04643147669118232,0.0,significant
0.3,betweeness,0.1247333168256184,30,ancova_p_value,,15.0,30.0,0.0005407062921313466,0.0001840303981525,-0.049459293707868654,0.0,significant
0.3,betweeness,0.1247333168256184,50,ancova_p_value,,0.5,50.0,0.48278284379668057,0.0768344829862118,0.4327828437966806,7.179333878144173e-16,non-significant
0.3,betweeness,0.1247333168256184,50,ancova_p_value,,1.0,50.0,0.32212564510024433,0.0597649863720336,0.27212564510024434,1.7484477901819275e-11,non-significant
0.3,betweeness,0.1247333168256184,50,ancova_p_value,,2.0,50.0,0.16349617189550622,0.0364251251516587,0.11349617189550622,1.67670624236705e-05,non-significant
0.3,betweeness,0.1247333168256184,50,ancova_p_value,,4.0,50.0,0.05094706873769324,0.0139137898568293,0.0009470687376932352,0.5073265433835281,non-significant
0.3,betweeness,0.1247333168256184,50,ancova_p_value,,6.0,50.0,0.01785224137520709,0.0055041673098158,-0.03214775862479291,1.6326176396463943e-05,significant
0.3,betweeness,0.1247333168256184,50,ancova_p_value,,8.0,50.0,0.006713432842279582,0.0022494299821214,-0.04328656715772042,0.0,significant
0.3,betweeness,0.1247333168256184,50,ancova_p_value,,10.0,50.0,0.0026605541904910716,0.0009476095535696,-0.04733944580950893,0.0,significant
0.3,betweeness,0.1247333168256184,50,ancova_p_value,,15.0,50.0,0.00031306556427201346,0.0001230823333683,-0.04968693443572799,0.0,significant
0.3,betweeness,0.1247333168256184,75,ancova_p_value,,0.5,75.0,0.4816914470000123,0.0770581847256422,0.43169144700001233,9.991781332360346e-16,non-significant
0.3,betweeness,0.1247333168256184,75,ancova_p_value,,1.0,75.0,0.3205260061237414,0.0599634247647054,0.2705260061237414,2.680782849944746e-11,non-significant
0.3,betweeness,0.1247333168256184,75,ancova_p_value,,2.0,75.0,0.16143714082856858,0.0364884469852812,0.11143714082856858,2.5296682476944935e-05,non-significant
0.3,betweeness,0.1247333168256184,75,ancova_p_value,,4.0,75.0,0.04912138289485513,0.0137712533127426,-0.0008786171051448702,0.4395427625717425,significant
0.3,betweeness,0.1247333168256184,75,ancova_p_value,,6.0,75.0,0.016639791628428848,0.0053256450607146,-0.03336020837157115,7.281846422957372e-06,significant
0.3,betweeness,0.1247333168256184,75,ancova_p_value,,8.0,75.0,0.005996484169924953,0.002107829244211,-0.04400351583007505,0.0,significant
0.3,betweeness,0.1247333168256184,75,ancova_p_value,,10.0,75.0,0.0022598459055359287,0.0008528718078555,-0.047740154094464075,0.0,significant
0.3,betweeness,0.1247333168256184,75,ancova_p_value,,15.0,75.0,0.0002280430925145892,9.718239040747372e-05,-0.04977195690748541,0.0,significant
0.3,betweeness,0.1247333168256184,100,ancova_p_value,,0.5,100.0,0.48114467698573943,0.0771703901005668,0.43114467698573944,1.1778622693682407e-15,non-significant
0.3,betweeness,0.1247333168256184,100,ancova_p_value,,1.0,100.0,0.31972415578412333,0.0600630578047852,0.26972415578412334,3.3137328107767866e-11,non-significant
0.3,betweeness,0.1247333168256184,100,ancova_p_value,,2.0,100.0,0.16040513148560548,0.0365197789692466,0.11040513148560548,3.095707576043719e-05,non-significant
0.3,betweeness,0.1247333168256184,100,ancova_p_value,,4.0,100.0,0.04821217873113365,0.0136978744012624,-0.0017878212688663547,0.41345634145456733,significant
0.3,betweeness,0.1247333168256184,100,ancova_p_value,,6.0,100.0,0.016044679166962617,0.0052346857903938,-0.033955320833037386,4.805055556111881e-06,significant
0.3,betweeness,0.1247333168256184,100,ancova_p_value,,8.0,100.0,0.005652215916228005,0.0020367473609066,-0.044347784083772,0.0,significant
0.3,betweeness,0.1247333168256184,100,ancova_p_value,,10.0,100.0,0.00207287258086666,0.0008063177380029,-0.047927127419133346,0.0,significant
0.3,betweeness,0.1247333168256184,100,ancova_p_value,,15.0,100.0,0.0001920508540141487,8.542714187762791e-05,-0.04980794914598585,0.0,significant
0.3,betweeness,0.1247333168256184,300,ancova_p_value,,0.5,300.0,0.4800490110787622,0.077395510177791,0.4300490110787622,1.6343342899852498e-15,non-significant
0.3,betweeness,0.1247333168256184,300,ancova_p_value,,1.0,300.0,0.31811640443062633,0.0602631556423128,0.26811640443062634,5.04583719844574e-11,non-significant
0.3,betweeness,0.1247333168256184,300,ancova_p_value,,2.0,300.0,0.15833615787546532,0.0365817553798982,0.10833615787546531,4.602104260023953e-05,non-significant
0.3,betweeness,0.1247333168256184,300,ancova_p_value,,4.0,300.0,0.0464015209831491,0.0135467502215823,-0.0035984790168509043,0.3627863396460145,significant
0.3,betweeness,0.1247333168256184,300,ancova_p_value,,6.0,300.0,0.014877544674688336,0.0050493418109011,-0.03512245532531166,2.0412901269306616e-06,significant
0.3,betweeness,0.1247333168256184,300,ancova_p_value,,8.0,300.0,0.004992719858471545,0.0018942034489974,-0.04500728014152846,0.0,significant
0.3,betweeness,0.1247333168256184,300,ancova_p_value,,10.0,300.0,0.0017256705948826214,0.0007151127714142,-0.04827432940511738,0.0,significant
0.3,betweeness,0.1247333168256184,300,ancova_p_value,,15.0,300.0,0.00013201666015390175,6.43533428012051e-05,-0.0498679833398461,0.0,significant
0.3,betweeness,0.1247333168256184,500,ancova_p_value,,0.5,500.0,0.47982953965954955,0.0774406477194478,0.42982953965954956,1.7445561644622903e-15,non-significant
0.3,betweeness,0.1247333168256184,500,ancova_p_value,,1.0,500.0,0.3177942072606085,0.0603033087387394,0.2677942072606085,5.4855121911426224e-11,non-significant
0.3,betweeness,0.1247333168256184,500,ancova_p_value,,2.0,500.0,0.15792157401181234,0.0365940373242484,0.10792157401181234,4.9760683527463665e-05,non-significant
0.3,betweeness,0.1247333168256184,500,ancova_p_value,,4.0,500.0,0.046040682769031456,0.0135158104332877,-0.003959317230968547,0.35294673163771617,significant
0.3,betweeness,0.1247333168256184,500,ancova_p_value,,6.0,500.0,0.01464790875937049,0.0050117223515692,-0.03535209124062951,1.7131622741528574e-06,significant
0.3,betweeness,0.1247333168256184,500,ancova_p_value,,8.0,500.0,0.004865533464805003,0.001865655893638,-0.045134466535195,0.0,significant
0.3,betweeness,0.1247333168256184,500,ancova_p_value,,10.0,500.0,0.0016604995248597615,0.0006972079956469,-0.04833950047514024,0.0,significant
0.3,betweeness,0.1247333168256184,500,ancova_p_value,,15.0,500.0,0.0001217965039979378,6.053138301057427e-05,-0.04987820349600206,0.0,significant
0.3,betweeness,0.1247333168256184,1000,ancova_p_value,,0.5,1000.0,0.4796648624377731,0.077474525715333,0.42966486243777313,1.8319767860242464e-15,non-significant
0.3,betweeness,0.1247333168256184,1000,ancova_p_value,,1.0,1000.0,0.31755241808467255,0.0603334528488462,0.26755241808467256,5.839529422140431e-11,non-significant
0.3,betweeness,0.1247333168256184,1000,ancova_p_value,,2.0,1000.0,0.1576104641334238,0.0366032233995827,0.1076104641334238,5.275002414267793e-05,non-significant
0.3,betweeness,0.1247333168256184,1000,ancova_p_value,,4.0,1000.0,0.04577034649325166,0.0134924462906461,-0.0042296535067483446,0.345640043927226,significant
0.3,betweeness,0.1247333168256184,1000,ancova_p_value,,6.0,1000.0,0.014476528145859816,0.0049833869265962,-0.03552347185414019,1.5008242962855078e-06,significant
0.3,betweeness,0.1247333168256184,1000,ancova_p_value,,8.0,1000.0,0.00477118583723039,0.0018442408525959,-0.04522881416276961,0.0,significant
0.3,betweeness,0.1247333168256184,1000,ancova_p_value,,10.0,1000.0,0.0016125523948250528,0.0006838587067434,-0.04838744760517495,0.0,significant
0.3,betweeness,0.1247333168256184,1000,ancova_p_value,,15.0,1000.0,0.00011449967420285442,5.775104047276188e-05,-0.049885500325797145,0.0,significant
0.4,betweeness,0.1765933916024167,30,ancova_p_value,,0.5,30.0,0.4849569686830381,0.1081503666143165,0.4349569686830381,1.106724237202262e-08,non-significant
0.4,betweeness,0.1765933916024167,30,ancova_p_value,,1.0,30.0,0.3253086154260302,0.0840561029991844,0.2753086154260302,1.382786148178811e-06,non-significant
0.4,betweeness,0.1765933916024167,30,ancova_p_value,,2.0,30.0,0.167594108019346,0.0513867133995509,0.11759410801934599,0.001354162792806371,non-significant
0.4,betweeness,0.1765933916024167,30,ancova_p_value,,4.0,30.0,0.054625044962983094,0.0200794721417961,0.004625044962983091,0.452920814359205,non-significant
0.4,betweeness,0.1765933916024167,30,ancova_p_value,,6.0,30.0,0.0203613903722062,0.0082791689267951,-0.029638609627793803,0.0031058623009375674,significant
0.4,betweeness,0.1765933916024167,30,ancova_p_value,,8.0,30.0,0.008257335914631373,0.0035812097506629,-0.04174266408536863,6.607647762280067e-10,significant
0.4,betweeness,0.1765933916024167,30,ancova_p_value,,10.0,30.0,0.0035685233088176825,0.0016171326300138,-0.04643147669118232,0.0,significant
0.4,betweeness,0.1765933916024167,30,ancova_p_value,,15.0,30.0,0.0005407062921313466,0.0002605442795458,-0.049459293707868654,0.0,significant
0.4,betweeness,0.1765933916024167,50,ancova_p_value,,0.5,50.0,0.48278284379668057,0.1087797734227056,0.4327828437966806,1.5472159547668676e-08,non-significant
0.4,betweeness,0.1765933916024167,50,ancova_p_value,,1.0,50.0,0.32212564510024433,0.0846133327574752,0.27212564510024434,2.143802585067345e-06,non-significant
0.4,betweeness,0.1765933916024167,50,ancova_p_value,,2.0,50.0,0.16349617189550622,0.0515695128917856,0.11349617189550622,0.002099959856147905,non-significant
0.4,betweeness,0.1765933916024167,50,ancova_p_value,,4.0,50.0,0.05094706873769324,0.0196986932071716,0.0009470687376932352,0.5299199215670994,non-significant
0.4,betweeness,0.1765933916024167,50,ancova_p_value,,6.0,50.0,0.01785224137520709,0.0077926218746064,-0.03214775862479291,0.0013697658886191455,significant
0.4,betweeness,0.1765933916024167,50,ancova_p_value,,8.0,50.0,0.006713432842279582,0.0031846701412609,-0.04328656715772042,4.664280073285454e-11,significant
0.4,betweeness,0.1765933916024167,50,ancova_p_value,,10.0,50.0,0.0026605541904910716,0.0013415949261869,-0.04733944580950893,0.0,significant
0.4,betweeness,0.1765933916024167,50,ancova_p_value,,15.0,50.0,0.00031306556427201346,0.0001742559826757,-0.04968693443572799,0.0,significant
0.4,betweeness,0.1765933916024167,75,ancova_p_value,,0.5,75.0,0.4816914470000123,0.1090964831028354,0.43169144700001233,1.8266618033310277e-08,non-significant
0.4,betweeness,0.1765933916024167,75,ancova_p_value,,1.0,75.0,0.3205260061237414,0.084894275409189,0.2705260061237414,2.6602338077677527e-06,non-significant
0.4,betweeness,0.1765933916024167,75,ancova_p_value,,2.0,75.0,0.16143714082856858,0.051659161893724,0.11143714082856858,0.002596061953474682,non-significant
0.4,betweeness,0.1765933916024167,75,ancova_p_value,,4.0,75.0,0.04912138289485513,0.0194968945828092,-0.0008786171051448702,0.4321546626896866,significant
0.4,betweeness,0.1765933916024167,75,ancova_p_value,,6.0,75.0,0.016639791628428848,0.0075398758541558,-0.03336020837157115,0.0008882423596019429,significant
0.4,betweeness,0.1765933916024167,75,ancova_p_value,,8.0,75.0,0.005996484169924953,0.0029841964009854,-0.04400351583007505,1.0879297462906834e-11,significant
0.4,betweeness,0.1765933916024167,75,ancova_p_value,,10.0,75.0,0.0022598459055359287,0.0012074682930291,-0.047740154094464075,0.0,significant
0.4,betweeness,0.1765933916024167,75,ancova_p_value,,15.0,75.0,0.0002280430925145892,0.0001375876819669,-0.04977195690748541,0.0,significant
0.4,betweeness,0.1765933916024167,100,ancova_p_value,,0.5,100.0,0.48114467698573943,0.1092553398398983,0.43114467698573944,1.9840343074850026e-08,non-significant
0.4,betweeness,0.1765933916024167,100,ancova_p_value,,1.0,100.0,0.31972415578412333,0.0850353326416199,0.26972415578412334,2.9608594272904525e-06,non-significant
0.4,betweeness,0.1765933916024167,100,ancova_p_value,,2.0,100.0,0.16040513148560548,0.0517035207022196,0.11040513148560548,0.0028812552911419505,non-significant
0.4,betweeness,0.1765933916024167,100,ancova_p_value,,4.0,100.0,0.04821217873113365,0.0193930070956474,-0.0017878212688663547,0.4134874609760866,significant
0.4,betweeness,0.1765933916024167,100,ancova_p_value,,6.0,100.0,0.016044679166962617,0.0074110986641283,-0.033955320833037386,0.0007108839107639042,significant
0.4,betweeness,0.1765933916024167,100,ancova_p_value,,8.0,100.0,0.005652215916228005,0.0028835609719463,-0.044347784083772,5.057620988679901e-12,significant
0.4,betweeness,0.1765933916024167,100,ancova_p_value,,10.0,100.0,0.00207287258086666,0.0011415585481639,-0.047927127419133346,0.0,significant
0.4,betweeness,0.1765933916024167,100,ancova_p_value,,15.0,100.0,0.0001920508540141487,0.0001209449816857,-0.04980794914598585,0.0,significant
0.4,betweeness,0.1765933916024167,300,ancova_p_value,,0.5,300.0,0.4800490110787622,0.1095740575567566,0.4300490110787622,2.3388668184613447e-08,non-significant
0.4,betweeness,0.1765933916024167,300,ancova_p_value,,1.0,300.0,0.31811640443062633,0.0853186246816345,0.26811640443062634,3.6616380222063583e-06,non-significant
0.4,betweeness,0.1765933916024167,300,ancova_p_value,,2.0,300.0,0.15833615787546532,0.051791264897875,0.10833615787546531,0.0035363365177706915,non-significant
0.4,betweeness,0.1765933916024167,300,ancova_p_value,,4.0,300.0,0.0464015209831491,0.0191790503748449,-0.0035984790168509043,0.37694318334422305,significant
0.4,betweeness,0.1765933916024167,300,ancova_p_value,,6.0,300.0,0.014877544674688336,0.0071486946586493,-0.03512245532531166,0.00044959135691868823,significant
0.4,betweeness,0.1765933916024167,300,ancova_p_value,,8.0,300.0,0.004992719858471545,0.0026817519164594,-0.04500728014152846,1.0024203689340538e-12,significant
0.4,betweeness,0.1765933916024167,300,ancova_p_value,,10.0,300.0,0.0017256705948826214,0.0010124335093148,-0.04827432940511738,0.0,significant
0.4,betweeness,0.1765933916024167,300,ancova_p_value,,15.0,300.0,0.00013201666015390175,9.110937923751018e-05,-0.0498679833398461,0.0,significant
0.4,betweeness,0.1765933916024167,500,ancova_p_value,,0.5,500.0,0.47982953965954955,0.1096379618268636,0.42982953965954956,2.416821491274284e-08,non-significant
0.4,betweeness,0.1765933916024167,500,ancova_p_value,,1.0,500.0,0.3177942072606085,0.0853754721355607,0.2677942072606085,3.819520828402551e-06,non-significant
0.4,betweeness,0.1765933916024167,500,ancova_p_value,,2.0,500.0,0.15792157401181234,0.0518086532770465,0.10792157401181234,0.0036821301020990246,non-significant
0.4,betweeness,0.1765933916024167,500,ancova_p_value,,4.0,500.0,0.046040682769031456,0.0191352468242822,-0.003959317230968547,0.3697808859455949,significant
0.4,betweeness,0.1765933916024167,500,ancova_p_value,,6.0,500.0,0.01464790875937049,0.0070954342460929,-0.03535209124062951,0.00040937230643955935,significant
0.4,betweeness,0.1765933916024167,500,ancova_p_value,,8.0,500.0,0.004865533464805003,0.0026413352118358,-0.045134466535195,7.143174940438257e-13,significant
0.4,betweeness,0.1765933916024167,500,ancova_p_value,,10.0,500.0,0.0016604995248597615,0.0009870845074675,-0.04833950047514024,0.0,significant
0.4,betweeness,0.1765933916024167,500,ancova_p_value,,15.0,500.0,0.0001217965039979378,8.569837230550385e-05,-0.04987820349600206,0.0,significant
0.4,betweeness,0.1765933916024167,1000,ancova_p_value,,0.5,1000.0,0.4796648624377731,0.1096859251966057,0.42966486243777313,2.476922739357974e-08,non-significant
0.4,betweeness,0.1765933916024167,1000,ancova_p_value,,1.0,1000.0,0.31755241808467255,0.0854181491907058,0.26755241808467256,3.942150310681178e-06,non-significant
0.4,betweeness,0.1765933916024167,1000,ancova_p_value,,2.0,1000.0,0.1576104641334238,0.0518216586250969,0.1076104641334238,0.0037949323354199162,non-significant
0.4,betweeness,0.1765933916024167,1000,ancova_p_value,,4.0,1000.0,0.04577034649325166,0.0191021686275665,-0.0042296535067483446,0.36444451795054356,significant
0.4,betweeness,0.1765933916024167,1000,ancova_p_value,,6.0,1000.0,0.014476528145859816,0.0070553178688024,-0.03552347185414019,0.00038141009769043777,significant
0.4,betweeness,0.1765933916024167,1000,ancova_p_value,,8.0,1000.0,0.00477118583723039,0.0026110164900606,-0.04522881416276961,5.521139101460903e-13,significant
0.4,betweeness,0.1765933916024167,1000,ancova_p_value,,10.0,1000.0,0.0016125523948250528,0.0009681850164338,-0.04838744760517495,0.0,significant
0.4,betweeness,0.1765933916024167,1000,ancova_p_value,,15.0,1000.0,0.00011449967420285442,8.17620533566926e-05,-0.049885500325797145,0.0,significant
0.5,betweeness,0.1927742919041782,30,ancova_p_value,,0.5,30.0,0.4849569686830381,0.1180599690286872,0.4349569686830381,1.8004928898515852e-07,non-significant
0.5,betweeness,0.1927742919041782,30,ancova_p_value,,1.0,30.0,0.3253086154260302,0.0917579960884034,0.2753086154260302,9.975484345861844e-06,non-significant
0.5,betweeness,0.1927742919041782,30,ancova_p_value,,2.0,30.0,0.167594108019346,0.0560951754705741,0.11759410801934599,0.0032240118686671995,non-significant
0.5,betweeness,0.1927742919041782,30,ancova_p_value,,4.0,30.0,0.054625044962983094,0.0219193141307302,0.004625044962983091,0.4651876311128638,non-significant
0.5,betweeness,0.1927742919041782,30,ancova_p_value,,6.0,30.0,0.0203613903722062,0.009037772664853,-0.029638609627793803,0.005749912193132145,significant
0.5,betweeness,0.1927742919041782,30,ancova_p_value,,8.0,30.0,0.008257335914631373,0.0039093488583008,-0.04174266408536863,1.2375156677180144e-08,significant
0.5,betweeness,0.1927742919041782,30,ancova_p_value,,10.0,30.0,0.0035685233088176825,0.0017653072679407,-0.04643147669118232,0.0,significant
0.5,betweeness,0.1927742919041782,30,ancova_p_value,,15.0,30.0,0.0005407062921313466,0.0002844174322911,-0.049459293707868654,0.0,significant
0.5,betweeness,0.1927742919041782,50,ancova_p_value,,0.5,50.0,0.48278284379668057,0.1187470471277366,0.4327828437966806,2.3867529789775974e-07,non-significant
0.5,betweeness,0.1927742919041782,50,ancova_p_value,,1.0,50.0,0.32212564510024433,0.0923662836981928,0.27212564510024434,1.4435550209050578e-05,non-significant
0.5,betweeness,0.1927742919041782,50,ancova_p_value,,2.0,50.0,0.16349617189550622,0.056294724515735,0.11349617189550622,0.004677842653364104,non-significant
0.5,betweeness,0.1927742919041782,50,ancova_p_value,,4.0,50.0,0.05094706873769324,0.0215036451816931,0.0009470687376932352,0.5361098603805673,non-significant
0.5,betweeness,0.1927742919041782,50,ancova_p_value,,6.0,50.0,0.01785224137520709,0.0085066442765671,-0.03214775862479291,0.002839794733798584,significant
0.5,betweeness,0.1927742919041782,50,ancova_p_value,,8.0,50.0,0.006713432842279582,0.0034764751152871,-0.04328656715772042,1.3060657000352194e-09,significant
0.5,betweeness,0.1927742919041782,50,ancova_p_value,,10.0,50.0,0.0026605541904910716,0.0014645225938024,-0.04733944580950893,0.0,significant
0.5,betweeness,0.1927742919041782,50,ancova_p_value,,15.0,50.0,0.00031306556427201346,0.0001902227108589,-0.04968693443572799,0.0,significant
0.5,betweeness,0.1927742919041782,75,ancova_p_value,,0.5,75.0,0.4816914470000123,0.1190927762842595,0.43169144700001233,2.744558230503067e-07,non-significant
0.5,betweeness,0.1927742919041782,75,ancova_p_value,,1.0,75.0,0.3205260061237414,0.0926729685648142,0.2705260061237414,1.73159288421151e-05,non-significant
0.5,betweeness,0.1927742919041782,75,ancova_p_value,,2.0,75.0,0.16143714082856858,0.0563925878769388,0.11143714082856858,0.0056005441425941395,non-significant
0.5,betweeness,0.1927742919041782,75,ancova_p_value,,4.0,75.0,0.04912138289485513,0.0212833561518166,-0.0008786171051448702,0.429010270218784,significant
0.5,betweeness,0.1927742919041782,75,ancova_p_value,,6.0,75.0,0.016639791628428848,0.0082307396423004,-0.03336020837157115,0.0019557939124952295,significant
0.5,betweeness,0.1927742919041782,75,ancova_p_value,,8.0,75.0,0.005996484169924953,0.0032576323659842,-0.04400351583007505,3.8003500346661667e-10,significant
0.5,betweeness,0.1927742919041782,75,ancova_p_value,,10.0,75.0,0.0022598459055359287,0.0013181062047299,-0.047740154094464075,0.0,significant
0.5,betweeness,0.1927742919041782,75,ancova_p_value,,15.0,75.0,0.0002280430925145892,0.0001501945668818,-0.04977195690748541,0.0,significant
0.5,betweeness,0.1927742919041782,100,ancova_p_value,,0.5,100.0,0.48114467698573943,0.11926618874734,0.43114467698573944,2.9421770683035406e-07,non-significant
0.5,betweeness,0.1927742919041782,100,ancova_p_value,,1.0,100.0,0.31972415578412333,0.0928269505901499,0.26972415578412334,1.8951478228953517e-05,non-significant
0.5,betweeness,0.1927742919041782,100,ancova_p_value,,2.0,100.0,0.16040513148560548,0.0564410111945944,0.11040513148560548,0.0061188212699483015,non-significant
0.5,betweeness,0.1927742919041782,100,ancova_p_value,,4.0,100.0,0.04821217873113365,0.0211699496613834,-0.0017878212688663547,0.4118335742456213,significant
0.5,betweeness,0.1927742919041782,100,ancova_p_value,,6.0,100.0,0.016044679166962617,0.0080901628551642,-0.033955320833037386,0.0016146048044751726,significant
0.5,betweeness,0.1927742919041782,100,ancova_p_value,,8.0,100.0,0.005652215916228005,0.0031477759132742,-0.044347784083772,1.9849011323458399e-10,significant
0.5,betweeness,0.1927742919041782,100,ancova_p_value,,10.0,100.0,0.00207287258086666,0.0012461572813829,-0.047927127419133346,0.0,significant
0.5,betweeness,0.1927742919041782,100,ancova_p_value,,15.0,100.0,0.0001920508540141487,0.0001320269291634,-0.04980794914598585,0.0,significant
0.5,betweeness,0.1927742919041782,300,ancova_p_value,,0.5,300.0,0.4800490110787622,0.1196141099329923,0.4300490110787622,3.379004429666618e-07,non-significant
0.5,betweeness,0.1927742919041782,300,ancova_p_value,,1.0,300.0,0.31811640443062633,0.0931362001148369,0.26811640443062634,2.266837829056225e-05,non-significant
0.5,betweeness,0.1927742919041782,300,ancova_p_value,,2.0,300.0,0.15833615787546532,0.0565367952159142,0.10833615787546531,0.007281838703412519,non-significant
0.5,betweeness,0.1927742919041782,300,ancova_p_value,,4.0,300.0,0.0464015209831491,0.0209363885129362,-0.0035984790168509043,0.3781614049271129,significant
0.5,betweeness,0.1927742919041782,300,ancova_p_value,,6.0,300.0,0.014877544674688336,0.0078037152939615,-0.03512245532531166,0.001088564983712459,significant
0.5,betweeness,0.1927742919041782,300,ancova_p_value,,8.0,300.0,0.004992719858471545,0.00292747549649,-0.04500728014152846,5.0324966416326333e-11,significant
0.5,betweeness,0.1927742919041782,300,ancova_p_value,,10.0,300.0,0.0017256705948826214,0.0011052007727313,-0.04827432940511738,0.0,significant
0.5,betweeness,0.1927742919041782,300,ancova_p_value,,15.0,300.0,0.00013201666015390175,9.945754996247491e-05,-0.0498679833398461,0.0,significant
0.5,betweeness,0.1927742919041782,500,ancova_p_value,,0.5,500.0,0.47982953965954955,0.1196838696239283,0.42982953965954956,3.473514041277731e-07,non-significant
0.5,betweeness,0.1927742919041782,500,ancova_p_value,,1.0,500.0,0.3177942072606085,0.0931982563875985,0.2677942072606085,2.3489687448130432e-05,non-significant
0.5,betweeness,0.1927742919041782,500,ancova_p_value,,2.0,500.0,0.15792157401181234,0.0565557768575925,0.10792157401181234,0.007536128323550332,non-significant
0.5,betweeness,0.1927742919041782,500,ancova_p_value,,4.0,500.0,0.046040682769031456,0.0208885713303906,-0.003959317230968547,0.37155167796981825,significant
0.5,betweeness,0.1927742919041782,500,ancova_p_value,,6.0,500.0,0.01464790875937049,0.0077455747360169,-0.03535209124062951,0.0010042491888800908,significant
0.5,betweeness,0.1927742919041782,500,ancova_p_value,,8.0,500.0,0.004865533464805003,0.0028833554898225,-0.045134466535195,3.7759684268223737e-11,significant
0.5,betweeness,0.1927742919041782,500,ancova_p_value,,10.0,500.0,0.0016604995248597615,0.0010775290923969,-0.04833950047514024,0.0,significant
0.5,betweeness,0.1927742919041782,500,ancova_p_value,,15.0,500.0,0.0001217965039979378,9.355074325617096e-05,-0.04987820349600206,0.0,significant
0.5,betweeness,0.1927742919041782,1000,ancova_p_value,,0.5,1000.0,0.4796648624377731,0.1197362277815891,0.42966486243777313,3.546048860412829e-07,non-significant
0.5,betweeness,0.1927742919041782,1000,ancova_p_value,,1.0,1000.0,0.31755241808467255,0.093244843856198,0.26755241808467256,2.4123940783634937e-05,non-significant
0.5,betweeness,0.1927742919041782,1000,ancova_p_value,,2.0,1000.0,0.1576104641334238,0.0565699738597489,0.1076104641334238,0.0077318511487784085,non-significant
0.5,betweeness,0.1927742919041782,1000,ancova_p_value,,4.0,1000.0,0.04577034649325166,0.0208524622444759,-0.0042296535067483446,0.36662424382949355,significant
0.5,betweeness,0.1927742919041782,1000,ancova_p_value,,6.0,1000.0,0.014476528145859816,0.0077017825750772,-0.03552347185414019,0.0009449518301605231,significant
0.5,betweeness,0.1927742919041782,1000,ancova_p_value,,8.0,1000.0,0.00477118583723039,0.0028502587240342,-0.04522881416276961,3.034961171266559e-11,significant
0.5,betweeness,0.1927742919041782,1000,ancova_p_value,,10.0,1000.0,0.0016125523948250528,0.00105689787869,-0.04838744760517495,0.0,significant
0.5,betweeness,0.1927742919041782,1000,ancova_p_value,,15.0,1000.0,0.00011449967420285442,8.925374725207073e-05,-0.049885500325797145,0.0,significant
0.05,clusteringcoef,0.0460629558710394,30,ancova_p_value,,0.5,30.0,0.4849569686830381,0.0282101471611569,0.4349569686830381,3.5079893383791783e-109,non-significant
0.05,clusteringcoef,0.0460629558710394,30,ancova_p_value,,1.0,30.0,0.3253086154260302,0.0219253536500399,0.2753086154260302,4.434072436865644e-77,non-significant
0.05,clusteringcoef,0.0460629558710394,30,ancova_p_value,,2.0,30.0,0.167594108019346,0.0134038079805975,0.11759410801934599,2.696423429534533e-33,non-significant
0.05,clusteringcoef,0.0460629558710394,30,ancova_p_value,,4.0,30.0,0.054625044962983094,0.0052375676733345,0.004625044962983091,0.19021702167368304,non-significant
0.05,clusteringcoef,0.0460629558710394,30,ancova_p_value,,6.0,30.0,0.0203613903722062,0.002159554156944,-0.029638609627793803,0.0,significant
0.05,clusteringcoef,0.0460629558710394,30,ancova_p_value,,8.0,30.0,0.008257335914631373,0.0009341295572436,-0.04174266408536863,0.0,significant
0.05,clusteringcoef,0.0460629558710394,30,ancova_p_value,,10.0,30.0,0.0035685233088176825,0.0004218159484792,-0.04643147669118232,0.0,significant
0.05,clusteringcoef,0.0460629558710394,30,ancova_p_value,,15.0,30.0,0.0005407062921313466,6.796086502599213e-05,-0.049459293707868654,0.0,significant
0.05,clusteringcoef,0.0460629558710394,50,ancova_p_value,,0.5,50.0,0.48278284379668057,0.0283743228292081,0.4327828437966806,4.5416483777172173e-107,non-significant
0.05,clusteringcoef,0.0460629558710394,50,ancova_p_value,,1.0,50.0,0.32212564510024433,0.0220707025191752,0.27212564510024434,2.4157855320749224e-74,non-significant
0.05,clusteringcoef,0.0460629558710394,50,ancova_p_value,,2.0,50.0,0.16349617189550622,0.0134514897475518,0.11349617189550622,1.1516675525232966e-30,non-significant
0.05,clusteringcoef,0.0460629558710394,50,ancova_p_value,,4.0,50.0,0.05094706873769324,0.0051382445723788,0.0009470687376932352,0.43901934759696215,non-significant
0.05,clusteringcoef,0.0460629558710394,50,ancova_p_value,,6.0,50.0,0.01785224137520709,0.0020326422991967,-0.03214775862479291,0.0,significant
0.05,clusteringcoef,0.0460629558710394,50,ancova_p_value,,8.0,50.0,0.006713432842279582,0.0008306954119268,-0.04328656715772042,0.0,significant
0.05,clusteringcoef,0.0460629558710394,50,ancova_p_value,,10.0,50.0,0.0026605541904910716,0.0003499441701697,-0.04733944580950893,0.0,significant
0.05,clusteringcoef,0.0460629558710394,50,ancova_p_value,,15.0,50.0,0.00031306556427201346,4.545326168449091e-05,-0.04968693443572799,0.0,significant
0.05,clusteringcoef,0.0460629558710394,75,ancova_p_value,,0.5,75.0,0.4816914470000123,0.0284569339840615,0.43169144700001233,5.054183158507176e-106,non-significant
0.05,clusteringcoef,0.0460629558710394,75,ancova_p_value,,1.0,75.0,0.3205260061237414,0.0221439841343634,0.2705260061237414,5.3576893258173873e-73,non-significant
0.05,clusteringcoef,0.0460629558710394,75,ancova_p_value,,2.0,75.0,0.16143714082856858,0.0134748739635901,0.11143714082856858,2.127904715854933e-29,non-significant
0.05,clusteringcoef,0.0460629558710394,75,ancova_p_value,,4.0,75.0,0.04912138289485513,0.0050856070356936,-0.0008786171051448702,0.41900932158494975,significant
0.05,clusteringcoef,0.0460629558710394,75,ancova_p_value,,6.0,75.0,0.016639791628428848,0.0019667155468933,-0.03336020837157115,0.0,significant
0.05,clusteringcoef,0.0460629558710394,75,ancova_p_value,,8.0,75.0,0.005996484169924953,0.0007784034605246,-0.04400351583007505,0.0,significant
0.05,clusteringcoef,0.0460629558710394,75,ancova_p_value,,10.0,75.0,0.0022598459055359287,0.0003149583242769,-0.047740154094464075,0.0,significant
0.05,clusteringcoef,0.0460629558710394,75,ancova_p_value,,15.0,75.0,0.0002280430925145892,3.588863244164269e-05,-0.04977195690748541,0.0,significant
0.05,clusteringcoef,0.0460629558710394,100,ancova_p_value,,0.5,100.0,0.48114467698573943,0.028498370477255,0.43114467698573944,1.6766910495509572e-105,non-significant
0.05,clusteringcoef,0.0460629558710394,100,ancova_p_value,,1.0,100.0,0.31972415578412333,0.0221807777709417,0.26972415578412334,2.4910928646198293e-72,non-significant
0.05,clusteringcoef,0.0460629558710394,100,ancova_p_value,,2.0,100.0,0.16040513148560548,0.0134864445994995,0.11040513148560548,8.895737050297994e-29,non-significant
0.05,clusteringcoef,0.0460629558710394,100,ancova_p_value,,4.0,100.0,0.04821217873113365,0.0050585088261102,-0.0017878212688663547,0.35110089554792,significant
0.05,clusteringcoef,0.0460629558710394,100,ancova_p_value,,6.0,100.0,0.016044679166962617,0.001933125059913,-0.033955320833037386,0.0,significant
0.05,clusteringcoef,0.0460629558710394,100,ancova_p_value,,8.0,100.0,0.005652215916228005,0.0007521535239623,-0.044347784083772,0.0,significant
0.05,clusteringcoef,0.0460629558710394,100,ancova_p_value,,10.0,100.0,0.00207287258086666,0.0002977663011686,-0.047927127419133346,0.0,significant
0.05,clusteringcoef,0.0460629558710394,100,ancova_p_value,,15.0,100.0,0.0001920508540141487,3.154751887179833e-05,-0.04980794914598585,0.0,significant
0.05,clusteringcoef,0.0460629558710394,300,ancova_p_value,,0.5,300.0,0.4800490110787622,0.0285815054122248,0.4300490110787622,1.8247984698455026e-104,non-significant
0.05,clusteringcoef,0.0460629558710394,300,ancova_p_value,,1.0,300.0,0.31811640443062633,0.0222546722050392,0.26811640443062634,5.249630683022814e-71,non-significant
0.05,clusteringcoef,0.0460629558710394,300,ancova_p_value,,2.0,300.0,0.15833615787546532,0.013509331962247,0.10833615787546531,1.4709328811985936e-27,non-significant
0.05,clusteringcoef,0.0460629558710394,300,ancova_p_value,,4.0,300.0,0.0464015209831491,0.0050026999484437,-0.0035984790168509043,0.23083590871127135,significant
0.05,clusteringcoef,0.0460629558710394,300,ancova_p_value,,6.0,300.0,0.014877544674688336,0.0018646791004403,-0.03512245532531166,0.0,significant
0.05,clusteringcoef,0.0460629558710394,300,ancova_p_value,,8.0,300.0,0.004992719858471545,0.0006995132664027,-0.04500728014152846,0.0,significant
0.05,clusteringcoef,0.0460629558710394,300,ancova_p_value,,10.0,300.0,0.0017256705948826214,0.0002640850806406,-0.04827432940511738,0.0,significant
0.05,clusteringcoef,0.0460629558710394,300,ancova_p_value,,15.0,300.0,0.00013201666015390175,2.376514362838588e-05,-0.0498679833398461,0.0,significant
0.05,clusteringcoef,0.0460629558710394,500,ancova_p_value,,0.5,500.0,0.47982953965954955,0.0285981743234859,0.42982953965954956,2.9362401825510005e-104,non-significant
0.05,clusteringcoef,0.0460629558710394,500,ancova_p_value,,1.0,500.0,0.3177942072606085,0.0222695004029565,0.2677942072606085,9.618420713114299e-71,non-significant
0.05,clusteringcoef,0.0460629558710394,500,ancova_p_value,,2.0,500.0,0.15792157401181234,0.0135138675801157,0.10792157401181234,2.5552907046658816e-27,non-significant
0.05,clusteringcoef,0.0460629558710394,500,ancova_p_value,,4.0,500.0,0.046040682769031456,0.0049912741470689,-0.003959317230968547,0.2099759578830115,significant
0.05,clusteringcoef,0.0460629558710394,500,ancova_p_value,,6.0,500.0,0.01464790875937049,0.0018507865532107,-0.03535209124062951,0.0,significant
0.05,clusteringcoef,0.0460629558710394,500,ancova_p_value,,8.0,500.0,0.004865533464805003,0.0006889708963591,-0.045134466535195,0.0,significant
0.05,clusteringcoef,0.0460629558710394,500,ancova_p_value,,10.0,500.0,0.0016604995248597615,0.0002574729988245,-0.04833950047514024,0.0,significant
0.05,clusteringcoef,0.0460629558710394,500,ancova_p_value,,15.0,500.0,0.0001217965039979378,2.235372629693753e-05,-0.04987820349600206,0.0,significant
0.05,clusteringcoef,0.0460629558710394,1000,ancova_p_value,,0.5,1000.0,0.4796648624377731,0.028610685180001,0.42966486243777313,4.19328360475506e-104,non-significant
0.05,clusteringcoef,0.0460629558710394,1000,ancova_p_value,,1.0,1000.0,0.31755241808467255,0.0222806323671258,0.26755241808467256,1.513378042455631e-70,non-significant
0.05,clusteringcoef,0.0460629558710394,1000,ancova_p_value,,2.0,1000.0,0.1576104641334238,0.013517259919817,0.1076104641334238,3.859129655493939e-27,non-significant
0.05,clusteringcoef,0.0460629558710394,1000,ancova_p_value,,4.0,1000.0,0.04577034649325166,0.0049826459673744,-0.0042296535067483446,0.19510548001256256,significant
0.05,clusteringcoef,0.0460629558710394,1000,ancova_p_value,,6.0,1000.0,0.014476528145859816,0.0018403225211195,-0.03552347185414019,0.0,significant
0.05,clusteringcoef,0.0460629558710394,1000,ancova_p_value,,8.0,1000.0,0.00477118583723039,0.0006810625033523,-0.04522881416276961,0.0,significant
0.05,clusteringcoef,0.0460629558710394,1000,ancova_p_value,,10.0,1000.0,0.0016125523948250528,0.0002525432196659,-0.04838744760517495,0.0,significant
0.05,clusteringcoef,0.0460629558710394,1000,ancova_p_value,,15.0,1000.0,0.00011449967420285442,2.1326969381584487e-05,-0.049885500325797145,0.0,significant
0.1,clusteringcoef,0.0450021927077514,30,ancova_p_value,,0.5,30.0,0.4849569686830381,0.0275605083272257,0.4349569686830381,2.6377263672926745e-114,non-significant
0.1,clusteringcoef,0.0450021927077514,30,ancova_p_value,,1.0,30.0,0.3253086154260302,0.0214204445087521,0.2753086154260302,1.1439674127283901e-80,non-significant
0.1,clusteringcoef,0.0450021927077514,30,ancova_p_value,,2.0,30.0,0.167594108019346,0.0130951376947954,0.11759410801934599,8.50060611541327e-35,non-significant
0.1,clusteringcoef,0.0450021927077514,30,ancova_p_value,,4.0,30.0,0.054625044962983094,0.0051169540750961,0.004625044962983091,0.18427243813089364,non-significant
0.1,clusteringcoef,0.0450021927077514,30,ancova_p_value,,6.0,30.0,0.0203613903722062,0.002109822752272,-0.029638609627793803,0.0,significant
0.1,clusteringcoef,0.0450021927077514,30,ancova_p_value,,8.0,30.0,0.008257335914631373,0.0009126179063883,-0.04174266408536863,0.0,significant
0.1,clusteringcoef,0.0450021927077514,30,ancova_p_value,,10.0,30.0,0.0035685233088176825,0.0004121021380784,-0.04643147669118232,0.0,significant
0.1,clusteringcoef,0.0450021927077514,30,ancova_p_value,,15.0,30.0,0.0005407062921313466,6.639582472839185e-05,-0.049459293707868654,0.0,significant
0.1,clusteringcoef,0.0450021927077514,50,ancova_p_value,,0.5,50.0,0.48278284379668057,0.0277209032674082,0.4327828437966806,4.305635989985704e-112,non-significant
0.1,clusteringcoef,0.0450021927077514,50,ancova_p_value,,1.0,50.0,0.32212564510024433,0.0215624462039319,0.27212564510024434,8.413061211648678e-78,non-significant
0.1,clusteringcoef,0.0450021927077514,50,ancova_p_value,,2.0,50.0,0.16349617189550622,0.0131417214197116,0.11349617189550622,4.8393130049210423e-32,non-significant
0.1,clusteringcoef,0.0450021927077514,50,ancova_p_value,,4.0,50.0,0.05094706873769324,0.0050199182413113,0.0009470687376932352,0.43700657527571535,non-significant
0.1,clusteringcoef,0.0450021927077514,50,ancova_p_value,,6.0,50.0,0.01785224137520709,0.0019858334908092,-0.03214775862479291,0.0,significant
0.1,clusteringcoef,0.0450021927077514,50,ancova_p_value,,8.0,50.0,0.006713432842279582,0.0008115656996401,-0.04328656715772042,0.0,significant
0.1,clusteringcoef,0.0450021927077514,50,ancova_p_value,,10.0,50.0,0.0026605541904910716,0.0003418854627354,-0.04733944580950893,0.0,significant
0.1,clusteringcoef,0.0450021927077514,50,ancova_p_value,,15.0,50.0,0.00031306556427201346,4.440653889533287e-05,-0.04968693443572799,0.0,significant
0.1,clusteringcoef,0.0450021927077514,75,ancova_p_value,,0.5,75.0,0.4816914470000123,0.0278016120070064,0.43169144700001233,5.374532787858245e-111,non-significant
0.1,clusteringcoef,0.0450021927077514,75,ancova_p_value,,1.0,75.0,0.3205260061237414,0.021634040249652,0.2705260061237414,2.1624916202817052e-76,non-significant
0.1,clusteringcoef,0.0450021927077514,75,ancova_p_value,,2.0,75.0,0.16143714082856858,0.0131645671311206,0.11143714082856858,1.0267744495242184e-30,non-significant
0.1,clusteringcoef,0.0450021927077514,75,ancova_p_value,,4.0,75.0,0.04912138289485513,0.0049684928708639,-0.0008786171051448702,0.41772154331209277,significant
0.1,clusteringcoef,0.0450021927077514,75,ancova_p_value,,6.0,75.0,0.016639791628428848,0.0019214249361333,-0.03336020837157115,0.0,significant
0.1,clusteringcoef,0.0450021927077514,75,ancova_p_value,,8.0,75.0,0.005996484169924953,0.0007604779561472,-0.04400351583007505,0.0,significant
0.1,clusteringcoef,0.0450021927077514,75,ancova_p_value,,10.0,75.0,0.0022598459055359287,0.0003077052902055,-0.047740154094464075,0.0,significant
0.1,clusteringcoef,0.0450021927077514,75,ancova_p_value,,15.0,75.0,0.0002280430925145892,3.506216921202585e-05,-0.04977195690748541,0.0,significant
0.1,clusteringcoef,0.0450021927077514,100,ancova_p_value,,0.5,100.0,0.48114467698573943,0.0278420942777718,0.43114467698573944,1.887819125283492e-110,non-significant
0.1,clusteringcoef,0.0450021927077514,100,ancova_p_value,,1.0,100.0,0.31972415578412333,0.0216699865820661,0.26972415578412334,1.0817885467515509e-75,non-significant
0.1,clusteringcoef,0.0450021927077514,100,ancova_p_value,,2.0,100.0,0.16040513148560548,0.0131758713120421,0.11040513148560548,4.5936596693192365e-30,non-significant
0.1,clusteringcoef,0.0450021927077514,100,ancova_p_value,,4.0,100.0,0.04821217873113365,0.0049420186938024,-0.0017878212688663547,0.3483330736172494,significant
0.1,clusteringcoef,0.0450021927077514,100,ancova_p_value,,6.0,100.0,0.016044679166962617,0.0018886079894209,-0.033955320833037386,0.0,significant
0.1,clusteringcoef,0.0450021927077514,100,ancova_p_value,,8.0,100.0,0.005652215916228005,0.0007348325176076,-0.044347784083772,0.0,significant
0.1,clusteringcoef,0.0450021927077514,100,ancova_p_value,,10.0,100.0,0.00207287258086666,0.0002909091744911,-0.047927127419133346,0.0,significant
0.1,clusteringcoef,0.0450021927077514,100,ancova_p_value,,15.0,100.0,0.0001920508540141487,3.0821025200701194e-05,-0.04980794914598585,0.0,significant
0.1,clusteringcoef,0.0450021927077514,300,ancova_p_value,,0.5,300.0,0.4800490110787622,0.027923314735589,0.4300490110787622,2.302110995663636e-109,non-significant
0.1,clusteringcoef,0.0450021927077514,300,ancova_p_value,,1.0,300.0,0.31811640443062633,0.0217421793343635,0.26811640443062634,2.6357401325190675e-74,non-significant
0.1,clusteringcoef,0.0450021927077514,300,ancova_p_value,,2.0,300.0,0.15833615787546532,0.013198231611972,0.10833615787546531,8.676106430320372e-29,non-significant
0.1,clusteringcoef,0.0450021927077514,300,ancova_p_value,,4.0,300.0,0.0464015209831491,0.0048874950137637,-0.0035984790168509043,0.22606284866539306,significant
0.1,clusteringcoef,0.0450021927077514,300,ancova_p_value,,6.0,300.0,0.014877544674688336,0.0018217382412684,-0.03512245532531166,0.0,significant
0.1,clusteringcoef,0.0450021927077514,300,ancova_p_value,,8.0,300.0,0.004992719858471545,0.0006834044889437,-0.04500728014152846,0.0,significant
0.1,clusteringcoef,0.0450021927077514,300,ancova_p_value,,10.0,300.0,0.0017256705948826214,0.0002580035836932,-0.04827432940511738,0.0,significant
0.1,clusteringcoef,0.0450021927077514,300,ancova_p_value,,15.0,300.0,0.00013201666015390175,2.3217866788362465e-05,-0.0498679833398461,0.0,significant
0.1,clusteringcoef,0.0450021927077514,500,ancova_p_value,,0.5,500.0,0.47982953965954955,0.0279395997859644,0.42982953965954956,3.789192762111498e-109,non-significant
0.1,clusteringcoef,0.0450021927077514,500,ancova_p_value,,1.0,500.0,0.3177942072606085,0.0217566660603577,0.2677942072606085,4.970466738265916e-74,non-significant
0.1,clusteringcoef,0.0450021927077514,500,ancova_p_value,,2.0,500.0,0.15792157401181234,0.0132026627811299,0.10792157401181234,1.547175222588484e-28,non-significant
0.1,clusteringcoef,0.0450021927077514,500,ancova_p_value,,4.0,500.0,0.046040682769031456,0.0048763323320472,-0.003959317230968547,0.2049878405203046,significant
0.1,clusteringcoef,0.0450021927077514,500,ancova_p_value,,6.0,500.0,0.01464790875937049,0.0018081656192817,-0.03535209124062951,0.0,significant
0.1,clusteringcoef,0.0450021927077514,500,ancova_p_value,,8.0,500.0,0.004865533464805003,0.0006731048944142,-0.045134466535195,0.0,significant
0.1,clusteringcoef,0.0450021927077514,500,ancova_p_value,,10.0,500.0,0.0016604995248597615,0.0002515437685454,-0.04833950047514024,0.0,significant
0.1,clusteringcoef,0.0450021927077514,500,ancova_p_value,,15.0,500.0,0.0001217965039979378,2.1838952353980003e-05,-0.04987820349600206,0.0,significant
0.1,clusteringcoef,0.0450021927077514,1000,ancova_p_value,,0.5,1000.0,0.4796648624377731,0.0279518225355727,0.42966486243777313,5.504071622973375e-109,non-significant
0.1,clusteringcoef,0.0450021927077514,1000,ancova_p_value,,1.0,1000.0,0.31755241808467255,0.021767541671514,0.26755241808467256,7.991199679274407e-74,non-significant
0.1,clusteringcoef,0.0450021927077514,1000,ancova_p_value,,2.0,1000.0,0.1576104641334238,0.0132059770001609,0.1076104641334238,2.382724464537576e-28,non-significant
0.1,clusteringcoef,0.0450021927077514,1000,ancova_p_value,,4.0,1000.0,0.04577034649325166,0.0048679028468353,-0.0042296535067483446,0.1899978445498951,significant
0.1,clusteringcoef,0.0450021927077514,1000,ancova_p_value,,6.0,1000.0,0.014476528145859816,0.001797942558695,-0.03552347185414019,0.0,significant
0.1,clusteringcoef,0.0450021927077514,1000,ancova_p_value,,8.0,1000.0,0.00477118583723039,0.0006653786202451,-0.04522881416276961,0.0,significant
0.1,clusteringcoef,0.0450021927077514,1000,ancova_p_value,,10.0,1000.0,0.0016125523948250528,0.0002467275150613,-0.04838744760517495,0.0,significant
0.1,clusteringcoef,0.0450021927077514,1000,ancova_p_value,,15.0,1000.0,0.00011449967420285442,2.0835840163392494e-05,-0.049885500325797145,0.0,significant
0.2,clusteringcoef,0.0543516798291376,30,ancova_p_value,,0.5,30.0,0.4849569686830381,0.0332863763829809,0.4349569686830381,6.649782028470942e-79,non-significant
0.2,clusteringcoef,0.0543516798291376,30,ancova_p_value,,1.0,30.0,0.3253086154260302,0.0258706758867989,0.2753086154260302,7.1598413876118865e-56,non-significant
0.2,clusteringcoef,0.0543516798291376,30,ancova_p_value,,2.0,30.0,0.167594108019346,0.0158157344893863,0.11759410801934599,2.0456410480282054e-24,non-significant
0.2,clusteringcoef,0.0543516798291376,30,ancova_p_value,,4.0,30.0,0.054625044962983094,0.0061800333018467,0.004625044962983091,0.23174086842722905,non-significant
0.2,clusteringcoef,0.0543516798291376,30,ancova_p_value,,6.0,30.0,0.0203613903722062,0.0025481516305752,-0.029638609627793803,0.0,significant
0.2,clusteringcoef,0.0543516798291376,30,ancova_p_value,,8.0,30.0,0.008257335914631373,0.0011022199868454,-0.04174266408536863,0.0,significant
0.2,clusteringcoef,0.0543516798291376,30,ancova_p_value,,10.0,30.0,0.0035685233088176825,0.0004977189358571,-0.04643147669118232,0.0,significant
0.2,clusteringcoef,0.0543516798291376,30,ancova_p_value,,15.0,30.0,0.0005407062921313466,8.018997276564939e-05,-0.049459293707868654,0.0,significant
0.2,clusteringcoef,0.0543516798291376,50,ancova_p_value,,0.5,50.0,0.48278284379668057,0.0334800943756046,0.4327828437966806,2.189901977065755e-77,non-significant
0.2,clusteringcoef,0.0543516798291376,50,ancova_p_value,,1.0,50.0,0.32212564510024433,0.026042179322681,0.27212564510024434,6.631080275803526e-54,non-significant
0.2,clusteringcoef,0.0543516798291376,50,ancova_p_value,,2.0,50.0,0.16349617189550622,0.0158719962746361,0.11349617189550622,1.6003049802471438e-22,non-significant
0.2,clusteringcoef,0.0543516798291376,50,ancova_p_value,,4.0,50.0,0.05094706873769324,0.0060628376664234,0.0009470687376932352,0.4524704437532713,non-significant
0.2,clusteringcoef,0.0543516798291376,50,ancova_p_value,,6.0,50.0,0.01785224137520709,0.0023984028242218,-0.03214775862479291,0.0,significant
0.2,clusteringcoef,0.0543516798291376,50,ancova_p_value,,8.0,50.0,0.006713432842279582,0.0009801735518446,-0.04328656715772042,0.0,significant
0.2,clusteringcoef,0.0543516798291376,50,ancova_p_value,,10.0,50.0,0.0026605541904910716,0.000412914306854,-0.04733944580950893,0.0,significant
0.2,clusteringcoef,0.0543516798291376,50,ancova_p_value,,15.0,50.0,0.00031306556427201346,5.363227521008221e-05,-0.04968693443572799,0.0,significant
0.2,clusteringcoef,0.0543516798291376,75,ancova_p_value,,0.5,75.0,0.4816914470000123,0.0335775708608627,0.43169144700001233,1.2368346245244984e-76,non-significant
0.2,clusteringcoef,0.0543516798291376,75,ancova_p_value,,1.0,75.0,0.3205260061237414,0.0261286474793755,0.2705260061237414,6.151544510451056e-53,non-significant
0.2,clusteringcoef,0.0543516798291376,75,ancova_p_value,,2.0,75.0,0.16143714082856858,0.0158995883255398,0.11143714082856858,1.306210803482624e-21,non-significant
0.2,clusteringcoef,0.0543516798291376,75,ancova_p_value,,4.0,75.0,0.04912138289485513,0.0060007283534883,-0.0008786171051448702,0.42696383646156755,significant
0.2,clusteringcoef,0.0543516798291376,75,ancova_p_value,,6.0,75.0,0.016639791628428848,0.0023206129892966,-0.03336020837157115,0.0,significant
0.2,clusteringcoef,0.0543516798291376,75,ancova_p_value,,8.0,75.0,0.005996484169924953,0.0009184720099764,-0.04400351583007505,0.0,significant
0.2,clusteringcoef,0.0543516798291376,75,ancova_p_value,,10.0,75.0,0.0022598459055359287,0.0003716329896098,-0.047740154094464075,0.0,significant
0.2,clusteringcoef,0.0543516798291376,75,ancova_p_value,,15.0,75.0,0.0002280430925145892,4.234655425576251e-05,-0.04977195690748541,0.0,significant
0.2,clusteringcoef,0.0543516798291376,100,ancova_p_value,,0.5,100.0,0.48114467698573943,0.0336264635766841,0.43114467698573944,2.9276552889509596e-76,non-significant
0.2,clusteringcoef,0.0543516798291376,100,ancova_p_value,,1.0,100.0,0.31972415578412333,0.026172061887271,0.26972415578412334,1.856532653229546e-52,non-significant
0.2,clusteringcoef,0.0543516798291376,100,ancova_p_value,,2.0,100.0,0.16040513148560548,0.0159132410207799,0.11040513148560548,3.6581067664131e-21,non-significant
0.2,clusteringcoef,0.0543516798291376,100,ancova_p_value,,4.0,100.0,0.04821217873113365,0.0059687540004888,-0.0017878212688663547,0.3688072024091953,significant
0.2,clusteringcoef,0.0543516798291376,100,ancova_p_value,,6.0,100.0,0.016044679166962617,0.0022809781165635,-0.033955320833037386,0.0,significant
0.2,clusteringcoef,0.0543516798291376,100,ancova_p_value,,8.0,100.0,0.005652215916228005,0.0008874985711123,-0.044347784083772,0.0,significant
0.2,clusteringcoef,0.0543516798291376,100,ancova_p_value,,10.0,100.0,0.00207287258086666,0.0003513473757597,-0.047927127419133346,0.0,significant
0.2,clusteringcoef,0.0543516798291376,100,ancova_p_value,,15.0,100.0,0.0001920508540141487,3.722428603852791e-05,-0.04980794914598585,0.0,significant
0.2,clusteringcoef,0.0543516798291376,300,ancova_p_value,,0.5,300.0,0.4800490110787622,0.0337245580928229,0.4300490110787622,1.6272706190104127e-75,non-significant
0.2,clusteringcoef,0.0543516798291376,300,ancova_p_value,,1.0,300.0,0.31811640443062633,0.0262592531355805,0.26811640443062634,1.660284460697394e-51,non-significant
0.2,clusteringcoef,0.0543516798291376,300,ancova_p_value,,2.0,300.0,0.15833615787546532,0.0159402468129324,0.10833615787546531,2.7574216265174523e-20,non-significant
0.2,clusteringcoef,0.0543516798291376,300,ancova_p_value,,4.0,300.0,0.0464015209831491,0.0059029026847582,-0.0035984790168509043,0.2626958895809677,significant
0.2,clusteringcoef,0.0543516798291376,300,ancova_p_value,,6.0,300.0,0.014877544674688336,0.002200215759817,-0.03512245532531166,0.0,significant
0.2,clusteringcoef,0.0543516798291376,300,ancova_p_value,,8.0,300.0,0.004992719858471545,0.0008253860476995,-0.04500728014152846,0.0,significant
0.2,clusteringcoef,0.0543516798291376,300,ancova_p_value,,10.0,300.0,0.0017256705948826214,0.0003116054425777,-0.04827432940511738,0.0,significant
0.2,clusteringcoef,0.0543516798291376,300,ancova_p_value,,15.0,300.0,0.00013201666015390175,2.804152389177434e-05,-0.0498679833398461,0.0,significant
0.2,clusteringcoef,0.0543516798291376,500,ancova_p_value,,0.5,500.0,0.47982953965954955,0.0337442264643121,0.42982953965954956,2.290291680094667e-75,non-significant
0.2,clusteringcoef,0.0543516798291376,500,ancova_p_value,,1.0,500.0,0.3177942072606085,0.0262767495695459,0.2677942072606085,2.5657013553573754e-51,non-significant
0.2,clusteringcoef,0.0543516798291376,500,ancova_p_value,,2.0,500.0,0.15792157401181234,0.0159455985852094,0.10792157401181234,4.1039655684536114e-20,non-significant
0.2,clusteringcoef,0.0543516798291376,500,ancova_p_value,,4.0,500.0,0.046040682769031456,0.0058894208860683,-0.003959317230968547,0.24359763204088403,significant
0.2,clusteringcoef,0.0543516798291376,500,ancova_p_value,,6.0,500.0,0.01464790875937049,0.0021838233406864,-0.03535209124062951,0.0,significant
0.2,clusteringcoef,0.0543516798291376,500,ancova_p_value,,8.0,500.0,0.004865533464805003,0.0008129466479603,-0.045134466535195,0.0,significant
0.2,clusteringcoef,0.0543516798291376,500,ancova_p_value,,10.0,500.0,0.0016604995248597615,0.0003038035604127,-0.04833950047514024,0.0,significant
0.2,clusteringcoef,0.0543516798291376,500,ancova_p_value,,15.0,500.0,0.0001217965039979378,2.637613135554748e-05,-0.04987820349600206,0.0,significant
0.2,clusteringcoef,0.0543516798291376,1000,ancova_p_value,,0.5,1000.0,0.4796648624377731,0.0337589885666314,0.42966486243777313,2.958639877249159e-75,non-significant
0.2,clusteringcoef,0.0543516798291376,1000,ancova_p_value,,1.0,1000.0,0.31755241808467255,0.0262898846569704,0.26755241808467256,3.553821448640995e-51,non-significant
0.2,clusteringcoef,0.0543516798291376,1000,ancova_p_value,,2.0,1000.0,0.1576104641334238,0.0159496013539817,0.1076104641334238,5.52242053514008e-20,non-significant
0.2,clusteringcoef,0.0543516798291376,1000,ancova_p_value,,4.0,1000.0,0.04577034649325166,0.0058792401225589,-0.0042296535067483446,0.2298007518297852,significant
0.2,clusteringcoef,0.0543516798291376,1000,ancova_p_value,,6.0,1000.0,0.014476528145859816,0.0021714763752954,-0.03552347185414019,0.0,significant
0.2,clusteringcoef,0.0543516798291376,1000,ancova_p_value,,8.0,1000.0,0.00477118583723039,0.0008036151919879,-0.04522881416276961,0.0,significant
0.2,clusteringcoef,0.0543516798291376,1000,ancova_p_value,,10.0,1000.0,0.0016125523948250528,0.0002979867001312,-0.04838744760517495,0.0,significant
0.2,clusteringcoef,0.0543516798291376,1000,ancova_p_value,,15.0,1000.0,0.00011449967420285442,2.516461633072234e-05,-0.049885500325797145,0.0,significant
0.3,clusteringcoef,0.0647762287635769,30,ancova_p_value,,0.5,30.0,0.4849569686830381,0.0396706401361046,0.4349569686830381,4.890003149916654e-56,non-significant
0.3,clusteringcoef,0.0647762287635769,30,ancova_p_value,,1.0,30.0,0.3253086154260302,0.0308326223730301,0.2753086154260302,7.555386228712111e-40,non-significant
0.3,clusteringcoef,0.0647762287635769,30,ancova_p_value,,2.0,30.0,0.167594108019346,0.018849162317873,0.11759410801934599,1.0771493299301116e-17,non-significant
0.3,clusteringcoef,0.0647762287635769,30,ancova_p_value,,4.0,30.0,0.054625044962983094,0.0073653519483741,0.004625044962983091,0.2734703109052782,non-significant
0.3,clusteringcoef,0.0647762287635769,30,ancova_p_value,,6.0,30.0,0.0203613903722062,0.003036882272366,-0.029638609627793803,3.297362383136715e-13,significant
0.3,clusteringcoef,0.0647762287635769,30,ancova_p_value,,8.0,30.0,0.008257335914631373,0.0013136236863357,-0.04174266408536863,0.0,significant
0.3,clusteringcoef,0.0647762287635769,30,ancova_p_value,,10.0,30.0,0.0035685233088176825,0.000593180482193,-0.04643147669118232,0.0,significant
0.3,clusteringcoef,0.0647762287635769,30,ancova_p_value,,15.0,30.0,0.0005407062921313466,9.557025719797568e-05,-0.049459293707868654,0.0,significant
0.3,clusteringcoef,0.0647762287635769,50,ancova_p_value,,0.5,50.0,0.48278284379668057,0.0399015128716901,0.4327828437966806,5.732544342193747e-55,non-significant
0.3,clusteringcoef,0.0647762287635769,50,ancova_p_value,,1.0,50.0,0.32212564510024433,0.0310370198420939,0.27212564510024434,1.837757635654417e-38,non-significant
0.3,clusteringcoef,0.0647762287635769,50,ancova_p_value,,2.0,50.0,0.16349617189550622,0.0189162150066481,0.11349617189550622,2.341034721982504e-16,non-significant
0.3,clusteringcoef,0.0647762287635769,50,ancova_p_value,,4.0,50.0,0.05094706873769324,0.0072256784127238,0.0009470687376932352,0.46538105873524743,non-significant
0.3,clusteringcoef,0.0647762287635769,50,ancova_p_value,,6.0,50.0,0.01785224137520709,0.0028584119294453,-0.03214775862479291,1.6653345369377348e-15,significant
0.3,clusteringcoef,0.0647762287635769,50,ancova_p_value,,8.0,50.0,0.006713432842279582,0.0011681689769643,-0.04328656715772042,0.0,significant
0.3,clusteringcoef,0.0647762287635769,50,ancova_p_value,,10.0,50.0,0.0026605541904910716,0.000492110486458,-0.04733944580950893,0.0,significant
0.3,clusteringcoef,0.0647762287635769,50,ancova_p_value,,15.0,50.0,0.00031306556427201346,6.391884370530453e-05,-0.04968693443572799,0.0,significant
0.3,clusteringcoef,0.0647762287635769,75,ancova_p_value,,0.5,75.0,0.4816914470000123,0.0400176851616358,0.43169144700001233,1.940867827049653e-54,non-significant
0.3,clusteringcoef,0.0647762287635769,75,ancova_p_value,,1.0,75.0,0.3205260061237414,0.0311400724269711,0.2705260061237414,8.832681676349477e-38,non-significant
0.3,clusteringcoef,0.0647762287635769,75,ancova_p_value,,2.0,75.0,0.16143714082856858,0.0189490991604961,0.11143714082856858,1.031533699089458e-15,non-significant
0.3,clusteringcoef,0.0647762287635769,75,ancova_p_value,,4.0,75.0,0.04912138289485513,0.0071516566515624,-0.0008786171051448702,0.43326022616871973,significant
0.3,clusteringcoef,0.0647762287635769,75,ancova_p_value,,6.0,75.0,0.016639791628428848,0.0027657021519659,-0.03336020837157115,1.1102230246251565e-16,significant
0.3,clusteringcoef,0.0647762287635769,75,ancova_p_value,,8.0,75.0,0.005996484169924953,0.0010946331965857,-0.04400351583007505,0.0,significant
0.3,clusteringcoef,0.0647762287635769,75,ancova_p_value,,10.0,75.0,0.0022598459055359287,0.0004429114909923,-0.047740154094464075,0.0,significant
0.3,clusteringcoef,0.0647762287635769,75,ancova_p_value,,15.0,75.0,0.0002280430925145892,5.046854291244852e-05,-0.04977195690748541,0.0,significant
0.3,clusteringcoef,0.0647762287635769,100,ancova_p_value,,0.5,100.0,0.48114467698573943,0.0400759554074657,0.43114467698573944,3.5612235416559833e-54,non-significant
0.3,clusteringcoef,0.0647762287635769,100,ancova_p_value,,1.0,100.0,0.31972415578412333,0.0311918136358226,0.26972415578412334,1.9239531030536586e-37,non-significant
0.3,clusteringcoef,0.0647762287635769,100,ancova_p_value,,2.0,100.0,0.16040513148560548,0.0189653704167459,0.11040513148560548,2.1352033039258356e-15,non-significant
0.3,clusteringcoef,0.0647762287635769,100,ancova_p_value,,4.0,100.0,0.04821217873113365,0.0071135496784022,-0.0017878212688663547,0.38405589865526335,significant
0.3,clusteringcoef,0.0647762287635769,100,ancova_p_value,,6.0,100.0,0.016044679166962617,0.0027184653859405,-0.033955320833037386,0.0,significant
0.3,clusteringcoef,0.0647762287635769,100,ancova_p_value,,8.0,100.0,0.005652215916228005,0.0010577191109905,-0.044347784083772,0.0,significant
0.3,clusteringcoef,0.0647762287635769,100,ancova_p_value,,10.0,100.0,0.00207287258086666,0.0004187351349441,-0.047927127419133346,0.0,significant
0.3,clusteringcoef,0.0647762287635769,100,ancova_p_value,,15.0,100.0,0.0001920508540141487,4.436383338238333e-05,-0.04980794914598585,0.0,significant
0.3,clusteringcoef,0.0647762287635769,300,ancova_p_value,,0.5,300.0,0.4800490110787622,0.040192864265441,0.4300490110787622,1.1922279030521648e-53,non-significant
0.3,clusteringcoef,0.0647762287635769,300,ancova_p_value,,1.0,300.0,0.31811640443062633,0.0312957279999128,0.26811640443062634,9.011604340945134e-37,non-significant
0.3,clusteringcoef,0.0647762287635769,300,ancova_p_value,,2.0,300.0,0.15833615787546532,0.018997555868528,0.10833615787546531,8.897081242742884e-15,non-significant
0.3,clusteringcoef,0.0647762287635769,300,ancova_p_value,,4.0,300.0,0.0464015209831491,0.0070350682054181,-0.0035984790168509043,0.29222193734978374,significant
0.3,clusteringcoef,0.0647762287635769,300,ancova_p_value,,6.0,300.0,0.014877544674688336,0.0026222129626015,-0.03512245532531166,0.0,significant
0.3,clusteringcoef,0.0647762287635769,300,ancova_p_value,,8.0,300.0,0.004992719858471545,0.000983693523588,-0.04500728014152846,0.0,significant
0.3,clusteringcoef,0.0647762287635769,300,ancova_p_value,,10.0,300.0,0.0017256705948826214,0.0003713707744791,-0.04827432940511738,0.0,significant
0.3,clusteringcoef,0.0647762287635769,300,ancova_p_value,,15.0,300.0,0.00013201666015390175,3.3419834901204066e-05,-0.0498679833398461,0.0,significant
0.3,clusteringcoef,0.0647762287635769,500,ancova_p_value,,0.5,500.0,0.47982953965954955,0.040216304993216,0.42982953965954956,1.516768767296072e-53,non-significant
0.3,clusteringcoef,0.0647762287635769,500,ancova_p_value,,1.0,500.0,0.3177942072606085,0.0313165802166732,0.2677942072606085,1.2246973381209141e-36,non-significant
0.3,clusteringcoef,0.0647762287635769,500,ancova_p_value,,2.0,500.0,0.15792157401181234,0.0190039341005605,0.10792157401181234,1.1783639895663506e-14,non-significant
0.3,clusteringcoef,0.0647762287635769,500,ancova_p_value,,4.0,500.0,0.046040682769031456,0.007019000623352,-0.003959317230968547,0.27522785973453157,significant
0.3,clusteringcoef,0.0647762287635769,500,ancova_p_value,,6.0,500.0,0.01464790875937049,0.0026026765086239,-0.03535209124062951,0.0,significant
0.3,clusteringcoef,0.0647762287635769,500,ancova_p_value,,8.0,500.0,0.004865533464805003,0.000968868270611,-0.045134466535195,0.0,significant
0.3,clusteringcoef,0.0647762287635769,500,ancova_p_value,,10.0,500.0,0.0016604995248597615,0.0003620725061369,-0.04833950047514024,0.0,significant
0.3,clusteringcoef,0.0647762287635769,500,ancova_p_value,,15.0,500.0,0.0001217965039979378,3.143502324042534e-05,-0.04987820349600206,0.0,significant
0.3,clusteringcoef,0.0647762287635769,1000,ancova_p_value,,0.5,1000.0,0.4796648624377731,0.0402338984387153,0.42966486243777313,1.8165762734465942e-53,non-significant
0.3,clusteringcoef,0.0647762287635769,1000,ancova_p_value,,1.0,1000.0,0.31755241808467255,0.0313322345889119,0.26755241808467256,1.5408242701922173e-36,non-significant
0.3,clusteringcoef,0.0647762287635769,1000,ancova_p_value,,2.0,1000.0,0.1576104641334238,0.0190087045927789,0.1076104641334238,1.4533909555945105e-14,non-significant
0.3,clusteringcoef,0.0647762287635769,1000,ancova_p_value,,4.0,1000.0,0.04577034649325166,0.0070068672087429,-0.0042296535067483446,0.26282726161458303,significant
0.3,clusteringcoef,0.0647762287635769,1000,ancova_p_value,,6.0,1000.0,0.014476528145859816,0.0025879614187275,-0.03552347185414019,0.0,significant
0.3,clusteringcoef,0.0647762287635769,1000,ancova_p_value,,8.0,1000.0,0.00477118583723039,0.0009577470591109,-0.04522881416276961,0.0,significant
0.3,clusteringcoef,0.0647762287635769,1000,ancova_p_value,,10.0,1000.0,0.0016125523948250528,0.0003551399831041,-0.04838744760517495,0.0,significant
0.3,clusteringcoef,0.0647762287635769,1000,ancova_p_value,,15.0,1000.0,0.00011449967420285442,2.999114193546312e-05,-0.049885500325797145,0.0,significant
0.4,clusteringcoef,0.0917389556213501,30,ancova_p_value,,0.5,30.0,0.4849569686830381,0.0561833123721927,0.4349569686830381,1.0586313665067116e-28,non-significant
0.4,clusteringcoef,0.0917389556213501,30,ancova_p_value,,1.0,30.0,0.3253086154260302,0.0436665213390708,0.2753086154260302,1.1238025842543505e-20,non-significant
0.4,clusteringcoef,0.0917389556213501,30,ancova_p_value,,2.0,30.0,0.167594108019346,0.0266950160326607,0.11759410801934599,1.2813828272072961e-09,non-significant
0.4,clusteringcoef,0.0917389556213501,30,ancova_p_value,,4.0,30.0,0.054625044962983094,0.0104311366750553,0.004625044962983091,0.3465758283857111,non-significant
0.4,clusteringcoef,0.0917389556213501,30,ancova_p_value,,6.0,30.0,0.0203613903722062,0.0043009667794756,-0.029638609627793803,1.6538973712787453e-07,significant
0.4,clusteringcoef,0.0917389556213501,30,ancova_p_value,,8.0,30.0,0.008257335914631373,0.0018604118727527,-0.04174266408536863,0.0,significant
0.4,clusteringcoef,0.0917389556213501,30,ancova_p_value,,10.0,30.0,0.0035685233088176825,0.0008400883930735,-0.04643147669118232,0.0,significant
0.4,clusteringcoef,0.0917389556213501,30,ancova_p_value,,15.0,30.0,0.0005407062921313466,0.0001353508185202,-0.049459293707868654,0.0,significant
0.4,clusteringcoef,0.0917389556213501,50,ancova_p_value,,0.5,50.0,0.48278284379668057,0.0565102845354126,0.4327828437966806,3.6200429009222152e-28,non-significant
0.4,clusteringcoef,0.0917389556213501,50,ancova_p_value,,1.0,50.0,0.32212564510024433,0.0439559980607242,0.27212564510024434,5.54747935877373e-20,non-significant
0.4,clusteringcoef,0.0917389556213501,50,ancova_p_value,,2.0,50.0,0.16349617189550622,0.0267899790114763,0.11349617189550622,6.041127822077221e-09,non-significant
0.4,clusteringcoef,0.0917389556213501,50,ancova_p_value,,4.0,50.0,0.05094706873769324,0.010233324846039,0.0009470687376932352,0.48829307277449324,non-significant
0.4,clusteringcoef,0.0917389556213501,50,ancova_p_value,,6.0,50.0,0.01785224137520709,0.0040482091987789,-0.03214775862479291,1.1060436677645669e-08,significant
0.4,clusteringcoef,0.0917389556213501,50,ancova_p_value,,8.0,50.0,0.006713432842279582,0.0016544124902224,-0.04328656715772042,0.0,significant
0.4,clusteringcoef,0.0917389556213501,50,ancova_p_value,,10.0,50.0,0.0026605541904910716,0.0006969486019748,-0.04733944580950893,0.0,significant
0.4,clusteringcoef,0.0917389556213501,50,ancova_p_value,,15.0,50.0,0.00031306556427201346,9.052468904065216e-05,-0.04968693443572799,0.0,significant
0.4,clusteringcoef,0.0917389556213501,75,ancova_p_value,,0.5,75.0,0.4816914470000123,0.056674812862473,0.43169144700001233,6.6569307305763146e-28,non-significant
0.4,clusteringcoef,0.0917389556213501,75,ancova_p_value,,1.0,75.0,0.3205260061237414,0.0441019456821151,0.2705260061237414,1.2168229036519816e-19,non-significant
0.4,clusteringcoef,0.0917389556213501,75,ancova_p_value,,2.0,75.0,0.16143714082856858,0.0268365510022835,0.11143714082856858,1.2756335648700372e-08,non-significant
0.4,clusteringcoef,0.0917389556213501,75,ancova_p_value,,4.0,75.0,0.04912138289485513,0.0101284919591634,-0.0008786171051448702,0.43984564713401264,significant
0.4,clusteringcoef,0.0917389556213501,75,ancova_p_value,,6.0,75.0,0.016639791628428848,0.0039169095179517,-0.03336020837157115,2.6236582906236094e-09,significant
0.4,clusteringcoef,0.0917389556213501,75,ancova_p_value,,8.0,75.0,0.005996484169924953,0.0015502678707918,-0.04400351583007505,0.0,significant
0.4,clusteringcoef,0.0917389556213501,75,ancova_p_value,,10.0,75.0,0.0022598459055359287,0.0006272708120232,-0.047740154094464075,0.0,significant
0.4,clusteringcoef,0.0917389556213501,75,ancova_p_value,,15.0,75.0,0.0002280430925145892,7.14757791074538e-05,-0.04977195690748541,0.0,significant
0.4,clusteringcoef,0.0917389556213501,100,ancova_p_value,,0.5,100.0,0.48114467698573943,0.0567573377577668,0.43114467698573944,9.014600780080128e-28,non-significant
0.4,clusteringcoef,0.0917389556213501,100,ancova_p_value,,1.0,100.0,0.31972415578412333,0.044175223866925,0.26972415578412334,1.7963947937294408e-19,non-significant
0.4,clusteringcoef,0.0917389556213501,100,ancova_p_value,,2.0,100.0,0.16040513148560548,0.0268595950739051,0.11040513148560548,1.8408696091028753e-08,non-significant
0.4,clusteringcoef,0.0917389556213501,100,ancova_p_value,,4.0,100.0,0.04821217873113365,0.0100745231810122,-0.0017878212688663547,0.404691636238125,significant
0.4,clusteringcoef,0.0917389556213501,100,ancova_p_value,,6.0,100.0,0.016044679166962617,0.0038500107239834,-0.033955320833037386,1.2499302703972148e-09,significant
0.4,clusteringcoef,0.0917389556213501,100,ancova_p_value,,8.0,100.0,0.005652215916228005,0.0014979885126869,-0.044347784083772,0.0,significant
0.4,clusteringcoef,0.0917389556213501,100,ancova_p_value,,10.0,100.0,0.00207287258086666,0.0005930311889867,-0.047927127419133346,0.0,significant
0.4,clusteringcoef,0.0917389556213501,100,ancova_p_value,,15.0,100.0,0.0001920508540141487,6.283001989377774e-05,-0.04980794914598585,0.0,significant
0.4,clusteringcoef,0.0917389556213501,300,ancova_p_value,,0.5,300.0,0.4800490110787622,0.0569229092449968,0.4300490110787622,1.6484424096166816e-27,non-significant
0.4,clusteringcoef,0.0917389556213501,300,ancova_p_value,,1.0,300.0,0.31811640443062633,0.0443223919780924,0.26811640443062634,3.890182998628923e-19,non-significant
0.4,clusteringcoef,0.0917389556213501,300,ancova_p_value,,2.0,300.0,0.15833615787546532,0.0269051775319927,0.10833615787546531,3.781245513234774e-08,non-significant
0.4,clusteringcoef,0.0917389556213501,300,ancova_p_value,,4.0,300.0,0.0464015209831491,0.0099633742533175,-0.0035984790168509043,0.3372677166370992,significant
0.4,clusteringcoef,0.0917389556213501,300,ancova_p_value,,6.0,300.0,0.014877544674688336,0.0037136937916505,-0.03512245532531166,2.711657565157566e-10,significant
0.4,clusteringcoef,0.0917389556213501,300,ancova_p_value,,8.0,300.0,0.004992719858471545,0.0013931502069196,-0.04500728014152846,0.0,significant
0.4,clusteringcoef,0.0917389556213501,300,ancova_p_value,,10.0,300.0,0.0017256705948826214,0.0005259516901386,-0.04827432940511738,0.0,significant
0.4,clusteringcoef,0.0917389556213501,300,ancova_p_value,,15.0,300.0,0.00013201666015390175,4.733064596990456e-05,-0.0498679833398461,0.0,significant
0.4,clusteringcoef,0.0917389556213501,500,ancova_p_value,,0.5,500.0,0.47982953965954955,0.0569561070387884,0.42982953965954956,1.859106108866136e-27,non-significant
0.4,clusteringcoef,0.0917389556213501,500,ancova_p_value,,1.0,500.0,0.3177942072606085,0.0443519238082793,0.2677942072606085,4.535645017097481e-19,non-significant
0.4,clusteringcoef,0.0917389556213501,500,ancova_p_value,,2.0,500.0,0.15792157401181234,0.0269142106658528,0.10792157401181234,4.3571607052797905e-08,non-significant
0.4,clusteringcoef,0.0917389556213501,500,ancova_p_value,,4.0,500.0,0.046040682769031456,0.0099406186340689,-0.003959317230968547,0.3243716245972065,significant
0.4,clusteringcoef,0.0917389556213501,500,ancova_p_value,,6.0,500.0,0.01464790875937049,0.0036860254028193,-0.03535209124062951,1.982946029599475e-10,significant
0.4,clusteringcoef,0.0917389556213501,500,ancova_p_value,,8.0,500.0,0.004865533464805003,0.0013721540289868,-0.045134466535195,0.0,significant
0.4,clusteringcoef,0.0917389556213501,500,ancova_p_value,,10.0,500.0,0.0016604995248597615,0.0005127830719111,-0.04833950047514024,0.0,significant
0.4,clusteringcoef,0.0917389556213501,500,ancova_p_value,,15.0,500.0,0.0001217965039979378,4.451966804882956e-05,-0.04987820349600206,0.0,significant
0.4,clusteringcoef,0.0917389556213501,1000,ancova_p_value,,0.5,1000.0,0.4796648624377731,0.0569810236532114,0.42966486243777313,2.034390262627402e-27,non-significant
0.4,clusteringcoef,0.0917389556213501,1000,ancova_p_value,,1.0,1000.0,0.31755241808467255,0.0443740942215234,0.26755241808467256,5.087959133831606e-19,non-significant
0.4,clusteringcoef,0.0917389556213501,1000,ancova_p_value,,2.0,1000.0,0.1576104641334238,0.0269209668475922,0.1076104641334238,4.843642811496508e-08,non-significant
0.4,clusteringcoef,0.0917389556213501,1000,ancova_p_value,,4.0,1000.0,0.04577034649325166,0.0099234347565013,-0.0042296535067483446,0.31484786669556386,significant
0.4,clusteringcoef,0.0917389556213501,1000,ancova_p_value,,6.0,1000.0,0.014476528145859816,0.003665185242706,-0.03552347185414019,1.5655166052397362e-10,significant
0.4,clusteringcoef,0.0917389556213501,1000,ancova_p_value,,8.0,1000.0,0.00477118583723039,0.0013564036781601,-0.04522881416276961,0.0,significant
0.4,clusteringcoef,0.0917389556213501,1000,ancova_p_value,,10.0,1000.0,0.0016125523948250528,0.0005029649266596,-0.04838744760517495,0.0,significant
0.4,clusteringcoef,0.0917389556213501,1000,ancova_p_value,,15.0,1000.0,0.00011449967420285442,4.247477958454608e-05,-0.049885500325797145,0.0,significant
0.5,clusteringcoef,0.1286456916174014,30,ancova_p_value,,0.5,30.0,0.4849569686830381,0.0787859533447222,0.4349569686830381,2.8546271187757846e-15,non-significant
0.5,clusteringcoef,0.1286456916174014,30,ancova_p_value,,1.0,30.0,0.3253086154260302,0.0612336362469275,0.2753086154260302,3.10107333909394e-11,non-significant
0.5,clusteringcoef,0.1286456916174014,30,ancova_p_value,,2.0,30.0,0.167594108019346,0.0374344658384145,0.11759410801934599,1.3255644969818599e-05,non-significant
0.5,clusteringcoef,0.1286456916174014,30,ancova_p_value,,4.0,30.0,0.054625044962983094,0.0146276004869389,0.004625044962983091,0.4055475043962331,non-significant
0.5,clusteringcoef,0.1286456916174014,30,ancova_p_value,,6.0,30.0,0.0203613903722062,0.0060312529418019,-0.029638609627793803,0.0001158513646593029,significant
0.5,clusteringcoef,0.1286456916174014,30,ancova_p_value,,8.0,30.0,0.008257335914631373,0.0026088586952237,-0.04174266408536863,1.1102230246251565e-16,significant
0.5,clusteringcoef,0.1286456916174014,30,ancova_p_value,,10.0,30.0,0.0035685233088176825,0.0011780573652131,-0.04643147669118232,0.0,significant
0.5,clusteringcoef,0.1286456916174014,30,ancova_p_value,,15.0,30.0,0.0005407062921313466,0.0001898026802418,-0.049459293707868654,0.0,significant
0.5,clusteringcoef,0.1286456916174014,50,ancova_p_value,,0.5,50.0,0.48278284379668057,0.079244466958619,0.4327828437966806,5.3461759719393826e-15,non-significant
0.5,clusteringcoef,0.1286456916174014,50,ancova_p_value,,1.0,50.0,0.32212564510024433,0.0616395699401118,0.27212564510024434,7.021085039007873e-11,non-significant
0.5,clusteringcoef,0.1286456916174014,50,ancova_p_value,,2.0,50.0,0.16349617189550622,0.0375676325831746,0.11349617189550622,2.9589103710629746e-05,non-significant
0.5,clusteringcoef,0.1286456916174014,50,ancova_p_value,,4.0,50.0,0.05094706873769324,0.0143502086267248,0.0009470687376932352,0.5092526509828824,non-significant
0.5,clusteringcoef,0.1286456916174014,50,ancova_p_value,,6.0,50.0,0.01785224137520709,0.0056768105616808,-0.03214775862479291,2.752068628975035e-05,significant
0.5,clusteringcoef,0.1286456916174014,50,ancova_p_value,,8.0,50.0,0.006713432842279582,0.0023199854149593,-0.04328656715772042,0.0,significant
0.5,clusteringcoef,0.1286456916174014,50,ancova_p_value,,10.0,50.0,0.0026605541904910716,0.0009773321956367,-0.04733944580950893,0.0,significant
0.5,clusteringcoef,0.1286456916174014,50,ancova_p_value,,15.0,50.0,0.00031306556427201346,0.0001269429235509,-0.04968693443572799,0.0,significant
0.5,clusteringcoef,0.1286456916174014,75,ancova_p_value,,0.5,75.0,0.4816914470000123,0.079475185308114,0.43169144700001233,7.295605840857517e-15,non-significant
0.5,clusteringcoef,0.1286456916174014,75,ancova_p_value,,1.0,75.0,0.3205260061237414,0.061844232534825,0.2705260061237414,1.0496250799123355e-10,non-significant
0.5,clusteringcoef,0.1286456916174014,75,ancova_p_value,,2.0,75.0,0.16143714082856858,0.0376329405641388,0.11143714082856858,4.359322001691063e-05,non-significant
0.5,clusteringcoef,0.1286456916174014,75,ancova_p_value,,4.0,75.0,0.04912138289485513,0.0142032012933078,-0.0008786171051448702,0.43919704024587447,significant
0.5,clusteringcoef,0.1286456916174014,75,ancova_p_value,,6.0,75.0,0.016639791628428848,0.0054926887986331,-0.03336020837157115,1.2835203508698712e-05,significant
0.5,clusteringcoef,0.1286456916174014,75,ancova_p_value,,8.0,75.0,0.005996484169924953,0.0021739432401369,-0.04400351583007505,0.0,significant
0.5,clusteringcoef,0.1286456916174014,75,ancova_p_value,,10.0,75.0,0.0022598459055359287,0.0008796229137075,-0.047740154094464075,0.0,significant
0.5,clusteringcoef,0.1286456916174014,75,ancova_p_value,,15.0,75.0,0.0002280430925145892,0.0001002306051436,-0.04977195690748541,0.0,significant
0.5,clusteringcoef,0.1286456916174014,100,ancova_p_value,,0.5,100.0,0.48114467698573943,0.0795909101074516,0.43114467698573944,8.516524027792009e-15,non-significant
0.5,clusteringcoef,0.1286456916174014,100,ancova_p_value,,1.0,100.0,0.31972415578412333,0.0619469906565137,0.26972415578412334,1.2812854585443976e-10,non-significant
0.5,clusteringcoef,0.1286456916174014,100,ancova_p_value,,2.0,100.0,0.16040513148560548,0.0376652553044949,0.11040513148560548,5.272955742492698e-05,non-significant
0.5,clusteringcoef,0.1286456916174014,100,ancova_p_value,,4.0,100.0,0.04821217873113365,0.0141275207850223,-0.0017878212688663547,0.41387967596158437,significant
0.5,clusteringcoef,0.1286456916174014,100,ancova_p_value,,6.0,100.0,0.016044679166962617,0.0053988765074408,-0.033955320833037386,8.66681448663531e-06,significant
0.5,clusteringcoef,0.1286456916174014,100,ancova_p_value,,8.0,100.0,0.005652215916228005,0.002100631808421,-0.044347784083772,0.0,significant
0.5,clusteringcoef,0.1286456916174014,100,ancova_p_value,,10.0,100.0,0.00207287258086666,0.0008316086327904,-0.047927127419133346,0.0,significant
0.5,clusteringcoef,0.1286456916174014,100,ancova_p_value,,15.0,100.0,0.0001920508540141487,8.810664247074817e-05,-0.04980794914598585,0.0,significant
0.5,clusteringcoef,0.1286456916174014,300,ancova_p_value,,0.5,300.0,0.4800490110787622,0.0798230912822051,0.4300490110787622,1.1589032674076032e-14,non-significant
0.5,clusteringcoef,0.1286456916174014,300,ancova_p_value,,1.0,300.0,0.31811640443062633,0.0621533647460914,0.26811640443062634,1.9031103116072023e-10,non-significant
0.5,clusteringcoef,0.1286456916174014,300,ancova_p_value,,2.0,300.0,0.15833615787546532,0.0377291756620636,0.10833615787546531,7.661686368475604e-05,non-significant
0.5,clusteringcoef,0.1286456916174014,300,ancova_p_value,,4.0,300.0,0.0464015209831491,0.0139716564569516,-0.0035984790168509043,0.36465873418438954,significant
0.5,clusteringcoef,0.1286456916174014,300,ancova_p_value,,6.0,300.0,0.014877544674688336,0.0052077190441762,-0.03512245532531166,3.8609178573123515e-06,significant
0.5,clusteringcoef,0.1286456916174014,300,ancova_p_value,,8.0,300.0,0.004992719858471545,0.001953616876083,-0.04500728014152846,0.0,significant
0.5,clusteringcoef,0.1286456916174014,300,ancova_p_value,,10.0,300.0,0.0017256705948826214,0.0007375429388415,-0.04827432940511738,0.0,significant
0.5,clusteringcoef,0.1286456916174014,300,ancova_p_value,,15.0,300.0,0.00013201666015390175,6.63718443735989e-05,-0.0498679833398461,0.0,significant
0.5,clusteringcoef,0.1286456916174014,500,ancova_p_value,,0.5,500.0,0.47982953965954955,0.0798696446042214,0.42982953965954956,1.2322683001048776e-14,non-significant
0.5,clusteringcoef,0.1286456916174014,500,ancova_p_value,,1.0,500.0,0.3177942072606085,0.062194777281185,0.2677942072606085,2.0587464747487835e-10,non-significant
0.5,clusteringcoef,0.1286456916174014,500,ancova_p_value,,2.0,500.0,0.15792157401181234,0.037741842840854,0.10792157401181234,8.247081024016675e-05,non-significant
0.5,clusteringcoef,0.1286456916174014,500,ancova_p_value,,4.0,500.0,0.046040682769031456,0.0139397462138429,-0.003959317230968547,0.3550901822050815,significant
0.5,clusteringcoef,0.1286456916174014,500,ancova_p_value,,6.0,500.0,0.01464790875937049,0.0051689196160267,-0.03535209124062951,3.2719817876225576e-06,significant
0.5,clusteringcoef,0.1286456916174014,500,ancova_p_value,,8.0,500.0,0.004865533464805003,0.0019241739004879,-0.045134466535195,0.0,significant
0.5,clusteringcoef,0.1286456916174014,500,ancova_p_value,,10.0,500.0,0.0016604995248597615,0.0007190765633738,-0.04833950047514024,0.0,significant
0.5,clusteringcoef,0.1286456916174014,500,ancova_p_value,,15.0,500.0,0.0001217965039979378,6.243000531157038e-05,-0.04987820349600206,0.0,significant
0.5,clusteringcoef,0.1286456916174014,1000,ancova_p_value,,0.5,1000.0,0.4796648624377731,0.0799045852144945,0.42966486243777313,1.2902598844170032e-14,non-significant
0.5,clusteringcoef,0.1286456916174014,1000,ancova_p_value,,1.0,1000.0,0.31755241808467255,0.0622258668889303,0.26755241808467256,2.1835237506566584e-10,non-significant
0.5,clusteringcoef,0.1286456916174014,1000,ancova_p_value,,2.0,1000.0,0.1576104641334238,0.0377513170458596,0.1076104641334238,8.71320458463214e-05,non-significant
0.5,clusteringcoef,0.1286456916174014,1000,ancova_p_value,,4.0,1000.0,0.04577034649325166,0.0139156492334557,-0.0042296535067483446,0.34798198535000846,significant
0.5,clusteringcoef,0.1286456916174014,1000,ancova_p_value,,6.0,1000.0,0.014476528145859816,0.005139695424482,-0.03552347185414019,2.8875843658404676e-06,significant
0.5,clusteringcoef,0.1286456916174014,1000,ancova_p_value,,8.0,1000.0,0.00477118583723039,0.0019020871570581,-0.04522881416276961,0.0,significant
0.5,clusteringcoef,0.1286456916174014,1000,ancova_p_value,,10.0,1000.0,0.0016125523948250528,0.0007053085617901,-0.04838744760517495,0.0,significant
0.5,clusteringcoef,0.1286456916174014,1000,ancova_p_value,,15.0,1000.0,0.00011449967420285442,5.956245478206586e-05,-0.049885500325797145,0.0,significant
0.05,degree,0.117434789749695,30,ancova_p_value,,0.5,30.0,0.4849569686830381,0.07192010668949,0.4349569686830381,4.637861633469867e-18,non-significant
0.05,degree,0.117434789749695,30,ancova_p_value,,1.0,30.0,0.3253086154260302,0.055897396235029,0.2753086154260302,3.3754980562871496e-13,non-significant
0.05,degree,0.117434789749695,30,ancova_p_value,,2.0,30.0,0.167594108019346,0.0341722180498713,0.11759410801934599,1.9183479905025977e-06,non-significant
0.05,degree,0.117434789749695,30,ancova_p_value,,4.0,30.0,0.054625044962983094,0.0133528699339189,0.004625044962983091,0.3906622513833747,non-significant
0.05,degree,0.117434789749695,30,ancova_p_value,,6.0,30.0,0.0203613903722062,0.0055056559783921,-0.029638609627793803,2.937064349961549e-05,significant
0.05,degree,0.117434789749695,30,ancova_p_value,,8.0,30.0,0.008257335914631373,0.0023815082223773,-0.04174266408536863,0.0,significant
0.05,degree,0.117434789749695,30,ancova_p_value,,10.0,30.0,0.0035685233088176825,0.0010753948869763,-0.04643147669118232,0.0,significant
0.05,degree,0.117434789749695,30,ancova_p_value,,15.0,30.0,0.0005407062921313466,0.0001732622178628,-0.049459293707868654,0.0,significant
0.05,degree,0.117434789749695,50,ancova_p_value,,0.5,50.0,0.48278284379668057,0.0723386628740646,0.4327828437966806,9.838638931907185e-18,non-significant
0.05,degree,0.117434789749695,50,ancova_p_value,,1.0,50.0,0.32212564510024433,0.0562679546059474,0.27212564510024434,8.980638360495138e-13,non-significant
0.05,degree,0.117434789749695,50,ancova_p_value,,2.0,50.0,0.16349617189550622,0.0342937799030196,0.11349617189550622,4.9995395130722695e-06,non-significant
0.05,degree,0.117434789749695,50,ancova_p_value,,4.0,50.0,0.05094706873769324,0.0130996515449238,0.0009470687376932352,0.5035871794627365,non-significant
0.05,degree,0.117434789749695,50,ancova_p_value,,6.0,50.0,0.01785224137520709,0.0051821016808126,-0.03214775862479291,5.364756693437833e-06,significant
0.05,degree,0.117434789749695,50,ancova_p_value,,8.0,50.0,0.006713432842279582,0.0021178089682037,-0.04328656715772042,0.0,significant
0.05,degree,0.117434789749695,50,ancova_p_value,,10.0,50.0,0.0026605541904910716,0.000892162026316,-0.04733944580950893,0.0,significant
0.05,degree,0.117434789749695,50,ancova_p_value,,15.0,50.0,0.00031306556427201346,0.0001158804103735,-0.04968693443572799,0.0,significant
0.05,degree,0.117434789749695,75,ancova_p_value,,0.5,75.0,0.4816914470000123,0.0725492751419431,0.43169144700001233,1.4281289504064688e-17,non-significant
0.05,degree,0.117434789749695,75,ancova_p_value,,1.0,75.0,0.3205260061237414,0.0564547817625944,0.2705260061237414,1.4534686858868907e-12,non-significant
0.05,degree,0.117434789749695,75,ancova_p_value,,2.0,75.0,0.16143714082856858,0.0343533965828872,0.11143714082856858,7.936087454872088e-06,non-significant
0.05,degree,0.117434789749695,75,ancova_p_value,,4.0,75.0,0.04912138289485513,0.0129654552490787,-0.0008786171051448702,0.4400500403318739,significant
0.05,degree,0.117434789749695,75,ancova_p_value,,6.0,75.0,0.016639791628428848,0.0050140253133882,-0.03336020837157115,2.174945459620936e-06,significant
0.05,degree,0.117434789749695,75,ancova_p_value,,8.0,75.0,0.005996484169924953,0.0019844937216593,-0.04400351583007505,0.0,significant
0.05,degree,0.117434789749695,75,ancova_p_value,,10.0,75.0,0.0022598459055359287,0.0008029676752601,-0.047740154094464075,0.0,significant
0.05,degree,0.117434789749695,75,ancova_p_value,,15.0,75.0,0.0002280430925145892,9.149595212664522e-05,-0.04977195690748541,0.0,significant
0.05,degree,0.117434789749695,100,ancova_p_value,,0.5,100.0,0.48114467698573943,0.0726549150379099,0.43114467698573944,1.7191491661444014e-17,non-significant
0.05,degree,0.117434789749695,100,ancova_p_value,,1.0,100.0,0.31972415578412333,0.0565485849694012,0.26972415578412334,1.8454795675706782e-12,non-significant
0.05,degree,0.117434789749695,100,ancova_p_value,,2.0,100.0,0.16040513148560548,0.03438289523684,0.11040513148560548,9.95695893415493e-06,non-significant
0.05,degree,0.117434789749695,100,ancova_p_value,,4.0,100.0,0.04821217873113365,0.0128963699616749,-0.0017878212688663547,0.4123925426201449,significant
0.05,degree,0.117434789749695,100,ancova_p_value,,6.0,100.0,0.016044679166962617,0.0049283883475979,-0.033955320833037386,1.3662141952197615e-06,significant
0.05,degree,0.117434789749695,100,ancova_p_value,,8.0,100.0,0.005652215916228005,0.0019175710563017,-0.044347784083772,0.0,significant
0.05,degree,0.117434789749695,100,ancova_p_value,,10.0,100.0,0.00207287258086666,0.000759137626126,-0.047927127419133346,0.0,significant
0.05,degree,0.117434789749695,100,ancova_p_value,,15.0,100.0,0.0001920508540141487,8.042853906740776e-05,-0.04980794914598585,0.0,significant
0.05,degree,0.117434789749695,300,ancova_p_value,,0.5,300.0,0.4800490110787622,0.0728668626523088,0.4300490110787622,2.48693452627964e-17,non-significant
0.05,degree,0.117434789749695,300,ancova_p_value,,1.0,300.0,0.31811640443062633,0.0567369744717207,0.26811640443062634,2.963646991460608e-12,non-significant
0.05,degree,0.117434789749695,300,ancova_p_value,,2.0,300.0,0.15833615787546532,0.0344412452185412,0.10833615787546531,1.5543583131932583e-05,non-significant
0.05,degree,0.117434789749695,300,ancova_p_value,,4.0,300.0,0.0464015209831491,0.012754088519006,-0.0035984790168509043,0.358774734794709,significant
0.05,degree,0.117434789749695,300,ancova_p_value,,6.0,300.0,0.014877544674688336,0.0047538894100483,-0.03512245532531166,5.243396075105267e-07,significant
0.05,degree,0.117434789749695,300,ancova_p_value,,8.0,300.0,0.004992719858471545,0.0017833678237478,-0.04500728014152846,0.0,significant
0.05,degree,0.117434789749695,300,ancova_p_value,,10.0,300.0,0.0017256705948826214,0.0006732693405063,-0.04827432940511738,0.0,significant
0.05,degree,0.117434789749695,300,ancova_p_value,,15.0,300.0,0.00013201666015390175,6.058783229596125e-05,-0.0498679833398461,0.0,significant
0.05,degree,0.117434789749695,500,ancova_p_value,,0.5,500.0,0.47982953965954955,0.0729093590586354,0.42982953965954956,2.6767988046521045e-17,non-significant
0.05,degree,0.117434789749695,500,ancova_p_value,,1.0,500.0,0.3177942072606085,0.0567747780879209,0.2677942072606085,3.2561147957073154e-12,non-significant
0.05,degree,0.117434789749695,500,ancova_p_value,,2.0,500.0,0.15792157401181234,0.0344528085088408,0.10792157401181234,1.696913298325002e-05,non-significant
0.05,degree,0.117434789749695,500,ancova_p_value,,4.0,500.0,0.046040682769031456,0.0127249591121582,-0.003959317230968547,0.3483866568374553,significant
0.05,degree,0.117434789749695,500,ancova_p_value,,6.0,500.0,0.01464790875937049,0.0047184711801033,-0.03535209124062951,4.309890355713719e-07,significant
0.05,degree,0.117434789749695,500,ancova_p_value,,8.0,500.0,0.004865533464805003,0.0017564906729848,-0.045134466535195,0.0,significant
0.05,degree,0.117434789749695,500,ancova_p_value,,10.0,500.0,0.0016604995248597615,0.0006564122278177,-0.04833950047514024,0.0,significant
0.05,degree,0.117434789749695,500,ancova_p_value,,15.0,500.0,0.0001217965039979378,5.6989507037987056e-05,-0.04987820349600206,0.0,significant
0.05,degree,0.117434789749695,1000,ancova_p_value,,0.5,1000.0,0.4796648624377731,0.0729412547495797,0.42966486243777313,2.828480935493276e-17,non-significant
0.05,degree,0.117434789749695,1000,ancova_p_value,,1.0,1000.0,0.31755241808467255,0.0568031583741401,0.26755241808467256,3.4937800219651403e-12,non-significant
0.05,degree,0.117434789749695,1000,ancova_p_value,,2.0,1000.0,0.1576104641334238,0.0344614570788698,0.1076104641334238,1.8118212389385825e-05,non-significant
0.05,degree,0.117434789749695,1000,ancova_p_value,,4.0,1000.0,0.04577034649325166,0.0127029620768142,-0.0042296535067483446,0.34067914205900407,significant
0.05,degree,0.117434789749695,1000,ancova_p_value,,6.0,1000.0,0.014476528145859816,0.0046917937473303,-0.03552347185414019,3.716799280573113e-07,significant
0.05,degree,0.117434789749695,1000,ancova_p_value,,8.0,1000.0,0.00477118583723039,0.0017363286913566,-0.04522881416276961,0.0,significant
0.05,degree,0.117434789749695,1000,ancova_p_value,,10.0,1000.0,0.0016125523948250528,0.0006438440465524,-0.04838744760517495,0.0,significant
0.05,degree,0.117434789749695,1000,ancova_p_value,,15.0,1000.0,0.00011449967420285442,5.43718508281662e-05,-0.049885500325797145,0.0,significant
0.1,degree,0.0750776576472831,30,ancova_p_value,,0.5,30.0,0.4849569686830381,0.0459795019814699,0.4349569686830381,4.0735926113058584e-42,non-significant
0.1,degree,0.0750776576472831,30,ancova_p_value,,1.0,30.0,0.3253086154260302,0.0357359653544995,0.2753086154260302,4.346566748881742e-30,non-significant
0.1,degree,0.0750776576472831,30,ancova_p_value,,2.0,30.0,0.167594108019346,0.0218467635805786,0.11759410801934599,1.368170404436314e-13,non-significant
0.1,degree,0.0750776576472831,30,ancova_p_value,,4.0,30.0,0.054625044962983094,0.0085366712849253,0.004625044962983091,0.30611600308318926,non-significant
0.1,degree,0.0750776576472831,30,ancova_p_value,,6.0,30.0,0.0203613903722062,0.0035198407179889,-0.029638609627793803,2.58524868179677e-10,significant
0.1,degree,0.0750776576472831,30,ancova_p_value,,8.0,30.0,0.008257335914631373,0.0015225305838664,-0.04174266408536863,0.0,significant
0.1,degree,0.0750776576472831,30,ancova_p_value,,10.0,30.0,0.0035685233088176825,0.0006875145715518,-0.04643147669118232,0.0,significant
0.1,degree,0.0750776576472831,30,ancova_p_value,,15.0,30.0,0.0005407062921313466,0.0001107688914302,-0.049459293707868654,0.0,significant
0.1,degree,0.0750776576472831,50,ancova_p_value,,0.5,50.0,0.48278284379668057,0.0462470906406621,0.4327828437966806,2.548457907132864e-41,non-significant
0.1,degree,0.0750776576472831,50,ancova_p_value,,1.0,50.0,0.32212564510024433,0.0359728683588771,0.27212564510024434,4.689585700932796e-29,non-significant
0.1,degree,0.0750776576472831,50,ancova_p_value,,2.0,50.0,0.16349617189550622,0.0219244797259653,0.11349617189550622,1.3646512058495242e-12,non-significant
0.1,degree,0.0750776576472831,50,ancova_p_value,,4.0,50.0,0.05094706873769324,0.0083747853262627,0.0009470687376932352,0.47543071145552757,non-significant
0.1,degree,0.0750776576472831,50,ancova_p_value,,6.0,50.0,0.01785224137520709,0.003312988056731,-0.03214775862479291,4.85811391115476e-12,significant
0.1,degree,0.0750776576472831,50,ancova_p_value,,8.0,50.0,0.006713432842279582,0.0013539440656047,-0.04328656715772042,0.0,significant
0.1,degree,0.0750776576472831,50,ancova_p_value,,10.0,50.0,0.0026605541904910716,0.0005703713126274,-0.04733944580950893,0.0,significant
0.1,degree,0.0750776576472831,50,ancova_p_value,,15.0,50.0,0.00031306556427201346,7.408392177988936e-05,-0.04968693443572799,0.0,significant
0.1,degree,0.0750776576472831,75,ancova_p_value,,0.5,75.0,0.4816914470000123,0.0463817379268522,0.43169144700001233,6.321262627640783e-41,non-significant
0.1,degree,0.0750776576472831,75,ancova_p_value,,1.0,75.0,0.3205260061237414,0.0360923095000913,0.2705260061237414,1.5110967083613735e-28,non-significant
0.1,degree,0.0750776576472831,75,ancova_p_value,,2.0,75.0,0.16143714082856858,0.0219625934799108,0.11143714082856858,4.133177564637877e-12,non-significant
0.1,degree,0.0750776576472831,75,ancova_p_value,,4.0,75.0,0.04912138289485513,0.0082889918098911,-0.0008786171051448702,0.43697627960102525,significant
0.1,degree,0.0750776576472831,75,ancova_p_value,,6.0,75.0,0.016639791628428848,0.0032055345499892,-0.03336020837157115,5.85420600884845e-13,significant
0.1,degree,0.0750776576472831,75,ancova_p_value,,8.0,75.0,0.005996484169924953,0.0012687138160291,-0.04400351583007505,0.0,significant
0.1,degree,0.0750776576472831,75,ancova_p_value,,10.0,75.0,0.0022598459055359287,0.0005133481513741,-0.047740154094464075,0.0,significant
0.1,degree,0.0750776576472831,75,ancova_p_value,,15.0,75.0,0.0002280430925145892,5.84946061087857e-05,-0.04977195690748541,0.0,significant
0.1,degree,0.0750776576472831,100,ancova_p_value,,0.5,100.0,0.48114467698573943,0.0464492749485491,0.43114467698573944,9.934788873359184e-41,non-significant
0.1,degree,0.0750776576472831,100,ancova_p_value,,1.0,100.0,0.31972415578412333,0.0361522791654849,0.26972415578412334,2.6995355200190783e-28,non-significant
0.1,degree,0.0750776576472831,100,ancova_p_value,,2.0,100.0,0.16040513148560548,0.0219814523704257,0.11040513148560548,7.118711184263122e-12,non-significant
0.1,degree,0.0750776576472831,100,ancova_p_value,,4.0,100.0,0.04821217873113365,0.0082448246464191,-0.0017878212688663547,0.394288483244138,significant
0.1,degree,0.0750776576472831,100,ancova_p_value,,6.0,100.0,0.016044679166962617,0.0031507856734999,-0.033955320833037386,1.9662049766111522e-13,significant
0.1,degree,0.0750776576472831,100,ancova_p_value,,8.0,100.0,0.005652215916228005,0.0012259292462328,-0.044347784083772,0.0,significant
0.1,degree,0.0750776576472831,100,ancova_p_value,,10.0,100.0,0.00207287258086666,0.0004853270050803,-0.047927127419133346,0.0,significant
0.1,degree,0.0750776576472831,100,ancova_p_value,,15.0,100.0,0.0001920508540141487,5.141905847529868e-05,-0.04980794914598585,0.0,significant
0.1,degree,0.0750776576472831,300,ancova_p_value,,0.5,300.0,0.4800490110787622,0.0465847759399241,0.4300490110787622,2.4437014684305956e-40,non-significant
0.1,degree,0.0750776576472831,300,ancova_p_value,,1.0,300.0,0.31811640443062633,0.0362727191355281,0.26811640443062634,8.533392330077153e-28,non-significant
0.1,degree,0.0750776576472831,300,ancova_p_value,,2.0,300.0,0.15833615787546532,0.0220187563070123,0.10833615787546531,2.0684928385217874e-11,non-significant
0.1,degree,0.0750776576472831,300,ancova_p_value,,4.0,300.0,0.0464015209831491,0.0081538621857631,-0.0035984790168509043,0.31350551953437167,significant
0.1,degree,0.0750776576472831,300,ancova_p_value,,6.0,300.0,0.014877544674688336,0.0030392261303604,-0.03512245532531166,2.0761170560490427e-14,significant
0.1,degree,0.0750776576472831,300,ancova_p_value,,8.0,300.0,0.004992719858471545,0.001140131295129,-0.04500728014152846,0.0,significant
0.1,degree,0.0750776576472831,300,ancova_p_value,,10.0,300.0,0.0017256705948826214,0.0004304302426792,-0.04827432940511738,0.0,significant
0.1,degree,0.0750776576472831,300,ancova_p_value,,15.0,300.0,0.00013201666015390175,3.8734624896103205e-05,-0.0498679833398461,0.0,significant
0.1,degree,0.0750776576472831,500,ancova_p_value,,0.5,500.0,0.47982953965954955,0.0466119444702398,0.42982953965954956,2.923711272072826e-40,non-significant
0.1,degree,0.0750776576472831,500,ancova_p_value,,1.0,500.0,0.3177942072606085,0.0362968875013161,0.2677942072606085,1.0725632040101212e-27,non-significant
0.1,degree,0.0750776576472831,500,ancova_p_value,,2.0,500.0,0.15792157401181234,0.0220261488757072,0.10792157401181234,2.5519522818250055e-11,non-significant
0.1,degree,0.0750776576472831,500,ancova_p_value,,4.0,500.0,0.046040682769031456,0.0081352393599425,-0.003959317230968547,0.2983024937186326,significant
0.1,degree,0.0750776576472831,500,ancova_p_value,,6.0,500.0,0.01464790875937049,0.0030165827744353,-0.03535209124062951,1.3100631690576847e-14,significant
0.1,degree,0.0750776576472831,500,ancova_p_value,,8.0,500.0,0.004865533464805003,0.0011229483672434,-0.045134466535195,0.0,significant
0.1,degree,0.0750776576472831,500,ancova_p_value,,10.0,500.0,0.0016604995248597615,0.00041965326136,-0.04833950047514024,0.0,significant
0.1,degree,0.0750776576472831,500,ancova_p_value,,15.0,500.0,0.0001217965039979378,3.643416663839631e-05,-0.04987820349600206,0.0,significant
0.1,degree,0.0750776576472831,1000,ancova_p_value,,0.5,1000.0,0.4796648624377731,0.0466323358190917,0.42966486243777313,3.344147241964516e-40,non-significant
0.1,degree,0.0750776576472831,1000,ancova_p_value,,1.0,1000.0,0.31755241808467255,0.0363150314041344,0.26755241808467256,1.2727798912306588e-27,non-significant
0.1,degree,0.0750776576472831,1000,ancova_p_value,,2.0,1000.0,0.1576104641334238,0.0220316780241065,0.1076104641334238,2.985204575726617e-11,non-significant
0.1,degree,0.0750776576472831,1000,ancova_p_value,,4.0,1000.0,0.04577034649325166,0.0081211763561909,-0.0042296535067483446,0.28714090005256976,significant
0.1,degree,0.0750776576472831,1000,ancova_p_value,,6.0,1000.0,0.014476528145859816,0.0029995275289761,-0.03552347185414019,9.2148511043888e-15,significant
0.1,degree,0.0750776576472831,1000,ancova_p_value,,8.0,1000.0,0.00477118583723039,0.0011100585382805,-0.04522881416276961,0.0,significant
0.1,degree,0.0750776576472831,1000,ancova_p_value,,10.0,1000.0,0.0016125523948250528,0.000411618252209,-0.04838744760517495,0.0,significant
0.1,degree,0.0750776576472831,1000,ancova_p_value,,15.0,1000.0,0.00011449967420285442,3.47606634356563e-05,-0.049885500325797145,0.0,significant
0.2,degree,0.0558141861322291,30,ancova_p_value,,0.5,30.0,0.4849569686830381,0.0341820531204842,0.4349569686830381,6.560455625458609e-75,non-significant
0.2,degree,0.0558141861322291,30,ancova_p_value,,1.0,30.0,0.3253086154260302,0.026566809413281,0.2753086154260302,4.499900065910593e-53,non-significant
0.2,degree,0.0558141861322291,30,ancova_p_value,,2.0,30.0,0.167594108019346,0.0162413075618555,0.11759410801934599,3.0455175810466344e-23,non-significant
0.2,degree,0.0558141861322291,30,ancova_p_value,,4.0,30.0,0.054625044962983094,0.0063463269230499,0.004625044962983091,0.23823548682041631,non-significant
0.2,degree,0.0558141861322291,30,ancova_p_value,,6.0,30.0,0.0203613903722062,0.0026167178245303,-0.029638609627793803,0.0,significant
0.2,degree,0.0558141861322291,30,ancova_p_value,,8.0,30.0,0.008257335914631373,0.0011318787514544,-0.04174266408536863,0.0,significant
0.2,degree,0.0558141861322291,30,ancova_p_value,,10.0,30.0,0.0035685233088176825,0.0005111116604821,-0.04643147669118232,0.0,significant
0.2,degree,0.0558141861322291,30,ancova_p_value,,15.0,30.0,0.0005407062921313466,8.234774122806268e-05,-0.049459293707868654,0.0,significant
0.2,degree,0.0558141861322291,50,ancova_p_value,,0.5,50.0,0.48278284379668057,0.0343809837171365,0.4327828437966806,1.8036919511698145e-73,non-significant
0.2,degree,0.0558141861322291,50,ancova_p_value,,1.0,50.0,0.32212564510024433,0.0267429276992793,0.27212564510024434,3.299256670674659e-51,non-significant
0.2,degree,0.0558141861322291,50,ancova_p_value,,2.0,50.0,0.16349617189550622,0.0162990832509223,0.11349617189550622,1.904741569706755e-21,non-significant
0.2,degree,0.0558141861322291,50,ancova_p_value,,4.0,50.0,0.05094706873769324,0.0062259777630982,0.0009470687376932352,0.45450462857242657,non-significant
0.2,degree,0.0558141861322291,50,ancova_p_value,,6.0,50.0,0.01785224137520709,0.0024629395461557,-0.03214775862479291,0.0,significant
0.2,degree,0.0558141861322291,50,ancova_p_value,,8.0,50.0,0.006713432842279582,0.0010065482656014,-0.04328656715772042,0.0,significant
0.2,degree,0.0558141861322291,50,ancova_p_value,,10.0,50.0,0.0026605541904910716,0.0004240250908869,-0.04733944580950893,0.0,significant
0.2,degree,0.0558141861322291,50,ancova_p_value,,15.0,50.0,0.00031306556427201346,5.50754236240864e-05,-0.04968693443572799,0.0,significant
0.2,degree,0.0558141861322291,75,ancova_p_value,,0.5,75.0,0.4816914470000123,0.0344810831199298,0.43169144700001233,9.315652956653002e-73,non-significant
0.2,degree,0.0558141861322291,75,ancova_p_value,,1.0,75.0,0.3205260061237414,0.026831722559115,0.2705260061237414,2.728403439171518e-50,non-significant
0.2,degree,0.0558141861322291,75,ancova_p_value,,2.0,75.0,0.16143714082856858,0.0163274177544694,0.11143714082856858,1.3959263538598382e-20,non-significant
0.2,degree,0.0558141861322291,75,ancova_p_value,,4.0,75.0,0.04912138289485513,0.0061621971998553,-0.0008786171051448702,0.4280534132554099,significant
0.2,degree,0.0558141861322291,75,ancova_p_value,,6.0,75.0,0.016639791628428848,0.0023830565261763,-0.03336020837157115,0.0,significant
0.2,degree,0.0558141861322291,75,ancova_p_value,,8.0,75.0,0.005996484169924953,0.000943186445814,-0.04400351583007505,0.0,significant
0.2,degree,0.0558141861322291,75,ancova_p_value,,10.0,75.0,0.0022598459055359287,0.0003816329673741,-0.047740154094464075,0.0,significant
0.2,degree,0.0558141861322291,75,ancova_p_value,,15.0,75.0,0.0002280430925145892,4.3486024143500137e-05,-0.04977195690748541,0.0,significant
0.2,degree,0.0558141861322291,100,ancova_p_value,,0.5,100.0,0.48114467698573943,0.0345312914511155,0.43114467698573944,2.1090819123811682e-72,non-significant
0.2,degree,0.0558141861322291,100,ancova_p_value,,1.0,100.0,0.31972415578412333,0.026876305170926,0.26972415578412334,7.778211288831706e-50,non-significant
0.2,degree,0.0558141861322291,100,ancova_p_value,,2.0,100.0,0.16040513148560548,0.016341437819272,0.11040513148560548,3.708211719726874e-20,non-significant
0.2,degree,0.0558141861322291,100,ancova_p_value,,4.0,100.0,0.04821217873113365,0.0061293624743163,-0.0017878212688663547,0.37134058644095447,significant
0.2,degree,0.0558141861322291,100,ancova_p_value,,6.0,100.0,0.016044679166962617,0.0023423551500457,-0.033955320833037386,0.0,significant
0.2,degree,0.0558141861322291,100,ancova_p_value,,8.0,100.0,0.005652215916228005,0.0009113795672161,-0.044347784083772,0.0,significant
0.2,degree,0.0558141861322291,100,ancova_p_value,,10.0,100.0,0.00207287258086666,0.0003608015040081,-0.047927127419133346,0.0,significant
0.2,degree,0.0558141861322291,100,ancova_p_value,,15.0,100.0,0.0001920508540141487,3.822592486791773e-05,-0.04980794914598585,0.0,significant
0.2,degree,0.0558141861322291,300,ancova_p_value,,0.5,300.0,0.4800490110787622,0.034632025514893,0.4300490110787622,1.0728944785045519e-71,non-significant
0.2,degree,0.0558141861322291,300,ancova_p_value,,1.0,300.0,0.31811640443062633,0.0269658425794761,0.26811640443062634,6.21266089628658e-49,non-significant
0.2,degree,0.0558141861322291,300,ancova_p_value,,2.0,300.0,0.15833615787546532,0.0163691702888955,0.10833615787546531,2.5201523850372e-19,non-significant
0.2,degree,0.0558141861322291,300,ancova_p_value,,4.0,300.0,0.0464015209831491,0.0060617392176884,-0.0035984790168509043,0.26745427995630733,significant
0.2,degree,0.0558141861322291,300,ancova_p_value,,6.0,300.0,0.014877544674688336,0.0022594196230096,-0.03512245532531166,0.0,significant
0.2,degree,0.0558141861322291,300,ancova_p_value,,8.0,300.0,0.004992719858471545,0.0008475957071073,-0.04500728014152846,0.0,significant
0.2,degree,0.0558141861322291,300,ancova_p_value,,10.0,300.0,0.0017256705948826214,0.0003199901866239,-0.04827432940511738,0.0,significant
0.2,degree,0.0558141861322291,300,ancova_p_value,,15.0,300.0,0.00013201666015390175,2.879607104779481e-05,-0.0498679833398461,0.0,significant
0.2,degree,0.0558141861322291,500,ancova_p_value,,0.5,500.0,0.47982953965954955,0.0346522231270122,0.42982953965954956,1.4836163398763949e-71,non-significant
0.2,degree,0.0558141861322291,500,ancova_p_value,,1.0,500.0,0.3177942072606085,0.0269838098111249,0.2677942072606085,9.387518839650167e-49,non-significant
0.2,degree,0.0558141861322291,500,ancova_p_value,,2.0,500.0,0.15792157401181234,0.0163746660677738,0.10792157401181234,3.6751374120094835e-19,non-significant
0.2,degree,0.0558141861322291,500,ancova_p_value,,4.0,500.0,0.046040682769031456,0.0060478946479558,-0.003959317230968547,0.24866537967857405,significant
0.2,degree,0.0558141861322291,500,ancova_p_value,,6.0,500.0,0.01464790875937049,0.0022425861132563,-0.03535209124062951,0.0,significant
0.2,degree,0.0558141861322291,500,ancova_p_value,,8.0,500.0,0.004865533464805003,0.0008348215854131,-0.045134466535195,0.0,significant
0.2,degree,0.0558141861322291,500,ancova_p_value,,10.0,500.0,0.0016604995248597615,0.0003119783697912,-0.04833950047514024,0.0,significant
0.2,degree,0.0558141861322291,500,ancova_p_value,,15.0,500.0,0.0001217965039979378,2.708586578289038e-05,-0.04987820349600206,0.0,significant
0.2,degree,0.0558141861322291,1000,ancova_p_value,,0.5,1000.0,0.4796648624377731,0.0346673824510505,0.42966486243777313,1.8913827452659896e-71,non-significant
0.2,degree,0.0558141861322291,1000,ancova_p_value,,1.0,1000.0,0.31755241808467255,0.0269972983402133,0.26755241808467256,1.2786212726533986e-48,non-significant
0.2,degree,0.0558141861322291,1000,ancova_p_value,,2.0,1000.0,0.1576104641334238,0.0163787765438806,0.1076104641334238,4.870687502717655e-19,non-significant
0.2,degree,0.0558141861322291,1000,ancova_p_value,,4.0,1000.0,0.04577034649325166,0.0060374399383449,-0.0042296535067483446,0.2350681644372874,significant
0.2,degree,0.0558141861322291,1000,ancova_p_value,,6.0,1000.0,0.014476528145859816,0.0022299069131531,-0.03552347185414019,0.0,significant
0.2,degree,0.0558141861322291,1000,ancova_p_value,,8.0,1000.0,0.00477118583723039,0.000825239036683,-0.04522881416276961,0.0,significant
0.2,degree,0.0558141861322291,1000,ancova_p_value,,10.0,1000.0,0.0016125523948250528,0.0003060049882236,-0.04838744760517495,0.0,significant
0.2,degree,0.0558141861322291,1000,ancova_p_value,,15.0,1000.0,0.00011449967420285442,2.584175105984677e-05,-0.049885500325797145,0.0,significant
0.3,degree,0.0468999289895655,30,ancova_p_value,,0.5,30.0,0.4849569686830381,0.0287227311757316,0.4349569686830381,2.214312253093324e-105,non-significant
0.3,degree,0.0468999289895655,30,ancova_p_value,,1.0,30.0,0.3253086154260302,0.0223237417098647,0.2753086154260302,2.0337174142684935e-74,non-significant
0.3,degree,0.0468999289895655,30,ancova_p_value,,2.0,30.0,0.167594108019346,0.0136473578517142,0.11759410801934599,3.5034947823371587e-32,non-significant
0.3,degree,0.0468999289895655,30,ancova_p_value,,4.0,30.0,0.054625044962983094,0.0053327353252176,0.004625044962983091,0.19480136097730383,non-significant
0.3,degree,0.0468999289895655,30,ancova_p_value,,6.0,30.0,0.0203613903722062,0.0021987936877814,-0.029638609627793803,0.0,significant
0.3,degree,0.0468999289895655,30,ancova_p_value,,8.0,30.0,0.008257335914631373,0.0009511028780792,-0.04174266408536863,0.0,significant
0.3,degree,0.0468999289895655,30,ancova_p_value,,10.0,30.0,0.0035685233088176825,0.0004294804286058,-0.04643147669118232,0.0,significant
0.3,degree,0.0468999289895655,30,ancova_p_value,,15.0,30.0,0.0005407062921313466,6.919572753237979e-05,-0.049459293707868654,0.0,significant
0.3,degree,0.0468999289895655,50,ancova_p_value,,0.5,50.0,0.48278284379668057,0.0288898899484985,0.4327828437966806,2.414069052749236e-103,non-significant
0.3,degree,0.0468999289895655,50,ancova_p_value,,1.0,50.0,0.32212564510024433,0.0224717315970149,0.27212564510024434,8.870050541035813e-72,non-significant
0.3,degree,0.0468999289895655,50,ancova_p_value,,2.0,50.0,0.16349617189550622,0.0136959060059081,0.11349617189550622,1.20918116501409e-29,non-significant
0.3,degree,0.0468999289895655,50,ancova_p_value,,4.0,50.0,0.05094706873769324,0.0052316075036578,0.0009470687376932352,0.4405535691971022,non-significant
0.3,degree,0.0468999289895655,50,ancova_p_value,,6.0,50.0,0.01785224137520709,0.0020695758162027,-0.03214775862479291,0.0,significant
0.3,degree,0.0468999289895655,50,ancova_p_value,,8.0,50.0,0.006713432842279582,0.0008457893136601,-0.04328656715772042,0.0,significant
0.3,degree,0.0468999289895655,50,ancova_p_value,,10.0,50.0,0.0026605541904910716,0.0003563027257134,-0.04733944580950893,0.0,significant
0.3,degree,0.0468999289895655,50,ancova_p_value,,15.0,50.0,0.00031306556427201346,4.627915653773825e-05,-0.04968693443572799,0.0,significant
0.3,degree,0.0468999289895655,75,ancova_p_value,,0.5,75.0,0.4816914470000123,0.0289740021645537,0.43169144700001233,2.467210789820362e-102,non-significant
0.3,degree,0.0468999289895655,75,ancova_p_value,,1.0,75.0,0.3205260061237414,0.0225463447538038,0.2705260061237414,1.7632835659661847e-70,non-significant
0.3,degree,0.0468999289895655,75,ancova_p_value,,2.0,75.0,0.16143714082856858,0.0137197151178275,0.11143714082856858,2.016371633706666e-28,non-significant
0.3,degree,0.0468999289895655,75,ancova_p_value,,4.0,75.0,0.04912138289485513,0.005178013532406,-0.0008786171051448702,0.41997547455627693,significant
0.3,degree,0.0468999289895655,75,ancova_p_value,,6.0,75.0,0.016639791628428848,0.0020024511616277,-0.03336020837157115,0.0,significant
0.3,degree,0.0468999289895655,75,ancova_p_value,,8.0,75.0,0.005996484169924953,0.0007925472070451,-0.04400351583007505,0.0,significant
0.3,degree,0.0468999289895655,75,ancova_p_value,,10.0,75.0,0.0022598459055359287,0.0003206811800054,-0.047740154094464075,0.0,significant
0.3,degree,0.0468999289895655,75,ancova_p_value,,15.0,75.0,0.0002280430925145892,3.654073606908714e-05,-0.04977195690748541,0.0,significant
0.3,degree,0.0468999289895655,100,ancova_p_value,,0.5,100.0,0.48114467698573943,0.0290161915671138,0.43114467698573944,7.845189458645658e-102,non-significant
0.3,degree,0.0468999289895655,100,ancova_p_value,,1.0,100.0,0.31972415578412333,0.0225838069381157,0.26972415578412334,7.765502779268009e-70,non-significant
0.3,degree,0.0468999289895655,100,ancova_p_value,,2.0,100.0,0.16040513148560548,0.0137314959945049,0.11040513148560548,8.015985230329977e-28,non-significant
0.3,degree,0.0468999289895655,100,ancova_p_value,,4.0,100.0,0.04821217873113365,0.0051504229429362,-0.0017878212688663547,0.3531926581418403,significant
0.3,degree,0.0468999289895655,100,ancova_p_value,,6.0,100.0,0.016044679166962617,0.0019682503287825,-0.033955320833037386,0.0,significant
0.3,degree,0.0468999289895655,100,ancova_p_value,,8.0,100.0,0.005652215916228005,0.0007658203038868,-0.044347784083772,0.0,significant
0.3,degree,0.0468999289895655,100,ancova_p_value,,10.0,100.0,0.00207287258086666,0.0003031767743996,-0.047927127419133346,0.0,significant
0.3,degree,0.0468999289895655,100,ancova_p_value,,15.0,100.0,0.0001920508540141487,3.212074359766728e-05,-0.04980794914598585,0.0,significant
0.3,degree,0.0468999289895655,300,ancova_p_value,,0.5,300.0,0.4800490110787622,0.029100837080475,0.4300490110787622,7.847421141231381e-101,non-significant
0.3,degree,0.0468999289895655,300,ancova_p_value,,1.0,300.0,0.31811640443062633,0.022659044048856,0.26811640443062634,1.469505862557938e-68,non-significant
0.3,degree,0.0468999289895655,300,ancova_p_value,,2.0,300.0,0.15833615787546532,0.0137547992252099,0.10833615787546531,1.2009804205060186e-26,non-significant
0.3,degree,0.0468999289895655,300,ancova_p_value,,4.0,300.0,0.0464015209831491,0.0050936000068035,-0.0035984790168509043,0.2344790926964213,significant
0.3,degree,0.0468999289895655,300,ancova_p_value,,6.0,300.0,0.014877544674688336,0.0018985606925403,-0.03512245532531166,0.0,significant
0.3,degree,0.0468999289895655,300,ancova_p_value,,8.0,300.0,0.004992719858471545,0.0007122235623219,-0.04500728014152846,0.0,significant
0.3,degree,0.0468999289895655,300,ancova_p_value,,10.0,300.0,0.0017256705948826214,0.00026888355936,-0.04827432940511738,0.0,significant
0.3,degree,0.0468999289895655,300,ancova_p_value,,15.0,300.0,0.00013201666015390175,2.419696103998573e-05,-0.0498679833398461,0.0,significant
0.3,degree,0.0468999289895655,500,ancova_p_value,,0.5,500.0,0.47982953965954955,0.0291178088691866,0.42982953965954956,1.2416621024153546e-100,non-significant
0.3,degree,0.0468999289895655,500,ancova_p_value,,1.0,500.0,0.3177942072606085,0.0226741416780945,0.2677942072606085,2.635492257954688e-68,non-significant
0.3,degree,0.0468999289895655,500,ancova_p_value,,2.0,500.0,0.15792157401181234,0.0137594172561622,0.10792157401181234,2.0462248354182627e-26,non-significant
0.3,degree,0.0468999289895655,500,ancova_p_value,,4.0,500.0,0.046040682769031456,0.005081966596333,-0.003959317230968547,0.21379220310137503,significant
0.3,degree,0.0468999289895655,500,ancova_p_value,,6.0,500.0,0.01464790875937049,0.0018844157149498,-0.03535209124062951,0.0,significant
0.3,degree,0.0468999289895655,500,ancova_p_value,,8.0,500.0,0.004865533464805003,0.0007014896353066,-0.045134466535195,0.0,significant
0.3,degree,0.0468999289895655,500,ancova_p_value,,10.0,500.0,0.0016604995248597615,0.0002621513346952,-0.04833950047514024,0.0,significant
0.3,degree,0.0468999289895655,500,ancova_p_value,,15.0,500.0,0.0001217965039979378,2.2759897973410203e-05,-0.04987820349600206,0.0,significant
0.3,degree,0.0468999289895655,1000,ancova_p_value,,0.5,1000.0,0.4796648624377731,0.0291305470504662,0.42966486243777313,1.7510435389439108e-100,non-significant
0.3,degree,0.0468999289895655,1000,ancova_p_value,,1.0,1000.0,0.31755241808467255,0.0226854759122786,0.26755241808467256,4.080897556090106e-68,non-significant
0.3,degree,0.0468999289895655,1000,ancova_p_value,,2.0,1000.0,0.1576104641334238,0.0137628712353542,0.1076104641334238,3.045857819387698e-26,non-significant
0.3,degree,0.0468999289895655,1000,ancova_p_value,,4.0,1000.0,0.04577034649325166,0.0050731816408882,-0.0042296535067483446,0.1990204508664235,significant
0.3,degree,0.0468999289895655,1000,ancova_p_value,,6.0,1000.0,0.014476528145859816,0.0018737615493031,-0.03552347185414019,0.0,significant
0.3,degree,0.0468999289895655,1000,ancova_p_value,,8.0,1000.0,0.00477118583723039,0.0006934375452176,-0.04522881416276961,0.0,significant
0.3,degree,0.0468999289895655,1000,ancova_p_value,,10.0,1000.0,0.0016125523948250528,0.0002571319804635,-0.04838744760517495,0.0,significant
0.3,degree,0.0468999289895655,1000,ancova_p_value,,15.0,1000.0,0.00011449967420285442,2.171448467960378e-05,-0.049885500325797145,0.0,significant
0.4,degree,0.0452103422696232,30,ancova_p_value,,0.5,30.0,0.4849569686830381,0.0276879845097871,0.4349569686830381,2.851870484244962e-113,non-significant
0.4,degree,0.0452103422696232,30,ancova_p_value,,1.0,30.0,0.3253086154260302,0.0215195209286179,0.2753086154260302,6.060067090660033e-80,non-significant
0.4,degree,0.0452103422696232,30,ancova_p_value,,2.0,30.0,0.167594108019346,0.0131557069028677,0.11759410801934599,1.7075287285592904e-34,non-significant
0.4,degree,0.0452103422696232,30,ancova_p_value,,4.0,30.0,0.054625044962983094,0.0051406216273811,0.004625044962983091,0.18545087986575753,non-significant
0.4,degree,0.0452103422696232,30,ancova_p_value,,6.0,30.0,0.0203613903722062,0.0021195813585773,-0.029638609627793803,0.0,significant
0.4,degree,0.0452103422696232,30,ancova_p_value,,8.0,30.0,0.008257335914631373,0.0009168390566465,-0.04174266408536863,0.0,significant
0.4,degree,0.0452103422696232,30,ancova_p_value,,10.0,30.0,0.0035685233088176825,0.0004140082425219,-0.04643147669118232,0.0,significant
0.4,degree,0.0452103422696232,30,ancova_p_value,,15.0,30.0,0.0005407062921313466,6.67029266937801e-05,-0.049459293707868654,0.0,significant
0.4,degree,0.0452103422696232,50,ancova_p_value,,0.5,50.0,0.48278284379668057,0.0278491213279652,0.4327828437966806,4.442492774854959e-111,non-significant
0.4,degree,0.0452103422696232,50,ancova_p_value,,1.0,50.0,0.32212564510024433,0.0216621794271412,0.27212564510024434,4.1949583842043395e-77,non-significant
0.4,degree,0.0452103422696232,50,ancova_p_value,,2.0,50.0,0.16349617189550622,0.013202506092439,0.11349617189550622,9.173172380335158e-32,non-significant
0.4,degree,0.0452103422696232,50,ancova_p_value,,4.0,50.0,0.05094706873769324,0.0050431369717707,0.0009470687376932352,0.43740777787698526,non-significant
0.4,degree,0.0452103422696232,50,ancova_p_value,,6.0,50.0,0.01785224137520709,0.0019950186070489,-0.03214775862479291,0.0,significant
0.4,degree,0.0452103422696232,50,ancova_p_value,,8.0,50.0,0.006713432842279582,0.0008153194510608,-0.04328656715772042,0.0,significant
0.4,degree,0.0452103422696232,50,ancova_p_value,,10.0,50.0,0.0026605541904910716,0.000343466792555,-0.04733944580950893,0.0,significant
0.4,degree,0.0452103422696232,50,ancova_p_value,,15.0,50.0,0.00031306556427201346,4.461193336744966e-05,-0.04968693443572799,0.0,significant
0.4,degree,0.0452103422696232,75,ancova_p_value,,0.5,75.0,0.4816914470000123,0.0279302033713466,0.43169144700001233,5.418357875881797e-110,non-significant
0.4,degree,0.0452103422696232,75,ancova_p_value,,1.0,75.0,0.3205260061237414,0.0217341046182645,0.2705260061237414,1.0466394233201952e-75,non-significant
0.4,degree,0.0452103422696232,75,ancova_p_value,,2.0,75.0,0.16143714082856858,0.013225457472584,0.11143714082856858,1.8927364586850644e-30,non-significant
0.4,degree,0.0452103422696232,75,ancova_p_value,,4.0,75.0,0.04912138289485513,0.0049914737425061,-0.0008786171051448702,0.4179800235587432,significant
0.4,degree,0.0452103422696232,75,ancova_p_value,,6.0,75.0,0.016639791628428848,0.0019303121421684,-0.03336020837157115,0.0,significant
0.4,degree,0.0452103422696232,75,ancova_p_value,,8.0,75.0,0.005996484169924953,0.0007639954103836,-0.04400351583007505,0.0,significant
0.4,degree,0.0452103422696232,75,ancova_p_value,,10.0,75.0,0.0022598459055359287,0.0003091285257744,-0.047740154094464075,0.0,significant
0.4,degree,0.0452103422696232,75,ancova_p_value,,15.0,75.0,0.0002280430925145892,3.5224342980027626e-05,-0.04977195690748541,0.0,significant
0.4,degree,0.0452103422696232,100,ancova_p_value,,0.5,100.0,0.48114467698573943,0.0279708728855865,0.43114467698573944,1.8813924955113122e-109,non-significant
0.4,degree,0.0452103422696232,100,ancova_p_value,,1.0,100.0,0.31972415578412333,0.0217702172139848,0.26972415578412334,5.159089306604883e-75,non-significant
0.4,degree,0.0452103422696232,100,ancova_p_value,,2.0,100.0,0.16040513148560548,0.0132368139389645,0.11040513148560548,8.352767711162104e-30,non-significant
0.4,degree,0.0452103422696232,100,ancova_p_value,,4.0,100.0,0.04821217873113365,0.0049648771138922,-0.0017878212688663547,0.34888683843283275,significant
0.4,degree,0.0452103422696232,100,ancova_p_value,,6.0,100.0,0.016044679166962617,0.0018973434065615,-0.033955320833037386,0.0,significant
0.4,degree,0.0452103422696232,100,ancova_p_value,,8.0,100.0,0.005652215916228005,0.0007382313534729,-0.044347784083772,0.0,significant
0.4,degree,0.0452103422696232,100,ancova_p_value,,10.0,100.0,0.00207287258086666,0.0002922547226427,-0.047927127419133346,0.0,significant
0.4,degree,0.0452103422696232,100,ancova_p_value,,15.0,100.0,0.0001920508540141487,3.0963582318609377e-05,-0.04980794914598585,0.0,significant
0.4,degree,0.0452103422696232,300,ancova_p_value,,0.5,300.0,0.4800490110787622,0.0280524690140475,0.4300490110787622,2.2422087666960514e-108,non-significant
0.4,degree,0.0452103422696232,300,ancova_p_value,,1.0,300.0,0.31811640443062633,0.0218427438808952,0.26811640443062634,1.2207203166473163e-73,non-significant
0.4,degree,0.0452103422696232,300,ancova_p_value,,2.0,300.0,0.15833615787546532,0.0132592776624468,0.10833615787546531,1.5358262412054669e-28,non-significant
0.4,degree,0.0452103422696232,300,ancova_p_value,,4.0,300.0,0.0464015209831491,0.0049101012443617,-0.0035984790168509043,0.2270134942969998,significant
0.4,degree,0.0452103422696232,300,ancova_p_value,,6.0,300.0,0.014877544674688336,0.0018301643643959,-0.03512245532531166,0.0,significant
0.4,degree,0.0452103422696232,300,ancova_p_value,,8.0,300.0,0.004992719858471545,0.0006865654536966,-0.04500728014152846,0.0,significant
0.4,degree,0.0452103422696232,300,ancova_p_value,,10.0,300.0,0.0017256705948826214,0.000259196932943,-0.04827432940511738,0.0,significant
0.4,degree,0.0452103422696232,300,ancova_p_value,,15.0,300.0,0.00013201666015390175,2.332525686224131e-05,-0.0498679833398461,0.0,significant
0.4,degree,0.0452103422696232,500,ancova_p_value,,0.5,500.0,0.47982953965954955,0.0280688293879993,0.42982953965954956,3.673754332532178e-108,non-significant
0.4,degree,0.0452103422696232,500,ancova_p_value,,1.0,500.0,0.3177942072606085,0.0218572976126393,0.2677942072606085,2.2886766161531753e-73,non-significant
0.4,degree,0.0452103422696232,500,ancova_p_value,,2.0,500.0,0.15792157401181234,0.013263729327182,0.10792157401181234,2.7243502443518913e-28,non-significant
0.4,degree,0.0452103422696232,500,ancova_p_value,,4.0,500.0,0.046040682769031456,0.0048988869316652,-0.003959317230968547,0.20598025043122326,significant
0.4,degree,0.0452103422696232,500,ancova_p_value,,6.0,500.0,0.01464790875937049,0.0018165289646833,-0.03535209124062951,0.0,significant
0.4,degree,0.0452103422696232,500,ancova_p_value,,8.0,500.0,0.004865533464805003,0.0006762182202421,-0.045134466535195,0.0,significant
0.4,degree,0.0452103422696232,500,ancova_p_value,,10.0,500.0,0.0016604995248597615,0.0002527072390801,-0.04833950047514024,0.0,significant
0.4,degree,0.0452103422696232,500,ancova_p_value,,15.0,500.0,0.0001217965039979378,2.193996450673755e-05,-0.04987820349600206,0.0,significant
0.4,degree,0.0452103422696232,1000,ancova_p_value,,0.5,1000.0,0.4796648624377731,0.0280811086717413,0.42966486243777313,5.318134831321708e-108,non-significant
0.4,degree,0.0452103422696232,1000,ancova_p_value,,1.0,1000.0,0.31755241808467255,0.0218682235269822,0.26755241808467256,3.663601587449817e-73,non-significant
0.4,degree,0.0452103422696232,1000,ancova_p_value,,2.0,1000.0,0.1576104641334238,0.013267058875538,0.1076104641334238,4.179121768584522e-28,non-significant
0.4,degree,0.0452103422696232,1000,ancova_p_value,,4.0,1000.0,0.04577034649325166,0.0048904184573831,-0.0042296535067483446,0.19101316104698696,significant
0.4,degree,0.0452103422696232,1000,ancova_p_value,,6.0,1000.0,0.014476528145859816,0.0018062586191655,-0.03552347185414019,0.0,significant
0.4,degree,0.0452103422696232,1000,ancova_p_value,,8.0,1000.0,0.00477118583723039,0.0006684562095791,-0.04522881416276961,0.0,significant
0.4,degree,0.0452103422696232,1000,ancova_p_value,,10.0,1000.0,0.0016125523948250528,0.0002478687088803,-0.04838744760517495,0.0,significant
0.4,degree,0.0452103422696232,1000,ancova_p_value,,15.0,1000.0,0.00011449967420285442,2.093221260082917e-05,-0.049885500325797145,0.0,significant
0.5,degree,0.0439356043225321,30,ancova_p_value,,0.5,30.0,0.4849569686830381,0.0269073019765161,0.4349569686830381,7.781555450582645e-120,non-significant
0.5,degree,0.0439356043225321,30,ancova_p_value,,1.0,30.0,0.3253086154260302,0.0209127626393899,0.2753086154260302,1.5332185115278586e-84,non-significant
0.5,degree,0.0439356043225321,30,ancova_p_value,,2.0,30.0,0.167594108019346,0.0127847723341824,0.11759410801934599,2.0389174971158367e-36,non-significant
0.5,degree,0.0439356043225321,30,ancova_p_value,,4.0,30.0,0.054625044962983094,0.0049956781226188,0.004625044962983091,0.1781414680592554,non-significant
0.5,degree,0.0439356043225321,30,ancova_p_value,,6.0,30.0,0.0203613903722062,0.0020598182456681,-0.029638609627793803,0.0,significant
0.5,degree,0.0439356043225321,30,ancova_p_value,,8.0,30.0,0.008257335914631373,0.0008909881234704,-0.04174266408536863,0.0,significant
0.5,degree,0.0439356043225321,30,ancova_p_value,,10.0,30.0,0.0035685233088176825,0.0004023349839121,-0.04643147669118232,0.0,significant
0.5,degree,0.0439356043225321,30,ancova_p_value,,15.0,30.0,0.0005407062921313466,6.482218995147661e-05,-0.049459293707868654,0.0,significant
0.5,degree,0.0439356043225321,50,ancova_p_value,,0.5,50.0,0.48278284379668057,0.0270638954268166,0.4327828437966806,1.6312414047935662e-117,non-significant
0.5,degree,0.0439356043225321,50,ancova_p_value,,1.0,50.0,0.32212564510024433,0.021051398779479,0.27212564510024434,1.5587409735482536e-81,non-significant
0.5,degree,0.0439356043225321,50,ancova_p_value,,2.0,50.0,0.16349617189550622,0.0128302519871202,0.11349617189550622,1.5828374460997367e-33,non-significant
0.5,degree,0.0439356043225321,50,ancova_p_value,,4.0,50.0,0.05094706873769324,0.004900942116621,0.0009470687376932352,0.4349006612415867,non-significant
0.5,degree,0.0439356043225321,50,ancova_p_value,,6.0,50.0,0.01785224137520709,0.0019387676300404,-0.03214775862479291,0.0,significant
0.5,degree,0.0439356043225321,50,ancova_p_value,,8.0,50.0,0.006713432842279582,0.0007923309357987,-0.04328656715772042,0.0,significant
0.5,degree,0.0439356043225321,50,ancova_p_value,,10.0,50.0,0.0026605541904910716,0.0003337825005976,-0.04733944580950893,0.0,significant
0.5,degree,0.0439356043225321,50,ancova_p_value,,15.0,50.0,0.00031306556427201346,4.335406798750102e-05,-0.04968693443572799,0.0,significant
0.5,degree,0.0439356043225321,75,ancova_p_value,,0.5,75.0,0.4816914470000123,0.0271426913039728,0.43169144700001233,2.304872986222651e-116,non-significant
0.5,degree,0.0439356043225321,75,ancova_p_value,,1.0,75.0,0.3205260061237414,0.021121295988378,0.2705260061237414,4.698331527243922e-80,non-significant
0.5,degree,0.0439356043225321,75,ancova_p_value,,2.0,75.0,0.16143714082856858,0.0128525562366809,0.11143714082856858,3.899086306897466e-32,non-significant
0.5,degree,0.0439356043225321,75,ancova_p_value,,4.0,75.0,0.04912138289485513,0.0048507355690693,-0.0008786171051448702,0.4163506392298225,significant
0.5,degree,0.0439356043225321,75,ancova_p_value,,6.0,75.0,0.016639791628428848,0.0018758856102329,-0.03336020837157115,0.0,significant
0.5,degree,0.0439356043225321,75,ancova_p_value,,8.0,75.0,0.005996484169924953,0.0007424540131694,-0.04400351583007505,0.0,significant
0.5,degree,0.0439356043225321,75,ancova_p_value,,10.0,75.0,0.0022598459055359287,0.0003004124258169,-0.047740154094464075,0.0,significant
0.5,degree,0.0439356043225321,75,ancova_p_value,,15.0,75.0,0.0002280430925145892,3.423116742762393e-05,-0.04977195690748541,0.0,significant
0.5,degree,0.0439356043225321,100,ancova_p_value,,0.5,100.0,0.48114467698573943,0.0271822141121608,0.43114467698573944,8.611024128919763e-116,non-significant
0.5,degree,0.0439356043225321,100,ancova_p_value,,1.0,100.0,0.31972415578412333,0.0211563903636243,0.26972415578412334,2.5434907160988598e-79,non-significant
0.5,degree,0.0439356043225321,100,ancova_p_value,,2.0,100.0,0.16040513148560548,0.0128635924993666,0.11040513148560548,1.8768910720459512e-31,non-significant
0.5,degree,0.0439356043225321,100,ancova_p_value,,4.0,100.0,0.04821217873113365,0.0048248888514283,-0.0017878212688663547,0.3454103525427601,significant
0.5,degree,0.0439356043225321,100,ancova_p_value,,6.0,100.0,0.016044679166962617,0.0018438464517147,-0.033955320833037386,0.0,significant
0.5,degree,0.0439356043225321,100,ancova_p_value,,8.0,100.0,0.005652215916228005,0.0007174163922768,-0.044347784083772,0.0,significant
0.5,degree,0.0439356043225321,100,ancova_p_value,,10.0,100.0,0.00207287258086666,0.0002840143916373,-0.047927127419133346,0.0,significant
0.5,degree,0.0439356043225321,100,ancova_p_value,,15.0,100.0,0.0001920508540141487,3.009054196151545e-05,-0.04980794914598585,0.0,significant
0.5,degree,0.0439356043225321,300,ancova_p_value,,0.5,300.0,0.4800490110787622,0.0272615095794,0.4300490110787622,1.1872643846899159e-114,non-significant
0.5,degree,0.0439356043225321,300,ancova_p_value,,1.0,300.0,0.31811640443062633,0.0212268720892702,0.26811640443062634,7.247958127259966e-78,non-significant
0.5,degree,0.0439356043225321,300,ancova_p_value,,2.0,300.0,0.15833615787546532,0.0128854228420931,0.10833615787546531,4.0920939991541474e-30,non-significant
0.5,degree,0.0439356043225321,300,ancova_p_value,,4.0,300.0,0.0464015209831491,0.0047716574267299,-0.0035984790168509043,0.22108090159273297,significant
0.5,degree,0.0439356043225321,300,ancova_p_value,,6.0,300.0,0.014877544674688336,0.0017785615707078,-0.03512245532531166,0.0,significant
0.5,degree,0.0439356043225321,300,ancova_p_value,,8.0,300.0,0.004992719858471545,0.0006672072495103,-0.04500728014152846,0.0,significant
0.5,degree,0.0439356043225321,300,ancova_p_value,,10.0,300.0,0.0017256705948826214,0.0002518886899702,-0.04827432940511738,0.0,significant
0.5,degree,0.0439356043225321,300,ancova_p_value,,15.0,300.0,0.00013201666015390175,2.2667584556408668e-05,-0.0498679833398461,0.0,significant
0.5,degree,0.0439356043225321,500,ancova_p_value,,0.5,500.0,0.47982953965954955,0.0272774086609028,0.42982953965954956,2.0025956015273364e-114,non-significant
0.5,degree,0.0439356043225321,500,ancova_p_value,,1.0,500.0,0.3177942072606085,0.021241015468135,0.2677942072606085,1.4100154876878057e-77,non-significant
0.5,degree,0.0439356043225321,500,ancova_p_value,,2.0,500.0,0.15792157401181234,0.012889748988956,0.10792157401181234,7.50636832039986e-30,non-significant
0.5,degree,0.0439356043225321,500,ancova_p_value,,4.0,500.0,0.046040682769031456,0.0047607593096034,-0.003959317230968547,0.19979585108952802,significant
0.5,degree,0.0439356043225321,500,ancova_p_value,,6.0,500.0,0.01464790875937049,0.0017653106308459,-0.03535209124062951,0.0,significant
0.5,degree,0.0439356043225321,500,ancova_p_value,,8.0,500.0,0.004865533464805003,0.0006571517637062,-0.045134466535195,0.0,significant
0.5,degree,0.0439356043225321,500,ancova_p_value,,10.0,500.0,0.0016604995248597615,0.0002455819776689,-0.04833950047514024,0.0,significant
0.5,degree,0.0439356043225321,500,ancova_p_value,,15.0,500.0,0.0001217965039979378,2.1321351510008222e-05,-0.04987820349600206,0.0,significant
0.5,degree,0.0439356043225321,1000,ancova_p_value,,0.5,1000.0,0.4796648624377731,0.0272893417214541,0.42966486243777313,2.9627220968831757e-114,non-significant
0.5,degree,0.0439356043225321,1000,ancova_p_value,,1.0,1000.0,0.31755241808467255,0.0212516333185058,0.26755241808467256,2.3203522506574524e-77,non-significant
0.5,degree,0.0439356043225321,1000,ancova_p_value,,2.0,1000.0,0.1576104641334238,0.0128929846583139,0.1076104641334238,1.1806553082976962e-29,non-significant
0.5,degree,0.0439356043225321,1000,ancova_p_value,,4.0,1000.0,0.04577034649325166,0.0047525296100126,-0.0042296535067483446,0.1846932110508348,significant
0.5,degree,0.0439356043225321,1000,ancova_p_value,,6.0,1000.0,0.014476528145859816,0.0017553298650681,-0.03552347185414019,0.0,significant
0.5,degree,0.0439356043225321,1000,ancova_p_value,,8.0,1000.0,0.00477118583723039,0.0006496086084873,-0.04522881416276961,0.0,significant
0.5,degree,0.0439356043225321,1000,ancova_p_value,,10.0,1000.0,0.0016125523948250528,0.00024087987329,-0.04838744760517495,0.0,significant
0.5,degree,0.0439356043225321,1000,ancova_p_value,,15.0,1000.0,0.00011449967420285442,2.034201389010665e-05,-0.049885500325797145,0.0,significant
0.05,eigenvec,0.168795738912578,30,ancova_p_value,,0.5,30.0,0.4849569686830381,0.1033748821554427,0.4349569686830381,2.162061411912091e-09,non-significant
0.05,eigenvec,0.168795738912578,30,ancova_p_value,,1.0,30.0,0.3253086154260302,0.080344524147329,0.2753086154260302,4.3555098387675234e-07,non-significant
0.05,eigenvec,0.168795738912578,30,ancova_p_value,,2.0,30.0,0.167594108019346,0.049117683169563,0.11759410801934599,0.0008177368249497309,non-significant
0.05,eigenvec,0.168795738912578,30,ancova_p_value,,4.0,30.0,0.054625044962983094,0.0191928435509056,0.004625044962983091,0.4464926056188083,non-significant
0.05,eigenvec,0.168795738912578,30,ancova_p_value,,6.0,30.0,0.0203613903722062,0.0079135941832226,-0.029638609627793803,0.002170143055446938,significant
0.05,eigenvec,0.168795738912578,30,ancova_p_value,,8.0,30.0,0.008257335914631373,0.0034230779565355,-0.04174266408536863,1.1866829741080664e-10,significant
0.05,eigenvec,0.168795738912578,30,ancova_p_value,,10.0,30.0,0.0035685233088176825,0.0015457265683949,-0.04643147669118232,0.0,significant
0.05,eigenvec,0.168795738912578,30,ancova_p_value,,15.0,30.0,0.0005407062921313466,0.0002490396938771,-0.049459293707868654,0.0,significant
0.05,eigenvec,0.168795738912578,50,ancova_p_value,,0.5,50.0,0.48278284379668057,0.1039764968950125,0.4327828437966806,3.118554228621262e-09,non-significant
0.05,eigenvec,0.168795738912578,50,ancova_p_value,,1.0,50.0,0.32212564510024433,0.0808771488845362,0.27212564510024434,7.03161961859497e-07,non-significant
0.05,eigenvec,0.168795738912578,50,ancova_p_value,,2.0,50.0,0.16349617189550622,0.0492924109727079,0.11349617189550622,0.0013185815777020575,non-significant
0.05,eigenvec,0.168795738912578,50,ancova_p_value,,4.0,50.0,0.05094706873769324,0.0188288782799005,0.0009470687376932352,0.5268303159500239,non-significant
0.05,eigenvec,0.168795738912578,50,ancova_p_value,,6.0,50.0,0.01785224137520709,0.007448531088592,-0.03214775862479291,0.0008956128866703938,significant
0.05,eigenvec,0.168795738912578,50,ancova_p_value,,8.0,50.0,0.006713432842279582,0.0030440479386523,-0.04328656715772042,6.6131544684822074e-12,significant
0.05,eigenvec,0.168795738912578,50,ancova_p_value,,10.0,50.0,0.0026605541904910716,0.0012823554994455,-0.04733944580950893,0.0,significant
0.05,eigenvec,0.168795738912578,50,ancova_p_value,,15.0,50.0,0.00031306556427201346,0.0001665615405468,-0.04968693443572799,0.0,significant
0.05,eigenvec,0.168795738912578,75,ancova_p_value,,0.5,75.0,0.4816914470000123,0.1042792219516705,0.43169144700001233,3.7392575889305506e-09,non-significant
0.05,eigenvec,0.168795738912578,75,ancova_p_value,,1.0,75.0,0.3205260061237414,0.08114568624065,0.2705260061237414,8.901044927487431e-07,non-significant
0.05,eigenvec,0.168795738912578,75,ancova_p_value,,2.0,75.0,0.16143714082856858,0.0493781014359107,0.11143714082856858,0.0016610311275621888,non-significant
0.05,eigenvec,0.168795738912578,75,ancova_p_value,,4.0,75.0,0.04912138289485513,0.0186359902697564,-0.0008786171051448702,0.4335632608403568,significant
0.05,eigenvec,0.168795738912578,75,ancova_p_value,,6.0,75.0,0.016639791628428848,0.0072069453141072,-0.03336020837157115,0.0005606093872826401,significant
0.05,eigenvec,0.168795738912578,75,ancova_p_value,,8.0,75.0,0.005996484169924953,0.0028524263110517,-0.04400351583007505,1.354472090042691e-12,significant
0.05,eigenvec,0.168795738912578,75,ancova_p_value,,10.0,75.0,0.0022598459055359287,0.0011541513580204,-0.047740154094464075,0.0,significant
0.05,eigenvec,0.168795738912578,75,ancova_p_value,,15.0,75.0,0.0002280430925145892,0.0001315123642631,-0.04977195690748541,0.0,significant
0.05,eigenvec,0.168795738912578,100,ancova_p_value,,0.5,100.0,0.48114467698573943,0.1044310642152483,0.43114467698573944,4.092826215289821e-09,non-significant
0.05,eigenvec,0.168795738912578,100,ancova_p_value,,1.0,100.0,0.31972415578412333,0.0812805149540073,0.26972415578412334,1.0005265948111193e-06,non-significant
0.05,eigenvec,0.168795738912578,100,ancova_p_value,,2.0,100.0,0.16040513148560548,0.0494205015381419,0.11040513148560548,0.0018605908315827595,non-significant
0.05,eigenvec,0.168795738912578,100,ancova_p_value,,4.0,100.0,0.04821217873113365,0.0185366900354717,-0.0017878212688663547,0.41407389475630074,significant
0.05,eigenvec,0.168795738912578,100,ancova_p_value,,6.0,100.0,0.016044679166962617,0.0070838544059563,-0.033955320833037386,0.0004405732692398523,significant
0.05,eigenvec,0.168795738912578,100,ancova_p_value,,8.0,100.0,0.005652215916228005,0.0027562345371054,-0.044347784083772,5.879741138414829e-13,significant
0.05,eigenvec,0.168795738912578,100,ancova_p_value,,10.0,100.0,0.00207287258086666,0.0010911519219423,-0.047927127419133346,0.0,significant
0.05,eigenvec,0.168795738912578,100,ancova_p_value,,15.0,100.0,0.0001920508540141487,0.0001156045385739,-0.04980794914598585,0.0,significant
0.05,eigenvec,0.168795738912578,300,ancova_p_value,,0.5,300.0,0.4800490110787622,0.1047357086418231,0.4300490110787622,4.8993927353396555e-09,non-significant
0.05,eigenvec,0.168795738912578,300,ancova_p_value,,1.0,300.0,0.31811640443062633,0.0815512979589001,0.26811640443062634,1.2618111553335303e-06,non-significant
0.05,eigenvec,0.168795738912578,300,ancova_p_value,,2.0,300.0,0.15833615787546532,0.0495043713036328,0.10833615787546531,0.002325318846167542,non-significant
0.05,eigenvec,0.168795738912578,300,ancova_p_value,,4.0,300.0,0.0464015209831491,0.018332180781442,-0.0035984790168509043,0.37594965639964184,significant
0.05,eigenvec,0.168795738912578,300,ancova_p_value,,6.0,300.0,0.014877544674688336,0.0068330371041506,-0.03512245532531166,0.00026837085442132924,significant
0.05,eigenvec,0.168795738912578,300,ancova_p_value,,8.0,300.0,0.004992719858471545,0.0025633365564332,-0.04500728014152846,1.0080825063596421e-13,significant
0.05,eigenvec,0.168795738912578,300,ancova_p_value,,10.0,300.0,0.0017256705948826214,0.0009677285245724,-0.04827432940511738,0.0,significant
0.05,eigenvec,0.168795738912578,300,ancova_p_value,,15.0,300.0,0.00013201666015390175,8.708635612416293e-05,-0.0498679833398461,0.0,significant
0.05,eigenvec,0.168795738912578,500,ancova_p_value,,0.5,500.0,0.47982953965954955,0.1047967911568283,0.42982953965954956,5.0781891454537334e-09,non-significant
0.05,eigenvec,0.168795738912578,500,ancova_p_value,,1.0,500.0,0.3177942072606085,0.0816056352582957,0.2677942072606085,1.321350606806278e-06,non-significant
0.05,eigenvec,0.168795738912578,500,ancova_p_value,,2.0,500.0,0.15792157401181234,0.0495209918820368,0.10792157401181234,0.002429828480296603,non-significant
0.05,eigenvec,0.168795738912578,500,ancova_p_value,,4.0,500.0,0.046040682769031456,0.0182903114191906,-0.003959317230968547,0.36848441615053695,significant
0.05,eigenvec,0.168795738912578,500,ancova_p_value,,6.0,500.0,0.01464790875937049,0.0067821284568299,-0.03535209124062951,0.0002424916939515187,significant
0.05,eigenvec,0.168795738912578,500,ancova_p_value,,8.0,500.0,0.004865533464805003,0.0025247044906494,-0.045134466535195,6.972200594645983e-14,significant
0.05,eigenvec,0.168795738912578,500,ancova_p_value,,10.0,500.0,0.0016604995248597615,0.0009434988325172,-0.04833950047514024,0.0,significant
0.05,eigenvec,0.168795738912578,500,ancova_p_value,,15.0,500.0,0.0001217965039979378,8.191427745767794e-05,-0.04987820349600206,0.0,significant
0.05,eigenvec,0.168795738912578,1000,ancova_p_value,,0.5,1000.0,0.4796648624377731,0.104842636657404,0.42966486243777313,5.216405202640394e-09,non-significant
0.05,eigenvec,0.168795738912578,1000,ancova_p_value,,1.0,1000.0,0.31755241808467255,0.0816464278666286,0.26755241808467256,1.3677526019913203e-06,non-significant
0.05,eigenvec,0.168795738912578,1000,ancova_p_value,,2.0,1000.0,0.1576104641334238,0.049533422966315,0.1076104641334238,0.002510937353810801,non-significant
0.05,eigenvec,0.168795738912578,1000,ancova_p_value,,4.0,1000.0,0.04577034649325166,0.0182586938223719,-0.0042296535067483446,0.3629241369943632,significant
0.05,eigenvec,0.168795738912578,1000,ancova_p_value,,6.0,1000.0,0.014476528145859816,0.0067437834571343,-0.03552347185414019,0.00022462025423763965,significant
0.05,eigenvec,0.168795738912578,1000,ancova_p_value,,8.0,1000.0,0.00477118583723039,0.0024957245214757,-0.04522881416276961,5.262457136723242e-14,significant
0.05,eigenvec,0.168795738912578,1000,ancova_p_value,,10.0,1000.0,0.0016125523948250528,0.0009254338668628,-0.04838744760517495,0.0,significant
0.05,eigenvec,0.168795738912578,1000,ancova_p_value,,15.0,1000.0,0.00011449967420285442,7.815177049447237e-05,-0.049885500325797145,0.0,significant
0.1,eigenvec,0.1098462185691532,30,ancova_p_value,,0.5,30.0,0.4849569686830381,0.0672726691619172,0.4349569686830381,1.903491439329208e-20,non-significant
0.1,eigenvec,0.1098462185691532,30,ancova_p_value,,1.0,30.0,0.3253086154260302,0.0522853373976045,0.2753086154260302,7.076125703956929e-15,non-significant
0.1,eigenvec,0.1098462185691532,30,ancova_p_value,,2.0,30.0,0.167594108019346,0.0319640282142939,0.11759410801934599,3.694978536626586e-07,non-significant
0.1,eigenvec,0.1098462185691532,30,ancova_p_value,,4.0,30.0,0.054625044962983094,0.0124900148619761,0.004625044962983091,0.37930963945305535,non-significant
0.1,eigenvec,0.1098462185691532,30,ancova_p_value,,6.0,30.0,0.0203613903722062,0.0051498835333045,-0.029638609627793803,9.131432435860454e-06,significant
0.1,eigenvec,0.1098462185691532,30,ancova_p_value,,8.0,30.0,0.008257335914631373,0.0022276164778519,-0.04174266408536863,0.0,significant
0.1,eigenvec,0.1098462185691532,30,ancova_p_value,,10.0,30.0,0.0035685233088176825,0.0010059034639967,-0.04643147669118232,0.0,significant
0.1,eigenvec,0.1098462185691532,30,ancova_p_value,,15.0,30.0,0.0005407062921313466,0.0001620661091462,-0.049459293707868654,0.0,significant
0.1,eigenvec,0.1098462185691532,50,ancova_p_value,,0.5,50.0,0.48278284379668057,0.0676641784772763,0.4327828437966806,4.493423620314382e-20,non-significant
0.1,eigenvec,0.1098462185691532,50,ancova_p_value,,1.0,50.0,0.32212564510024433,0.0526319504914866,0.27212564510024434,2.1619699629677093e-14,non-significant
0.1,eigenvec,0.1098462185691532,50,ancova_p_value,,2.0,50.0,0.16349617189550622,0.0320777348077068,0.11349617189550622,1.0996741245177262e-06,non-significant
0.1,eigenvec,0.1098462185691532,50,ancova_p_value,,4.0,50.0,0.05094706873769324,0.0122531593052662,0.0009470687376932352,0.49946248835264473,non-significant
0.1,eigenvec,0.1098462185691532,50,ancova_p_value,,6.0,50.0,0.01785224137520709,0.004847237135532,-0.03214775862479291,1.3317323398487346e-06,significant
0.1,eigenvec,0.1098462185691532,50,ancova_p_value,,8.0,50.0,0.006713432842279582,0.001980957323676,-0.04328656715772042,0.0,significant
0.1,eigenvec,0.1098462185691532,50,ancova_p_value,,10.0,50.0,0.0026605541904910716,0.0008345110094775,-0.04733944580950893,0.0,significant
0.1,eigenvec,0.1098462185691532,50,ancova_p_value,,15.0,50.0,0.00031306556427201346,0.0001083922823288,-0.04968693443572799,0.0,significant
0.1,eigenvec,0.1098462185691532,75,ancova_p_value,,0.5,75.0,0.4816914470000123,0.0678611810968581,0.43169144700001233,6.877050472575733e-20,non-significant
0.1,eigenvec,0.1098462185691532,75,ancova_p_value,,1.0,75.0,0.3205260061237414,0.0528067049805732,0.2705260061237414,3.7454290996948684e-14,non-significant
0.1,eigenvec,0.1098462185691532,75,ancova_p_value,,2.0,75.0,0.16143714082856858,0.0321334990906852,0.11143714082856858,1.8607799966447508e-06,non-significant
0.1,eigenvec,0.1098462185691532,75,ancova_p_value,,4.0,75.0,0.04912138289485513,0.0121276346998575,-0.0008786171051448702,0.44035542293096797,significant
0.1,eigenvec,0.1098462185691532,75,ancova_p_value,,6.0,75.0,0.016639791628428848,0.0046900217700363,-0.03336020837157115,4.788306280367749e-07,significant
0.1,eigenvec,0.1098462185691532,75,ancova_p_value,,8.0,75.0,0.005996484169924953,0.0018562568346495,-0.04400351583007505,0.0,significant
0.1,eigenvec,0.1098462185691532,75,ancova_p_value,,10.0,75.0,0.0022598459055359287,0.0007510803480688,-0.047740154094464075,0.0,significant
0.1,eigenvec,0.1098462185691532,75,ancova_p_value,,15.0,75.0,0.0002280430925145892,8.55835342909732e-05,-0.04977195690748541,0.0,significant
0.1,eigenvec,0.1098462185691532,100,ancova_p_value,,0.5,100.0,0.48114467698573943,0.0679599946011589,0.43114467698573944,8.499461074577848e-20,non-significant
0.1,eigenvec,0.1098462185691532,100,ancova_p_value,,1.0,100.0,0.31972415578412333,0.0528944466760227,0.26972415578412334,4.9188065725014875e-14,non-significant
0.1,eigenvec,0.1098462185691532,100,ancova_p_value,,2.0,100.0,0.16040513148560548,0.0321610915579302,0.11040513148560548,2.408944608082104e-06,non-significant
0.1,eigenvec,0.1098462185691532,100,ancova_p_value,,4.0,100.0,0.04821217873113365,0.0120630136655265,-0.0017878212688663547,0.4108446073601877,significant
0.1,eigenvec,0.1098462185691532,100,ancova_p_value,,6.0,100.0,0.016044679166962617,0.0046099186176243,-0.033955320833037386,2.8272041896482136e-07,significant
0.1,eigenvec,0.1098462185691532,100,ancova_p_value,,8.0,100.0,0.005652215916228005,0.0017936586749238,-0.044347784083772,0.0,significant
0.1,eigenvec,0.1098462185691532,100,ancova_p_value,,10.0,100.0,0.00207287258086666,0.0007100825724748,-0.047927127419133346,0.0,significant
0.1,eigenvec,0.1098462185691532,100,ancova_p_value,,15.0,100.0,0.0001920508540141487,7.523129134413165e-05,-0.04980794914598585,0.0,significant
0.1,eigenvec,0.1098462185691532,300,ancova_p_value,,0.5,300.0,0.4800490110787622,0.0681582462779074,0.4300490110787622,1.2957514223116086e-19,non-significant
0.1,eigenvec,0.1098462185691532,300,ancova_p_value,,1.0,300.0,0.31811640443062633,0.0530706625528682,0.26811640443062634,8.445825770698745e-14,non-significant
0.1,eigenvec,0.1098462185691532,300,ancova_p_value,,2.0,300.0,0.15833615787546532,0.0322156709960773,0.10833615787546531,3.998944201115063e-06,non-significant
0.1,eigenvec,0.1098462185691532,300,ancova_p_value,,4.0,300.0,0.0464015209831491,0.0119299263710113,-0.0035984790168509043,0.3537720648968513,significant
0.1,eigenvec,0.1098462185691532,300,ancova_p_value,,6.0,300.0,0.014877544674688336,0.0044466957049336,-0.03512245532531166,9.549312807166643e-08,significant
0.1,eigenvec,0.1098462185691532,300,ancova_p_value,,8.0,300.0,0.004992719858471545,0.0016681275810528,-0.04500728014152846,0.0,significant
0.1,eigenvec,0.1098462185691532,300,ancova_p_value,,10.0,300.0,0.0017256705948826214,0.0006297630479928,-0.04827432940511738,0.0,significant
0.1,eigenvec,0.1098462185691532,300,ancova_p_value,,15.0,300.0,0.00013201666015390175,5.6672680073756806e-05,-0.0498679833398461,0.0,significant
0.1,eigenvec,0.1098462185691532,500,ancova_p_value,,0.5,500.0,0.47982953965954955,0.0681979965899546,0.42982953965954956,1.4093274273589974e-19,non-significant
0.1,eigenvec,0.1098462185691532,500,ancova_p_value,,1.0,500.0,0.3177942072606085,0.0531060233202923,0.2677942072606085,9.40349621115756e-14,non-significant
0.1,eigenvec,0.1098462185691532,500,ancova_p_value,,2.0,500.0,0.15792157401181234,0.0322264870729514,0.10792157401181234,4.4188406944198424e-06,non-significant
0.1,eigenvec,0.1098462185691532,500,ancova_p_value,,4.0,500.0,0.046040682769031456,0.0119026792903276,-0.003959317230968547,0.3427465412208357,significant
0.1,eigenvec,0.1098462185691532,500,ancova_p_value,,6.0,500.0,0.01464790875937049,0.0044135661814239,-0.03535209124062951,7.646372501834975e-08,significant
0.1,eigenvec,0.1098462185691532,500,ancova_p_value,,8.0,500.0,0.004865533464805003,0.0016429872169109,-0.045134466535195,0.0,significant
0.1,eigenvec,0.1098462185691532,500,ancova_p_value,,10.0,500.0,0.0016604995248597615,0.0006139952326054,-0.04833950047514024,0.0,significant
0.1,eigenvec,0.1098462185691532,500,ancova_p_value,,15.0,500.0,0.0001217965039979378,5.330687660433505e-05,-0.04987820349600206,0.0,significant
0.1,eigenvec,0.1098462185691532,1000,ancova_p_value,,0.5,1000.0,0.4796648624377731,0.0682278311989861,0.42966486243777313,1.500893290467636e-19,non-significant
0.1,eigenvec,0.1098462185691532,1000,ancova_p_value,,1.0,1000.0,0.31755241808467255,0.0531325696881083,0.26755241808467256,1.0190773997641477e-13,non-significant
0.1,eigenvec,0.1098462185691532,1000,ancova_p_value,,2.0,1000.0,0.1576104641334238,0.0322345767771671,0.1076104641334238,4.760872029432057e-06,non-significant
0.1,eigenvec,0.1098462185691532,1000,ancova_p_value,,4.0,1000.0,0.04577034649325166,0.0118821036912447,-0.0042296535067483446,0.33457465012812393,significant
0.1,eigenvec,0.1098462185691532,1000,ancova_p_value,,6.0,1000.0,0.014476528145859816,0.004388612629606,-0.03552347185414019,6.46501864265403e-08,significant
0.1,eigenvec,0.1098462185691532,1000,ancova_p_value,,8.0,1000.0,0.00477118583723039,0.0016241280913874,-0.04522881416276961,0.0,significant
0.1,eigenvec,0.1098462185691532,1000,ancova_p_value,,10.0,1000.0,0.0016125523948250528,0.0006022392002641,-0.04838744760517495,0.0,significant
0.1,eigenvec,0.1098462185691532,1000,ancova_p_value,,15.0,1000.0,0.00011449967420285442,5.085837189141517e-05,-0.049885500325797145,0.0,significant
0.2,eigenvec,0.0830872345398325,30,ancova_p_value,,0.5,30.0,0.4849569686830381,0.0508847743107144,0.4349569686830381,1.147375941307356e-34,non-significant
0.2,eigenvec,0.0830872345398325,30,ancova_p_value,,1.0,30.0,0.3253086154260302,0.0395484173049994,0.2753086154260302,7.312078083422214e-25,non-significant
0.2,eigenvec,0.0830872345398325,30,ancova_p_value,,2.0,30.0,0.167594108019346,0.0241774613971524,0.11759410801934599,2.1819359932633455e-11,non-significant
0.2,eigenvec,0.0830872345398325,30,ancova_p_value,,4.0,30.0,0.054625044962983094,0.0094473966219391,0.004625044962983091,0.3271345696037631,non-significant
0.2,eigenvec,0.0830872345398325,30,ancova_p_value,,6.0,30.0,0.0203613903722062,0.003895351033091,-0.029638609627793803,9.289330415995778e-09,significant
0.2,eigenvec,0.0830872345398325,30,ancova_p_value,,8.0,30.0,0.008257335914631373,0.0016849600757404,-0.04174266408536863,0.0,significant
0.2,eigenvec,0.0830872345398325,30,ancova_p_value,,10.0,30.0,0.0035685233088176825,0.0007608613034313,-0.04643147669118232,0.0,significant
0.2,eigenvec,0.0830872345398325,30,ancova_p_value,,15.0,30.0,0.0005407062921313466,0.000122586148135,-0.049459293707868654,0.0,significant
0.2,eigenvec,0.0830872345398325,50,ancova_p_value,,0.5,50.0,0.48278284379668057,0.0511809103701391,0.4327828437966806,5.131433906463699e-34,non-significant
0.2,eigenvec,0.0830872345398325,50,ancova_p_value,,1.0,50.0,0.32212564510024433,0.0398105940444547,0.27212564510024434,5.109031619129865e-24,non-significant
0.2,eigenvec,0.0830872345398325,50,ancova_p_value,,2.0,50.0,0.16349617189550622,0.0242634686035786,0.11349617189550622,1.4351825195393724e-10,non-significant
0.2,eigenvec,0.0830872345398325,50,ancova_p_value,,4.0,50.0,0.05094706873769324,0.0092682400387743,0.0009470687376932352,0.4820225536064255,non-significant
0.2,eigenvec,0.0830872345398325,50,ancova_p_value,,6.0,50.0,0.01785224137520709,0.0036664305243843,-0.03214775862479291,3.533645598352564e-10,significant
0.2,eigenvec,0.0830872345398325,50,ancova_p_value,,8.0,50.0,0.006713432842279582,0.0014983880911845,-0.04328656715772042,0.0,significant
0.2,eigenvec,0.0830872345398325,50,ancova_p_value,,10.0,50.0,0.0026605541904910716,0.0006312207454541,-0.04733944580950893,0.0,significant
0.2,eigenvec,0.0830872345398325,50,ancova_p_value,,15.0,50.0,0.00031306556427201346,8.198748306020205e-05,-0.04968693443572799,0.0,significant
0.2,eigenvec,0.0830872345398325,75,ancova_p_value,,0.5,75.0,0.4816914470000123,0.0513299223531766,0.43169144700001233,1.0778247330523523e-33,non-significant
0.2,eigenvec,0.0830872345398325,75,ancova_p_value,,1.0,75.0,0.3205260061237414,0.039942777631753,0.2705260061237414,1.3294981239568434e-23,non-significant
0.2,eigenvec,0.0830872345398325,75,ancova_p_value,,2.0,75.0,0.16143714082856858,0.0243056484812214,0.11143714082856858,3.5574043197102045e-10,non-significant
0.2,eigenvec,0.0830872345398325,75,ancova_p_value,,4.0,75.0,0.04912138289485513,0.0091732937359706,-0.0008786171051448702,0.438734337381707,significant
0.2,eigenvec,0.0830872345398325,75,ancova_p_value,,6.0,75.0,0.016639791628428848,0.0035475134590874,-0.03336020837157115,6.203315638941831e-11,significant
0.2,eigenvec,0.0830872345398325,75,ancova_p_value,,8.0,75.0,0.005996484169924953,0.0014040651466722,-0.04400351583007505,0.0,significant
0.2,eigenvec,0.0830872345398325,75,ancova_p_value,,10.0,75.0,0.0022598459055359287,0.0005681141312931,-0.047740154094464075,0.0,significant
0.2,eigenvec,0.0830872345398325,75,ancova_p_value,,15.0,75.0,0.0002280430925145892,6.473503848387144e-05,-0.04977195690748541,0.0,significant
0.2,eigenvec,0.0830872345398325,100,ancova_p_value,,0.5,100.0,0.48114467698573943,0.0514046644873573,0.43114467698573944,1.5594144271007003e-33,non-significant
0.2,eigenvec,0.0830872345398325,100,ancova_p_value,,1.0,100.0,0.31972415578412333,0.0400091450945906,0.26972415578412334,2.1363086101733354e-23,non-significant
0.2,eigenvec,0.0830872345398325,100,ancova_p_value,,2.0,100.0,0.16040513148560548,0.0243265193116185,0.11040513148560548,5.553541290752854e-10,non-significant
0.2,eigenvec,0.0830872345398325,100,ancova_p_value,,4.0,100.0,0.04821217873113365,0.0091244146474994,-0.0017878212688663547,0.40003471877241625,significant
0.2,eigenvec,0.0830872345398325,100,ancova_p_value,,6.0,100.0,0.016044679166962617,0.0034869237592458,-0.033955320833037386,2.5301316597392542e-11,significant
0.2,eigenvec,0.0830872345398325,100,ancova_p_value,,8.0,100.0,0.005652215916228005,0.0013567161523542,-0.044347784083772,0.0,significant
0.2,eigenvec,0.0830872345398325,100,ancova_p_value,,10.0,100.0,0.00207287258086666,0.00053710357999,-0.047927127419133346,0.0,significant
0.2,eigenvec,0.0830872345398325,100,ancova_p_value,,15.0,100.0,0.0001920508540141487,5.69046438745563e-05,-0.04980794914598585,0.0,significant
0.2,eigenvec,0.0830872345398325,300,ancova_p_value,,0.5,300.0,0.4800490110787622,0.0515546212521734,0.4300490110787622,3.2531419708158136e-33,non-significant
0.2,eigenvec,0.0830872345398325,300,ancova_p_value,,1.0,300.0,0.31811640443062633,0.040142434069667,0.26811640443062634,5.472964533695107e-23,non-significant
0.2,eigenvec,0.0830872345398325,300,ancova_p_value,,2.0,300.0,0.15833615787546532,0.0243678029774328,0.10833615787546531,1.3308492067158014e-09,non-significant
0.2,eigenvec,0.0830872345398325,300,ancova_p_value,,4.0,300.0,0.0464015209831491,0.0090237479573057,-0.0035984790168509043,0.32625236207126473,significant
0.2,eigenvec,0.0830872345398325,300,ancova_p_value,,6.0,300.0,0.014877544674688336,0.0033634626095981,-0.03512245532531166,3.983924301564912e-12,significant
0.2,eigenvec,0.0830872345398325,300,ancova_p_value,,8.0,300.0,0.004992719858471545,0.0012617649417038,-0.04500728014152846,0.0,significant
0.2,eigenvec,0.0830872345398325,300,ancova_p_value,,10.0,300.0,0.0017256705948826214,0.0004763502171917,-0.04827432940511738,0.0,significant
0.2,eigenvec,0.0830872345398325,300,ancova_p_value,,15.0,300.0,0.00013201666015390175,4.286698552417381e-05,-0.0498679833398461,0.0,significant
0.2,eigenvec,0.0830872345398325,500,ancova_p_value,,0.5,500.0,0.47982953965954955,0.0515846882271055,0.42982953965954956,3.766460089932507e-33,non-significant
0.2,eigenvec,0.0830872345398325,500,ancova_p_value,,1.0,500.0,0.3177942072606085,0.0401691808108361,0.2677942072606085,6.597686350364842e-23,non-significant
0.2,eigenvec,0.0830872345398325,500,ancova_p_value,,2.0,500.0,0.15792157401181234,0.0243759842141449,0.10792157401181234,1.5807911219683982e-09,non-significant
0.2,eigenvec,0.0830872345398325,500,ancova_p_value,,4.0,500.0,0.046040682769031456,0.0090031383759038,-0.003959317230968547,0.3122413218164326,significant
0.2,eigenvec,0.0830872345398325,500,ancova_p_value,,6.0,500.0,0.01464790875937049,0.003338403572283,-0.03535209124062951,2.728151038411397e-12,significant
0.2,eigenvec,0.0830872345398325,500,ancova_p_value,,8.0,500.0,0.004865533464805003,0.001242748872156,-0.045134466535195,0.0,significant
0.2,eigenvec,0.0830872345398325,500,ancova_p_value,,10.0,500.0,0.0016604995248597615,0.0004644235055366,-0.04833950047514024,0.0,significant
0.2,eigenvec,0.0830872345398325,500,ancova_p_value,,15.0,500.0,0.0001217965039979378,4.032110542086583e-05,-0.04987820349600206,0.0,significant
0.2,eigenvec,0.0830872345398325,1000,ancova_p_value,,0.5,1000.0,0.4796648624377731,0.0516072550044629,0.42966486243777313,4.203432102569197e-33,non-significant
0.2,eigenvec,0.0830872345398325,1000,ancova_p_value,,1.0,1000.0,0.31755241808467255,0.0401892603758648,0.26755241808467256,7.588392464237903e-23,non-significant
0.2,eigenvec,0.0830872345398325,1000,ancova_p_value,,2.0,1000.0,0.1576104641334238,0.0243821032336277,0.1076104641334238,1.7975433468154769e-09,non-significant
0.2,eigenvec,0.0830872345398325,1000,ancova_p_value,,4.0,1000.0,0.04577034649325166,0.0089875750761464,-0.0042296535067483446,0.30192119853548305,significant
0.2,eigenvec,0.0830872345398325,1000,ancova_p_value,,6.0,1000.0,0.014476528145859816,0.0033195288068199,-0.03552347185414019,2.0495827257605015e-12,significant
0.2,eigenvec,0.0830872345398325,1000,ancova_p_value,,8.0,1000.0,0.00477118583723039,0.0012284839060425,-0.04522881416276961,0.0,significant
0.2,eigenvec,0.0830872345398325,1000,ancova_p_value,,10.0,1000.0,0.0016125523948250528,0.0004555312903186,-0.04838744760517495,0.0,significant
0.2,eigenvec,0.0830872345398325,1000,ancova_p_value,,15.0,1000.0,0.00011449967420285442,3.84690663793381e-05,-0.049885500325797145,0.0,significant
0.3,eigenvec,0.0742226531441458,30,ancova_p_value,,0.5,30.0,0.4849569686830381,0.045455875079964,0.4349569686830381,4.676001376496848e-43,non-significant
0.3,eigenvec,0.0742226531441458,30,ancova_p_value,,1.0,30.0,0.3253086154260302,0.035328994595694,0.2753086154260302,9.524546672201712e-31,non-significant
0.3,eigenvec,0.0742226531441458,30,ancova_p_value,,2.0,30.0,0.167594108019346,0.0215979667770325,0.11759410801934599,7.220400252749385e-14,non-significant
0.3,eigenvec,0.0742226531441458,30,ancova_p_value,,4.0,30.0,0.054625044962983094,0.0084394533825674,0.004625044962983091,0.30366873227797786,non-significant
0.3,eigenvec,0.0742226531441458,30,ancova_p_value,,6.0,30.0,0.0203613903722062,0.0034797558277763,-0.029638609627793803,1.6466394914260718e-10,significant
0.3,eigenvec,0.0742226531441458,30,ancova_p_value,,8.0,30.0,0.008257335914631373,0.0015051915971936,-0.04174266408536863,0.0,significant
0.3,eigenvec,0.0742226531441458,30,ancova_p_value,,10.0,30.0,0.0035685233088176825,0.0006796849712011,-0.04643147669118232,0.0,significant
0.3,eigenvec,0.0742226531441458,30,ancova_p_value,,15.0,30.0,0.0005407062921313466,0.0001095074255834,-0.049459293707868654,0.0,significant
0.3,eigenvec,0.0742226531441458,50,ancova_p_value,,0.5,50.0,0.48278284379668057,0.0457204163677309,0.4327828437966806,3.051972711216907e-42,non-significant
0.3,eigenvec,0.0742226531441458,50,ancova_p_value,,1.0,50.0,0.32212564510024433,0.0355631996851139,0.27212564510024434,1.085571233103631e-29,non-significant
0.3,eigenvec,0.0742226531441458,50,ancova_p_value,,2.0,50.0,0.16349617189550622,0.0216747978701099,0.11349617189550622,7.590533823952446e-13,non-significant
0.3,eigenvec,0.0742226531441458,50,ancova_p_value,,4.0,50.0,0.05094706873769324,0.0082794110246242,0.0009470687376932352,0.47467187752359097,non-significant
0.3,eigenvec,0.0742226531441458,50,ancova_p_value,,6.0,50.0,0.01785224137520709,0.0032752588601083,-0.03214775862479291,2.8307356458867616e-12,significant
0.3,eigenvec,0.0742226531441458,50,ancova_p_value,,8.0,50.0,0.006713432842279582,0.0013385249874214,-0.04328656715772042,0.0,significant
0.3,eigenvec,0.0742226531441458,50,ancova_p_value,,10.0,50.0,0.0026605541904910716,0.0005638757711302,-0.04733944580950893,0.0,significant
0.3,eigenvec,0.0742226531441458,50,ancova_p_value,,15.0,50.0,0.00031306556427201346,7.324023420735667e-05,-0.04968693443572799,0.0,significant
0.3,eigenvec,0.0742226531441458,75,ancova_p_value,,0.5,75.0,0.4816914470000123,0.0458535302545098,0.43169144700001233,7.730826578676309e-42,non-significant
0.3,eigenvec,0.0742226531441458,75,ancova_p_value,,1.0,75.0,0.3205260061237414,0.0356812805985747,0.2705260061237414,3.593643785151163e-29,non-significant
0.3,eigenvec,0.0742226531441458,75,ancova_p_value,,2.0,75.0,0.16143714082856858,0.0217124775744025,0.11143714082856858,2.357890505978385e-12,non-significant
0.3,eigenvec,0.0742226531441458,75,ancova_p_value,,4.0,75.0,0.04912138289485513,0.0081945945478291,-0.0008786171051448702,0.4367375186387161,significant
0.3,eigenvec,0.0742226531441458,75,ancova_p_value,,6.0,75.0,0.016639791628428848,0.0031690290627232,-0.03336020837157115,3.2529534621517087e-13,significant
0.3,eigenvec,0.0742226531441458,75,ancova_p_value,,8.0,75.0,0.005996484169924953,0.001254265362789,-0.04400351583007505,0.0,significant
0.3,eigenvec,0.0742226531441458,75,ancova_p_value,,10.0,75.0,0.0022598459055359287,0.0005075020049325,-0.047740154094464075,0.0,significant
0.3,eigenvec,0.0742226531441458,75,ancova_p_value,,15.0,75.0,0.0002280430925145892,5.782845384458992e-05,-0.04977195690748541,0.0,significant
0.3,eigenvec,0.0742226531441458,100,ancova_p_value,,0.5,100.0,0.48114467698573943,0.0459202981464883,0.43114467698573944,1.2277758867749814e-41,non-significant
0.3,eigenvec,0.0742226531441458,100,ancova_p_value,,1.0,100.0,0.31972415578412333,0.0357405673133333,0.26972415578412334,6.506430675409628e-29,non-significant
0.3,eigenvec,0.0742226531441458,100,ancova_p_value,,2.0,100.0,0.16040513148560548,0.0217311216948137,0.11040513148560548,4.111777494016829e-12,non-significant
0.3,eigenvec,0.0742226531441458,100,ancova_p_value,,4.0,100.0,0.04821217873113365,0.0081509303718616,-0.0017878212688663547,0.3935749430089457,significant
0.3,eigenvec,0.0742226531441458,100,ancova_p_value,,6.0,100.0,0.016044679166962617,0.0031149036811245,-0.033955320833037386,1.0658141036401503e-13,significant
0.3,eigenvec,0.0742226531441458,100,ancova_p_value,,8.0,100.0,0.005652215916228005,0.0012119680351495,-0.044347784083772,0.0,significant
0.3,eigenvec,0.0742226531441458,100,ancova_p_value,,10.0,100.0,0.00207287258086666,0.0004797999709687,-0.047927127419133346,0.0,significant
0.3,eigenvec,0.0742226531441458,100,ancova_p_value,,15.0,100.0,0.0001920508540141487,5.08334844454055e-05,-0.04980794914598585,0.0,significant
0.3,eigenvec,0.0742226531441458,300,ancova_p_value,,0.5,300.0,0.4800490110787622,0.0460542560162286,0.4300490110787622,3.083493631156276e-41,non-significant
0.3,eigenvec,0.0742226531441458,300,ancova_p_value,,1.0,300.0,0.31811640443062633,0.0358596356806924,0.26811640443062634,2.1120325389299507e-28,non-significant
0.3,eigenvec,0.0742226531441458,300,ancova_p_value,,2.0,300.0,0.15833615787546532,0.0217680008041645,0.10833615787546531,1.224190454372911e-11,non-significant
0.3,eigenvec,0.0742226531441458,300,ancova_p_value,,4.0,300.0,0.0464015209831491,0.0080610038161061,-0.0035984790168509043,0.311970014765267,significant
0.3,eigenvec,0.0742226531441458,300,ancova_p_value,,6.0,300.0,0.014877544674688336,0.0030046146079855,-0.03512245532531166,1.0658141036401503e-14,significant
0.3,eigenvec,0.0742226531441458,300,ancova_p_value,,8.0,300.0,0.004992719858471545,0.0011271471741261,-0.04500728014152846,0.0,significant
0.3,eigenvec,0.0742226531441458,300,ancova_p_value,,10.0,300.0,0.0017256705948826214,0.0004255283876226,-0.04827432940511738,0.0,significant
0.3,eigenvec,0.0742226531441458,300,ancova_p_value,,15.0,300.0,0.00013201666015390175,3.829350459811665e-05,-0.0498679833398461,0.0,significant
0.3,eigenvec,0.0742226531441458,500,ancova_p_value,,0.5,500.0,0.47982953965954955,0.0460811151440337,0.42982953965954956,3.7044992052737173e-41,non-significant
0.3,eigenvec,0.0742226531441458,500,ancova_p_value,,1.0,500.0,0.3177942072606085,0.0358835288106482,0.2677942072606085,2.6686481831805096e-28,non-significant
0.3,eigenvec,0.0742226531441458,500,ancova_p_value,,2.0,500.0,0.15792157401181234,0.0217753091843042,0.10792157401181234,1.517564930304528e-11,non-significant
0.3,eigenvec,0.0742226531441458,500,ancova_p_value,,4.0,500.0,0.046040682769031456,0.0080425930720211,-0.003959317230968547,0.29662973845358176,significant
0.3,eigenvec,0.0742226531441458,500,ancova_p_value,,6.0,500.0,0.01464790875937049,0.0029822291206713,-0.03535209124062951,6.661338147750939e-15,significant
0.3,eigenvec,0.0742226531441458,500,ancova_p_value,,8.0,500.0,0.004865533464805003,0.0011101599300323,-0.045134466535195,0.0,significant
0.3,eigenvec,0.0742226531441458,500,ancova_p_value,,10.0,500.0,0.0016604995248597615,0.0004148741374573,-0.04833950047514024,0.0,significant
0.3,eigenvec,0.0742226531441458,500,ancova_p_value,,15.0,500.0,0.0001217965039979378,3.6019244576093395e-05,-0.04987820349600206,0.0,significant
0.3,eigenvec,0.0742226531441458,1000,ancova_p_value,,0.5,1000.0,0.4796648624377731,0.0461012742707354,0.42966486243777313,4.2503923434500806e-41,non-significant
0.3,eigenvec,0.0742226531441458,1000,ancova_p_value,,1.0,1000.0,0.31755241808467255,0.0359014660858345,0.26755241808467256,3.1793292183662846e-28,non-significant
0.3,eigenvec,0.0742226531441458,1000,ancova_p_value,,2.0,1000.0,0.1576104641334238,0.0217807753652785,0.1076104641334238,1.781563591740229e-11,non-significant
0.3,eigenvec,0.0742226531441458,1000,ancova_p_value,,4.0,1000.0,0.04577034649325166,0.0080286902215283,-0.0042296535067483446,0.2853720206320467,significant
0.3,eigenvec,0.0742226531441458,1000,ancova_p_value,,6.0,1000.0,0.014476528145859816,0.002965368104922,-0.03552347185414019,4.6629367034256575e-15,significant
0.3,eigenvec,0.0742226531441458,1000,ancova_p_value,,8.0,1000.0,0.00477118583723039,0.001097416893899,-0.04522881416276961,0.0,significant
0.3,eigenvec,0.0742226531441458,1000,ancova_p_value,,10.0,1000.0,0.0016125523948250528,0.0004069306331457,-0.04838744760517495,0.0,significant
0.3,eigenvec,0.0742226531441458,1000,ancova_p_value,,15.0,1000.0,0.00011449967420285442,3.436479967670482e-05,-0.049885500325797145,0.0,significant
0.4,eigenvec,0.0732660945651253,30,ancova_p_value,,0.5,30.0,0.4849569686830381,0.0448700538322355,0.4349569686830381,3.7931105818156785e-44,non-significant
0.4,eigenvec,0.0732660945651253,30,ancova_p_value,,1.0,30.0,0.3253086154260302,0.0348736854489966,0.2753086154260302,1.6362213814395988e-31,non-significant
0.4,eigenvec,0.0732660945651253,30,ancova_p_value,,2.0,30.0,0.167594108019346,0.0213196188665928,0.11759410801934599,3.4399815102445976e-14,non-significant
0.4,eigenvec,0.0732660945651253,30,ancova_p_value,,4.0,30.0,0.054625044962983094,0.0083306883197009,0.004625044962983091,0.30087941333202706,non-significant
0.4,eigenvec,0.0732660945651253,30,ancova_p_value,,6.0,30.0,0.0203613903722062,0.0034349098117832,-0.029638609627793803,9.758172048179858e-11,significant
0.4,eigenvec,0.0732660945651253,30,ancova_p_value,,8.0,30.0,0.008257335914631373,0.0014857931538024,-0.04174266408536863,0.0,significant
0.4,eigenvec,0.0732660945651253,30,ancova_p_value,,10.0,30.0,0.0035685233088176825,0.0006709254016803,-0.04643147669118232,0.0,significant
0.4,eigenvec,0.0732660945651253,30,ancova_p_value,,15.0,30.0,0.0005407062921313466,0.0001080961277791,-0.049459293707868654,0.0,significant
0.4,eigenvec,0.0732660945651253,50,ancova_p_value,,0.5,50.0,0.48278284379668057,0.0451311857937711,0.4327828437966806,2.6005332380869483e-43,non-significant
0.4,eigenvec,0.0732660945651253,50,ancova_p_value,,1.0,50.0,0.32212564510024433,0.0351048721757193,0.27212564510024434,1.987497930125884e-30,non-significant
0.4,eigenvec,0.0732660945651253,50,ancova_p_value,,2.0,50.0,0.16349617189550622,0.0213954597843247,0.11349617189550622,3.843802409109934e-13,non-significant
0.4,eigenvec,0.0732660945651253,50,ancova_p_value,,4.0,50.0,0.05094706873769324,0.0081727085381278,0.0009470687376932352,0.47380861917716166,non-significant
0.4,eigenvec,0.0732660945651253,50,ancova_p_value,,6.0,50.0,0.01785224137520709,0.003233048337735,-0.03214775862479291,1.5127898933542383e-12,significant
0.4,eigenvec,0.0732660945651253,50,ancova_p_value,,8.0,50.0,0.006713432842279582,0.0013212744917073,-0.04328656715772042,0.0,significant
0.4,eigenvec,0.0732660945651253,50,ancova_p_value,,10.0,50.0,0.0026605541904910716,0.0005566087147326,-0.04733944580950893,0.0,significant
0.4,eigenvec,0.0732660945651253,50,ancova_p_value,,15.0,50.0,0.00031306556427201346,7.229633673949791e-05,-0.04968693443572799,0.0,significant
0.4,eigenvec,0.0732660945651253,75,ancova_p_value,,0.5,75.0,0.4816914470000123,0.045262584149981,0.43169144700001233,6.7497932664376476e-43,non-significant
0.4,eigenvec,0.0732660945651253,75,ancova_p_value,,1.0,75.0,0.3205260061237414,0.0352214312989179,0.2705260061237414,6.788651485951515e-30,non-significant
0.4,eigenvec,0.0732660945651253,75,ancova_p_value,,2.0,75.0,0.16143714082856858,0.0214326538842516,0.11143714082856858,1.2296033986038499e-12,non-significant
0.4,eigenvec,0.0732660945651253,75,ancova_p_value,,4.0,75.0,0.04912138289485513,0.0080889851498318,-0.0008786171051448702,0.4364571668057948,significant
0.4,eigenvec,0.0732660945651253,75,ancova_p_value,,6.0,75.0,0.016639791628428848,0.0031281875970965,-0.03336020837157115,1.645350522494482e-13,significant
0.4,eigenvec,0.0732660945651253,75,ancova_p_value,,8.0,75.0,0.005996484169924953,0.0012381007790356,-0.04400351583007505,0.0,significant
0.4,eigenvec,0.0732660945651253,75,ancova_p_value,,10.0,75.0,0.0022598459055359287,0.0005009614761838,-0.047740154094464075,0.0,significant
0.4,eigenvec,0.0732660945651253,75,ancova_p_value,,15.0,75.0,0.0002280430925145892,5.708317863152112e-05,-0.04977195690748541,0.0,significant
0.4,eigenvec,0.0732660945651253,100,ancova_p_value,,0.5,100.0,0.48114467698573943,0.0453284915580349,0.43114467698573944,1.0850519823342142e-42,non-significant
0.4,eigenvec,0.0732660945651253,100,ancova_p_value,,1.0,100.0,0.31972415578412333,0.0352799539448482,0.26972415578412334,1.2483464016400812e-29,non-significant
0.4,eigenvec,0.0732660945651253,100,ancova_p_value,,2.0,100.0,0.16040513148560548,0.02145105772501,0.11040513148560548,2.1753271677842016e-12,non-significant
0.4,eigenvec,0.0732660945651253,100,ancova_p_value,,4.0,100.0,0.04821217873113365,0.0080458837042484,-0.0017878212688663547,0.39275078560904464,significant
0.4,eigenvec,0.0732660945651253,100,ancova_p_value,,6.0,100.0,0.016044679166962617,0.003074759766662,-0.033955320833037386,5.240252676230739e-14,significant
0.4,eigenvec,0.0732660945651253,100,ancova_p_value,,8.0,100.0,0.005652215916228005,0.0011963485662621,-0.044347784083772,0.0,significant
0.4,eigenvec,0.0732660945651253,100,ancova_p_value,,10.0,100.0,0.00207287258086666,0.000473616457459,-0.047927127419133346,0.0,significant
0.4,eigenvec,0.0732660945651253,100,ancova_p_value,,15.0,100.0,0.0001920508540141487,5.017835823274743e-05,-0.04980794914598585,0.0,significant
0.4,eigenvec,0.0732660945651253,300,ancova_p_value,,0.5,300.0,0.4800490110787622,0.0454607230202149,0.4300490110787622,2.7916389650153562e-42,non-significant
0.4,eigenvec,0.0732660945651253,300,ancova_p_value,,1.0,300.0,0.31811640443062633,0.0353974877959449,0.26811640443062634,4.1789593262586553e-29,non-significant
0.4,eigenvec,0.0732660945651253,300,ancova_p_value,,2.0,300.0,0.15833615787546532,0.021487461547815,0.10833615787546531,6.662031417933923e-12,non-significant
0.4,eigenvec,0.0732660945651253,300,ancova_p_value,,4.0,300.0,0.0464015209831491,0.0079571160941078,-0.0035984790168509043,0.31020750246219475,significant
0.4,eigenvec,0.0732660945651253,300,ancova_p_value,,6.0,300.0,0.014877544674688336,0.002965892064959,-0.03512245532531166,4.9960036108132044e-15,significant
0.4,eigenvec,0.0732660945651253,300,ancova_p_value,,8.0,300.0,0.004992719858471545,0.0011126208502404,-0.04500728014152846,0.0,significant
0.4,eigenvec,0.0732660945651253,300,ancova_p_value,,10.0,300.0,0.0017256705948826214,0.0004200443094799,-0.04827432940511738,0.0,significant
0.4,eigenvec,0.0732660945651253,300,ancova_p_value,,15.0,300.0,0.00013201666015390175,3.779998976413528e-05,-0.0498679833398461,0.0,significant
0.4,eigenvec,0.0732660945651253,500,ancova_p_value,,0.5,500.0,0.47982953965954955,0.0454872359958947,0.42982953965954956,3.370037960886811e-42,non-significant
0.4,eigenvec,0.0732660945651253,500,ancova_p_value,,1.0,500.0,0.3177942072606085,0.0354210729986377,0.2677942072606085,5.3127078429398e-29,non-significant
0.4,eigenvec,0.0732660945651253,500,ancova_p_value,,2.0,500.0,0.15792157401181234,0.0214946757398136,0.10792157401181234,8.304596506860497e-12,non-significant
0.4,eigenvec,0.0732660945651253,500,ancova_p_value,,4.0,500.0,0.046040682769031456,0.0079389426219938,-0.003959317230968547,0.294711280412878,significant
0.4,eigenvec,0.0732660945651253,500,ancova_p_value,,6.0,500.0,0.01464790875937049,0.0029437950748761,-0.03535209124062951,3.1086244689504383e-15,significant
0.4,eigenvec,0.0732660945651253,500,ancova_p_value,,8.0,500.0,0.004865533464805003,0.0010958525324902,-0.045134466535195,0.0,significant
0.4,eigenvec,0.0732660945651253,500,ancova_p_value,,10.0,500.0,0.0016604995248597615,0.0004095273679929,-0.04833950047514024,0.0,significant
0.4,eigenvec,0.0732660945651253,500,ancova_p_value,,15.0,500.0,0.0001217965039979378,3.555503970130689e-05,-0.04987820349600206,0.0,significant
0.4,eigenvec,0.0732660945651253,1000,ancova_p_value,,0.5,1000.0,0.4796648624377731,0.0455071353180115,0.42966486243777313,3.8806046985611516e-42,non-significant
0.4,eigenvec,0.0732660945651253,1000,ancova_p_value,,1.0,1000.0,0.31755241808467255,0.0354387791037736,0.26755241808467256,6.358416689006937e-29,non-significant
0.4,eigenvec,0.0732660945651253,1000,ancova_p_value,,2.0,1000.0,0.1576104641334238,0.0215000714743395,0.1076104641334238,9.789809832868658e-12,non-significant
0.4,eigenvec,0.0732660945651253,1000,ancova_p_value,,4.0,1000.0,0.04577034649325166,0.0079252189471347,-0.0042296535067483446,0.2833445569582178,significant
0.4,eigenvec,0.0732660945651253,1000,ancova_p_value,,6.0,1000.0,0.014476528145859816,0.0029271513586787,-0.03552347185414019,2.1094237467877974e-15,significant
0.4,eigenvec,0.0732660945651253,1000,ancova_p_value,,8.0,1000.0,0.00477118583723039,0.0010832737246622,-0.04522881416276961,0.0,significant
0.4,eigenvec,0.0732660945651253,1000,ancova_p_value,,10.0,1000.0,0.0016125523948250528,0.0004016862371061,-0.04838744760517495,0.0,significant
0.4,eigenvec,0.0732660945651253,1000,ancova_p_value,,15.0,1000.0,0.00011449967420285442,3.392191677566875e-05,-0.049885500325797145,0.0,significant
0.5,eigenvec,0.0764850198454481,30,ancova_p_value,,0.5,30.0,0.4849569686830381,0.0468414070409375,0.4349569686830381,1.228979159864589e-40,non-significant
0.5,eigenvec,0.0764850198454481,30,ancova_p_value,,1.0,30.0,0.3253086154260302,0.0364058510212998,0.2753086154260302,4.7407597234343423e-29,non-significant
0.5,eigenvec,0.0764850198454481,30,ancova_p_value,,2.0,30.0,0.167594108019346,0.0222562903316662,0.11759410801934599,3.7424991564826753e-13,non-significant
0.5,eigenvec,0.0764850198454481,30,ancova_p_value,,4.0,30.0,0.054625044962983094,0.0086966947704875,0.004625044962983091,0.3100529689681238,non-significant
0.5,eigenvec,0.0764850198454481,30,ancova_p_value,,6.0,30.0,0.0203613903722062,0.0035858216093125,-0.029638609627793803,5.259953583802712e-10,significant
0.5,eigenvec,0.0764850198454481,30,ancova_p_value,,8.0,30.0,0.008257335914631373,0.0015510710585753,-0.04174266408536863,0.0,significant
0.5,eigenvec,0.0764850198454481,30,ancova_p_value,,10.0,30.0,0.0035685233088176825,0.000700402320704,-0.04643147669118232,0.0,significant
0.5,eigenvec,0.0764850198454481,30,ancova_p_value,,15.0,30.0,0.0005407062921313466,0.0001128453007831,-0.049459293707868654,0.0,significant
0.5,eigenvec,0.0764850198454481,50,ancova_p_value,,0.5,50.0,0.48278284379668057,0.0471140117618372,0.4327828437966806,7.192515439063933e-40,non-significant
0.5,eigenvec,0.0764850198454481,50,ancova_p_value,,1.0,50.0,0.32212564510024433,0.0366471948719083,0.27212564510024434,4.691848403601413e-28,non-significant
0.5,eigenvec,0.0764850198454481,50,ancova_p_value,,2.0,50.0,0.16349617189550622,0.0223354632988108,0.11349617189550622,3.436513580229117e-12,non-significant
0.5,eigenvec,0.0764850198454481,50,ancova_p_value,,4.0,50.0,0.05094706873769324,0.008531774191596,0.0009470687376932352,0.47665460976295254,non-significant
0.5,eigenvec,0.0764850198454481,50,ancova_p_value,,6.0,50.0,0.01785224137520709,0.0033750914081158,-0.03214775862479291,1.137079319590839e-11,significant
0.5,eigenvec,0.0764850198454481,50,ancova_p_value,,8.0,50.0,0.006713432842279582,0.0013793243152832,-0.04328656715772042,0.0,significant
0.5,eigenvec,0.0764850198454481,50,ancova_p_value,,10.0,50.0,0.0026605541904910716,0.000581063162233,-0.04733944580950893,0.0,significant
0.5,eigenvec,0.0764850198454481,50,ancova_p_value,,15.0,50.0,0.00031306556427201346,7.547265598220903e-05,-0.04968693443572799,0.0,significant
0.5,eigenvec,0.0764850198454481,75,ancova_p_value,,0.5,75.0,0.4816914470000123,0.0472511830679102,0.43169144700001233,1.726067625583958e-39,non-significant
0.5,eigenvec,0.0764850198454481,75,ancova_p_value,,1.0,75.0,0.3205260061237414,0.0367688749874369,0.2705260061237414,1.4489754272263402e-27,non-significant
0.5,eigenvec,0.0764850198454481,75,ancova_p_value,,2.0,75.0,0.16143714082856858,0.0223742915110682,0.11143714082856858,1.0002026749807092e-11,non-significant
0.5,eigenvec,0.0764850198454481,75,ancova_p_value,,4.0,75.0,0.04912138289485513,0.0084443724397576,-0.0008786171051448702,0.43734598859195484,significant
0.5,eigenvec,0.0764850198454481,75,ancova_p_value,,6.0,75.0,0.016639791628428848,0.0032656236402984,-0.03336020837157115,1.4764856004489957e-12,significant
0.5,eigenvec,0.0764850198454481,75,ancova_p_value,,8.0,75.0,0.005996484169924953,0.0012924963889133,-0.04400351583007505,0.0,significant
0.5,eigenvec,0.0764850198454481,75,ancova_p_value,,10.0,75.0,0.0022598459055359287,0.0005229710778929,-0.047740154094464075,0.0,significant
0.5,eigenvec,0.0764850198454481,75,ancova_p_value,,15.0,75.0,0.0002280430925145892,5.959111204695459e-05,-0.04977195690748541,0.0,significant
0.5,eigenvec,0.0764850198454481,100,ancova_p_value,,0.5,100.0,0.48114467698573943,0.04731998609942,0.43114467698573944,2.6685241062597055e-39,non-significant
0.5,eigenvec,0.0764850198454481,100,ancova_p_value,,1.0,100.0,0.31972415578412333,0.036829968809374,0.26972415578412334,2.534624931433948e-27,non-significant
0.5,eigenvec,0.0764850198454481,100,ancova_p_value,,2.0,100.0,0.16040513148560548,0.0223935039193997,0.11040513148560548,1.6893730526744175e-11,non-significant
0.5,eigenvec,0.0764850198454481,100,ancova_p_value,,4.0,100.0,0.04821217873113365,0.0083993773442721,-0.0017878212688663547,0.39541740262797775,significant
0.5,eigenvec,0.0764850198454481,100,ancova_p_value,,6.0,100.0,0.016044679166962617,0.0032098484731445,-0.033955320833037386,5.154765503334602e-13,significant
0.5,eigenvec,0.0764850198454481,100,ancova_p_value,,8.0,100.0,0.005652215916228005,0.0012489098044021,-0.044347784083772,0.0,significant
0.5,eigenvec,0.0764850198454481,100,ancova_p_value,,10.0,100.0,0.00207287258086666,0.000494424663453,-0.047927127419133346,0.0,significant
0.5,eigenvec,0.0764850198454481,100,ancova_p_value,,15.0,100.0,0.0001920508540141487,5.238293030389708e-05,-0.04980794914598585,0.0,significant
0.5,eigenvec,0.0764850198454481,300,ancova_p_value,,0.5,300.0,0.4800490110787622,0.04745802711374,0.4300490110787622,6.352492895017705e-39,non-significant
0.5,eigenvec,0.0764850198454481,300,ancova_p_value,,1.0,300.0,0.31811640443062633,0.036952666477197,0.26811640443062634,7.684410752941964e-27,non-significant
0.5,eigenvec,0.0764850198454481,300,ancova_p_value,,2.0,300.0,0.15833615787546532,0.0224315071339318,0.10833615787546531,4.724436808384722e-11,non-significant
0.5,eigenvec,0.0764850198454481,300,ancova_p_value,,4.0,300.0,0.0464015209831491,0.0083067097541196,-0.0035984790168509043,0.31595401600418493,significant
0.5,eigenvec,0.0764850198454481,300,ancova_p_value,,6.0,300.0,0.014877544674688336,0.003096197699554,-0.03512245532531166,5.88418203051333e-14,significant
0.5,eigenvec,0.0764850198454481,300,ancova_p_value,,8.0,300.0,0.004992719858471545,0.0011615035347005,-0.04500728014152846,0.0,significant
0.5,eigenvec,0.0764850198454481,300,ancova_p_value,,10.0,300.0,0.0017256705948826214,0.0004384988382038,-0.04827432940511738,0.0,significant
0.5,eigenvec,0.0764850198454481,300,ancova_p_value,,15.0,300.0,0.00013201666015390175,3.946072169436752e-05,-0.0498679833398461,0.0,significant
0.5,eigenvec,0.0764850198454481,500,ancova_p_value,,0.5,500.0,0.47982953965954955,0.0474857049295574,0.42982953965954956,7.55088552667201e-39,non-significant
0.5,eigenvec,0.0764850198454481,500,ancova_p_value,,1.0,500.0,0.3177942072606085,0.0369772878891437,0.2677942072606085,9.57875277157912e-27,non-significant
0.5,eigenvec,0.0764850198454481,500,ancova_p_value,,2.0,500.0,0.15792157401181234,0.0224390382794291,0.10792157401181234,5.7848989716863286e-11,non-significant
0.5,eigenvec,0.0764850198454481,500,ancova_p_value,,4.0,500.0,0.046040682769031456,0.0082877378356141,-0.003959317230968547,0.30097256865121147,significant
0.5,eigenvec,0.0764850198454481,500,ancova_p_value,,6.0,500.0,0.01464790875937049,0.0030731298844201,-0.03535209124062951,3.774758283725532e-14,significant
0.5,eigenvec,0.0764850198454481,500,ancova_p_value,,8.0,500.0,0.004865533464805003,0.0011439985056211,-0.045134466535195,0.0,significant
0.5,eigenvec,0.0764850198454481,500,ancova_p_value,,10.0,500.0,0.0016604995248597615,0.0004275198378474,-0.04833950047514024,0.0,significant
0.5,eigenvec,0.0764850198454481,500,ancova_p_value,,15.0,500.0,0.0001217965039979378,3.711714038125627e-05,-0.04987820349600206,0.0,significant
0.5,eigenvec,0.0764850198454481,1000,ancova_p_value,,0.5,1000.0,0.4796648624377731,0.0475064785228006,0.42966486243777313,8.594619470495078e-39,non-significant
0.5,eigenvec,0.0764850198454481,1000,ancova_p_value,,1.0,1000.0,0.31755241808467255,0.0369957719070342,0.26755241808467256,1.129646638055488e-26,non-significant
0.5,eigenvec,0.0764850198454481,1000,ancova_p_value,,2.0,1000.0,0.1576104641334238,0.0224446710740354,0.1076104641334238,6.729057826121366e-11,non-significant
0.5,eigenvec,0.0764850198454481,1000,ancova_p_value,,4.0,1000.0,0.04577034649325166,0.0082734112149558,-0.0042296535067483446,0.28996651431177334,significant
0.5,eigenvec,0.0764850198454481,1000,ancova_p_value,,6.0,1000.0,0.014476528145859816,0.0030557549312276,-0.03552347185414019,2.6978419498391304e-14,significant
0.5,eigenvec,0.0764850198454481,1000,ancova_p_value,,8.0,1000.0,0.00477118583723039,0.0011308670514052,-0.04522881416276961,0.0,significant
0.5,eigenvec,0.0764850198454481,1000,ancova_p_value,,10.0,1000.0,0.0016125523948250528,0.000419334209078,-0.04838744760517495,0.0,significant
0.5,eigenvec,0.0764850198454481,1000,ancova_p_value,,15.0,1000.0,0.00011449967420285442,3.541226665871249e-05,-0.049885500325797145,0.0,significant
0.05,smallworldness,0.1769860805927448,30,ancova_p_value,,0.5,30.0,0.4849569686830381,0.1083908595222562,0.4349569686830381,1.1949229716002666e-08,non-significant
0.05,smallworldness,0.1769860805927448,30,ancova_p_value,,1.0,30.0,0.3253086154260302,0.0842430177297876,0.2753086154260302,1.4599079074532744e-06,non-significant
0.05,smallworldness,0.1769860805927448,30,ancova_p_value,,2.0,30.0,0.167594108019346,0.0515009815293946,0.11759410801934599,0.001386697421706961,non-significant
0.05,smallworldness,0.1769860805927448,30,ancova_p_value,,4.0,30.0,0.054625044962983094,0.0201241226667684,0.004625044962983091,0.45323487895389347,non-significant
0.05,smallworldness,0.1769860805927448,30,ancova_p_value,,6.0,30.0,0.0203613903722062,0.008297579233416,-0.029638609627793803,0.003158700925671165,significant
0.05,smallworldness,0.1769860805927448,30,ancova_p_value,,8.0,30.0,0.008257335914631373,0.0035891732516092,-0.04174266408536863,7.16228520936113e-10,significant
0.05,smallworldness,0.1769860805927448,30,ancova_p_value,,10.0,30.0,0.0035685233088176825,0.001620728631959,-0.04643147669118232,0.0,significant
0.05,smallworldness,0.1769860805927448,30,ancova_p_value,,15.0,30.0,0.0005407062921313466,0.0002611236493011,-0.049459293707868654,0.0,significant
0.05,smallworldness,0.1769860805927448,50,ancova_p_value,,0.5,50.0,0.48278284379668057,0.1090216659363827,0.4327828437966806,1.6680724262320264e-08,non-significant
0.05,smallworldness,0.1769860805927448,50,ancova_p_value,,1.0,50.0,0.32212564510024433,0.0848014865944185,0.27212564510024434,2.2590740519904425e-06,non-significant
0.05,smallworldness,0.1769860805927448,50,ancova_p_value,,2.0,50.0,0.16349617189550622,0.0516841875110646,0.11349617189550622,0.0021464777744896724,non-significant
0.05,smallworldness,0.1769860805927448,50,ancova_p_value,,4.0,50.0,0.05094706873769324,0.0197424969977671,0.0009470687376932352,0.5300735082619437,non-significant
0.05,smallworldness,0.1769860805927448,50,ancova_p_value,,6.0,50.0,0.01785224137520709,0.0078099502513264,-0.03214775862479291,0.001397415966603699,significant
0.05,smallworldness,0.1769860805927448,50,ancova_p_value,,8.0,50.0,0.006713432842279582,0.0031917518609728,-0.04328656715772042,5.112155143649488e-11,significant
0.05,smallworldness,0.1769860805927448,50,ancova_p_value,,10.0,50.0,0.0026605541904910716,0.0013445782176466,-0.04733944580950893,0.0,significant
0.05,smallworldness,0.1769860805927448,50,ancova_p_value,,15.0,50.0,0.00031306556427201346,0.0001746434739927,-0.04968693443572799,0.0,significant
0.05,smallworldness,0.1769860805927448,75,ancova_p_value,,0.5,75.0,0.4816914470000123,0.1093390798807174,0.43169144700001233,1.9679169342108886e-08,non-significant
0.05,smallworldness,0.1769860805927448,75,ancova_p_value,,1.0,75.0,0.3205260061237414,0.0850830539755474,0.2705260061237414,2.800656162790265e-06,non-significant
0.05,smallworldness,0.1769860805927448,75,ancova_p_value,,2.0,75.0,0.16143714082856858,0.051774035864608,0.11143714082856858,0.0026512291412018707,non-significant
0.05,smallworldness,0.1769860805927448,75,ancova_p_value,,4.0,75.0,0.04912138289485513,0.0195402496357859,-0.0008786171051448702,0.4320817348491227,significant
0.05,smallworldness,0.1769860805927448,75,ancova_p_value,,6.0,75.0,0.016639791628428848,0.0075566422020327,-0.03336020837157115,0.0009076759370448828,significant
0.05,smallworldness,0.1769860805927448,75,ancova_p_value,,8.0,75.0,0.005996484169924953,0.0029908323292101,-0.04400351583007505,1.1996847959494517e-11,significant
0.05,smallworldness,0.1769860805927448,75,ancova_p_value,,10.0,75.0,0.0022598459055359287,0.001210153328412,-0.047740154094464075,0.0,significant
0.05,smallworldness,0.1769860805927448,75,ancova_p_value,,15.0,75.0,0.0002280430925145892,0.0001378936343438,-0.04977195690748541,0.0,significant
0.05,smallworldness,0.1769860805927448,100,ancova_p_value,,0.5,100.0,0.48114467698573943,0.1094982898659462,0.43114467698573944,2.1366866941569685e-08,non-significant
0.05,smallworldness,0.1769860805927448,100,ancova_p_value,,1.0,100.0,0.31972415578412333,0.0852244248755605,0.26972415578412334,3.1157069220688972e-06,non-significant
0.05,smallworldness,0.1769860805927448,100,ancova_p_value,,2.0,100.0,0.16040513148560548,0.0518184933133503,0.11040513148560548,0.002941209510548058,non-significant
0.05,smallworldness,0.1769860805927448,100,ancova_p_value,,4.0,100.0,0.04821217873113365,0.0194361311350393,-0.0017878212688663547,0.4134539925459608,significant
0.05,smallworldness,0.1769860805927448,100,ancova_p_value,,6.0,100.0,0.016044679166962617,0.0074275786514326,-0.033955320833037386,0.0007270580777990476,significant
0.05,smallworldness,0.1769860805927448,100,ancova_p_value,,8.0,100.0,0.005652215916228005,0.0028899731181561,-0.044347784083772,5.595079954900939e-12,significant
0.05,smallworldness,0.1769860805927448,100,ancova_p_value,,10.0,100.0,0.00207287258086666,0.0011440970206946,-0.047927127419133346,0.0,significant
0.05,smallworldness,0.1769860805927448,100,ancova_p_value,,15.0,100.0,0.0001920508540141487,0.0001212139258535,-0.04980794914598585,0.0,significant
0.05,smallworldness,0.1769860805927448,300,ancova_p_value,,0.5,300.0,0.4800490110787622,0.1098177163122608,0.4300490110787622,2.517008754073486e-08,non-significant
0.05,smallworldness,0.1769860805927448,300,ancova_p_value,,1.0,300.0,0.31811640443062633,0.0855083468693019,0.26811640443062634,3.849596480137405e-06,non-significant
0.05,smallworldness,0.1769860805927448,300,ancova_p_value,,2.0,300.0,0.15833615787546532,0.0519064326249118,0.10833615787546531,0.0036068575921210048,non-significant
0.05,smallworldness,0.1769860805927448,300,ancova_p_value,,4.0,300.0,0.0464015209831491,0.0192216986407783,-0.0035984790168509043,0.3769856237738137,significant
0.05,smallworldness,0.1769860805927448,300,ancova_p_value,,6.0,300.0,0.014877544674688336,0.0071645911407441,-0.03512245532531166,0.00046063097351101145,significant
0.05,smallworldness,0.1769860805927448,300,ancova_p_value,,8.0,300.0,0.004992719858471545,0.0026877153018547,-0.04500728014152846,1.11655129586552e-12,significant
0.05,smallworldness,0.1769860805927448,300,ancova_p_value,,10.0,300.0,0.0017256705948826214,0.0010146848477649,-0.04827432940511738,0.0,significant
0.05,smallworldness,0.1769860805927448,300,ancova_p_value,,15.0,300.0,0.00013201666015390175,9.131197826920412e-05,-0.0498679833398461,0.0,significant
0.05,smallworldness,0.1769860805927448,500,ancova_p_value,,0.5,500.0,0.47982953965954955,0.1098817626856656,0.42982953965954956,2.6005281226184922e-08,non-significant
0.05,smallworldness,0.1769860805927448,500,ancova_p_value,,1.0,500.0,0.3177942072606085,0.085565320734353,0.2677942072606085,4.014850829530648e-06,non-significant
0.05,smallworldness,0.1769860805927448,500,ancova_p_value,,2.0,500.0,0.15792157401181234,0.0519238596704513,0.10792157401181234,0.0037549306462443706,non-significant
0.05,smallworldness,0.1769860805927448,500,ancova_p_value,,4.0,500.0,0.046040682769031456,0.0191777976846905,-0.003959317230968547,0.36983790019207596,significant
0.05,smallworldness,0.1769860805927448,500,ancova_p_value,,6.0,500.0,0.01464790875937049,0.0071112122935314,-0.03535209124062951,0.0004195756471653267,significant
0.05,smallworldness,0.1769860805927448,500,ancova_p_value,,8.0,500.0,0.004865533464805003,0.002647208723002,-0.045134466535195,7.968070647734748e-13,significant
0.05,smallworldness,0.1769860805927448,500,ancova_p_value,,10.0,500.0,0.0016604995248597615,0.0009892794775912,-0.04833950047514024,0.0,significant
0.05,smallworldness,0.1769860805927448,500,ancova_p_value,,15.0,500.0,0.0001217965039979378,8.58889389342324e-05,-0.04987820349600206,0.0,significant
0.05,smallworldness,0.1769860805927448,1000,ancova_p_value,,0.5,1000.0,0.4796648624377731,0.1099298327110819,0.42966486243777313,2.6649115690726036e-08,non-significant
0.05,smallworldness,0.1769860805927448,1000,ancova_p_value,,1.0,1000.0,0.31755241808467255,0.0856080926900464,0.26755241808467256,4.143185482707587e-06,non-significant
0.05,smallworldness,0.1769860805927448,1000,ancova_p_value,,2.0,1000.0,0.1576104641334238,0.0519368939383664,0.1076104641334238,0.003869480049659864,non-significant
0.05,smallworldness,0.1769860805927448,1000,ancova_p_value,,4.0,1000.0,0.04577034649325166,0.0191446459323137,-0.0042296535067483446,0.36451230924908595,significant
0.05,smallworldness,0.1769860805927448,1000,ancova_p_value,,6.0,1000.0,0.014476528145859816,0.0070710067098468,-0.03552347185414019,0.00039102298641391364,significant
0.05,smallworldness,0.1769860805927448,1000,ancova_p_value,,8.0,1000.0,0.00477118583723039,0.002616822581783,-0.04522881416276961,6.163958232718869e-13,significant
0.05,smallworldness,0.1769860805927448,1000,ancova_p_value,,10.0,1000.0,0.0016125523948250528,0.0009703379599449,-0.04838744760517495,0.0,significant
0.05,smallworldness,0.1769860805927448,1000,ancova_p_value,,15.0,1000.0,0.00011449967420285442,8.194386683163891e-05,-0.049885500325797145,0.0,significant
0.1,smallworldness,0.1091701381745782,30,ancova_p_value,,0.5,30.0,0.4849569686830381,0.0668586200184551,0.4349569686830381,1.1031723160146635e-20,non-significant
0.1,smallworldness,0.1091701381745782,30,ancova_p_value,,1.0,30.0,0.3253086154260302,0.0519635321320368,0.2753086154260302,4.822156113876999e-15,non-significant
0.1,smallworldness,0.1091701381745782,30,ancova_p_value,,2.0,30.0,0.167594108019346,0.0317672963368673,0.11759410801934599,3.138595023601117e-07,non-significant
0.1,smallworldness,0.1091701381745782,30,ancova_p_value,,4.0,30.0,0.054625044962983094,0.0124131414448833,0.004625044962983091,0.37824011452666395,non-significant
0.1,smallworldness,0.1091701381745782,30,ancova_p_value,,6.0,30.0,0.0203613903722062,0.0051181870822426,-0.029638609627793803,8.133702071866367e-06,significant
0.1,smallworldness,0.1091701381745782,30,ancova_p_value,,8.0,30.0,0.008257335914631373,0.002213905966494,-0.04174266408536863,0.0,significant
0.1,smallworldness,0.1091701381745782,30,ancova_p_value,,10.0,30.0,0.0035685233088176825,0.0009997123395347,-0.04643147669118232,0.0,significant
0.1,smallworldness,0.1091701381745782,30,ancova_p_value,,15.0,30.0,0.0005407062921313466,0.0001610686262975,-0.049459293707868654,0.0,significant
0.1,smallworldness,0.1091701381745782,50,ancova_p_value,,0.5,50.0,0.48278284379668057,0.0672477196762416,0.4327828437966806,2.631965525667263e-20,non-significant
0.1,smallworldness,0.1091701381745782,50,ancova_p_value,,1.0,50.0,0.32212564510024433,0.0523080118951558,0.27212564510024434,1.4937027910643487e-14,non-significant
0.1,smallworldness,0.1091701381745782,50,ancova_p_value,,2.0,50.0,0.16349617189550622,0.0318803030900896,0.11349617189550622,9.464836398863775e-07,non-significant
0.1,smallworldness,0.1091701381745782,50,ancova_p_value,,4.0,50.0,0.05094706873769324,0.0121777436843572,0.0009470687376932352,0.49908162359761427,non-significant
0.1,smallworldness,0.1091701381745782,50,ancova_p_value,,6.0,50.0,0.01785224137520709,0.0048174034094568,-0.03214775862479291,1.1600013984924828e-06,significant
0.1,smallworldness,0.1091701381745782,50,ancova_p_value,,8.0,50.0,0.006713432842279582,0.0019687649475845,-0.04328656715772042,0.0,significant
0.1,smallworldness,0.1091701381745782,50,ancova_p_value,,10.0,50.0,0.0026605541904910716,0.0008293747695604,-0.04733944580950893,0.0,significant
0.1,smallworldness,0.1091701381745782,50,ancova_p_value,,15.0,50.0,0.00031306556427201346,0.0001077251506063,-0.04968693443572799,0.0,significant
0.1,smallworldness,0.1091701381745782,75,ancova_p_value,,0.5,75.0,0.4816914470000123,0.0674435097860937,0.43169144700001233,4.0493859417010186e-20,non-significant
0.1,smallworldness,0.1091701381745782,75,ancova_p_value,,1.0,75.0,0.3205260061237414,0.0524816908070812,0.2705260061237414,2.6052652444710568e-14,non-significant
0.1,smallworldness,0.1091701381745782,75,ancova_p_value,,2.0,75.0,0.16143714082856858,0.0319357241556233,0.11143714082856858,1.6117610018822543e-06,non-significant
0.1,smallworldness,0.1091701381745782,75,ancova_p_value,,4.0,75.0,0.04912138289485513,0.0120529916565198,-0.0008786171051448702,0.44037010464770576,significant
0.1,smallworldness,0.1091701381745782,75,ancova_p_value,,6.0,75.0,0.016639791628428848,0.0046611556715019,-0.03336020837157115,4.12141142436262e-07,significant
0.1,smallworldness,0.1091701381745782,75,ancova_p_value,,8.0,75.0,0.005996484169924953,0.001844831963866,-0.04400351583007505,0.0,significant
0.1,smallworldness,0.1091701381745782,75,ancova_p_value,,10.0,75.0,0.0022598459055359287,0.0007464576063423,-0.047740154094464075,0.0,significant
0.1,smallworldness,0.1091701381745782,75,ancova_p_value,,15.0,75.0,0.0002280430925145892,8.505678562009256e-05,-0.04977195690748541,0.0,significant
0.1,smallworldness,0.1091701381745782,100,ancova_p_value,,0.5,100.0,0.48114467698573943,0.0675417151140381,0.43114467698573944,5.01782057488574e-20,non-significant
0.1,smallworldness,0.1091701381745782,100,ancova_p_value,,1.0,100.0,0.31972415578412333,0.0525688924708314,0.26972415578412334,3.432937456944573e-14,non-significant
0.1,smallworldness,0.1091701381745782,100,ancova_p_value,,2.0,100.0,0.16040513148560548,0.0319631467970301,0.11040513148560548,2.0930724754989915e-06,non-significant
0.1,smallworldness,0.1091701381745782,100,ancova_p_value,,4.0,100.0,0.04821217873113365,0.011988768351077,-0.0017878212688663547,0.4106817899494265,significant
0.1,smallworldness,0.1091701381745782,100,ancova_p_value,,6.0,100.0,0.016044679166962617,0.0045815455371618,-0.033955320833037386,2.4185222091688274e-07,significant
0.1,smallworldness,0.1091701381745782,100,ancova_p_value,,8.0,100.0,0.005652215916228005,0.0017826190826605,-0.044347784083772,0.0,significant
0.1,smallworldness,0.1091701381745782,100,ancova_p_value,,10.0,100.0,0.00207287258086666,0.0007057121634427,-0.047927127419133346,0.0,significant
0.1,smallworldness,0.1091701381745782,100,ancova_p_value,,15.0,100.0,0.0001920508540141487,7.47682585533915e-05,-0.04980794914598585,0.0,significant
0.1,smallworldness,0.1091701381745782,300,ancova_p_value,,0.5,300.0,0.4800490110787622,0.0677387465933725,0.4300490110787622,7.689682444576755e-20,non-significant
0.1,smallworldness,0.1091701381745782,300,ancova_p_value,,1.0,300.0,0.31811640443062633,0.0527440237759811,0.26811640443062634,5.93383654514835e-14,non-significant
0.1,smallworldness,0.1091701381745782,300,ancova_p_value,,2.0,300.0,0.15833615787546532,0.0320173903102035,0.10833615787546531,3.4958589438021403e-06,non-significant
0.1,smallworldness,0.1091701381745782,300,ancova_p_value,,4.0,300.0,0.0464015209831491,0.0118565001808955,-0.0035984790168509043,0.353279718664797,significant
0.1,smallworldness,0.1091701381745782,300,ancova_p_value,,6.0,300.0,0.014877544674688336,0.0044193272272026,-0.03512245532531166,8.065937084911212e-08,significant
0.1,smallworldness,0.1091701381745782,300,ancova_p_value,,8.0,300.0,0.004992719858471545,0.0016578606062958,-0.04500728014152846,0.0,significant
0.1,smallworldness,0.1091701381745782,300,ancova_p_value,,10.0,300.0,0.0017256705948826214,0.0006258869887573,-0.04827432940511738,0.0,significant
0.1,smallworldness,0.1091701381745782,300,ancova_p_value,,15.0,300.0,0.00013201666015390175,5.632387163587901e-05,-0.0498679833398461,0.0,significant
0.1,smallworldness,0.1091701381745782,500,ancova_p_value,,0.5,500.0,0.47982953965954955,0.0677782522506014,0.42982953965954956,8.372391222413157e-20,non-significant
0.1,smallworldness,0.1091701381745782,500,ancova_p_value,,1.0,500.0,0.3177942072606085,0.0527791669053117,0.2677942072606085,6.615404435454537e-14,non-significant
0.1,smallworldness,0.1091701381745782,500,ancova_p_value,,2.0,500.0,0.15792157401181234,0.0320281398163972,0.10792157401181234,3.8675749576011034e-06,non-significant
0.1,smallworldness,0.1091701381745782,500,ancova_p_value,,4.0,500.0,0.046040682769031456,0.0118294208002683,-0.003959317230968547,0.34219371017767375,significant
0.1,smallworldness,0.1091701381745782,500,ancova_p_value,,6.0,500.0,0.01464790875937049,0.0043864016089489,-0.03535209124062951,6.441823696690108e-08,significant
0.1,smallworldness,0.1091701381745782,500,ancova_p_value,,8.0,500.0,0.004865533464805003,0.0016328749758127,-0.045134466535195,0.0,significant
0.1,smallworldness,0.1091701381745782,500,ancova_p_value,,10.0,500.0,0.0016604995248597615,0.0006102162209604,-0.04833950047514024,0.0,significant
0.1,smallworldness,0.1091701381745782,500,ancova_p_value,,15.0,500.0,0.0001217965039979378,5.297878397959411e-05,-0.04987820349600206,0.0,significant
0.1,smallworldness,0.1091701381745782,1000,ancova_p_value,,0.5,1000.0,0.4796648624377731,0.0678079032338831,0.42966486243777313,8.923294542148875e-20,non-significant
0.1,smallworldness,0.1091701381745782,1000,ancova_p_value,,1.0,1000.0,0.31755241808467255,0.0528055498858116,0.26755241808467256,7.176349107790072e-14,non-significant
0.1,smallworldness,0.1091701381745782,1000,ancova_p_value,,2.0,1000.0,0.1576104641334238,0.0320361797301832,0.1076104641334238,4.17067599786714e-06,non-significant
0.1,smallworldness,0.1091701381745782,1000,ancova_p_value,,4.0,1000.0,0.04577034649325166,0.0118089718396744,-0.0042296535067483446,0.3339778442265767,significant
0.1,smallworldness,0.1091701381745782,1000,ancova_p_value,,6.0,1000.0,0.014476528145859816,0.0043616016409993,-0.03552347185414019,5.435883199123026e-08,significant
0.1,smallworldness,0.1091701381745782,1000,ancova_p_value,,8.0,1000.0,0.00477118583723039,0.0016141319242442,-0.04522881416276961,0.0,significant
0.1,smallworldness,0.1091701381745782,1000,ancova_p_value,,10.0,1000.0,0.0016125523948250528,0.0005985325445281,-0.04838744760517495,0.0,significant
0.1,smallworldness,0.1091701381745782,1000,ancova_p_value,,15.0,1000.0,0.00011449967420285442,5.054534929870622e-05,-0.049885500325797145,0.0,significant
0.2,smallworldness,0.0392539019266324,30,ancova_p_value,,0.5,30.0,0.4849569686830381,0.0240401061777309,0.4349569686830381,1.138380716810951e-149,non-significant
0.2,smallworldness,0.0392539019266324,30,ancova_p_value,,1.0,30.0,0.3253086154260302,0.0186843346374675,0.2753086154260302,1.9691186553299582e-105,non-significant
0.2,smallworldness,0.0392539019266324,30,ancova_p_value,,2.0,30.0,0.167594108019346,0.0114224489932178,0.11759410801934599,3.7532008512023974e-45,non-significant
0.2,smallworldness,0.0392539019266324,30,ancova_p_value,,4.0,30.0,0.054625044962983094,0.0044633472580172,0.004625044962983091,0.14937780211055923,non-significant
0.2,smallworldness,0.0392539019266324,30,ancova_p_value,,6.0,30.0,0.0203613903722062,0.0018403275577725,-0.029638609627793803,0.0,significant
0.2,smallworldness,0.0392539019266324,30,ancova_p_value,,8.0,30.0,0.008257335914631373,0.0007960459621712,-0.04174266408536863,0.0,significant
0.2,smallworldness,0.0392539019266324,30,ancova_p_value,,10.0,30.0,0.0035685233088176825,0.0003594628603307,-0.04643147669118232,0.0,significant
0.2,smallworldness,0.0392539019266324,30,ancova_p_value,,15.0,30.0,0.0005407062921313466,5.791484893084435e-05,-0.049459293707868654,0.0,significant
0.2,smallworldness,0.0392539019266324,50,ancova_p_value,,0.5,50.0,0.48278284379668057,0.0241800132994203,0.4327828437966806,9.204686485124536e-147,non-significant
0.2,smallworldness,0.0392539019266324,50,ancova_p_value,,1.0,50.0,0.32212564510024433,0.0188081979490221,0.27212564510024434,1.1489741354302078e-101,non-significant
0.2,smallworldness,0.0392539019266324,50,ancova_p_value,,2.0,50.0,0.16349617189550622,0.0114630824125961,0.11349617189550622,1.5535163472279566e-41,non-significant
0.2,smallworldness,0.0392539019266324,50,ancova_p_value,,4.0,50.0,0.05094706873769324,0.0043787061578047,0.0009470687376932352,0.4245192410734689,non-significant
0.2,smallworldness,0.0392539019266324,50,ancova_p_value,,6.0,50.0,0.01785224137520709,0.0017321758874523,-0.03214775862479291,0.0,significant
0.2,smallworldness,0.0392539019266324,50,ancova_p_value,,8.0,50.0,0.006713432842279582,0.0007079015146568,-0.04328656715772042,0.0,significant
0.2,smallworldness,0.0392539019266324,50,ancova_p_value,,10.0,50.0,0.0026605541904910716,0.0002982152116789,-0.04733944580950893,0.0,significant
0.2,smallworldness,0.0392539019266324,50,ancova_p_value,,15.0,50.0,0.00031306556427201346,3.873433310280319e-05,-0.04968693443572799,0.0,significant
0.2,smallworldness,0.0392539019266324,75,ancova_p_value,,0.5,75.0,0.4816914470000123,0.0242504128234921,0.43169144700001233,2.5385861105412318e-145,non-significant
0.2,smallworldness,0.0392539019266324,75,ancova_p_value,,1.0,75.0,0.3205260061237414,0.0188706470316141,0.2705260061237414,8.179620646983793e-100,non-significant
0.2,smallworldness,0.0392539019266324,75,ancova_p_value,,2.0,75.0,0.16143714082856858,0.0114830099597029,0.11143714082856858,8.564506433493742e-40,non-significant
0.2,smallworldness,0.0392539019266324,75,ancova_p_value,,4.0,75.0,0.04912138289485513,0.0043338495335689,-0.0008786171051448702,0.40927854867737845,significant
0.2,smallworldness,0.0392539019266324,75,ancova_p_value,,6.0,75.0,0.016639791628428848,0.0016759944674734,-0.03336020837157115,0.0,significant
0.2,smallworldness,0.0392539019266324,75,ancova_p_value,,8.0,75.0,0.005996484169924953,0.0006633393910788,-0.04400351583007505,0.0,significant
0.2,smallworldness,0.0392539019266324,75,ancova_p_value,,10.0,75.0,0.0022598459055359287,0.0002684009946464,-0.047740154094464075,0.0,significant
0.2,smallworldness,0.0392539019266324,75,ancova_p_value,,15.0,75.0,0.0002280430925145892,3.0583553128663154e-05,-0.04977195690748541,0.0,significant
0.2,smallworldness,0.0392539019266324,100,ancova_p_value,,0.5,100.0,0.48114467698573943,0.0242857241492471,0.43114467698573944,1.3229845090325794e-144,non-significant
0.2,smallworldness,0.0392539019266324,100,ancova_p_value,,1.0,100.0,0.31972415578412333,0.0189020018106217,0.26972415578412334,6.7811342681654105e-99,non-significant
0.2,smallworldness,0.0392539019266324,100,ancova_p_value,,2.0,100.0,0.16040513148560548,0.0114928702172271,0.11040513148560548,6.119768635254118e-39,non-significant
0.2,smallworldness,0.0392539019266324,100,ancova_p_value,,4.0,100.0,0.04821217873113365,0.0043107569976849,-0.0017878212688663547,0.3306668239377437,significant
0.2,smallworldness,0.0392539019266324,100,ancova_p_value,,6.0,100.0,0.016044679166962617,0.0016473693465566,-0.033955320833037386,0.0,significant
0.2,smallworldness,0.0392539019266324,100,ancova_p_value,,8.0,100.0,0.005652215916228005,0.0006409697359858,-0.044347784083772,0.0,significant
0.2,smallworldness,0.0392539019266324,100,ancova_p_value,,10.0,100.0,0.00207287258086666,0.0002537503067726,-0.047927127419133346,0.0,significant
0.2,smallworldness,0.0392539019266324,100,ancova_p_value,,15.0,100.0,0.0001920508540141487,2.688414558738158e-05,-0.04980794914598585,0.0,significant
0.2,smallworldness,0.0392539019266324,300,ancova_p_value,,0.5,300.0,0.4800490110787622,0.0243565700279422,0.4300490110787622,3.5384329325269134e-143,non-significant
0.2,smallworldness,0.0392539019266324,300,ancova_p_value,,1.0,300.0,0.31811640443062633,0.0189649731248618,0.26811640443062634,4.499535334122965e-97,non-significant
0.2,smallworldness,0.0392539019266324,300,ancova_p_value,,2.0,300.0,0.15833615787546532,0.0115123743561964,0.10833615787546531,2.894935203391179e-37,non-significant
0.2,smallworldness,0.0392539019266324,300,ancova_p_value,,4.0,300.0,0.0464015209831491,0.0042631978220061,-0.0035984790168509043,0.19684430299624278,significant
0.2,smallworldness,0.0392539019266324,300,ancova_p_value,,6.0,300.0,0.014877544674688336,0.001589041110133,-0.03512245532531166,0.0,significant
0.2,smallworldness,0.0392539019266324,300,ancova_p_value,,8.0,300.0,0.004992719858471545,0.0005961107930769,-0.04500728014152846,0.0,significant
0.2,smallworldness,0.0392539019266324,300,ancova_p_value,,10.0,300.0,0.0017256705948826214,0.0002250478645959,-0.04827432940511738,0.0,significant
0.2,smallworldness,0.0392539019266324,300,ancova_p_value,,15.0,300.0,0.00013201666015390175,2.025216575055937e-05,-0.0498679833398461,0.0,significant
0.2,smallworldness,0.0392539019266324,500,ancova_p_value,,0.5,500.0,0.47982953965954955,0.0243707749306779,0.42982953965954956,6.810732068014811e-143,non-significant
0.2,smallworldness,0.0392539019266324,500,ancova_p_value,,1.0,500.0,0.3177942072606085,0.0189776094096115,0.2677942072606085,1.0353767693194352e-96,non-significant
0.2,smallworldness,0.0392539019266324,500,ancova_p_value,,2.0,500.0,0.15792157401181234,0.0115162395162937,0.10792157401181234,6.184884641793308e-37,non-significant
0.2,smallworldness,0.0392539019266324,500,ancova_p_value,,4.0,500.0,0.046040682769031456,0.0042534609894881,-0.003959317230968547,0.1747601946373698,significant
0.2,smallworldness,0.0392539019266324,500,ancova_p_value,,6.0,500.0,0.01464790875937049,0.0015772021676217,-0.03535209124062951,0.0,significant
0.2,smallworldness,0.0392539019266324,500,ancova_p_value,,8.0,500.0,0.004865533464805003,0.0005871268025374,-0.045134466535195,0.0,significant
0.2,smallworldness,0.0392539019266324,500,ancova_p_value,,10.0,500.0,0.0016604995248597615,0.0002194131847054,-0.04833950047514024,0.0,significant
0.2,smallworldness,0.0392539019266324,500,ancova_p_value,,15.0,500.0,0.0001217965039979378,1.904938498109825e-05,-0.04987820349600206,0.0,significant
0.2,smallworldness,0.0392539019266324,1000,ancova_p_value,,0.5,1000.0,0.4796648624377731,0.0243814364248304,0.42966486243777313,1.11236414421891e-142,non-significant
0.2,smallworldness,0.0392539019266324,1000,ancova_p_value,,1.0,1000.0,0.31755241808467255,0.0189870958401171,0.26755241808467256,1.932023813247325e-96,non-significant
0.2,smallworldness,0.0392539019266324,1000,ancova_p_value,,2.0,1000.0,0.1576104641334238,0.0115191303982925,0.1076104641334238,1.0900528842691154e-36,non-significant
0.2,smallworldness,0.0392539019266324,1000,ancova_p_value,,4.0,1000.0,0.04577034649325166,0.0042461082325247,-0.0042296535067483446,0.15929480766657067,significant
0.2,smallworldness,0.0392539019266324,1000,ancova_p_value,,6.0,1000.0,0.014476528145859816,0.0015682849350711,-0.03552347185414019,0.0,significant
0.2,smallworldness,0.0392539019266324,1000,ancova_p_value,,8.0,1000.0,0.00477118583723039,0.000580387432959,-0.04522881416276961,0.0,significant
0.2,smallworldness,0.0392539019266324,1000,ancova_p_value,,10.0,1000.0,0.0016125523948250528,0.0002152121284781,-0.04838744760517495,0.0,significant
0.2,smallworldness,0.0392539019266324,1000,ancova_p_value,,15.0,1000.0,0.00011449967420285442,1.8174403892811207e-05,-0.049885500325797145,0.0,significant
0.3,smallworldness,0.0305613197719839,30,ancova_p_value,,0.5,30.0,0.4849569686830381,0.0187165437368053,0.4349569686830381,1.0567455005000489e-245,non-significant
0.3,smallworldness,0.0305613197719839,30,ancova_p_value,,1.0,30.0,0.3253086154260302,0.0145467812766654,0.2753086154260302,1.1579558465043882e-172,non-significant
0.3,smallworldness,0.0305613197719839,30,ancova_p_value,,2.0,30.0,0.167594108019346,0.0088930042397661,0.11759410801934599,3.105658427521628e-73,non-significant
0.3,smallworldness,0.0305613197719839,30,ancova_p_value,,4.0,30.0,0.054625044962983094,0.0034749611149643,0.004625044962983091,0.0888462942072608,non-significant
0.3,smallworldness,0.0305613197719839,30,ancova_p_value,,6.0,30.0,0.0203613903722062,0.00143279613536,-0.029638609627793803,0.0,significant
0.3,smallworldness,0.0305613197719839,30,ancova_p_value,,8.0,30.0,0.008257335914631373,0.0006197655267132,-0.04174266408536863,0.0,significant
0.3,smallworldness,0.0305613197719839,30,ancova_p_value,,10.0,30.0,0.0035685233088176825,0.0002798615903523,-0.04643147669118232,0.0,significant
0.3,smallworldness,0.0305613197719839,30,ancova_p_value,,15.0,30.0,0.0005407062921313466,4.508989249093788e-05,-0.049459293707868654,0.0,significant
0.3,smallworldness,0.0305613197719839,50,ancova_p_value,,0.5,50.0,0.48278284379668057,0.0188254691193652,0.4327828437966806,6.602959124176225e-241,non-significant
0.3,smallworldness,0.0305613197719839,50,ancova_p_value,,1.0,50.0,0.32212564510024433,0.014643215671379,0.27212564510024434,1.877655067007184e-166,non-significant
0.3,smallworldness,0.0305613197719839,50,ancova_p_value,,2.0,50.0,0.16349617189550622,0.0089246395896829,0.11349617189550622,2.817582110576797e-67,non-significant
0.3,smallworldness,0.0305613197719839,50,ancova_p_value,,4.0,50.0,0.05094706873769324,0.0034090633671613,0.0009470687376932352,0.39810224467151045,non-significant
0.3,smallworldness,0.0305613197719839,50,ancova_p_value,,6.0,50.0,0.01785224137520709,0.0013485941167503,-0.03214775862479291,0.0,significant
0.3,smallworldness,0.0305613197719839,50,ancova_p_value,,8.0,50.0,0.006713432842279582,0.000551140230516,-0.04328656715772042,0.0,significant
0.3,smallworldness,0.0305613197719839,50,ancova_p_value,,10.0,50.0,0.0026605541904910716,0.000232176930131,-0.04733944580950893,0.0,significant
0.3,smallworldness,0.0305613197719839,50,ancova_p_value,,15.0,50.0,0.00031306556427201346,3.015680689073515e-05,-0.04968693443572799,0.0,significant
0.3,smallworldness,0.0305613197719839,75,ancova_p_value,,0.5,75.0,0.4816914470000123,0.0188802790175244,0.43169144700001233,1.569321233541869e-238,non-significant
0.3,smallworldness,0.0305613197719839,75,ancova_p_value,,1.0,75.0,0.3205260061237414,0.0146918357139451,0.2705260061237414,2.128509672482562e-163,non-significant
0.3,smallworldness,0.0305613197719839,75,ancova_p_value,,2.0,75.0,0.16143714082856858,0.0089401542801853,0.11143714082856858,2.079386352884096e-64,non-significant
0.3,smallworldness,0.0305613197719839,75,ancova_p_value,,4.0,75.0,0.04912138289485513,0.0033741400201848,-0.0008786171051448702,0.3895154986321363,significant
0.3,smallworldness,0.0305613197719839,75,ancova_p_value,,6.0,75.0,0.016639791628428848,0.0013048537939556,-0.03336020837157115,0.0,significant
0.3,smallworldness,0.0305613197719839,75,ancova_p_value,,8.0,75.0,0.005996484169924953,0.0005164461684854,-0.04400351583007505,0.0,significant
0.3,smallworldness,0.0305613197719839,75,ancova_p_value,,10.0,75.0,0.0022598459055359287,0.0002089649237887,-0.047740154094464075,0.0,significant
0.3,smallworldness,0.0305613197719839,75,ancova_p_value,,15.0,75.0,0.0002280430925145892,2.3810976770551057e-05,-0.04977195690748541,0.0,significant
0.3,smallworldness,0.0305613197719839,100,ancova_p_value,,0.5,100.0,0.48114467698573943,0.0189077708250902,0.43114467698573944,2.3889424281284415e-237,non-significant
0.3,smallworldness,0.0305613197719839,100,ancova_p_value,,1.0,100.0,0.31972415578412333,0.0147162471324436,0.26972415578412334,6.961312291404955e-162,non-significant
0.3,smallworldness,0.0305613197719839,100,ancova_p_value,,2.0,100.0,0.16040513148560548,0.0089478310325192,0.11040513148560548,5.301988574243088e-63,non-significant
0.3,smallworldness,0.0305613197719839,100,ancova_p_value,,4.0,100.0,0.04821217873113365,0.0033561612119936,-0.0017878212688663547,0.2916897435525315,significant
0.3,smallworldness,0.0305613197719839,100,ancova_p_value,,6.0,100.0,0.016044679166962617,0.0012825675642839,-0.033955320833037386,0.0,significant
0.3,smallworldness,0.0305613197719839,100,ancova_p_value,,8.0,100.0,0.005652215916228005,0.0004990301627145,-0.044347784083772,0.0,significant
0.3,smallworldness,0.0305613197719839,100,ancova_p_value,,10.0,100.0,0.00207287258086666,0.0001975585581788,-0.047927127419133346,0.0,significant
0.3,smallworldness,0.0305613197719839,100,ancova_p_value,,15.0,100.0,0.0001920508540141487,2.093078470589191e-05,-0.04980794914598585,0.0,significant
0.3,smallworldness,0.0305613197719839,300,ancova_p_value,,0.5,300.0,0.4800490110787622,0.0189629282348523,0.4300490110787622,5.3974349451715804e-235,non-significant
0.3,smallworldness,0.0305613197719839,300,ancova_p_value,,1.0,300.0,0.31811640443062633,0.0147652737610461,0.26811640443062634,7.026063875650472e-159,non-significant
0.3,smallworldness,0.0305613197719839,300,ancova_p_value,,2.0,300.0,0.15833615787546532,0.008963016076519,0.10833615787546531,3.0384749498925563e-60,non-significant
0.3,smallworldness,0.0305613197719839,300,ancova_p_value,,4.0,300.0,0.0464015209831491,0.0033191337802054,-0.0035984790168509043,0.13984425462056682,significant
0.3,smallworldness,0.0305613197719839,300,ancova_p_value,,6.0,300.0,0.014877544674688336,0.0012371558269129,-0.03512245532531166,0.0,significant
0.3,smallworldness,0.0305613197719839,300,ancova_p_value,,8.0,300.0,0.004992719858471545,0.0004641050105236,-0.04500728014152846,0.0,significant
0.3,smallworldness,0.0305613197719839,300,ancova_p_value,,10.0,300.0,0.0017256705948826214,0.0001752121296571,-0.04827432940511738,0.0,significant
0.3,smallworldness,0.0305613197719839,300,ancova_p_value,,15.0,300.0,0.00013201666015390175,1.5767423955327638e-05,-0.0498679833398461,0.0,significant
0.3,smallworldness,0.0305613197719839,500,ancova_p_value,,0.5,500.0,0.47982953965954955,0.0189739875322349,0.42982953965954956,1.5893541451719135e-234,non-significant
0.3,smallworldness,0.0305613197719839,500,ancova_p_value,,1.0,500.0,0.3177942072606085,0.0147751118031263,0.2677942072606085,2.7764185344346965e-158,non-significant
0.3,smallworldness,0.0305613197719839,500,ancova_p_value,,2.0,500.0,0.15792157401181234,0.0089660253160571,0.10792157401181234,1.06062466154037e-59,non-significant
0.3,smallworldness,0.0305613197719839,500,ancova_p_value,,4.0,500.0,0.046040682769031456,0.0033115531210213,-0.003959317230968547,0.11761107982337915,significant
0.3,smallworldness,0.0305613197719839,500,ancova_p_value,,6.0,500.0,0.01464790875937049,0.0012279385595817,-0.03535209124062951,0.0,significant
0.3,smallworldness,0.0305613197719839,500,ancova_p_value,,8.0,500.0,0.004865533464805003,0.0004571104801908,-0.045134466535195,0.0,significant
0.3,smallworldness,0.0305613197719839,500,ancova_p_value,,10.0,500.0,0.0016604995248597615,0.0001708252217195,-0.04833950047514024,0.0,significant
0.3,smallworldness,0.0305613197719839,500,ancova_p_value,,15.0,500.0,0.0001217965039979378,1.4830993029816132e-05,-0.04987820349600206,0.0,significant
0.3,smallworldness,0.0305613197719839,1000,ancova_p_value,,0.5,1000.0,0.4796648624377731,0.0189822880913144,0.42966486243777313,3.5695181099416916e-234,non-significant
0.3,smallworldness,0.0305613197719839,1000,ancova_p_value,,1.0,1000.0,0.31755241808467255,0.0147824975105833,0.26755241808467256,7.765744908749221e-158,non-significant
0.3,smallworldness,0.0305613197719839,1000,ancova_p_value,,2.0,1000.0,0.1576104641334238,0.008968276026556,0.1076104641334238,2.6967154826495716e-59,non-significant
0.3,smallworldness,0.0305613197719839,1000,ancova_p_value,,4.0,1000.0,0.04577034649325166,0.0033058285956688,-0.0042296535067483446,0.1026859050615282,significant
0.3,smallworldness,0.0305613197719839,1000,ancova_p_value,,6.0,1000.0,0.014476528145859816,0.0012209960040119,-0.03552347185414019,0.0,significant
0.3,smallworldness,0.0305613197719839,1000,ancova_p_value,,8.0,1000.0,0.00477118583723039,0.0004518635106251,-0.04522881416276961,0.0,significant
0.3,smallworldness,0.0305613197719839,1000,ancova_p_value,,10.0,1000.0,0.0016125523948250528,0.0001675544685856,-0.04838744760517495,0.0,significant
0.3,smallworldness,0.0305613197719839,1000,ancova_p_value,,15.0,1000.0,0.00011449967420285442,1.4149772169694804e-05,-0.049885500325797145,0.0,significant
0.4,smallworldness,0.0354884841336918,30,ancova_p_value,,0.5,30.0,0.4849569686830381,0.0217340668006775,0.4349569686830381,1.0543160799768849e-182,non-significant
0.4,smallworldness,0.0354884841336918,30,ancova_p_value,,1.0,30.0,0.3253086154260302,0.0168920459058995,0.2753086154260302,1.4665755365163078e-128,non-significant
0.4,smallworldness,0.0354884841336918,30,ancova_p_value,,2.0,30.0,0.167594108019346,0.0103267542834687,0.11759410801934599,8.131386688983928e-55,non-significant
0.4,smallworldness,0.0354884841336918,30,ancova_p_value,,4.0,30.0,0.054625044962983094,0.0040352021219535,0.004625044962983091,0.12411830972460701,non-significant
0.4,smallworldness,0.0354884841336918,30,ancova_p_value,,6.0,30.0,0.0203613903722062,0.0016637947345177,-0.029638609627793803,0.0,significant
0.4,smallworldness,0.0354884841336918,30,ancova_p_value,,8.0,30.0,0.008257335914631373,0.0007196855117996,-0.04174266408536863,0.0,significant
0.4,smallworldness,0.0354884841336918,30,ancova_p_value,,10.0,30.0,0.0035685233088176825,0.0003249815022043,-0.04643147669118232,0.0,significant
0.4,smallworldness,0.0354884841336918,30,ancova_p_value,,15.0,30.0,0.0005407062921313466,5.235938585745973e-05,-0.049459293707868654,0.0,significant
0.4,smallworldness,0.0354884841336918,50,ancova_p_value,,0.5,50.0,0.48278284379668057,0.0218605533771596,0.4327828437966806,3.802061275561446e-179,non-significant
0.4,smallworldness,0.0354884841336918,50,ancova_p_value,,1.0,50.0,0.32212564510024433,0.0170040276695232,0.27212564510024434,5.926950284280034e-124,non-significant
0.4,smallworldness,0.0354884841336918,50,ancova_p_value,,2.0,50.0,0.16349617189550622,0.0103634899552906,0.11349617189550622,2.1484407800898997e-50,non-significant
0.4,smallworldness,0.0354884841336918,50,ancova_p_value,,4.0,50.0,0.05094706873769324,0.0039586801917881,0.0009470687376932352,0.41447675702062353,non-significant
0.4,smallworldness,0.0354884841336918,50,ancova_p_value,,6.0,50.0,0.01785224137520709,0.0015660174780461,-0.03214775862479291,0.0,significant
0.4,smallworldness,0.0354884841336918,50,ancova_p_value,,8.0,50.0,0.006713432842279582,0.0006399962917844,-0.04328656715772042,0.0,significant
0.4,smallworldness,0.0354884841336918,50,ancova_p_value,,10.0,50.0,0.0026605541904910716,0.0002696090143566,-0.04733944580950893,0.0,significant
0.4,smallworldness,0.0354884841336918,50,ancova_p_value,,15.0,50.0,0.00031306556427201346,3.501875478053637e-05,-0.04968693443572799,0.0,significant
0.4,smallworldness,0.0354884841336918,75,ancova_p_value,,0.5,75.0,0.4816914470000123,0.02192419984975,0.43169144700001233,2.1993603774077673e-177,non-significant
0.4,smallworldness,0.0354884841336918,75,ancova_p_value,,1.0,75.0,0.3205260061237414,0.0170604863441505,0.2705260061237414,1.0930815241076632e-121,non-significant
0.4,smallworldness,0.0354884841336918,75,ancova_p_value,,2.0,75.0,0.16143714082856858,0.0103815059589135,0.11143714082856858,2.890629445269593e-48,non-significant
0.4,smallworldness,0.0354884841336918,75,ancova_p_value,,4.0,75.0,0.04912138289485513,0.0039181264246629,-0.0008786171051448702,0.4020197945022155,significant
0.4,smallworldness,0.0354884841336918,75,ancova_p_value,,6.0,75.0,0.016639791628428848,0.0015152252425314,-0.03336020837157115,0.0,significant
0.4,smallworldness,0.0354884841336918,75,ancova_p_value,,8.0,75.0,0.005996484169924953,0.0005997087754372,-0.04400351583007505,0.0,significant
0.4,smallworldness,0.0354884841336918,75,ancova_p_value,,10.0,75.0,0.0022598459055359287,0.0002426547164096,-0.047740154094464075,0.0,significant
0.4,smallworldness,0.0354884841336918,75,ancova_p_value,,15.0,75.0,0.0002280430925145892,2.764983572810379e-05,-0.04977195690748541,0.0,significant
0.4,smallworldness,0.0354884841336918,100,ancova_p_value,,0.5,100.0,0.48114467698573943,0.0219561239480508,0.43114467698573944,1.6571512570284777e-176,non-significant
0.4,smallworldness,0.0354884841336918,100,ancova_p_value,,1.0,100.0,0.31972415578412333,0.0170888334261656,0.26972415578412334,1.4528170451881496e-120,non-significant
0.4,smallworldness,0.0354884841336918,100,ancova_p_value,,2.0,100.0,0.16040513148560548,0.0103904203744372,0.11040513148560548,3.199114384304858e-47,non-significant
0.4,smallworldness,0.0354884841336918,100,ancova_p_value,,4.0,100.0,0.04821217873113365,0.0038972490327833,-0.0017878212688663547,0.3160140610870088,significant
0.4,smallworldness,0.0354884841336918,100,ancova_p_value,,6.0,100.0,0.016044679166962617,0.0014893459770413,-0.033955320833037386,0.0,significant
0.4,smallworldness,0.0354884841336918,100,ancova_p_value,,8.0,100.0,0.005652215916228005,0.0005794849222435,-0.044347784083772,0.0,significant
0.4,smallworldness,0.0354884841336918,100,ancova_p_value,,10.0,100.0,0.00207287258086666,0.0002294093910116,-0.047927127419133346,0.0,significant
0.4,smallworldness,0.0354884841336918,100,ancova_p_value,,15.0,100.0,0.0001920508540141487,2.430529265367995e-05,-0.04980794914598585,0.0,significant
0.4,smallworldness,0.0354884841336918,300,ancova_p_value,,0.5,300.0,0.4800490110787622,0.0220201739588423,0.4300490110787622,9.232786458500936e-175,non-significant
0.4,smallworldness,0.0354884841336918,300,ancova_p_value,,1.0,300.0,0.31811640443062633,0.0171457642375398,0.26811640443062634,2.4583129985198494e-118,non-significant
0.4,smallworldness,0.0354884841336918,300,ancova_p_value,,2.0,300.0,0.15833615787546532,0.0104080535852108,0.10833615787546531,3.568656129756825e-45,non-significant
0.4,smallworldness,0.0354884841336918,300,ancova_p_value,,4.0,300.0,0.0464015209831491,0.0038542519555847,-0.0035984790168509043,0.17421400220217975,significant
0.4,smallworldness,0.0354884841336918,300,ancova_p_value,,6.0,300.0,0.014877544674688336,0.0014366128577521,-0.03512245532531166,0.0,significant
0.4,smallworldness,0.0354884841336918,300,ancova_p_value,,8.0,300.0,0.004992719858471545,0.0005389290588633,-0.04500728014152846,0.0,significant
0.4,smallworldness,0.0354884841336918,300,ancova_p_value,,10.0,300.0,0.0017256705948826214,0.0002034602212784,-0.04827432940511738,0.0,significant
0.4,smallworldness,0.0354884841336918,300,ancova_p_value,,15.0,300.0,0.00013201666015390175,1.8309483328687827e-05,-0.0498679833398461,0.0,significant
0.4,smallworldness,0.0354884841336918,500,ancova_p_value,,0.5,500.0,0.47982953965954955,0.0220330162608967,0.42982953965954956,2.0569304044538815e-174,non-significant
0.4,smallworldness,0.0354884841336918,500,ancova_p_value,,1.0,500.0,0.3177942072606085,0.0171571883907791,0.2677942072606085,6.812925201779867e-118,non-significant
0.4,smallworldness,0.0354884841336918,500,ancova_p_value,,2.0,500.0,0.15792157401181234,0.0104115479810811,0.10792157401181234,9.026625908992969e-45,non-significant
0.4,smallworldness,0.0354884841336918,500,ancova_p_value,,4.0,500.0,0.046040682769031456,0.0038454491255635,-0.003959317230968547,0.15175134664464474,significant
0.4,smallworldness,0.0354884841336918,500,ancova_p_value,,6.0,500.0,0.01464790875937049,0.0014259095619559,-0.03535209124062951,0.0,significant
0.4,smallworldness,0.0354884841336918,500,ancova_p_value,,8.0,500.0,0.004865533464805003,0.0005308068546983,-0.045134466535195,0.0,significant
0.4,smallworldness,0.0354884841336918,500,ancova_p_value,,10.0,500.0,0.0016604995248597615,0.0001983660462263,-0.04833950047514024,0.0,significant
0.4,smallworldness,0.0354884841336918,500,ancova_p_value,,15.0,500.0,0.0001217965039979378,1.722207891388313e-05,-0.04987820349600206,0.0,significant
0.4,smallworldness,0.0354884841336918,1000,ancova_p_value,,0.5,1000.0,0.4796648624377731,0.0220426550546854,0.42966486243777313,3.7484218287042906e-174,non-significant
0.4,smallworldness,0.0354884841336918,1000,ancova_p_value,,1.0,1000.0,0.31755241808467255,0.0171657648385195,0.26755241808467256,1.461175762846445e-117,non-significant
0.4,smallworldness,0.0354884841336918,1000,ancova_p_value,,2.0,1000.0,0.1576104641334238,0.0104141615561631,0.1076104641334238,1.8045902146841056e-44,non-significant
0.4,smallworldness,0.0354884841336918,1000,ancova_p_value,,4.0,1000.0,0.04577034649325166,0.0038388016794237,-0.0042296535067483446,0.13624785644651083,significant
0.4,smallworldness,0.0354884841336918,1000,ancova_p_value,,6.0,1000.0,0.014476528145859816,0.0014178477120415,-0.03552347185414019,0.0,significant
0.4,smallworldness,0.0354884841336918,1000,ancova_p_value,,8.0,1000.0,0.00477118583723039,0.0005247139569579,-0.04522881416276961,0.0,significant
0.4,smallworldness,0.0354884841336918,1000,ancova_p_value,,10.0,1000.0,0.0016125523948250528,0.0001945679749531,-0.04838744760517495,0.0,significant
0.4,smallworldness,0.0354884841336918,1000,ancova_p_value,,15.0,1000.0,0.00011449967420285442,1.6431030102302757e-05,-0.049885500325797145,0.0,significant
0.5,smallworldness,0.0397091509227995,30,ancova_p_value,,0.5,30.0,0.4849569686830381,0.0243189124534896,0.4349569686830381,2.6723625963482047e-146,non-significant
0.5,smallworldness,0.0397091509227995,30,ancova_p_value,,1.0,30.0,0.3253086154260302,0.0189010270978413,0.2753086154260302,4.511613925324491e-103,non-significant
0.5,smallworldness,0.0397091509227995,30,ancova_p_value,,2.0,30.0,0.167594108019346,0.0115549213891506,0.11759410801934599,3.638173274005573e-44,non-significant
0.5,smallworldness,0.0397091509227995,30,ancova_p_value,,4.0,30.0,0.054625044962983094,0.0045151111403073,0.004625044962983091,0.15230694638069006,non-significant
0.5,smallworldness,0.0397091509227995,30,ancova_p_value,,6.0,30.0,0.0203613903722062,0.0018616708442274,-0.029638609627793803,0.0,significant
0.5,smallworldness,0.0397091509227995,30,ancova_p_value,,8.0,30.0,0.008257335914631373,0.000805278143111,-0.04174266408536863,0.0,significant
0.5,smallworldness,0.0397091509227995,30,ancova_p_value,,10.0,30.0,0.0035685233088176825,0.0003636317479647,-0.04643147669118232,0.0,significant
0.5,smallworldness,0.0397091509227995,30,ancova_p_value,,15.0,30.0,0.0005407062921313466,5.858651914819536e-05,-0.049459293707868654,0.0,significant
0.5,smallworldness,0.0397091509227995,50,ancova_p_value,,0.5,50.0,0.48278284379668057,0.0244604421546827,0.4327828437966806,1.8551214290579751e-143,non-significant
0.5,smallworldness,0.0397091509227995,50,ancova_p_value,,1.0,50.0,0.32212564510024433,0.0190263269200479,0.27212564510024434,2.160843674783843e-99,non-significant
0.5,smallworldness,0.0397091509227995,50,ancova_p_value,,2.0,50.0,0.16349617189550622,0.0115960260565443,0.11349617189550622,1.2464241762458607e-40,non-significant
0.5,smallworldness,0.0397091509227995,50,ancova_p_value,,4.0,50.0,0.05094706873769324,0.004429488410906,0.0009470687376932352,0.4256205944310489,non-significant
0.5,smallworldness,0.0397091509227995,50,ancova_p_value,,6.0,50.0,0.01785224137520709,0.0017522648797624,-0.03214775862479291,0.0,significant
0.5,smallworldness,0.0397091509227995,50,ancova_p_value,,8.0,50.0,0.006713432842279582,0.0007161114361707,-0.04328656715772042,0.0,significant
0.5,smallworldness,0.0397091509227995,50,ancova_p_value,,10.0,50.0,0.0026605541904910716,0.000301673776792,-0.04733944580950893,0.0,significant
0.5,smallworldness,0.0397091509227995,50,ancova_p_value,,15.0,50.0,0.00031306556427201346,3.9183556374803306e-05,-0.04968693443572799,0.0,significant
0.5,smallworldness,0.0397091509227995,75,ancova_p_value,,0.5,75.0,0.4816914470000123,0.0245316581405861,0.43169144700001233,4.743903918650604e-142,non-significant
0.5,smallworldness,0.0397091509227995,75,ancova_p_value,,1.0,75.0,0.3205260061237414,0.019089500258848,0.2705260061237414,1.3959543094289126e-97,non-significant
0.5,smallworldness,0.0397091509227995,75,ancova_p_value,,2.0,75.0,0.16143714082856858,0.0116161847143273,0.11143714082856858,6.273659525928215e-39,non-significant
0.5,smallworldness,0.0397091509227995,75,ancova_p_value,,4.0,75.0,0.04912138289485513,0.0043841115598353,-0.0008786171051448702,0.41005143440735625,significant
0.5,smallworldness,0.0397091509227995,75,ancova_p_value,,6.0,75.0,0.016639791628428848,0.001695431893091,-0.03336020837157115,0.0,significant
0.5,smallworldness,0.0397091509227995,75,ancova_p_value,,8.0,75.0,0.005996484169924953,0.0006710325012432,-0.04400351583007505,0.0,significant
0.5,smallworldness,0.0397091509227995,75,ancova_p_value,,10.0,75.0,0.0022598459055359287,0.0002715137879583,-0.047740154094464075,0.0,significant
0.5,smallworldness,0.0397091509227995,75,ancova_p_value,,15.0,75.0,0.0002280430925145892,3.093824734191794e-05,-0.04977195690748541,0.0,significant
0.5,smallworldness,0.0397091509227995,100,ancova_p_value,,0.5,100.0,0.48114467698573943,0.0245673789911224,0.43114467698573944,2.3810307225970646e-141,non-significant
0.5,smallworldness,0.0397091509227995,100,ancova_p_value,,1.0,100.0,0.31972415578412333,0.0191212186763977,0.26972415578412334,1.1028775846509096e-96,non-significant
0.5,smallworldness,0.0397091509227995,100,ancova_p_value,,2.0,100.0,0.16040513148560548,0.0116261593266575,0.11040513148560548,4.287154072820387e-38,non-significant
0.5,smallworldness,0.0397091509227995,100,ancova_p_value,,4.0,100.0,0.04821217873113365,0.0043607512071671,-0.0017878212688663547,0.33225365120633765,significant
0.5,smallworldness,0.0397091509227995,100,ancova_p_value,,6.0,100.0,0.016044679166962617,0.0016664747909717,-0.033955320833037386,0.0,significant
0.5,smallworldness,0.0397091509227995,100,ancova_p_value,,8.0,100.0,0.005652215916228005,0.0006484034130105,-0.044347784083772,0.0,significant
0.5,smallworldness,0.0397091509227995,100,ancova_p_value,,10.0,100.0,0.00207287258086666,0.0002566931880345,-0.047927127419133346,0.0,significant
0.5,smallworldness,0.0397091509227995,100,ancova_p_value,,15.0,100.0,0.0001920508540141487,2.7195935745576324e-05,-0.04980794914598585,0.0,significant
0.5,smallworldness,0.0397091509227995,300,ancova_p_value,,0.5,300.0,0.4800490110787622,0.0246390465082682,0.4300490110787622,5.908889490576549e-140,non-significant
0.5,smallworldness,0.0397091509227995,300,ancova_p_value,,1.0,300.0,0.31811640443062633,0.0191849203034523,0.26811640443062634,6.651431642929228e-95,non-significant
0.5,smallworldness,0.0397091509227995,300,ancova_p_value,,2.0,300.0,0.15833615787546532,0.011645889665807,0.10833615787546531,1.8580728442853444e-36,non-significant
0.5,smallworldness,0.0397091509227995,300,ancova_p_value,,4.0,300.0,0.0464015209831491,0.0043126404616845,-0.0035984790168509043,0.19938189440739484,significant
0.5,smallworldness,0.0397091509227995,300,ancova_p_value,,6.0,300.0,0.014877544674688336,0.0016074700900497,-0.03512245532531166,0.0,significant
0.5,smallworldness,0.0397091509227995,300,ancova_p_value,,8.0,300.0,0.004992719858471545,0.0006030242163758,-0.04500728014152846,0.0,significant
0.5,smallworldness,0.0397091509227995,300,ancova_p_value,,10.0,300.0,0.0017256705948826214,0.0002276578679183,-0.04827432940511738,0.0,significant
0.5,smallworldness,0.0397091509227995,300,ancova_p_value,,15.0,300.0,0.00013201666015390175,2.0487041206899592e-05,-0.0498679833398461,0.0,significant
0.5,smallworldness,0.0397091509227995,500,ancova_p_value,,0.5,500.0,0.47982953965954955,0.0246534161530395,0.42982953965954956,1.1204951992677866e-139,non-significant
0.5,smallworldness,0.0397091509227995,500,ancova_p_value,,1.0,500.0,0.3177942072606085,0.0191977031381159,0.2677942072606085,1.50177937317118e-94,non-significant
0.5,smallworldness,0.0397091509227995,500,ancova_p_value,,2.0,500.0,0.15792157401181234,0.0116497996522825,0.10792157401181234,3.90188503348383e-36,non-significant
0.5,smallworldness,0.0397091509227995,500,ancova_p_value,,4.0,500.0,0.046040682769031456,0.0043027907057879,-0.003959317230968547,0.17736328501590426,significant
0.5,smallworldness,0.0397091509227995,500,ancova_p_value,,6.0,500.0,0.01464790875937049,0.001595493844839,-0.03535209124062951,0.0,significant
0.5,smallworldness,0.0397091509227995,500,ancova_p_value,,8.0,500.0,0.004865533464805003,0.0005939360335783,-0.045134466535195,0.0,significant
0.5,smallworldness,0.0397091509227995,500,ancova_p_value,,10.0,500.0,0.0016604995248597615,0.0002219578395596,-0.04833950047514024,0.0,significant
0.5,smallworldness,0.0397091509227995,500,ancova_p_value,,15.0,500.0,0.0001217965039979378,1.9270311130209605e-05,-0.04987820349600206,0.0,significant
0.5,smallworldness,0.0397091509227995,1000,ancova_p_value,,0.5,1000.0,0.4796648624377731,0.0246642012943779,0.42966486243777313,1.809712147262713e-139,non-significant
0.5,smallworldness,0.0397091509227995,1000,ancova_p_value,,1.0,1000.0,0.31755241808467255,0.0192072995879508,0.26755241808467256,2.7628198880047896e-94,non-significant
0.5,smallworldness,0.0397091509227995,1000,ancova_p_value,,2.0,1000.0,0.1576104641334238,0.0116527240614229,0.1076104641334238,6.789004058660603e-36,non-significant
0.5,smallworldness,0.0397091509227995,1000,ancova_p_value,,4.0,1000.0,0.04577034649325166,0.0042953526748756,-0.0042296535067483446,0.16192088978872965,significant
0.5,smallworldness,0.0397091509227995,1000,ancova_p_value,,6.0,1000.0,0.014476528145859816,0.0015864731942594,-0.03552347185414019,0.0,significant
0.5,smallworldness,0.0397091509227995,1000,ancova_p_value,,8.0,1000.0,0.00477118583723039,0.0005871185038405,-0.04522881416276961,0.0,significant
0.5,smallworldness,0.0397091509227995,1000,ancova_p_value,,10.0,1000.0,0.0016125523948250528,0.0002177080613827,-0.04838744760517495,0.0,significant
0.5,smallworldness,0.0397091509227995,1000,ancova_p_value,,15.0,1000.0,0.00011449967420285442,1.838518240710011e-05,-0.049885500325797145,0.0,significant
