Metric,statistic,n,Threshold,p_value,p_minus_alpha,NPVR,formula,df,df2,sigma_p,flip_probability,significance,possible_numerical_outcome,flip_direction,risk_type
avg_shortestPathLength,2.0,50,0.05,0.05094706873769324,0.0009470687376932352,0.039219040603392,two_sample_t_p_value,50.0,,0.0043748174363465,0.4244339925892486,non-significant,significant,non-significant -> significant,false-negative risk
avg_shortestPathLength,4.0,50,0.05,0.05094706873769324,0.0009470687376932352,0.039219040603392,ancova_p_value,,50.0,0.0043748174363465,0.4244339925892486,non-significant,significant,non-significant -> significant,false-negative risk
avg_shortestPathLength,2.0,50,0.5,0.05094706873769324,0.0009470687376932352,0.033265867672949,two_sample_t_p_value,50.0,,0.0037107510967065,0.4076223133439378,non-significant,significant,non-significant -> significant,false-negative risk
avg_shortestPathLength,4.0,50,0.5,0.05094706873769324,0.0009470687376932352,0.033265867672949,ancova_p_value,,50.0,0.0037107510967065,0.4076223133439378,non-significant,significant,non-significant -> significant,false-negative risk
avg_shortestPathLength,2.0,50,0.1,0.05094706873769324,0.0009470687376932352,0.0318008707364405,two_sample_t_p_value,50.0,,0.0035473331740998,0.40264395815901693,non-significant,significant,non-significant -> significant,false-negative risk
avg_shortestPathLength,4.0,50,0.1,0.05094706873769324,0.0009470687376932352,0.0318008707364405,ancova_p_value,,50.0,0.0035473331740998,0.40264395815901693,non-significant,significant,non-significant -> significant,false-negative risk
avg_shortestPathLength,2.0,50,0.2,0.05094706873769324,0.0009470687376932352,0.0277506495043664,two_sample_t_p_value,50.0,,0.0030955378676739,0.38647570093449357,non-significant,significant,non-significant -> significant,false-negative risk
avg_shortestPathLength,4.0,50,0.2,0.05094706873769324,0.0009470687376932352,0.0277506495043664,ancova_p_value,,50.0,0.0030955378676739,0.38647570093449357,non-significant,significant,non-significant -> significant,false-negative risk
avg_shortestPathLength,2.0,50,0.3,0.05094706873769324,0.0009470687376932352,0.0241110187938018,two_sample_t_p_value,50.0,,0.0026895432372733,0.3678705083916581,non-significant,significant,non-significant -> significant,false-negative risk
avg_shortestPathLength,4.0,50,0.3,0.05094706873769324,0.0009470687376932352,0.0241110187938018,ancova_p_value,,50.0,0.0026895432372733,0.3678705083916581,non-significant,significant,non-significant -> significant,false-negative risk
avg_shortestPathLength,2.0,50,0.4,0.05094706873769324,0.0009470687376932352,0.022590119386187,two_sample_t_p_value,50.0,,0.0025198894888645,0.3585259625682683,non-significant,significant,non-significant -> significant,false-negative risk
avg_shortestPathLength,4.0,50,0.4,0.05094706873769324,0.0009470687376932352,0.022590119386187,ancova_p_value,,50.0,0.0025198894888645,0.3585259625682683,non-significant,significant,non-significant -> significant,false-negative risk
avg_shortestPathLength,2.0,30,0.05,0.054625044962983094,0.004625044962983091,0.039219040603392,two_sample_t_p_value,30.0,,0.0044593833669425,0.14915234482086795,non-significant,significant,non-significant -> significant,false-negative risk
avg_shortestPathLength,4.0,30,0.05,0.054625044962983094,0.004625044962983091,0.039219040603392,ancova_p_value,,30.0,0.0044593833669425,0.14915234482086795,non-significant,significant,non-significant -> significant,false-negative risk
avg_shortestPathLength,2.0,30,0.5,0.054625044962983094,0.004625044962983091,0.033265867672949,two_sample_t_p_value,30.0,,0.0037824805172523,0.10844306744095301,non-significant,significant,non-significant -> significant,false-negative risk
avg_shortestPathLength,4.0,30,0.5,0.054625044962983094,0.004625044962983091,0.033265867672949,ancova_p_value,,30.0,0.0037824805172523,0.10844306744095301,non-significant,significant,non-significant -> significant,false-negative risk
avg_shortestPathLength,2.0,75,0.05,0.04912138289485513,-0.0008786171051448702,0.039219040603392,two_sample_t_p_value,75.0,,0.004330000649202,0.40921851879597215,significant,non-significant,significant -> non-significant,false-positive risk
avg_shortestPathLength,4.0,75,0.05,0.04912138289485513,-0.0008786171051448702,0.039219040603392,ancova_p_value,,75.0,0.004330000649202,0.40921851879597215,significant,non-significant,significant -> non-significant,false-positive risk
avg_shortestPathLength,2.0,75,0.5,0.04912138289485513,-0.0008786171051448702,0.033265867672949,two_sample_t_p_value,75.0,,0.0036727371808193,0.39687419852080263,significant,non-significant,significant -> non-significant,false-positive risk
avg_shortestPathLength,4.0,75,0.5,0.04912138289485513,-0.0008786171051448702,0.033265867672949,ancova_p_value,,75.0,0.0036727371808192,0.3968741985208002,significant,non-significant,significant -> non-significant,false-positive risk
avg_shortestPathLength,2.0,75,0.1,0.04912138289485513,-0.0008786171051448702,0.0318008707364405,two_sample_t_p_value,75.0,,0.0035109933546428,0.3930543223050482,significant,non-significant,significant -> non-significant,false-positive risk
avg_shortestPathLength,4.0,75,0.1,0.04912138289485513,-0.0008786171051448702,0.0318008707364405,ancova_p_value,,75.0,0.0035109933546428,0.3930543223050482,significant,non-significant,significant -> non-significant,false-positive risk
avg_shortestPathLength,2.0,75,0.2,0.04912138289485513,-0.0008786171051448702,0.0277506495043664,two_sample_t_p_value,75.0,,0.0030638263588552,0.3802527391308239,significant,non-significant,significant -> non-significant,false-positive risk
avg_shortestPathLength,4.0,75,0.2,0.04912138289485513,-0.0008786171051448702,0.0277506495043664,ancova_p_value,,75.0,0.0030638263588551,0.38025273913082047,significant,non-significant,significant -> non-significant,false-positive risk
avg_shortestPathLength,2.0,75,0.3,0.04912138289485513,-0.0008786171051448702,0.0241110187938018,two_sample_t_p_value,75.0,,0.0026619908448514,0.36493979518010855,significant,non-significant,significant -> non-significant,false-positive risk
avg_shortestPathLength,4.0,75,0.3,0.04912138289485513,-0.0008786171051448702,0.0241110187938018,ancova_p_value,,75.0,0.0026619908448513,0.36493979518010633,significant,non-significant,significant -> non-significant,false-positive risk
avg_shortestPathLength,2.0,75,0.4,0.04912138289485513,-0.0008786171051448702,0.022590119386187,two_sample_t_p_value,75.0,,0.0024940750743219,0.35706846934674874,significant,non-significant,significant -> non-significant,false-positive risk
avg_shortestPathLength,4.0,75,0.4,0.04912138289485513,-0.0008786171051448702,0.022590119386187,ancova_p_value,,75.0,0.0024940750743219,0.35706846934674874,significant,non-significant,significant -> non-significant,false-positive risk
avg_shortestPathLength,2.0,100,0.05,0.04821217873113365,-0.0017878212688663547,0.039219040603392,two_sample_t_p_value,100.0,,0.0043069286217598,0.33054380522422644,significant,non-significant,significant -> non-significant,false-positive risk
avg_shortestPathLength,4.0,100,0.05,0.04821217873113365,-0.0017878212688663547,0.039219040603392,ancova_p_value,,100.0,0.0043069286217596,0.33054380522421956,significant,non-significant,significant -> non-significant,false-positive risk
avg_shortestPathLength,2.0,100,0.5,0.04821217873113365,-0.0017878212688663547,0.033265867672949,two_sample_t_p_value,100.0,,0.0036531673239326,0.3058738342238634,significant,non-significant,significant -> non-significant,false-positive risk
avg_shortestPathLength,4.0,100,0.5,0.04821217873113365,-0.0017878212688663547,0.033265867672949,ancova_p_value,,100.0,0.0036531673239325,0.3058738342238594,significant,non-significant,significant -> non-significant,false-positive risk
avg_shortestPathLength,2.0,100,0.1,0.04821217873113365,-0.0017878212688663547,0.0318008707364405,two_sample_t_p_value,100.0,,0.0034922853355013,0.2984660740874272,significant,non-significant,significant -> non-significant,false-positive risk
avg_shortestPathLength,4.0,100,0.1,0.04821217873113365,-0.0017878212688663547,0.0318008707364405,ancova_p_value,,100.0,0.0034922853355012,0.29846607408742254,significant,non-significant,significant -> non-significant,false-positive risk
avg_shortestPathLength,2.0,100,0.2,0.04821217873113365,-0.0017878212688663547,0.0277506495043664,two_sample_t_p_value,100.0,,0.0030475010297024,0.2743276959630472,significant,non-significant,significant -> non-significant,false-positive risk
avg_shortestPathLength,4.0,100,0.2,0.04821217873113365,-0.0017878212688663547,0.0277506495043664,ancova_p_value,,100.0,0.0030475010297023,0.2743276959630431,significant,non-significant,significant -> non-significant,false-positive risk
avg_shortestPathLength,2.0,100,0.3,0.04821217873113365,-0.0017878212688663547,0.0241110187938018,two_sample_t_p_value,100.0,,0.0026478066608756,0.24676335901433322,significant,non-significant,significant -> non-significant,false-positive risk
avg_shortestPathLength,4.0,100,0.3,0.04821217873113365,-0.0017878212688663547,0.0241110187938018,ancova_p_value,,100.0,0.0026478066608755,0.2467633590143239,significant,non-significant,significant -> non-significant,false-positive risk
avg_shortestPathLength,2.0,100,0.4,0.04821217873113365,-0.0017878212688663547,0.022590119386187,two_sample_t_p_value,100.0,,0.0024807856147537,0.23313586349143145,significant,non-significant,significant -> non-significant,false-positive risk
avg_shortestPathLength,4.0,100,0.4,0.04821217873113365,-0.0017878212688663547,0.022590119386187,ancova_p_value,,100.0,0.0024807856147537,0.23313586349143145,significant,non-significant,significant -> non-significant,false-positive risk
avg_shortestPathLength,4.0,300,0.05,0.0464015209831491,-0.0035984790168509043,0.039219040603392,ancova_p_value,,300.0,0.0042594116833036,0.19664828679789537,significant,non-significant,significant -> non-significant,false-positive risk
avg_shortestPathLength,2.0,300,0.05,0.0464015209831491,-0.0035984790168509043,0.039219040603392,two_sample_t_p_value,300.0,,0.0042594116833029,0.1966482867978604,significant,non-significant,significant -> non-significant,false-positive risk
avg_shortestPathLength,4.0,500,0.05,0.046040682769031456,-0.003959317230968547,0.039219040603392,ancova_p_value,,500.0,0.0042496834980499,0.17455930386385854,significant,non-significant,significant -> non-significant,false-positive risk
avg_shortestPathLength,2.0,500,0.05,0.046040682769031456,-0.003959317230968547,0.039219040603392,two_sample_t_p_value,500.0,,0.0042496834980497,0.17455930386384866,significant,non-significant,significant -> non-significant,false-positive risk
avg_shortestPathLength,4.0,300,0.5,0.0464015209831491,-0.0035984790168509043,0.033265867672949,ancova_p_value,,300.0,0.003612863120602,0.15939960585527801,significant,non-significant,significant -> non-significant,false-positive risk
avg_shortestPathLength,2.0,300,0.5,0.0464015209831491,-0.0035984790168509043,0.033265867672949,two_sample_t_p_value,300.0,,0.0036128631206015,0.15939960585524593,significant,non-significant,significant -> non-significant,false-positive risk
avg_shortestPathLength,2.0,1000,0.05,0.04577034649325166,-0.0042296535067483446,0.039219040603392,two_sample_t_p_value,1000.0,,0.0042423372710586,0.15909229230528477,significant,non-significant,significant -> non-significant,false-positive risk
avg_shortestPathLength,4.0,1000,0.05,0.04577034649325166,-0.0042296535067483446,0.039219040603392,ancova_p_value,,1000.0,0.0042423372710574,0.1590922923052206,significant,non-significant,significant -> non-significant,false-positive risk
avg_shortestPathLength,4.0,300,0.1,0.0464015209831491,-0.0035984790168509043,0.0318008707364405,ancova_p_value,,300.0,0.0034537560906654,0.14901635338981611,significant,non-significant,significant -> non-significant,false-positive risk
avg_shortestPathLength,2.0,300,0.1,0.0464015209831491,-0.0035984790168509043,0.0318008707364405,two_sample_t_p_value,300.0,,0.0034537560906649,0.1490163533897828,significant,non-significant,significant -> non-significant,false-positive risk
avg_shortestPathLength,4.0,500,0.5,0.046040682769031456,-0.003959317230968547,0.033265867672949,ancova_p_value,,500.0,0.0036046116050532,0.13690679717966125,significant,non-significant,significant -> non-significant,false-positive risk
avg_shortestPathLength,2.0,500,0.5,0.046040682769031456,-0.003959317230968547,0.033265867672949,two_sample_t_p_value,500.0,,0.0036046116050531,0.13690679717965393,significant,non-significant,significant -> non-significant,false-positive risk
avg_shortestPathLength,4.0,500,0.1,0.046040682769031456,-0.003959317230968547,0.0318008707364405,ancova_p_value,,500.0,0.0034458679639547,0.1266164077243883,significant,non-significant,significant -> non-significant,false-positive risk
avg_shortestPathLength,2.0,500,0.1,0.046040682769031456,-0.003959317230968547,0.0318008707364405,two_sample_t_p_value,500.0,,0.0034458679639546,0.12661640772438143,significant,non-significant,significant -> non-significant,false-positive risk
avg_shortestPathLength,2.0,1000,0.5,0.04577034649325166,-0.0042296535067483446,0.033265867672949,two_sample_t_p_value,1000.0,,0.0035983804833525,0.1215522304878014,significant,non-significant,significant -> non-significant,false-positive risk
avg_shortestPathLength,4.0,1000,0.5,0.04577034649325166,-0.0042296535067483446,0.033265867672949,ancova_p_value,,1000.0,0.0035983804833515,0.12155223048773889,significant,non-significant,significant -> non-significant,false-positive risk
avg_shortestPathLength,4.0,300,0.2,0.0464015209831491,-0.0035984790168509043,0.0277506495043664,ancova_p_value,,300.0,0.0030138789450127,0.11777421049714798,significant,non-significant,significant -> non-significant,false-positive risk
avg_shortestPathLength,2.0,300,0.2,0.0464015209831491,-0.0035984790168509043,0.0277506495043664,two_sample_t_p_value,300.0,,0.0030138789450122,0.11777421049710968,significant,non-significant,significant -> non-significant,false-positive risk
avg_shortestPathLength,2.0,1000,0.1,0.04577034649325166,-0.0042296535067483446,0.0318008707364405,two_sample_t_p_value,1000.0,,0.0034399112548829,0.11145530869860099,significant,non-significant,significant -> non-significant,false-positive risk
avg_shortestPathLength,4.0,1000,0.1,0.04577034649325166,-0.0042296535067483446,0.0318008707364405,ancova_p_value,,1000.0,0.0034399112548819,0.11145530869853593,significant,non-significant,significant -> non-significant,false-positive risk
betweeness,4.0,50,0.5,0.05094706873769324,0.0009470687376932352,0.1116396841959687,ancova_p_value,,50.0,0.0124532173529636,0.5004616578273309,non-significant,significant,non-significant -> significant,false-negative risk
betweeness,2.0,50,0.5,0.05094706873769324,0.0009470687376932352,0.1116396841959687,two_sample_t_p_value,50.0,,0.0124532173529635,0.5004616578273305,non-significant,significant,non-significant -> significant,false-negative risk
betweeness,2.0,50,0.4,0.05094706873769324,0.0009470687376932352,0.1101666834520229,two_sample_t_p_value,50.0,,0.0122889066192173,0.49964220388914804,non-significant,significant,non-significant -> significant,false-negative risk
betweeness,4.0,50,0.4,0.05094706873769324,0.0009470687376932352,0.1101666834520229,ancova_p_value,,50.0,0.0122889066192174,0.49964220388914754,non-significant,significant,non-significant -> significant,false-negative risk
betweeness,2.0,50,0.3,0.05094706873769324,0.0009470687376932352,0.1000459571082236,two_sample_t_p_value,50.0,,0.0111599567674069,0.4936899403209252,non-significant,significant,non-significant -> significant,false-negative risk
betweeness,4.0,50,0.3,0.05094706873769324,0.0009470687376932352,0.1000459571082236,ancova_p_value,,50.0,0.011159956767407,0.493689940320925,non-significant,significant,non-significant -> significant,false-negative risk
betweeness,2.0,50,0.2,0.05094706873769324,0.0009470687376932352,0.0760035551182675,two_sample_t_p_value,50.0,,0.0084780676181804,0.4762393500758044,non-significant,significant,non-significant -> significant,false-negative risk
betweeness,4.0,50,0.2,0.05094706873769324,0.0009470687376932352,0.0760035551182675,ancova_p_value,,50.0,0.0084780676181804,0.4762393500758044,non-significant,significant,non-significant -> significant,false-negative risk
betweeness,2.0,50,0.1,0.05094706873769324,0.0009470687376932352,0.0558630930570324,two_sample_t_p_value,50.0,,0.0062314332475796,0.45457119800907486,non-significant,significant,non-significant -> significant,false-negative risk
betweeness,4.0,50,0.1,0.05094706873769324,0.0009470687376932352,0.0558630930570324,ancova_p_value,,50.0,0.0062314332475797,0.4545711980090747,non-significant,significant,non-significant -> significant,false-negative risk
betweeness,2.0,50,0.05,0.05094706873769324,0.0009470687376932352,0.0555063752615685,two_sample_t_p_value,50.0,,0.0061916419827389,0.4540835366123014,non-significant,significant,non-significant -> significant,false-negative risk
betweeness,4.0,50,0.05,0.05094706873769324,0.0009470687376932352,0.0555063752615685,ancova_p_value,,50.0,0.0061916419827389,0.4540835366123014,non-significant,significant,non-significant -> significant,false-negative risk
betweeness,2.0,30,0.5,0.054625044962983094,0.004625044962983091,0.1116396841959687,two_sample_t_p_value,30.0,,0.012693940064183,0.38209859692032516,non-significant,significant,non-significant -> significant,false-negative risk
betweeness,4.0,30,0.5,0.054625044962983094,0.004625044962983091,0.1116396841959687,ancova_p_value,,30.0,0.0126939400641829,0.3820985969203236,non-significant,significant,non-significant -> significant,false-negative risk
betweeness,2.0,30,0.4,0.054625044962983094,0.004625044962983091,0.1101666834520229,two_sample_t_p_value,30.0,,0.0125264531773039,0.37981308026756866,non-significant,significant,non-significant -> significant,false-negative risk
betweeness,4.0,30,0.4,0.054625044962983094,0.004625044962983091,0.1101666834520229,ancova_p_value,,30.0,0.0125264531773039,0.37981308026756866,non-significant,significant,non-significant -> significant,false-negative risk
betweeness,2.0,30,0.3,0.054625044962983094,0.004625044962983091,0.1000459571082236,two_sample_t_p_value,30.0,,0.0113756805417537,0.36273245800161147,non-significant,significant,non-significant -> significant,false-negative risk
betweeness,4.0,30,0.3,0.054625044962983094,0.004625044962983091,0.1000459571082236,ancova_p_value,,30.0,0.0113756805417537,0.36273245800161147,non-significant,significant,non-significant -> significant,false-negative risk
betweeness,2.0,30,0.2,0.054625044962983094,0.004625044962983091,0.0760035551182675,two_sample_t_p_value,30.0,,0.0086419500402972,0.30871866796194947,non-significant,significant,non-significant -> significant,false-negative risk
betweeness,4.0,30,0.2,0.054625044962983094,0.004625044962983091,0.0760035551182675,ancova_p_value,,30.0,0.0086419500402971,0.30871866796194763,non-significant,significant,non-significant -> significant,false-negative risk
betweeness,2.0,30,0.1,0.054625044962983094,0.004625044962983091,0.0558630930570324,two_sample_t_p_value,30.0,,0.0063518878629312,0.23844873005821487,non-significant,significant,non-significant -> significant,false-negative risk
betweeness,4.0,30,0.1,0.054625044962983094,0.004625044962983091,0.0558630930570324,ancova_p_value,,30.0,0.0063518878629312,0.23844873005821487,non-significant,significant,non-significant -> significant,false-negative risk
betweeness,2.0,30,0.05,0.054625044962983094,0.004625044962983091,0.0555063752615685,two_sample_t_p_value,30.0,,0.0063113274264873,0.23688758759561684,non-significant,significant,non-significant -> significant,false-negative risk
betweeness,4.0,30,0.05,0.054625044962983094,0.004625044962983091,0.0555063752615685,ancova_p_value,,30.0,0.0063113274264873,0.23688758759561684,non-significant,significant,non-significant -> significant,false-negative risk
betweeness,2.0,75,0.4,0.04912138289485513,-0.0008786171051448702,0.1101666834520229,two_sample_t_p_value,75.0,,0.0121630158088681,0.4403477012388253,significant,non-significant,significant -> non-significant,false-positive risk
betweeness,4.0,75,0.4,0.04912138289485513,-0.0008786171051448702,0.1101666834520229,ancova_p_value,,75.0,0.0121630158088679,0.4403477012388253,significant,non-significant,significant -> non-significant,false-positive risk
betweeness,2.0,75,0.3,0.04912138289485513,-0.0008786171051448702,0.1000459571082236,two_sample_t_p_value,75.0,,0.0110456312179953,0.4403334260141625,significant,non-significant,significant -> non-significant,false-positive risk
betweeness,4.0,75,0.3,0.04912138289485513,-0.0008786171051448702,0.1000459571082236,ancova_p_value,,75.0,0.0110456312179951,0.4403334260141625,significant,non-significant,significant -> non-significant,false-positive risk
betweeness,2.0,75,0.5,0.04912138289485513,-0.0008786171051448702,0.1116396841959687,two_sample_t_p_value,75.0,,0.0123256432999906,0.44030603915240574,significant,non-significant,significant -> non-significant,false-positive risk
betweeness,4.0,75,0.5,0.04912138289485513,-0.0008786171051448702,0.1116396841959687,ancova_p_value,,75.0,0.0123256432999904,0.4403060391524045,significant,non-significant,significant -> non-significant,false-positive risk
betweeness,4.0,75,0.2,0.04912138289485513,-0.0008786171051448702,0.0760035551182675,ancova_p_value,,75.0,0.0083912160506878,0.43722269584116047,significant,non-significant,significant -> non-significant,false-positive risk
betweeness,2.0,75,0.2,0.04912138289485513,-0.0008786171051448702,0.0760035551182675,two_sample_t_p_value,75.0,,0.0083912160506879,0.43722269584116,significant,non-significant,significant -> non-significant,false-positive risk
betweeness,2.0,75,0.1,0.04912138289485513,-0.0008786171051448702,0.0558630930570324,two_sample_t_p_value,75.0,,0.0061675967969105,0.42808850318814784,significant,non-significant,significant -> non-significant,false-positive risk
betweeness,4.0,75,0.1,0.04912138289485513,-0.0008786171051448702,0.0558630930570324,ancova_p_value,,75.0,0.0061675967969104,0.4280885031881472,significant,non-significant,significant -> non-significant,false-positive risk
betweeness,2.0,75,0.05,0.04912138289485513,-0.0008786171051448702,0.0555063752615685,two_sample_t_p_value,75.0,,0.0061282131643133,0.42783060542972184,significant,non-significant,significant -> non-significant,false-positive risk
betweeness,4.0,75,0.05,0.04912138289485513,-0.0008786171051448702,0.0555063752615685,ancova_p_value,,75.0,0.0061282131643132,0.4278306054297213,significant,non-significant,significant -> non-significant,false-positive risk
betweeness,4.0,100,0.5,0.04821217873113365,-0.0017878212688663547,0.1116396841959687,ancova_p_value,,100.0,0.0122599671942573,0.4112557697660273,significant,non-significant,significant -> non-significant,false-positive risk
betweeness,2.0,100,0.5,0.04821217873113365,-0.0017878212688663547,0.1116396841959687,two_sample_t_p_value,100.0,,0.0122599671942576,0.4112557697660266,significant,non-significant,significant -> non-significant,false-positive risk
betweeness,2.0,100,0.4,0.04821217873113365,-0.0017878212688663547,0.1101666834520229,two_sample_t_p_value,100.0,,0.0120982062494112,0.41092026767889833,significant,non-significant,significant -> non-significant,false-positive risk
betweeness,4.0,100,0.4,0.04821217873113365,-0.0017878212688663547,0.1101666834520229,ancova_p_value,,100.0,0.0120982062494109,0.4109202676788982,significant,non-significant,significant -> non-significant,false-positive risk
betweeness,4.0,100,0.3,0.04821217873113365,-0.0017878212688663547,0.1000459571082236,ancova_p_value,,100.0,0.0109867755440066,0.40801798637592923,significant,non-significant,significant -> non-significant,false-positive risk
betweeness,2.0,100,0.3,0.04821217873113365,-0.0017878212688663547,0.1000459571082236,two_sample_t_p_value,100.0,,0.0109867755440069,0.408017986375929,significant,non-significant,significant -> non-significant,false-positive risk
betweeness,4.0,100,0.2,0.04821217873113365,-0.0017878212688663547,0.0760035551182675,ancova_p_value,,100.0,0.0083465041943439,0.39503743238802747,significant,non-significant,significant -> non-significant,false-positive risk
betweeness,2.0,100,0.2,0.04821217873113365,-0.0017878212688663547,0.0760035551182675,two_sample_t_p_value,100.0,,0.0083465041943441,0.3950374323880266,significant,non-significant,significant -> non-significant,false-positive risk
betweeness,2.0,100,0.1,0.04821217873113365,-0.0017878212688663547,0.0558630930570324,two_sample_t_p_value,100.0,,0.0061347333000939,0.3714227465343968,significant,non-significant,significant -> non-significant,false-positive risk
betweeness,4.0,100,0.1,0.04821217873113365,-0.0017878212688663547,0.0558630930570324,ancova_p_value,,100.0,0.0061347333000937,0.3714227465343931,significant,non-significant,significant -> non-significant,false-positive risk
betweeness,2.0,100,0.05,0.04821217873113365,-0.0017878212688663547,0.0555063752615685,two_sample_t_p_value,100.0,,0.0060955595197174,0.3708197619188228,significant,non-significant,significant -> non-significant,false-positive risk
betweeness,4.0,100,0.05,0.04821217873113365,-0.0017878212688663547,0.0555063752615685,ancova_p_value,,100.0,0.0060955595197172,0.37081976191881894,significant,non-significant,significant -> non-significant,false-positive risk
betweeness,4.0,300,0.5,0.0464015209831491,-0.0035984790168509043,0.1116396841959687,ancova_p_value,,300.0,0.0121247069757108,0.35503934948679006,significant,non-significant,significant -> non-significant,false-positive risk
betweeness,2.0,300,0.5,0.0464015209831491,-0.0035984790168509043,0.1116396841959687,two_sample_t_p_value,300.0,,0.0121247069757089,0.3550393494867773,significant,non-significant,significant -> non-significant,false-positive risk
betweeness,4.0,300,0.4,0.0464015209831491,-0.0035984790168509043,0.1101666834520229,ancova_p_value,,300.0,0.0119647306865984,0.35400260753011015,significant,non-significant,significant -> non-significant,false-positive risk
betweeness,2.0,300,0.4,0.0464015209831491,-0.0035984790168509043,0.1101666834520229,two_sample_t_p_value,300.0,,0.0119647306865966,0.3540026075300966,significant,non-significant,significant -> non-significant,false-positive risk
betweeness,4.0,300,0.3,0.0464015209831491,-0.0035984790168509043,0.1000459571082236,ancova_p_value,,300.0,0.0108655620335904,0.3457676300212822,significant,non-significant,significant -> non-significant,false-positive risk
betweeness,2.0,300,0.3,0.0464015209831491,-0.0035984790168509043,0.1000459571082236,two_sample_t_p_value,300.0,,0.0108655620335887,0.3457676300212691,significant,non-significant,significant -> non-significant,false-positive risk
betweeness,4.0,500,0.5,0.046040682769031456,-0.003959317230968547,0.1116396841959687,ancova_p_value,,500.0,0.0120970150303492,0.34417123043546094,significant,non-significant,significant -> non-significant,false-positive risk
betweeness,2.0,500,0.5,0.046040682769031456,-0.003959317230968547,0.1116396841959687,two_sample_t_p_value,500.0,,0.0120970150303488,0.3441712304354587,significant,non-significant,significant -> non-significant,false-positive risk
betweeness,4.0,500,0.4,0.046040682769031456,-0.003959317230968547,0.1101666834520229,ancova_p_value,,500.0,0.0119374041153994,0.3430055320213006,significant,non-significant,significant -> non-significant,false-positive risk
betweeness,2.0,500,0.4,0.046040682769031456,-0.003959317230968547,0.1101666834520229,two_sample_t_p_value,500.0,,0.0119374041153989,0.3430055320212966,significant,non-significant,significant -> non-significant,false-positive risk
betweeness,2.0,1000,0.5,0.04577034649325166,-0.0042296535067483446,0.1116396841959687,two_sample_t_p_value,1000.0,,0.0120761034922617,0.3361138521423548,significant,non-significant,significant -> non-significant,false-positive risk
betweeness,4.0,1000,0.5,0.04577034649325166,-0.0042296535067483446,0.1116396841959687,ancova_p_value,,1000.0,0.0120761034922582,0.3361138521423268,significant,non-significant,significant -> non-significant,false-positive risk
betweeness,2.0,1000,0.4,0.04577034649325166,-0.0042296535067483446,0.1101666834520229,two_sample_t_p_value,1000.0,,0.0119167684891561,0.33485432932673076,significant,non-significant,significant -> non-significant,false-positive risk
betweeness,4.0,1000,0.4,0.04577034649325166,-0.0042296535067483446,0.1101666834520229,ancova_p_value,,1000.0,0.0119167684891527,0.33485432932670345,significant,non-significant,significant -> non-significant,false-positive risk
betweeness,4.0,500,0.3,0.046040682769031456,-0.003959317230968547,0.1000459571082236,ancova_p_value,,500.0,0.0108407458833313,0.3337985614753328,significant,non-significant,significant -> non-significant,false-positive risk
betweeness,2.0,500,0.3,0.046040682769031456,-0.003959317230968547,0.1000459571082236,two_sample_t_p_value,500.0,,0.0108407458833309,0.33379856147532894,significant,non-significant,significant -> non-significant,false-positive risk
betweeness,2.0,1000,0.3,0.04577034649325166,-0.0042296535067483446,0.1000459571082236,two_sample_t_p_value,1000.0,,0.0108220059983375,0.32494256928276,significant,non-significant,significant -> non-significant,false-positive risk
betweeness,4.0,1000,0.3,0.04577034649325166,-0.0042296535067483446,0.1000459571082236,ancova_p_value,,1000.0,0.0108220059983344,0.3249425692827276,significant,non-significant,significant -> non-significant,false-positive risk
betweeness,4.0,300,0.2,0.0464015209831491,-0.0035984790168509043,0.0760035551182675,ancova_p_value,,300.0,0.008254419936406,0.31512720790441795,significant,non-significant,significant -> non-significant,false-positive risk
betweeness,2.0,300,0.2,0.0464015209831491,-0.0035984790168509043,0.0760035551182675,two_sample_t_p_value,300.0,,0.0082544199364047,0.31512720790439774,significant,non-significant,significant -> non-significant,false-positive risk
betweeness,4.0,500,0.2,0.046040682769031456,-0.003959317230968547,0.0760035551182675,ancova_p_value,,500.0,0.0082355674440259,0.300070560532943,significant,non-significant,significant -> non-significant,false-positive risk
betweeness,2.0,500,0.2,0.046040682769031456,-0.003959317230968547,0.0760035551182675,two_sample_t_p_value,500.0,,0.0082355674440256,0.3000705605329397,significant,non-significant,significant -> non-significant,false-positive risk
betweeness,2.0,1000,0.2,0.04577034649325166,-0.0042296535067483446,0.0760035551182675,two_sample_t_p_value,1000.0,,0.00822133100786,0.28901167046061704,significant,non-significant,significant -> non-significant,false-positive risk
betweeness,4.0,1000,0.2,0.04577034649325166,-0.0042296535067483446,0.0760035551182675,ancova_p_value,,1000.0,0.0082213310078576,0.28901167046057175,significant,non-significant,significant -> non-significant,false-positive risk
betweeness,0.2,100,0.5,0.043860884260170395,-0.006139115739829608,0.1116396841959687,partial_correlation_p_value,100.0,,0.0118380830061611,0.2805366358783419,significant,non-significant,significant -> non-significant,false-positive risk
betweeness,0.2,100,0.4,0.043860884260170395,-0.006139115739829608,0.1101666834520229,partial_correlation_p_value,100.0,,0.0116818885023827,0.2786757049509643,significant,non-significant,significant -> non-significant,false-positive risk
betweeness,4.0,300,0.1,0.0464015209831491,-0.0035984790168509043,0.0558630930570324,ancova_p_value,,300.0,0.0060670507888971,0.2676095044533291,significant,non-significant,significant -> non-significant,false-positive risk
betweeness,2.0,300,0.1,0.0464015209831491,-0.0035984790168509043,0.0558630930570324,two_sample_t_p_value,300.0,,0.0060670507888962,0.2676095044533031,significant,non-significant,significant -> non-significant,false-positive risk
betweeness,4.0,300,0.05,0.0464015209831491,-0.0035984790168509043,0.0555063752615685,ancova_p_value,,300.0,0.0060283092000601,0.2664716261887754,significant,non-significant,significant -> non-significant,false-positive risk
betweeness,2.0,300,0.05,0.0464015209831491,-0.0035984790168509043,0.0555063752615685,two_sample_t_p_value,300.0,,0.0060283092000591,0.26647162618874565,significant,non-significant,significant -> non-significant,false-positive risk
betweeness,0.2,100,0.3,0.043860884260170395,-0.006139115739829608,0.1000459571082236,partial_correlation_p_value,100.0,,0.0106087038243409,0.2643172464874137,significant,non-significant,significant -> non-significant,false-positive risk
betweeness,4.0,500,0.1,0.046040682769031456,-0.003959317230968547,0.0558630930570324,ancova_p_value,,500.0,0.0060531940879238,0.24883089074923315,significant,non-significant,significant -> non-significant,false-positive risk
betweeness,2.0,500,0.1,0.046040682769031456,-0.003959317230968547,0.0558630930570324,two_sample_t_p_value,500.0,,0.0060531940879235,0.24883089074922382,significant,non-significant,significant -> non-significant,false-positive risk
betweeness,4.0,500,0.05,0.046040682769031456,-0.003959317230968547,0.0555063752615685,ancova_p_value,,500.0,0.0060145409820466,0.24761789141337942,significant,non-significant,significant -> non-significant,false-positive risk
betweeness,2.0,500,0.05,0.046040682769031456,-0.003959317230968547,0.0555063752615685,two_sample_t_p_value,500.0,,0.0060145409820464,0.24761789141337365,significant,non-significant,significant -> non-significant,false-positive risk
betweeness,2.0,1000,0.1,0.04577034649325166,-0.0042296535067483446,0.0558630930570324,two_sample_t_p_value,1000.0,,0.0060427302174232,0.23524035508754726,significant,non-significant,significant -> non-significant,false-positive risk
betweeness,4.0,1000,0.1,0.04577034649325166,-0.0042296535067483446,0.0558630930570324,ancova_p_value,,1000.0,0.0060427302174215,0.23524035508749186,significant,non-significant,significant -> non-significant,false-positive risk
betweeness,2.0,1000,0.05,0.04577034649325166,-0.0042296535067483446,0.0555063752615685,two_sample_t_p_value,1000.0,,0.0060041439293432,0.233978633942302,significant,non-significant,significant -> non-significant,false-positive risk
betweeness,4.0,1000,0.05,0.04577034649325166,-0.0042296535067483446,0.0555063752615685,ancova_p_value,,1000.0,0.0060041439293414,0.23397863394224316,significant,non-significant,significant -> non-significant,false-positive risk
betweeness,0.2,100,0.2,0.043860884260170395,-0.006139115739829608,0.0760035551182675,partial_correlation_p_value,100.0,,0.0080592882426469,0.2155045049349933,significant,non-significant,significant -> non-significant,false-positive risk
betweeness,0.2,100,0.1,0.043860884260170395,-0.006139115739829608,0.0558630930570324,partial_correlation_p_value,100.0,,0.0059236277615154,0.15018463876332055,significant,non-significant,significant -> non-significant,false-positive risk
betweeness,0.2,100,0.05,0.043860884260170395,-0.006139115739829608,0.0555063752615685,partial_correlation_p_value,100.0,,0.0058858020107271,0.14876148053950167,significant,non-significant,significant -> non-significant,false-positive risk
clusteringcoef,4.0,50,0.5,0.05094706873769324,0.0009470687376932352,0.0773808621205257,ancova_p_value,,50.0,0.008631703877405,0.4774180239750143,non-significant,significant,non-significant -> significant,false-negative risk
clusteringcoef,2.0,50,0.5,0.05094706873769324,0.0009470687376932352,0.0773808621205257,two_sample_t_p_value,50.0,,0.0086317038774049,0.4774180239750142,non-significant,significant,non-significant -> significant,false-negative risk
clusteringcoef,2.0,50,0.4,0.05094706873769324,0.0009470687376932352,0.0707951287754349,two_sample_t_p_value,50.0,,0.0078970764967765,0.47150461466135524,non-significant,significant,non-significant -> significant,false-negative risk
clusteringcoef,4.0,50,0.4,0.05094706873769324,0.0009470687376932352,0.0707951287754349,ancova_p_value,,50.0,0.0078970764967765,0.47150461466135524,non-significant,significant,non-significant -> significant,false-negative risk
clusteringcoef,2.0,50,0.3,0.05094706873769324,0.0009470687376932352,0.0519469416879584,two_sample_t_p_value,50.0,,0.005794593206895,0.44892913678972507,non-significant,significant,non-significant -> significant,false-negative risk
clusteringcoef,4.0,50,0.3,0.05094706873769324,0.0009470687376932352,0.0519469416879584,ancova_p_value,,50.0,0.005794593206895,0.44892913678972507,non-significant,significant,non-significant -> significant,false-negative risk
clusteringcoef,2.0,50,0.2,0.05094706873769324,0.0009470687376932352,0.0453369211976855,two_sample_t_p_value,50.0,,0.0050572566364295,0.4376502413344056,non-significant,significant,non-significant -> significant,false-negative risk
clusteringcoef,4.0,50,0.2,0.05094706873769324,0.0009470687376932352,0.0453369211976855,ancova_p_value,,50.0,0.0050572566364295,0.4376502413344056,non-significant,significant,non-significant -> significant,false-negative risk
clusteringcoef,2.0,50,0.05,0.05094706873769324,0.0009470687376932352,0.0443606862238838,two_sample_t_p_value,50.0,,0.0049483592814802,0.4357501944875808,non-significant,significant,non-significant -> significant,false-negative risk
clusteringcoef,4.0,50,0.05,0.05094706873769324,0.0009470687376932352,0.0443606862238838,ancova_p_value,,50.0,0.0049483592814802,0.4357501944875808,non-significant,significant,non-significant -> significant,false-negative risk
clusteringcoef,2.0,50,0.1,0.05094706873769324,0.0009470687376932352,0.0413590397537194,two_sample_t_p_value,50.0,,0.0046135307106281,0.4294362014418914,non-significant,significant,non-significant -> significant,false-negative risk
clusteringcoef,4.0,50,0.1,0.05094706873769324,0.0009470687376932352,0.0413590397537194,ancova_p_value,,50.0,0.0046135307106281,0.4294362014418914,non-significant,significant,non-significant -> significant,false-negative risk
clusteringcoef,2.0,30,0.5,0.054625044962983094,0.004625044962983091,0.0773808621205257,two_sample_t_p_value,30.0,,0.0087985561133308,0.31250171729785864,non-significant,significant,non-significant -> significant,false-negative risk
clusteringcoef,4.0,30,0.5,0.054625044962983094,0.004625044962983091,0.0773808621205257,ancova_p_value,,30.0,0.0087985561133308,0.31250171729785864,non-significant,significant,non-significant -> significant,false-negative risk
clusteringcoef,2.0,30,0.4,0.054625044962983094,0.004625044962983091,0.0707951287754349,two_sample_t_p_value,30.0,,0.0080497282662856,0.2934115709273007,non-significant,significant,non-significant -> significant,false-negative risk
clusteringcoef,4.0,30,0.4,0.054625044962983094,0.004625044962983091,0.0707951287754349,ancova_p_value,,30.0,0.0080497282662856,0.2934115709273007,non-significant,significant,non-significant -> significant,false-negative risk
clusteringcoef,2.0,30,0.3,0.054625044962983094,0.004625044962983091,0.0519469416879584,two_sample_t_p_value,30.0,,0.0059066036334091,0.22054738669765234,non-significant,significant,non-significant -> significant,false-negative risk
clusteringcoef,4.0,30,0.3,0.054625044962983094,0.004625044962983091,0.0519469416879584,ancova_p_value,,30.0,0.005906603633409,0.22054738669764715,non-significant,significant,non-significant -> significant,false-negative risk
clusteringcoef,2.0,30,0.2,0.054625044962983094,0.004625044962983091,0.0453369211976855,two_sample_t_p_value,30.0,,0.0051550142274479,0.18616464352580567,non-significant,significant,non-significant -> significant,false-negative risk
clusteringcoef,4.0,30,0.2,0.054625044962983094,0.004625044962983091,0.0453369211976855,ancova_p_value,,30.0,0.0051550142274478,0.18616464352580062,non-significant,significant,non-significant -> significant,false-negative risk
clusteringcoef,2.0,30,0.05,0.054625044962983094,0.004625044962983091,0.0443606862238838,two_sample_t_p_value,30.0,,0.0050440118689653,0.18060353264679824,non-significant,significant,non-significant -> significant,false-negative risk
clusteringcoef,4.0,30,0.05,0.054625044962983094,0.004625044962983091,0.0443606862238838,ancova_p_value,,30.0,0.0050440118689653,0.18060353264679824,non-significant,significant,non-significant -> significant,false-negative risk
clusteringcoef,2.0,30,0.1,0.054625044962983094,0.004625044962983091,0.0413590397537194,two_sample_t_p_value,30.0,,0.0047027110075328,0.16268537783807652,non-significant,significant,non-significant -> significant,false-negative risk
clusteringcoef,4.0,30,0.1,0.054625044962983094,0.004625044962983091,0.0413590397537194,ancova_p_value,,30.0,0.0047027110075328,0.16268537783807652,non-significant,significant,non-significant -> significant,false-negative risk
clusteringcoef,4.0,75,0.5,0.04912138289485513,-0.0008786171051448702,0.0773808621205257,ancova_p_value,,75.0,0.0085432784194295,0.4375668355076382,significant,non-significant,significant -> non-significant,false-positive risk
clusteringcoef,2.0,75,0.5,0.04912138289485513,-0.0008786171051448702,0.0773808621205257,two_sample_t_p_value,75.0,,0.0085432784194296,0.43756683550763675,significant,non-significant,significant -> non-significant,false-positive risk
clusteringcoef,4.0,75,0.4,0.04912138289485513,-0.0008786171051448702,0.0707951287754349,ancova_p_value,,75.0,0.0078161767560285,0.43566442448109477,significant,non-significant,significant -> non-significant,false-positive risk
clusteringcoef,2.0,75,0.4,0.04912138289485513,-0.0008786171051448702,0.0707951287754349,two_sample_t_p_value,75.0,,0.0078161767560286,0.4356644244810919,significant,non-significant,significant -> non-significant,false-positive risk
clusteringcoef,2.0,75,0.3,0.04912138289485513,-0.0008786171051448702,0.0519469416879584,two_sample_t_p_value,75.0,,0.0057352318611656,0.424990374896439,significant,non-significant,significant -> non-significant,false-positive risk
clusteringcoef,4.0,75,0.3,0.04912138289485513,-0.0008786171051448702,0.0519469416879584,ancova_p_value,,75.0,0.0057352318611655,0.424990374896439,significant,non-significant,significant -> non-significant,false-positive risk
clusteringcoef,2.0,75,0.2,0.04912138289485513,-0.0008786171051448702,0.0453369211976855,two_sample_t_p_value,75.0,,0.005005448761585,0.4181358067251493,significant,non-significant,significant -> non-significant,false-positive risk
clusteringcoef,4.0,75,0.2,0.04912138289485513,-0.0008786171051448702,0.0453369211976855,ancova_p_value,,75.0,0.0050054487615849,0.41813580672514883,significant,non-significant,significant -> non-significant,false-positive risk
clusteringcoef,2.0,75,0.05,0.04912138289485513,-0.0008786171051448702,0.0443606862238838,two_sample_t_p_value,75.0,,0.0048976669799478,0.4169064876898152,significant,non-significant,significant -> non-significant,false-positive risk
clusteringcoef,4.0,75,0.05,0.04912138289485513,-0.0008786171051448702,0.0443606862238838,ancova_p_value,,75.0,0.0048976669799477,0.4169064876898133,significant,non-significant,significant -> non-significant,false-positive risk
clusteringcoef,2.0,75,0.1,0.04912138289485513,-0.0008786171051448702,0.0413590397537194,two_sample_t_p_value,75.0,,0.004566268481552,0.4126893551812463,significant,non-significant,significant -> non-significant,false-positive risk
clusteringcoef,4.0,75,0.1,0.04912138289485513,-0.0008786171051448702,0.0413590397537194,ancova_p_value,,75.0,0.004566268481552,0.4126893551812463,significant,non-significant,significant -> non-significant,false-positive risk
clusteringcoef,2.0,100,0.5,0.04821217873113365,-0.0017878212688663547,0.0773808621205257,two_sample_t_p_value,100.0,,0.0084977563121347,0.396107630763582,significant,non-significant,significant -> non-significant,false-positive risk
clusteringcoef,4.0,100,0.5,0.04821217873113365,-0.0017878212688663547,0.0773808621205257,ancova_p_value,,100.0,0.0084977563121344,0.39610763076358113,significant,non-significant,significant -> non-significant,false-positive risk
clusteringcoef,2.0,100,0.4,0.04821217873113365,-0.0017878212688663547,0.0707951287754349,two_sample_t_p_value,100.0,,0.0077745289459661,0.39048803640476704,significant,non-significant,significant -> non-significant,false-positive risk
clusteringcoef,4.0,100,0.4,0.04821217873113365,-0.0017878212688663547,0.0707951287754349,ancova_p_value,,100.0,0.0077745289459659,0.3904880364047637,significant,non-significant,significant -> non-significant,false-positive risk
clusteringcoef,2.0,100,0.3,0.04821217873113365,-0.0017878212688663547,0.0519469416879584,two_sample_t_p_value,100.0,,0.0057046721828632,0.3642971613494399,significant,non-significant,significant -> non-significant,false-positive risk
clusteringcoef,4.0,100,0.3,0.04821217873113365,-0.0017878212688663547,0.0519469416879584,ancova_p_value,,100.0,0.0057046721828631,0.36429716134943746,significant,non-significant,significant -> non-significant,false-positive risk
clusteringcoef,2.0,100,0.2,0.04821217873113365,-0.0017878212688663547,0.0453369211976855,two_sample_t_p_value,100.0,,0.0049787776683117,0.3492210125762719,significant,non-significant,significant -> non-significant,false-positive risk
clusteringcoef,4.0,100,0.2,0.04821217873113365,-0.0017878212688663547,0.0453369211976855,ancova_p_value,,100.0,0.0049787776683116,0.3492210125762697,significant,non-significant,significant -> non-significant,false-positive risk
clusteringcoef,2.0,100,0.05,0.04821217873113365,-0.0017878212688663547,0.0443606862238838,two_sample_t_p_value,100.0,,0.0048715701924138,0.3465925599547538,significant,non-significant,significant -> non-significant,false-positive risk
clusteringcoef,4.0,100,0.05,0.04821217873113365,-0.0017878212688663547,0.0443606862238838,ancova_p_value,,100.0,0.0048715701924136,0.34659255995474814,significant,non-significant,significant -> non-significant,false-positive risk
clusteringcoef,2.0,100,0.1,0.04821217873113365,-0.0017878212688663547,0.0413590397537194,two_sample_t_p_value,100.0,,0.0045419375217554,0.3377126607297686,significant,non-significant,significant -> non-significant,false-positive risk
clusteringcoef,4.0,100,0.1,0.04821217873113365,-0.0017878212688663547,0.0413590397537194,ancova_p_value,,100.0,0.0045419375217553,0.3377126607297656,significant,non-significant,significant -> non-significant,false-positive risk
clusteringcoef,4.0,300,0.5,0.0464015209831491,-0.0035984790168509043,0.0773808621205257,ancova_p_value,,300.0,0.0084040033389232,0.3174632224684647,significant,non-significant,significant -> non-significant,false-positive risk
clusteringcoef,2.0,300,0.5,0.0464015209831491,-0.0035984790168509043,0.0773808621205257,two_sample_t_p_value,300.0,,0.0084040033389219,0.31746322246844483,significant,non-significant,significant -> non-significant,false-positive risk
clusteringcoef,4.0,300,0.4,0.0464015209831491,-0.0035984790168509043,0.0707951287754349,ancova_p_value,,300.0,0.0076887551043507,0.30542516391281627,significant,non-significant,significant -> non-significant,false-positive risk
clusteringcoef,2.0,300,0.4,0.0464015209831491,-0.0035984790168509043,0.0707951287754349,two_sample_t_p_value,300.0,,0.0076887551043495,0.3054251639127923,significant,non-significant,significant -> non-significant,false-positive risk
clusteringcoef,4.0,500,0.5,0.046040682769031456,-0.003959317230968547,0.0773808621205257,ancova_p_value,,500.0,0.0083848092089746,0.30262004559072486,significant,non-significant,significant -> non-significant,false-positive risk
clusteringcoef,2.0,500,0.5,0.046040682769031456,-0.003959317230968547,0.0773808621205257,two_sample_t_p_value,500.0,,0.0083848092089743,0.3026200455907183,significant,non-significant,significant -> non-significant,false-positive risk
clusteringcoef,2.0,1000,0.5,0.04577034649325166,-0.0042296535067483446,0.0773808621205257,two_sample_t_p_value,1000.0,,0.0083703147856239,0.2917112668623033,significant,non-significant,significant -> non-significant,false-positive risk
clusteringcoef,4.0,1000,0.5,0.04577034649325166,-0.0042296535067483446,0.0773808621205257,ancova_p_value,,1000.0,0.0083703147856215,0.2917112668622608,significant,non-significant,significant -> non-significant,false-positive risk
clusteringcoef,4.0,500,0.4,0.046040682769031456,-0.003959317230968547,0.0707951287754349,ancova_p_value,,500.0,0.007671194549141,0.28951423330243653,significant,non-significant,significant -> non-significant,false-positive risk
clusteringcoef,2.0,500,0.4,0.046040682769031456,-0.003959317230968547,0.0707951287754349,two_sample_t_p_value,500.0,,0.0076711945491408,0.289514233302434,significant,non-significant,significant -> non-significant,false-positive risk
clusteringcoef,2.0,1000,0.4,0.04577034649325166,-0.0042296535067483446,0.0707951287754349,two_sample_t_p_value,1000.0,,0.007657933717722,0.27785878249791773,significant,non-significant,significant -> non-significant,false-positive risk
clusteringcoef,4.0,1000,0.4,0.04577034649325166,-0.0042296535067483446,0.0707951287754349,ancova_p_value,,1000.0,0.0076579337177198,0.2778587824978709,significant,non-significant,significant -> non-significant,false-positive risk
clusteringcoef,4.0,300,0.3,0.0464015209831491,-0.0035984790168509043,0.0519469416879584,ancova_p_value,,300.0,0.0056417343956762,0.25435433868781065,significant,non-significant,significant -> non-significant,false-positive risk
clusteringcoef,2.0,300,0.3,0.0464015209831491,-0.0035984790168509043,0.0519469416879584,two_sample_t_p_value,300.0,,0.0056417343956754,0.25435433868778423,significant,non-significant,significant -> non-significant,false-positive risk
clusteringcoef,4.0,500,0.3,0.046040682769031456,-0.003959317230968547,0.0519469416879584,ancova_p_value,,500.0,0.0056288490862875,0.23474202356821172,significant,non-significant,significant -> non-significant,false-positive risk
clusteringcoef,2.0,500,0.3,0.046040682769031456,-0.003959317230968547,0.0519469416879584,two_sample_t_p_value,500.0,,0.0056288490862873,0.23474202356820395,significant,non-significant,significant -> non-significant,false-positive risk
clusteringcoef,4.0,300,0.2,0.0464015209831491,-0.0035984790168509043,0.0453369211976855,ancova_p_value,,300.0,0.0049238484384988,0.22758821047442968,significant,non-significant,significant -> non-significant,false-positive risk
clusteringcoef,2.0,300,0.2,0.0464015209831491,-0.0035984790168509043,0.0453369211976855,two_sample_t_p_value,300.0,,0.0049238484384981,0.22758821047440037,significant,non-significant,significant -> non-significant,false-positive risk
clusteringcoef,4.0,300,0.05,0.0464015209831491,-0.0035984790168509043,0.0443606862238838,ancova_p_value,,300.0,0.0048178237477087,0.2230888779069995,significant,non-significant,significant -> non-significant,false-positive risk
clusteringcoef,2.0,300,0.05,0.0464015209831491,-0.0035984790168509043,0.0443606862238838,two_sample_t_p_value,300.0,,0.004817823747708,0.22308887790697018,significant,non-significant,significant -> non-significant,false-positive risk
clusteringcoef,2.0,1000,0.3,0.04577034649325166,-0.0042296535067483446,0.0519469416879584,two_sample_t_p_value,1000.0,,0.0056191187609336,0.22061920560664494,significant,non-significant,significant -> non-significant,false-positive risk
clusteringcoef,4.0,1000,0.3,0.04577034649325166,-0.0042296535067483446,0.0519469416879584,ancova_p_value,,1000.0,0.0056191187609319,0.22061920560658266,significant,non-significant,significant -> non-significant,false-positive risk
clusteringcoef,0.2,100,0.5,0.043860884260170395,-0.006139115739829608,0.0773808621205257,partial_correlation_p_value,100.0,,0.008205335544152,0.21902103098125025,significant,non-significant,significant -> non-significant,false-positive risk
clusteringcoef,4.0,300,0.1,0.0464015209831491,-0.0035984790168509043,0.0413590397537194,ancova_p_value,,300.0,0.0044918278067713,0.20824195714111693,significant,non-significant,significant -> non-significant,false-positive risk
clusteringcoef,2.0,300,0.1,0.0464015209831491,-0.0035984790168509043,0.0413590397537194,two_sample_t_p_value,300.0,,0.0044918278067706,0.20824195714108373,significant,non-significant,significant -> non-significant,false-positive risk
clusteringcoef,4.0,500,0.2,0.046040682769031456,-0.003959317230968547,0.0453369211976855,ancova_p_value,,500.0,0.0049126027282148,0.20658047444220173,significant,non-significant,significant -> non-significant,false-positive risk
clusteringcoef,2.0,500,0.2,0.046040682769031456,-0.003959317230968547,0.0453369211976855,two_sample_t_p_value,500.0,,0.0049126027282146,0.20658047444219196,significant,non-significant,significant -> non-significant,false-positive risk
clusteringcoef,4.0,500,0.05,0.046040682769031456,-0.003959317230968547,0.0443606862238838,ancova_p_value,,500.0,0.0048068201900763,0.2018866901800127,significant,non-significant,significant -> non-significant,false-positive risk
clusteringcoef,2.0,500,0.05,0.046040682769031456,-0.003959317230968547,0.0443606862238838,two_sample_t_p_value,500.0,,0.0048068201900761,0.20188669018000382,significant,non-significant,significant -> non-significant,false-positive risk
clusteringcoef,0.2,100,0.4,0.043860884260170395,-0.006139115739829608,0.0707951287754349,partial_correlation_p_value,100.0,,0.0075069955357839,0.20121799274740138,significant,non-significant,significant -> non-significant,false-positive risk
clusteringcoef,2.0,1000,0.2,0.04577034649325166,-0.0042296535067483446,0.0453369211976855,two_sample_t_p_value,1000.0,,0.0049041105440849,0.19162745084429134,significant,non-significant,significant -> non-significant,false-positive risk
clusteringcoef,4.0,1000,0.2,0.04577034649325166,-0.0042296535067483446,0.0453369211976855,ancova_p_value,,1000.0,0.0049041105440835,0.19162745084422783,significant,non-significant,significant -> non-significant,false-positive risk
clusteringcoef,2.0,1000,0.05,0.04577034649325166,-0.0042296535067483446,0.0443606862238838,two_sample_t_p_value,1000.0,,0.00479851086722,0.1868279480806594,significant,non-significant,significant -> non-significant,false-positive risk
clusteringcoef,4.0,1000,0.05,0.04577034649325166,-0.0042296535067483446,0.0443606862238838,ancova_p_value,,1000.0,0.0047985108672186,0.186827948080595,significant,non-significant,significant -> non-significant,false-positive risk
clusteringcoef,4.0,500,0.1,0.046040682769031456,-0.003959317230968547,0.0413590397537194,ancova_p_value,,500.0,0.0044815688000631,0.1864861298959375,significant,non-significant,significant -> non-significant,false-positive risk
clusteringcoef,2.0,500,0.1,0.046040682769031456,-0.003959317230968547,0.0413590397537194,two_sample_t_p_value,500.0,,0.0044815688000629,0.1864861298959274,significant,non-significant,significant -> non-significant,false-positive risk
clusteringcoef,2.0,1000,0.1,0.04577034649325166,-0.0042296535067483446,0.0413590397537194,two_sample_t_p_value,1000.0,,0.0044738217239109,0.17115203489991626,significant,non-significant,significant -> non-significant,false-positive risk
clusteringcoef,4.0,1000,0.1,0.04577034649325166,-0.0042296535067483446,0.0413590397537194,ancova_p_value,,1000.0,0.0044738217239096,0.17115203489985054,significant,non-significant,significant -> non-significant,false-positive risk
clusteringcoef,0.2,100,0.3,0.043860884260170395,-0.006139115739829608,0.0519469416879584,partial_correlation_p_value,100.0,,0.0055083657038907,0.13401434669988255,significant,non-significant,significant -> non-significant,false-positive risk
clusteringcoef,0.2,100,0.2,0.043860884260170395,-0.006139115739829608,0.0453369211976855,partial_correlation_p_value,100.0,,0.0048074503277873,0.10411365787225513,significant,non-significant,significant -> non-significant,false-positive risk
degree,2.0,50,0.05,0.05094706873769324,0.0009470687376932352,0.0997691639225307,two_sample_t_p_value,50.0,,0.011129080957178,0.4935183126618655,non-significant,significant,non-significant -> significant,false-negative risk
degree,4.0,50,0.05,0.05094706873769324,0.0009470687376932352,0.0997691639225307,ancova_p_value,,50.0,0.011129080957178,0.4935183126618655,non-significant,significant,non-significant -> significant,false-negative risk
degree,2.0,50,0.1,0.05094706873769324,0.0009470687376932352,0.0649245935644161,two_sample_t_p_value,50.0,,0.0072422282545268,0.465541828081192,non-significant,significant,non-significant -> significant,false-negative risk
degree,4.0,50,0.1,0.05094706873769324,0.0009470687376932352,0.0649245935644161,ancova_p_value,,50.0,0.0072422282545268,0.465541828081192,non-significant,significant,non-significant -> significant,false-negative risk
degree,4.0,50,0.2,0.05094706873769324,0.0009470687376932352,0.0499583480462569,ancova_p_value,,50.0,0.0055727689602109,0.44579472545833265,non-significant,significant,non-significant -> significant,false-negative risk
degree,2.0,50,0.2,0.05094706873769324,0.0009470687376932352,0.0499583480462569,two_sample_t_p_value,50.0,,0.0055727689602108,0.4457947254583296,non-significant,significant,non-significant -> significant,false-negative risk
degree,2.0,50,0.5,0.05094706873769324,0.0009470687376932352,0.0462737403214584,two_sample_t_p_value,50.0,,0.005161757220185,0.4394100879990678,non-significant,significant,non-significant -> significant,false-negative risk
degree,4.0,50,0.5,0.05094706873769324,0.0009470687376932352,0.0462737403214584,ancova_p_value,,50.0,0.005161757220185,0.4394100879990678,non-significant,significant,non-significant -> significant,false-negative risk
degree,2.0,50,0.3,0.05094706873769324,0.0009470687376932352,0.0430113775336123,two_sample_t_p_value,50.0,,0.004797846186453,0.4330046623641098,non-significant,significant,non-significant -> significant,false-negative risk
degree,4.0,50,0.3,0.05094706873769324,0.0009470687376932352,0.0430113775336123,ancova_p_value,,50.0,0.004797846186453,0.4330046623641098,non-significant,significant,non-significant -> significant,false-negative risk
degree,2.0,50,0.4,0.05094706873769324,0.0009470687376932352,0.0398833995946593,two_sample_t_p_value,50.0,,0.0044489255546042,0.42603638956081974,non-significant,significant,non-significant -> significant,false-negative risk
degree,4.0,50,0.4,0.05094706873769324,0.0009470687376932352,0.0398833995946593,ancova_p_value,,50.0,0.0044489255546042,0.42603638956081974,non-significant,significant,non-significant -> significant,false-negative risk
degree,2.0,30,0.05,0.054625044962983094,0.004625044962983091,0.0997691639225307,two_sample_t_p_value,30.0,,0.0113442078971053,0.3622279794212796,non-significant,significant,non-significant -> significant,false-negative risk
degree,4.0,30,0.05,0.054625044962983094,0.004625044962983091,0.0997691639225307,ancova_p_value,,30.0,0.0113442078971053,0.3622279794212796,non-significant,significant,non-significant -> significant,false-negative risk
degree,2.0,30,0.1,0.054625044962983094,0.004625044962983091,0.0649245935644161,two_sample_t_p_value,30.0,,0.0073822217013034,0.27399441546169934,non-significant,significant,non-significant -> significant,false-negative risk
degree,4.0,30,0.1,0.054625044962983094,0.004625044962983091,0.0649245935644161,ancova_p_value,,30.0,0.0073822217013034,0.27399441546169934,non-significant,significant,non-significant -> significant,false-negative risk
degree,2.0,30,0.2,0.054625044962983094,0.004625044962983091,0.0499583480462569,two_sample_t_p_value,30.0,,0.0056804914880588,0.21078088644046697,non-significant,significant,non-significant -> significant,false-negative risk
degree,4.0,30,0.2,0.054625044962983094,0.004625044962983091,0.0499583480462569,ancova_p_value,,30.0,0.0056804914880588,0.21078088644046697,non-significant,significant,non-significant -> significant,false-negative risk
degree,2.0,30,0.5,0.054625044962983094,0.004625044962983091,0.0462737403214584,two_sample_t_p_value,30.0,,0.0052615348244363,0.19138030571582385,non-significant,significant,non-significant -> significant,false-negative risk
degree,4.0,30,0.5,0.054625044962983094,0.004625044962983091,0.0462737403214584,ancova_p_value,,30.0,0.0052615348244363,0.19138030571582385,non-significant,significant,non-significant -> significant,false-negative risk
degree,2.0,30,0.3,0.054625044962983094,0.004625044962983091,0.0430113775336123,two_sample_t_p_value,30.0,,0.0048905893313995,0.172702739010106,non-significant,significant,non-significant -> significant,false-negative risk
degree,4.0,30,0.3,0.054625044962983094,0.004625044962983091,0.0430113775336123,ancova_p_value,,30.0,0.0048905893313995,0.172702739010106,non-significant,significant,non-significant -> significant,false-negative risk
degree,2.0,30,0.4,0.054625044962983094,0.004625044962983091,0.0398833995946593,two_sample_t_p_value,30.0,,0.0045349240071457,0.15342065035969357,non-significant,significant,non-significant -> significant,false-negative risk
degree,4.0,30,0.4,0.054625044962983094,0.004625044962983091,0.0398833995946593,ancova_p_value,,30.0,0.0045349240071457,0.15342065035969357,non-significant,significant,non-significant -> significant,false-negative risk
degree,4.0,75,0.05,0.04912138289485513,-0.0008786171051448702,0.0997691639225307,ancova_p_value,,75.0,0.0110150717077341,0.44032479809744485,significant,non-significant,significant -> non-significant,false-positive risk
degree,2.0,75,0.05,0.04912138289485513,-0.0008786171051448702,0.0997691639225307,two_sample_t_p_value,75.0,,0.0110150717077343,0.4403247980974444,significant,non-significant,significant -> non-significant,false-positive risk
degree,2.0,75,0.1,0.04912138289485513,-0.0008786171051448702,0.0649245935644161,two_sample_t_p_value,75.0,,0.0071680369524079,0.433328579622303,significant,non-significant,significant -> non-significant,false-positive risk
degree,4.0,75,0.1,0.04912138289485513,-0.0008786171051448702,0.0649245935644161,ancova_p_value,,75.0,0.0071680369524078,0.43332857962230276,significant,non-significant,significant -> non-significant,false-positive risk
degree,2.0,75,0.2,0.04912138289485513,-0.0008786171051448702,0.0499583480462569,two_sample_t_p_value,75.0,,0.0055156800407465,0.4231678219881695,significant,non-significant,significant -> non-significant,false-positive risk
degree,4.0,75,0.2,0.04912138289485513,-0.0008786171051448702,0.0499583480462569,ancova_p_value,,75.0,0.0055156800407464,0.42316782198816927,significant,non-significant,significant -> non-significant,false-positive risk
degree,2.0,75,0.5,0.04912138289485513,-0.0008786171051448702,0.0462737403214584,two_sample_t_p_value,75.0,,0.0051088788137156,0.41925667722025783,significant,non-significant,significant -> non-significant,false-positive risk
degree,4.0,75,0.5,0.04912138289485513,-0.0008786171051448702,0.0462737403214584,ancova_p_value,,75.0,0.0051088788137155,0.41925667722025617,significant,non-significant,significant -> non-significant,false-positive risk
degree,2.0,75,0.3,0.04912138289485513,-0.0008786171051448702,0.0430113775336123,two_sample_t_p_value,75.0,,0.0047486957808832,0.4150967636400298,significant,non-significant,significant -> non-significant,false-positive risk
degree,4.0,75,0.3,0.04912138289485513,-0.0008786171051448702,0.0430113775336123,ancova_p_value,,75.0,0.0047486957808832,0.4150967636400298,significant,non-significant,significant -> non-significant,false-positive risk
degree,2.0,75,0.4,0.04912138289485513,-0.0008786171051448702,0.0398833995946593,two_sample_t_p_value,75.0,,0.0044033495842915,0.41034192262871727,significant,non-significant,significant -> non-significant,false-positive risk
degree,4.0,75,0.4,0.04912138289485513,-0.0008786171051448702,0.0398833995946593,ancova_p_value,,75.0,0.0044033495842915,0.41034192262871727,significant,non-significant,significant -> non-significant,false-positive risk
degree,2.0,100,0.05,0.04821217873113365,-0.0017878212688663547,0.0997691639225307,two_sample_t_p_value,100.0,,0.0109563788674073,0.4079222595622237,significant,non-significant,significant -> non-significant,false-positive risk
degree,4.0,100,0.05,0.04821217873113365,-0.0017878212688663547,0.0997691639225307,ancova_p_value,,100.0,0.010956378867407,0.4079222595622207,significant,non-significant,significant -> non-significant,false-positive risk
degree,2.0,100,0.1,0.04821217873113365,-0.0017878212688663547,0.0649245935644161,two_sample_t_p_value,100.0,,0.0071298426982561,0.3842320727959381,significant,non-significant,significant -> non-significant,false-positive risk
degree,4.0,100,0.1,0.04821217873113365,-0.0017878212688663547,0.0649245935644161,ancova_p_value,,100.0,0.0071298426982559,0.38423207279593596,significant,non-significant,significant -> non-significant,false-positive risk
degree,2.0,100,0.2,0.04821217873113365,-0.0017878212688663547,0.0499583480462569,two_sample_t_p_value,100.0,,0.0054862902249998,0.3602085461188844,significant,non-significant,significant -> non-significant,false-positive risk
degree,4.0,100,0.2,0.04821217873113365,-0.0017878212688663547,0.0499583480462569,ancova_p_value,,100.0,0.0054862902249997,0.36020854611888364,significant,non-significant,significant -> non-significant,false-positive risk
degree,2.0,100,0.5,0.04821217873113365,-0.0017878212688663547,0.0462737403214584,two_sample_t_p_value,100.0,,0.0050816566025109,0.3516351510016116,significant,non-significant,significant -> non-significant,false-positive risk
degree,4.0,100,0.5,0.04821217873113365,-0.0017878212688663547,0.0462737403214584,ancova_p_value,,100.0,0.0050816566025107,0.35163515100160647,significant,non-significant,significant -> non-significant,false-positive risk
degree,4.0,300,0.05,0.0464015209831491,-0.0035984790168509043,0.0997691639225307,ancova_p_value,,300.0,0.0108355007136076,0.3455121253660183,significant,non-significant,significant -> non-significant,false-positive risk
degree,2.0,300,0.05,0.0464015209831491,-0.0035984790168509043,0.0997691639225307,two_sample_t_p_value,300.0,,0.0108355007136059,0.3455121253660032,significant,non-significant,significant -> non-significant,false-positive risk
degree,2.0,100,0.3,0.04821217873113365,-0.0017878212688663547,0.0430113775336123,two_sample_t_p_value,100.0,,0.0047233927732747,0.34275716428066605,significant,non-significant,significant -> non-significant,false-positive risk
degree,4.0,100,0.3,0.04821217873113365,-0.0017878212688663547,0.0430113775336123,ancova_p_value,,100.0,0.0047233927732746,0.34275716428066394,significant,non-significant,significant -> non-significant,false-positive risk
degree,4.0,500,0.05,0.046040682769031456,-0.003959317230968547,0.0997691639225307,ancova_p_value,,500.0,0.0108107532212081,0.3335141821308423,significant,non-significant,significant -> non-significant,false-positive risk
degree,2.0,500,0.05,0.046040682769031456,-0.003959317230968547,0.0997691639225307,two_sample_t_p_value,500.0,,0.0108107532212077,0.33351418213083805,significant,non-significant,significant -> non-significant,false-positive risk
degree,2.0,100,0.4,0.04821217873113365,-0.0017878212688663547,0.0398833995946593,two_sample_t_p_value,100.0,,0.004379886723503,0.3328514960126402,significant,non-significant,significant -> non-significant,false-positive risk
degree,4.0,100,0.4,0.04821217873113365,-0.0017878212688663547,0.0398833995946593,ancova_p_value,,100.0,0.0043798867235028,0.332851496012635,significant,non-significant,significant -> non-significant,false-positive risk
degree,2.0,1000,0.05,0.04577034649325166,-0.0042296535067483446,0.0997691639225307,two_sample_t_p_value,1000.0,,0.0107920651831117,0.3246373218936913,significant,non-significant,significant -> non-significant,false-positive risk
degree,4.0,1000,0.05,0.04577034649325166,-0.0042296535067483446,0.0997691639225307,ancova_p_value,,1000.0,0.0107920651831086,0.32463732189365935,significant,non-significant,significant -> non-significant,false-positive risk
degree,4.0,300,0.1,0.0464015209831491,-0.0035984790168509043,0.0649245935644161,ancova_p_value,,300.0,0.007051181469699,0.29257672552445513,significant,non-significant,significant -> non-significant,false-positive risk
degree,2.0,300,0.1,0.0464015209831491,-0.0035984790168509043,0.0649245935644161,two_sample_t_p_value,300.0,,0.0070511814696979,0.2925767255244316,significant,non-significant,significant -> non-significant,false-positive risk
degree,4.0,500,0.1,0.046040682769031456,-0.003959317230968547,0.0649245935644161,ancova_p_value,,500.0,0.0070350770861139,0.27561059303047253,significant,non-significant,significant -> non-significant,false-positive risk
degree,2.0,500,0.1,0.046040682769031456,-0.003959317230968547,0.0649245935644161,two_sample_t_p_value,500.0,,0.0070350770861137,0.275610593030468,significant,non-significant,significant -> non-significant,false-positive risk
degree,0.2,100,0.05,0.043860884260170395,-0.006139115739829608,0.0997691639225307,partial_correlation_p_value,100.0,,0.0105793531437888,0.26388235704619234,significant,non-significant,significant -> non-significant,false-positive risk
degree,2.0,1000,0.1,0.04577034649325166,-0.0042296535067483446,0.0649245935644161,two_sample_t_p_value,1000.0,,0.0070229158808855,0.2632290370619528,significant,non-significant,significant -> non-significant,false-positive risk
degree,4.0,1000,0.1,0.04577034649325166,-0.0042296535067483446,0.0649245935644161,ancova_p_value,,1000.0,0.0070229158808835,0.26322903706190304,significant,non-significant,significant -> non-significant,false-positive risk
degree,4.0,300,0.2,0.0464015209831491,-0.0035984790168509043,0.0499583480462569,ancova_p_value,,300.0,0.0054257617747123,0.24692950857844942,significant,non-significant,significant -> non-significant,false-positive risk
degree,2.0,300,0.2,0.0464015209831491,-0.0035984790168509043,0.0499583480462569,two_sample_t_p_value,300.0,,0.0054257617747114,0.2469295085784171,significant,non-significant,significant -> non-significant,false-positive risk
degree,4.0,300,0.5,0.0464015209831491,-0.0035984790168509043,0.0462737403214584,ancova_p_value,,300.0,0.0050255923429786,0.2317634515903767,significant,non-significant,significant -> non-significant,false-positive risk
degree,2.0,300,0.5,0.0464015209831491,-0.0035984790168509043,0.0462737403214584,two_sample_t_p_value,300.0,,0.0050255923429779,0.2317634515903485,significant,non-significant,significant -> non-significant,false-positive risk
degree,4.0,500,0.2,0.046040682769031456,-0.003959317230968547,0.0499583480462569,ancova_p_value,,500.0,0.0054133697310191,0.22689052486319428,significant,non-significant,significant -> non-significant,false-positive risk
degree,2.0,500,0.2,0.046040682769031456,-0.003959317230968547,0.0499583480462569,two_sample_t_p_value,500.0,,0.0054133697310189,0.2268905248631875,significant,non-significant,significant -> non-significant,false-positive risk
degree,4.0,300,0.3,0.0464015209831491,-0.0035984790168509043,0.0430113775336123,ancova_p_value,,300.0,0.0046712811216959,0.21660969119410522,significant,non-significant,significant -> non-significant,false-positive risk
degree,2.0,300,0.3,0.0464015209831491,-0.0035984790168509043,0.0430113775336123,two_sample_t_p_value,300.0,,0.0046712811216951,0.21660969119406837,significant,non-significant,significant -> non-significant,false-positive risk
degree,2.0,1000,0.2,0.04577034649325166,-0.0042296535067483446,0.0499583480462569,two_sample_t_p_value,1000.0,,0.0054040118946414,0.2125038798513873,significant,non-significant,significant -> non-significant,false-positive risk
degree,4.0,1000,0.2,0.04577034649325166,-0.0042296535067483446,0.0499583480462569,ancova_p_value,,1000.0,0.0054040118946398,0.21250387985132468,significant,non-significant,significant -> non-significant,false-positive risk
degree,4.0,500,0.5,0.046040682769031456,-0.003959317230968547,0.0462737403214584,ancova_p_value,,500.0,0.0050141142570463,0.210946835857716,significant,non-significant,significant -> non-significant,false-positive risk
degree,2.0,500,0.5,0.046040682769031456,-0.003959317230968547,0.0462737403214584,two_sample_t_p_value,500.0,,0.0050141142570461,0.21094683585770735,significant,non-significant,significant -> non-significant,false-positive risk
degree,4.0,300,0.4,0.0464015209831491,-0.0035984790168509043,0.0398833995946593,ancova_p_value,,300.0,0.004331564862111,0.2003423586625992,significant,non-significant,significant -> non-significant,false-positive risk
degree,2.0,300,0.4,0.0464015209831491,-0.0035984790168509043,0.0398833995946593,two_sample_t_p_value,300.0,,0.0043315648621103,0.200342358662563,significant,non-significant,significant -> non-significant,false-positive risk
degree,2.0,1000,0.5,0.04577034649325166,-0.0042296535067483446,0.0462737403214584,two_sample_t_p_value,1000.0,,0.0050054465947347,0.19610088176057927,significant,non-significant,significant -> non-significant,false-positive risk
degree,4.0,1000,0.5,0.04577034649325166,-0.0042296535067483446,0.0462737403214584,ancova_p_value,,1000.0,0.0050054465947333,0.196100881760518,significant,non-significant,significant -> non-significant,false-positive risk
degree,4.0,500,0.3,0.046040682769031456,-0.003959317230968547,0.0430113775336123,ancova_p_value,,500.0,0.0046606122567204,0.1951489731093201,significant,non-significant,significant -> non-significant,false-positive risk
degree,2.0,500,0.3,0.046040682769031456,-0.003959317230968547,0.0430113775336123,two_sample_t_p_value,500.0,,0.0046606122567202,0.19514897310931023,significant,non-significant,significant -> non-significant,false-positive risk
degree,0.2,100,0.1,0.043860884260170395,-0.006139115739829608,0.0649245935644161,partial_correlation_p_value,100.0,,0.0068844939260817,0.1830608551493258,significant,non-significant,significant -> non-significant,false-positive risk
degree,2.0,1000,0.3,0.04577034649325166,-0.0042296535067483446,0.0430113775336123,two_sample_t_p_value,1000.0,,0.0046525556766076,0.17995597526228646,significant,non-significant,significant -> non-significant,false-positive risk
degree,4.0,1000,0.3,0.04577034649325166,-0.0042296535067483446,0.0430113775336123,ancova_p_value,,1000.0,0.0046525556766063,0.17995597526222384,significant,non-significant,significant -> non-significant,false-positive risk
degree,4.0,500,0.4,0.046040682769031456,-0.003959317230968547,0.0398833995946593,ancova_p_value,,500.0,0.0043216718842656,0.17834969139875367,significant,non-significant,significant -> non-significant,false-positive risk
degree,2.0,500,0.4,0.046040682769031456,-0.003959317230968547,0.0398833995946593,two_sample_t_p_value,500.0,,0.0043216718842655,0.17834969139874857,significant,non-significant,significant -> non-significant,false-positive risk
degree,2.0,1000,0.4,0.04577034649325166,-0.0042296535067483446,0.0398833995946593,two_sample_t_p_value,1000.0,,0.0043142012143539,0.16291694227157194,significant,non-significant,significant -> non-significant,false-positive risk
degree,4.0,1000,0.4,0.04577034649325166,-0.0042296535067483446,0.0398833995946593,ancova_p_value,,1000.0,0.0043142012143526,0.16291694227150333,significant,non-significant,significant -> non-significant,false-positive risk
degree,0.2,100,0.2,0.043860884260170395,-0.006139115739829608,0.0499583480462569,partial_correlation_p_value,100.0,,0.0052974986025948,0.1253486926128674,significant,non-significant,significant -> non-significant,false-positive risk
degree,0.2,100,0.5,0.043860884260170395,-0.006139115739829608,0.0462737403214584,partial_correlation_p_value,100.0,,0.0049067890407983,0.10853270013265293,significant,non-significant,significant -> non-significant,false-positive risk
eigenvec,4.0,50,0.05,0.05094706873769324,0.0009470687376932352,0.1398679445345351,ancova_p_value,,50.0,0.0156020318988301,0.5145231648864808,non-significant,significant,non-significant -> significant,false-negative risk
eigenvec,2.0,50,0.05,0.05094706873769324,0.0009470687376932352,0.1398679445345351,two_sample_t_p_value,50.0,,0.01560203189883,0.5145231648864802,non-significant,significant,non-significant -> significant,false-negative risk
eigenvec,4.0,50,0.1,0.05094706873769324,0.0009470687376932352,0.0905767239637379,ancova_p_value,,50.0,0.0101036798765913,0.48749328669610287,non-significant,significant,non-significant -> significant,false-negative risk
eigenvec,2.0,50,0.1,0.05094706873769324,0.0009470687376932352,0.0905767239637379,two_sample_t_p_value,50.0,,0.0101036798765912,0.48749328669610226,non-significant,significant,non-significant -> significant,false-negative risk
eigenvec,2.0,50,0.2,0.05094706873769324,0.0009470687376932352,0.0713615239924139,two_sample_t_p_value,50.0,,0.0079602569222275,0.4720425460227257,non-significant,significant,non-significant -> significant,false-negative risk
eigenvec,4.0,50,0.2,0.05094706873769324,0.0009470687376932352,0.0713615239924139,ancova_p_value,,50.0,0.0079602569222275,0.4720425460227257,non-significant,significant,non-significant -> significant,false-negative risk
eigenvec,2.0,50,0.3,0.05094706873769324,0.0009470687376932352,0.0642381897342349,two_sample_t_p_value,50.0,,0.0071656610718917,0.46479344839551473,non-significant,significant,non-significant -> significant,false-negative risk
eigenvec,4.0,50,0.3,0.05094706873769324,0.0009470687376932352,0.0642381897342349,ancova_p_value,,50.0,0.0071656610718917,0.46479344839551473,non-significant,significant,non-significant -> significant,false-negative risk
eigenvec,4.0,50,0.4,0.05094706873769324,0.0009470687376932352,0.0617705742838201,ancova_p_value,,50.0,0.0068904027552021,0.46200171944976914,non-significant,significant,non-significant -> significant,false-negative risk
eigenvec,2.0,50,0.4,0.05094706873769324,0.0009470687376932352,0.0617705742838201,two_sample_t_p_value,50.0,,0.006890402755202,0.4620017194497682,non-significant,significant,non-significant -> significant,false-negative risk
eigenvec,2.0,50,0.5,0.05094706873769324,0.0009470687376932352,0.059867389460399,two_sample_t_p_value,50.0,,0.0066781057172839,0.45973123880240613,non-significant,significant,non-significant -> significant,false-negative risk
eigenvec,4.0,50,0.5,0.05094706873769324,0.0009470687376932352,0.059867389460399,ancova_p_value,,50.0,0.0066781057172839,0.45973123880240613,non-significant,significant,non-significant -> significant,false-negative risk
eigenvec,2.0,30,0.05,0.054625044962983094,0.004625044962983091,0.1398679445345351,two_sample_t_p_value,30.0,,0.0159036217059272,0.4186448528837427,non-significant,significant,non-significant -> significant,false-negative risk
eigenvec,4.0,30,0.05,0.054625044962983094,0.004625044962983091,0.1398679445345351,ancova_p_value,,30.0,0.0159036217059271,0.418644852883742,non-significant,significant,non-significant -> significant,false-negative risk
eigenvec,2.0,30,0.1,0.054625044962983094,0.004625044962983091,0.0905767239637379,two_sample_t_p_value,30.0,,0.010298985647321,0.3441330500122124,non-significant,significant,non-significant -> significant,false-negative risk
eigenvec,4.0,30,0.1,0.054625044962983094,0.004625044962983091,0.0905767239637379,ancova_p_value,,30.0,0.010298985647321,0.3441330500122124,non-significant,significant,non-significant -> significant,false-negative risk
eigenvec,2.0,30,0.2,0.054625044962983094,0.004625044962983091,0.0713615239924139,two_sample_t_p_value,30.0,,0.0081141299796078,0.2951577950062003,non-significant,significant,non-significant -> significant,false-negative risk
eigenvec,4.0,30,0.2,0.054625044962983094,0.004625044962983091,0.0713615239924139,ancova_p_value,,30.0,0.0081141299796078,0.2951577950062003,non-significant,significant,non-significant -> significant,false-negative risk
eigenvec,2.0,30,0.3,0.054625044962983094,0.004625044962983091,0.0642381897342349,two_sample_t_p_value,30.0,,0.0073041744626096,0.2715548886148104,non-significant,significant,non-significant -> significant,false-negative risk
eigenvec,4.0,30,0.3,0.054625044962983094,0.004625044962983091,0.0642381897342349,ancova_p_value,,30.0,0.0073041744626095,0.2715548886148074,non-significant,significant,non-significant -> significant,false-negative risk
eigenvec,2.0,30,0.4,0.054625044962983094,0.004625044962983091,0.0617705742838201,two_sample_t_p_value,30.0,,0.0070235953580142,0.2624632995131629,non-significant,significant,non-significant -> significant,false-negative risk
eigenvec,4.0,30,0.4,0.054625044962983094,0.004625044962983091,0.0617705742838201,ancova_p_value,,30.0,0.0070235953580141,0.26246329951315894,non-significant,significant,non-significant -> significant,false-negative risk
eigenvec,2.0,30,0.5,0.054625044962983094,0.004625044962983091,0.059867389460399,two_sample_t_p_value,30.0,,0.0068071945839206,0.255088865996024,non-significant,significant,non-significant -> significant,false-negative risk
eigenvec,4.0,30,0.5,0.054625044962983094,0.004625044962983091,0.059867389460399,ancova_p_value,,30.0,0.0068071945839206,0.255088865996024,non-significant,significant,non-significant -> significant,false-negative risk
eigenvec,4.0,75,0.1,0.04912138289485513,-0.0008786171051448702,0.0905767239637379,ancova_p_value,,75.0,0.0100001751070794,0.4397358558585236,significant,non-significant,significant -> non-significant,false-positive risk
eigenvec,2.0,75,0.1,0.04912138289485513,-0.0008786171051448702,0.0905767239637379,two_sample_t_p_value,75.0,,0.0100001751070795,0.43973585585852293,significant,non-significant,significant -> non-significant,false-positive risk
eigenvec,4.0,75,0.05,0.04912138289485513,-0.0008786171051448702,0.1398679445345351,ancova_p_value,,75.0,0.0154422005566528,0.43796467903367,significant,non-significant,significant -> non-significant,false-positive risk
eigenvec,2.0,75,0.05,0.04912138289485513,-0.0008786171051448702,0.1398679445345351,two_sample_t_p_value,75.0,,0.015442200556653,0.4379646790336692,significant,non-significant,significant -> non-significant,false-positive risk
eigenvec,2.0,75,0.2,0.04912138289485513,-0.0008786171051448702,0.0713615239924139,two_sample_t_p_value,75.0,,0.0078787099444874,0.43585521382495807,significant,non-significant,significant -> non-significant,false-positive risk
eigenvec,4.0,75,0.2,0.04912138289485513,-0.0008786171051448702,0.0713615239924139,ancova_p_value,,75.0,0.0078787099444873,0.43585521382495473,significant,non-significant,significant -> non-significant,false-positive risk
eigenvec,4.0,75,0.3,0.04912138289485513,-0.0008786171051448702,0.0642381897342349,ancova_p_value,,75.0,0.007092254144247,0.4330081015661056,significant,non-significant,significant -> non-significant,false-positive risk
eigenvec,2.0,75,0.3,0.04912138289485513,-0.0008786171051448702,0.0642381897342349,two_sample_t_p_value,75.0,,0.0070922541442471,0.43300810156610525,significant,non-significant,significant -> non-significant,false-positive risk
eigenvec,2.0,75,0.4,0.04912138289485513,-0.0008786171051448702,0.0617705742838201,two_sample_t_p_value,75.0,,0.0068198156465712,0.4317622572569252,significant,non-significant,significant -> non-significant,false-positive risk
eigenvec,4.0,75,0.4,0.04912138289485513,-0.0008786171051448702,0.0617705742838201,ancova_p_value,,75.0,0.0068198156465711,0.4317622572569251,significant,non-significant,significant -> non-significant,false-positive risk
eigenvec,2.0,75,0.5,0.04912138289485513,-0.0008786171051448702,0.059867389460399,two_sample_t_p_value,75.0,,0.0066096934356711,0.43069284480685455,significant,non-significant,significant -> non-significant,false-positive risk
eigenvec,4.0,75,0.5,0.04912138289485513,-0.0008786171051448702,0.059867389460399,ancova_p_value,,75.0,0.006609693435671,0.4306928448068543,significant,non-significant,significant -> non-significant,false-positive risk
eigenvec,2.0,100,0.05,0.04821217873113365,-0.0017878212688663547,0.1398679445345351,two_sample_t_p_value,100.0,,0.0153599181498183,0.414614760059303,significant,non-significant,significant -> non-significant,false-positive risk
eigenvec,4.0,100,0.05,0.04821217873113365,-0.0017878212688663547,0.1398679445345351,ancova_p_value,,100.0,0.0153599181498179,0.41461476005930264,significant,non-significant,significant -> non-significant,false-positive risk
eigenvec,2.0,100,0.1,0.04821217873113365,-0.0017878212688663547,0.0905767239637379,two_sample_t_p_value,100.0,,0.0099468900539836,0.4041440200466657,significant,non-significant,significant -> non-significant,false-positive risk
eigenvec,4.0,100,0.1,0.04821217873113365,-0.0017878212688663547,0.0905767239637379,ancova_p_value,,100.0,0.0099468900539833,0.40414402004666394,significant,non-significant,significant -> non-significant,false-positive risk
eigenvec,4.0,100,0.2,0.04821217873113365,-0.0017878212688663547,0.0713615239924139,ancova_p_value,,100.0,0.0078367289318325,0.3910244059272834,significant,non-significant,significant -> non-significant,false-positive risk
eigenvec,2.0,100,0.2,0.04821217873113365,-0.0017878212688663547,0.0713615239924139,two_sample_t_p_value,100.0,,0.0078367289318327,0.39102440592728227,significant,non-significant,significant -> non-significant,false-positive risk
eigenvec,2.0,100,0.3,0.04821217873113365,-0.0017878212688663547,0.0642381897342349,two_sample_t_p_value,100.0,,0.0070544636921201,0.3834088067978578,significant,non-significant,significant -> non-significant,false-positive risk
eigenvec,4.0,100,0.3,0.04821217873113365,-0.0017878212688663547,0.0642381897342349,ancova_p_value,,100.0,0.0070544636921199,0.38340880679785605,significant,non-significant,significant -> non-significant,false-positive risk
eigenvec,2.0,100,0.4,0.04821217873113365,-0.0017878212688663547,0.0617705742838201,two_sample_t_p_value,100.0,,0.0067834768590059,0.3802682602563434,significant,non-significant,significant -> non-significant,false-positive risk
eigenvec,4.0,100,0.4,0.04821217873113365,-0.0017878212688663547,0.0617705742838201,ancova_p_value,,100.0,0.0067834768590057,0.3802682602563401,significant,non-significant,significant -> non-significant,false-positive risk
eigenvec,2.0,100,0.5,0.04821217873113365,-0.0017878212688663547,0.059867389460399,two_sample_t_p_value,100.0,,0.006574474265817,0.3776371425635572,significant,non-significant,significant -> non-significant,false-positive risk
eigenvec,4.0,100,0.5,0.04821217873113365,-0.0017878212688663547,0.059867389460399,ancova_p_value,,100.0,0.0065744742658168,0.37763714256355363,significant,non-significant,significant -> non-significant,false-positive risk
eigenvec,4.0,300,0.05,0.0464015209831491,-0.0035984790168509043,0.1398679445345351,ancova_p_value,,300.0,0.0151904571836602,0.36911802856580356,significant,non-significant,significant -> non-significant,false-positive risk
eigenvec,2.0,300,0.05,0.0464015209831491,-0.0035984790168509043,0.1398679445345351,two_sample_t_p_value,300.0,,0.0151904571836579,0.369118028565796,significant,non-significant,significant -> non-significant,false-positive risk
eigenvec,4.0,500,0.05,0.046040682769031456,-0.003959317230968547,0.1398679445345351,ancova_p_value,,500.0,0.015155763288691,0.3602501885126169,significant,non-significant,significant -> non-significant,false-positive risk
eigenvec,2.0,500,0.05,0.046040682769031456,-0.003959317230968547,0.1398679445345351,two_sample_t_p_value,500.0,,0.0151557632886905,0.36025018851261503,significant,non-significant,significant -> non-significant,false-positive risk
eigenvec,2.0,1000,0.05,0.04577034649325166,-0.0042296535067483446,0.1398679445345351,two_sample_t_p_value,1000.0,,0.0151295642370687,0.3536562443948843,significant,non-significant,significant -> non-significant,false-positive risk
eigenvec,4.0,1000,0.05,0.04577034649325166,-0.0042296535067483446,0.1398679445345351,ancova_p_value,,1000.0,0.0151295642370643,0.3536562443948674,significant,non-significant,significant -> non-significant,false-positive risk
eigenvec,4.0,300,0.1,0.0464015209831491,-0.0035984790168509043,0.0905767239637379,ancova_p_value,,300.0,0.0098371492609419,0.3359285023418386,significant,non-significant,significant -> non-significant,false-positive risk
eigenvec,2.0,300,0.1,0.0464015209831491,-0.0035984790168509043,0.0905767239637379,two_sample_t_p_value,300.0,,0.0098371492609404,0.3359285023418235,significant,non-significant,significant -> non-significant,false-positive risk
eigenvec,4.0,500,0.1,0.046040682769031456,-0.003959317230968547,0.0905767239637379,ancova_p_value,,500.0,0.0098146819303587,0.32289207484392424,significant,non-significant,significant -> non-significant,false-positive risk
eigenvec,2.0,500,0.1,0.046040682769031456,-0.003959317230968547,0.0905767239637379,two_sample_t_p_value,500.0,,0.0098146819303584,0.3228920748439208,significant,non-significant,significant -> non-significant,false-positive risk
eigenvec,2.0,1000,0.1,0.04577034649325166,-0.0042296535067483446,0.0905767239637379,two_sample_t_p_value,1000.0,,0.009797715753621,0.3132676489960322,significant,non-significant,significant -> non-significant,false-positive risk
eigenvec,4.0,1000,0.1,0.04577034649325166,-0.0042296535067483446,0.0905767239637379,ancova_p_value,,1000.0,0.0097977157536182,0.3132676489959978,significant,non-significant,significant -> non-significant,false-positive risk
eigenvec,0.2,100,0.05,0.043860884260170395,-0.006139115739829608,0.1398679445345351,partial_correlation_p_value,100.0,,0.0148313599167343,0.3077080395230264,significant,non-significant,significant -> non-significant,false-positive risk
eigenvec,4.0,300,0.2,0.0464015209831491,-0.0035984790168509043,0.0713615239924139,ancova_p_value,,300.0,0.0077502688580645,0.3065516026880426,significant,non-significant,significant -> non-significant,false-positive risk
eigenvec,2.0,300,0.2,0.0464015209831491,-0.0035984790168509043,0.0713615239924139,two_sample_t_p_value,300.0,,0.0077502688580633,0.3065516026880202,significant,non-significant,significant -> non-significant,false-positive risk
eigenvec,4.0,300,0.3,0.0464015209831491,-0.0035984790168509043,0.0642381897342349,ancova_p_value,,300.0,0.0069766340955471,0.29092182656779486,significant,non-significant,significant -> non-significant,false-positive risk
eigenvec,2.0,300,0.3,0.0464015209831491,-0.0035984790168509043,0.0642381897342349,two_sample_t_p_value,300.0,,0.006976634095546,0.2909218265677702,significant,non-significant,significant -> non-significant,false-positive risk
eigenvec,4.0,500,0.2,0.046040682769031456,-0.003959317230968547,0.0713615239924139,ancova_p_value,,500.0,0.0077325678099332,0.29073725696340724,significant,non-significant,significant -> non-significant,false-positive risk
eigenvec,2.0,500,0.2,0.046040682769031456,-0.003959317230968547,0.0713615239924139,two_sample_t_p_value,500.0,,0.0077325678099329,0.29073725696340014,significant,non-significant,significant -> non-significant,false-positive risk
eigenvec,4.0,300,0.4,0.0464015209831491,-0.0035984790168509043,0.0617705742838201,ancova_p_value,,300.0,0.0067086369717601,0.2846770485780321,significant,non-significant,significant -> non-significant,false-positive risk
eigenvec,2.0,300,0.4,0.0464015209831491,-0.0035984790168509043,0.0617705742838201,two_sample_t_p_value,300.0,,0.006708636971759,0.28467704857800635,significant,non-significant,significant -> non-significant,false-positive risk
eigenvec,4.0,300,0.5,0.0464015209831491,-0.0035984790168509043,0.059867389460399,ancova_p_value,,300.0,0.0065019402359999,0.279523507552053,significant,non-significant,significant -> non-significant,false-positive risk
eigenvec,2.0,300,0.5,0.0464015209831491,-0.0035984790168509043,0.059867389460399,two_sample_t_p_value,300.0,,0.0065019402359989,0.27952350755202793,significant,non-significant,significant -> non-significant,false-positive risk
eigenvec,2.0,1000,0.2,0.04577034649325166,-0.0042296535067483446,0.0713615239924139,two_sample_t_p_value,1000.0,,0.0077192008854592,0.2791488954287136,significant,non-significant,significant -> non-significant,false-positive risk
eigenvec,4.0,1000,0.2,0.04577034649325166,-0.0042296535067483446,0.0713615239924139,ancova_p_value,,1000.0,0.0077192008854569,0.27914889542866506,significant,non-significant,significant -> non-significant,false-positive risk
eigenvec,4.0,500,0.3,0.046040682769031456,-0.003959317230968547,0.0642381897342349,ancova_p_value,,500.0,0.006960699972721,0.27382588624775894,significant,non-significant,significant -> non-significant,false-positive risk
eigenvec,2.0,500,0.3,0.046040682769031456,-0.003959317230968547,0.0642381897342349,two_sample_t_p_value,500.0,,0.0069606999727208,0.27382588624775417,significant,non-significant,significant -> non-significant,false-positive risk
eigenvec,4.0,500,0.4,0.046040682769031456,-0.003959317230968547,0.0617705742838201,ancova_p_value,,500.0,0.006693314934795,0.2671036517333272,significant,non-significant,significant -> non-significant,false-positive risk
eigenvec,2.0,500,0.4,0.046040682769031456,-0.003959317230968547,0.0617705742838201,two_sample_t_p_value,500.0,,0.0066933149347947,0.26710365173331985,significant,non-significant,significant -> non-significant,false-positive risk
eigenvec,4.0,500,0.5,0.046040682769031456,-0.003959317230968547,0.059867389460399,ancova_p_value,,500.0,0.0064870902792859,0.26157078295544545,significant,non-significant,significant -> non-significant,false-positive risk
eigenvec,2.0,500,0.5,0.046040682769031456,-0.003959317230968547,0.059867389460399,two_sample_t_p_value,500.0,,0.0064870902792856,0.2615707829554377,significant,non-significant,significant -> non-significant,false-positive risk
eigenvec,2.0,1000,0.3,0.04577034649325166,-0.0042296535067483446,0.0642381897342349,two_sample_t_p_value,1000.0,,0.0069486673396929,0.26135596782158155,significant,non-significant,significant -> non-significant,false-positive risk
eigenvec,4.0,1000,0.3,0.04577034649325166,-0.0042296535067483446,0.0642381897342349,ancova_p_value,,1000.0,0.0069486673396909,0.2613559678215299,significant,non-significant,significant -> non-significant,false-positive risk
eigenvec,2.0,1000,0.4,0.04577034649325166,-0.0042296535067483446,0.0617705742838201,two_sample_t_p_value,1000.0,,0.0066817445176433,0.25431080404909734,significant,non-significant,significant -> non-significant,false-positive risk
eigenvec,4.0,1000,0.4,0.04577034649325166,-0.0042296535067483446,0.0617705742838201,ancova_p_value,,1000.0,0.0066817445176414,0.25431080404904605,significant,non-significant,significant -> non-significant,false-positive risk
eigenvec,2.0,1000,0.5,0.04577034649325166,-0.0042296535067483446,0.059867389460399,two_sample_t_p_value,1000.0,,0.0064758763529485,0.24852393709456444,significant,non-significant,significant -> non-significant,false-positive risk
eigenvec,4.0,1000,0.5,0.04577034649325166,-0.0042296535067483446,0.059867389460399,ancova_p_value,,1000.0,0.0064758763529466,0.24852393709450926,significant,non-significant,significant -> non-significant,false-positive risk
eigenvec,0.2,100,0.1,0.043860884260170395,-0.006139115739829608,0.0905767239637379,partial_correlation_p_value,100.0,,0.0096046023815928,0.24795365571391403,significant,non-significant,significant -> non-significant,false-positive risk
eigenvec,0.2,100,0.2,0.043860884260170395,-0.006139115739829608,0.0713615239924139,partial_correlation_p_value,100.0,,0.0075670551251779,0.20285085161138228,significant,non-significant,significant -> non-significant,false-positive risk
eigenvec,0.2,100,0.3,0.043860884260170395,-0.006139115739829608,0.0642381897342349,partial_correlation_p_value,100.0,,0.0068117088266258,0.1807839156538723,significant,non-significant,significant -> non-significant,false-positive risk
eigenvec,0.2,100,0.4,0.043860884260170395,-0.006139115739829608,0.0617705742838201,partial_correlation_p_value,100.0,,0.006550047064147,0.1723173382049863,significant,non-significant,significant -> non-significant,false-positive risk
eigenvec,0.2,100,0.5,0.043860884260170395,-0.006139115739829608,0.059867389460399,partial_correlation_p_value,100.0,,0.0063482365692679,0.16547911864308595,significant,non-significant,significant -> non-significant,false-positive risk
smallworldness,2.0,50,0.05,0.05094706873769324,0.0009470687376932352,0.1417213236964526,two_sample_t_p_value,50.0,,0.0158087731997128,0.5153617202270508,non-significant,significant,non-significant -> significant,false-negative risk
smallworldness,4.0,50,0.05,0.05094706873769324,0.0009470687376932352,0.1417213236964526,ancova_p_value,,50.0,0.0158087731997128,0.5153617202270508,non-significant,significant,non-significant -> significant,false-negative risk
smallworldness,2.0,50,0.1,0.05094706873769324,0.0009470687376932352,0.098866466207878,two_sample_t_p_value,50.0,,0.0110283865587161,0.4929549441582797,non-significant,significant,non-significant -> significant,false-negative risk
smallworldness,4.0,50,0.1,0.05094706873769324,0.0009470687376932352,0.098866466207878,ancova_p_value,,50.0,0.0110283865587161,0.4929549441582797,non-significant,significant,non-significant -> significant,false-negative risk
smallworldness,2.0,50,0.2,0.05094706873769324,0.0009470687376932352,0.0404746405905467,two_sample_t_p_value,50.0,,0.0045148774845366,0.4274241755269647,non-significant,significant,non-significant -> significant,false-negative risk
smallworldness,4.0,50,0.2,0.05094706873769324,0.0009470687376932352,0.0404746405905467,ancova_p_value,,50.0,0.0045148774845366,0.4274241755269647,non-significant,significant,non-significant -> significant,false-negative risk
smallworldness,2.0,30,0.05,0.054625044962983094,0.004625044962983091,0.1417213236964526,two_sample_t_p_value,30.0,,0.0161143593496873,0.4206622385584545,non-significant,significant,non-significant -> significant,false-negative risk
smallworldness,4.0,30,0.05,0.054625044962983094,0.004625044962983091,0.1417213236964526,ancova_p_value,,30.0,0.0161143593496873,0.4206622385584545,non-significant,significant,non-significant -> significant,false-negative risk
smallworldness,2.0,50,0.4,0.05094706873769324,0.0009470687376932352,0.028089923471353,two_sample_t_p_value,50.0,,0.003133383303045,0.3879891153294346,non-significant,significant,non-significant -> significant,false-negative risk
smallworldness,4.0,50,0.4,0.05094706873769324,0.0009470687376932352,0.028089923471353,ancova_p_value,,50.0,0.003133383303045,0.3879891153294346,non-significant,significant,non-significant -> significant,false-negative risk
smallworldness,2.0,50,0.5,0.05094706873769324,0.0009470687376932352,0.0243950885940395,two_sample_t_p_value,50.0,,0.0027212307415085,0.3695003712344434,non-significant,significant,non-significant -> significant,false-negative risk
smallworldness,4.0,50,0.5,0.05094706873769324,0.0009470687376932352,0.0243950885940395,ancova_p_value,,50.0,0.0027212307415085,0.3695003712344434,non-significant,significant,non-significant -> significant,false-negative risk
smallworldness,2.0,50,0.3,0.05094706873769324,0.0009470687376932352,0.0231688025024007,two_sample_t_p_value,50.0,,0.0025844406086263,0.362210155217833,non-significant,significant,non-significant -> significant,false-negative risk
smallworldness,4.0,50,0.3,0.05094706873769324,0.0009470687376932352,0.0231688025024007,ancova_p_value,,50.0,0.0025844406086263,0.362210155217833,non-significant,significant,non-significant -> significant,false-negative risk
smallworldness,2.0,30,0.1,0.054625044962983094,0.004625044962983091,0.098866466207878,two_sample_t_p_value,30.0,,0.0112415670595895,0.3605675350761123,non-significant,significant,non-significant -> significant,false-negative risk
smallworldness,4.0,30,0.1,0.054625044962983094,0.004625044962983091,0.098866466207878,ancova_p_value,,30.0,0.0112415670595895,0.3605675350761123,non-significant,significant,non-significant -> significant,false-negative risk
smallworldness,2.0,30,0.2,0.054625044962983094,0.004625044962983091,0.0404746405905467,two_sample_t_p_value,30.0,,0.0046021507985804,0.15716864857294427,non-significant,significant,non-significant -> significant,false-negative risk
smallworldness,4.0,30,0.2,0.054625044962983094,0.004625044962983091,0.0404746405905467,ancova_p_value,,30.0,0.0046021507985804,0.15716864857294427,non-significant,significant,non-significant -> significant,false-negative risk
smallworldness,4.0,75,0.1,0.04912138289485513,-0.0008786171051448702,0.098866466207878,ancova_p_value,,75.0,0.010915408849328,0.4402932682006757,significant,non-significant,significant -> non-significant,false-positive risk
smallworldness,2.0,75,0.1,0.04912138289485513,-0.0008786171051448702,0.098866466207878,two_sample_t_p_value,75.0,,0.0109154088493282,0.44029326820067494,significant,non-significant,significant -> non-significant,false-positive risk
smallworldness,2.0,75,0.05,0.04912138289485513,-0.0008786171051448702,0.1417213236964526,two_sample_t_p_value,75.0,,0.0156468239449576,0.43773084480034985,significant,non-significant,significant -> non-significant,false-positive risk
smallworldness,4.0,75,0.05,0.04912138289485513,-0.0008786171051448702,0.1417213236964526,ancova_p_value,,75.0,0.0156468239449573,0.4377308448003485,significant,non-significant,significant -> non-significant,false-positive risk
smallworldness,2.0,100,0.05,0.04821217873113365,-0.0017878212688663547,0.1417213236964526,two_sample_t_p_value,100.0,,0.015563451220404,0.4146758335888536,significant,non-significant,significant -> non-significant,false-positive risk
smallworldness,4.0,100,0.05,0.04821217873113365,-0.0017878212688663547,0.1417213236964526,ancova_p_value,,100.0,0.0155634512204036,0.4146758335888536,significant,non-significant,significant -> non-significant,false-positive risk
smallworldness,2.0,75,0.2,0.04912138289485513,-0.0008786171051448702,0.0404746405905467,two_sample_t_p_value,75.0,,0.0044686258852066,0.4113061987050919,significant,non-significant,significant -> non-significant,false-positive risk
smallworldness,4.0,75,0.2,0.04912138289485513,-0.0008786171051448702,0.0404746405905467,ancova_p_value,,75.0,0.0044686258852065,0.41130619870508967,significant,non-significant,significant -> non-significant,false-positive risk
smallworldness,2.0,100,0.1,0.04821217873113365,-0.0017878212688663547,0.098866466207878,two_sample_t_p_value,100.0,,0.0108572470537724,0.4076033418744973,significant,non-significant,significant -> non-significant,false-positive risk
smallworldness,4.0,100,0.1,0.04821217873113365,-0.0017878212688663547,0.098866466207878,ancova_p_value,,100.0,0.0108572470537721,0.40760334187449565,significant,non-significant,significant -> non-significant,false-positive risk
smallworldness,2.0,75,0.4,0.04912138289485513,-0.0008786171051448702,0.028089923471353,two_sample_t_p_value,75.0,,0.0031012840955746,0.3814734965970935,significant,non-significant,significant -> non-significant,false-positive risk
smallworldness,4.0,75,0.4,0.04912138289485513,-0.0008786171051448702,0.028089923471353,ancova_p_value,,75.0,0.0031012840955745,0.3814734965970903,significant,non-significant,significant -> non-significant,false-positive risk
smallworldness,4.0,300,0.05,0.0464015209831491,-0.0035984790168509043,0.1417213236964526,ancova_p_value,,300.0,0.0153917447402758,0.36973936980691113,significant,non-significant,significant -> non-significant,false-positive risk
smallworldness,2.0,300,0.05,0.0464015209831491,-0.0035984790168509043,0.1417213236964526,two_sample_t_p_value,300.0,,0.0153917447402734,0.36973936980690314,significant,non-significant,significant -> non-significant,false-positive risk
smallworldness,2.0,75,0.5,0.04912138289485513,-0.0008786171051448702,0.0243950885940395,two_sample_t_p_value,75.0,,0.0026933537339105,0.36630150112153026,significant,non-significant,significant -> non-significant,false-positive risk
smallworldness,4.0,75,0.5,0.04912138289485513,-0.0008786171051448702,0.0243950885940395,ancova_p_value,,75.0,0.0026933537339104,0.36630150112152515,significant,non-significant,significant -> non-significant,false-positive risk
smallworldness,4.0,500,0.05,0.046040682769031456,-0.003959317230968547,0.1417213236964526,ancova_p_value,,500.0,0.0153565911192257,0.36097742703999036,significant,non-significant,significant -> non-significant,false-positive risk
smallworldness,2.0,500,0.05,0.046040682769031456,-0.003959317230968547,0.1417213236964526,two_sample_t_p_value,500.0,,0.0153565911192251,0.36097742703998936,significant,non-significant,significant -> non-significant,false-positive risk
smallworldness,2.0,75,0.3,0.04912138289485513,-0.0008786171051448702,0.0231688025024007,two_sample_t_p_value,75.0,,0.0025579649153363,0.3601843938834681,significant,non-significant,significant -> non-significant,false-positive risk
smallworldness,4.0,75,0.3,0.04912138289485513,-0.0008786171051448702,0.0231688025024007,ancova_p_value,,75.0,0.0025579649153363,0.3601843938834681,significant,non-significant,significant -> non-significant,false-positive risk
smallworldness,2.0,1000,0.05,0.04577034649325166,-0.0042296535067483446,0.1417213236964526,two_sample_t_p_value,1000.0,,0.0153300449060253,0.3544613345786386,significant,non-significant,significant -> non-significant,false-positive risk
smallworldness,4.0,1000,0.05,0.04577034649325166,-0.0042296535067483446,0.1417213236964526,ancova_p_value,,1000.0,0.0153300449060209,0.3544613345786213,significant,non-significant,significant -> non-significant,false-positive risk
smallworldness,4.0,300,0.1,0.0464015209831491,-0.0035984790168509043,0.098866466207878,ancova_p_value,,300.0,0.0107374625889332,0.34466646323327343,significant,non-significant,significant -> non-significant,false-positive risk
smallworldness,2.0,300,0.1,0.0464015209831491,-0.0035984790168509043,0.098866466207878,two_sample_t_p_value,300.0,,0.0107374625889316,0.34466646323326033,significant,non-significant,significant -> non-significant,false-positive risk
smallworldness,2.0,100,0.2,0.04821217873113365,-0.0017878212688663547,0.0404746405905467,two_sample_t_p_value,100.0,,0.0044448152053926,0.33484180464415325,significant,non-significant,significant -> non-significant,false-positive risk
smallworldness,4.0,100,0.2,0.04821217873113365,-0.0017878212688663547,0.0404746405905467,ancova_p_value,,100.0,0.0044448152053924,0.33484180464414703,significant,non-significant,significant -> non-significant,false-positive risk
smallworldness,4.0,500,0.1,0.046040682769031456,-0.003959317230968547,0.098866466207878,ancova_p_value,,500.0,0.0107129390084516,0.33257343485792357,significant,non-significant,significant -> non-significant,false-positive risk
smallworldness,2.0,500,0.1,0.046040682769031456,-0.003959317230968547,0.098866466207878,two_sample_t_p_value,500.0,,0.0107129390084512,0.3325734348579209,significant,non-significant,significant -> non-significant,false-positive risk
smallworldness,2.0,1000,0.1,0.04577034649325166,-0.0042296535067483446,0.098866466207878,two_sample_t_p_value,1000.0,,0.0106944200571614,0.32362788540159293,significant,non-significant,significant -> non-significant,false-positive risk
smallworldness,4.0,1000,0.1,0.04577034649325166,-0.0042296535067483446,0.098866466207878,ancova_p_value,,1000.0,0.0106944200571583,0.32362788540156096,significant,non-significant,significant -> non-significant,false-positive risk
smallworldness,0.2,100,0.05,0.043860884260170395,-0.006139115739829608,0.1417213236964526,partial_correlation_p_value,100.0,,0.015027889103633,0.30903723057382204,significant,non-significant,significant -> non-significant,false-positive risk
smallworldness,2.0,100,0.4,0.04821217873113365,-0.0017878212688663547,0.028089923471353,two_sample_t_p_value,100.0,,0.0030847591761678,0.2765856111906446,significant,non-significant,significant -> non-significant,false-positive risk
smallworldness,4.0,100,0.4,0.04821217873113365,-0.0017878212688663547,0.028089923471353,ancova_p_value,,100.0,0.0030847591761677,0.27658561119063796,significant,non-significant,significant -> non-significant,false-positive risk
smallworldness,0.2,100,0.1,0.043860884260170395,-0.006139115739829608,0.098866466207878,partial_correlation_p_value,100.0,,0.0104836326072028,0.26244705829751425,significant,non-significant,significant -> non-significant,false-positive risk
smallworldness,2.0,100,0.5,0.04821217873113365,-0.0017878212688663547,0.0243950885940395,two_sample_t_p_value,100.0,,0.0026790024355401,0.24915809041212023,significant,non-significant,significant -> non-significant,false-positive risk
smallworldness,4.0,100,0.5,0.04821217873113365,-0.0017878212688663547,0.0243950885940395,ancova_p_value,,100.0,0.00267900243554,0.24915809041211223,significant,non-significant,significant -> non-significant,false-positive risk
smallworldness,2.0,100,0.3,0.04821217873113365,-0.0017878212688663547,0.0231688025024007,two_sample_t_p_value,100.0,,0.0025443350243723,0.2384864940255642,significant,non-significant,significant -> non-significant,false-positive risk
smallworldness,4.0,100,0.3,0.04821217873113365,-0.0017878212688663547,0.0231688025024007,ancova_p_value,,100.0,0.0025443350243722,0.23848649402555644,significant,non-significant,significant -> non-significant,false-positive risk
smallworldness,4.0,300,0.2,0.0464015209831491,-0.0035984790168509043,0.0404746405905467,ancova_p_value,,300.0,0.0043957770092412,0.2035573127314083,significant,non-significant,significant -> non-significant,false-positive risk
smallworldness,2.0,300,0.2,0.0464015209831491,-0.0035984790168509043,0.0404746405905467,two_sample_t_p_value,300.0,,0.0043957770092405,0.20355731273137345,significant,non-significant,significant -> non-significant,false-positive risk
smallworldness,4.0,500,0.2,0.046040682769031456,-0.003959317230968547,0.0404746405905467,ancova_p_value,,500.0,0.0043857373755407,0.1816560224471072,significant,non-significant,significant -> non-significant,false-positive risk
smallworldness,2.0,500,0.2,0.046040682769031456,-0.003959317230968547,0.0404746405905467,two_sample_t_p_value,500.0,,0.0043857373755406,0.18165602244710222,significant,non-significant,significant -> non-significant,false-positive risk
smallworldness,2.0,1000,0.2,0.04577034649325166,-0.0042296535067483446,0.0404746405905467,two_sample_t_p_value,1000.0,,0.0043781559586424,0.1662592933540037,significant,non-significant,significant -> non-significant,false-positive risk
smallworldness,4.0,1000,0.2,0.04577034649325166,-0.0042296535067483446,0.0404746405905467,ancova_p_value,,1000.0,0.0043781559586411,0.1662592933539362,significant,non-significant,significant -> non-significant,false-positive risk
smallworldness,4.0,300,0.4,0.0464015209831491,-0.0035984790168509043,0.028089923471353,ancova_p_value,,300.0,0.0030507260345026,0.12052755814122207,significant,non-significant,significant -> non-significant,false-positive risk
smallworldness,2.0,300,0.4,0.0464015209831491,-0.0035984790168509043,0.028089923471353,two_sample_t_p_value,300.0,,0.0030507260345021,0.12052755814118477,significant,non-significant,significant -> non-significant,false-positive risk
