Threshold,Metric,NPVR,n,formula,df,statistic,df2,p_value,sigma_p,p_minus_alpha,flip_probability,significance
0.05,avg_shortestPathLength,0.0369821457609369,30,two_sample_t_p_value,30.0,0.5,,0.6207230048851272,0.0257305926829393,0.5707230048851272,1.2770584132674677e-189,non-significant
0.05,avg_shortestPathLength,0.0369821457609369,30,two_sample_t_p_value,30.0,1.0,,0.3253086154260302,0.0176030089518345,0.2753086154260302,1.5388733285829715e-118,non-significant
0.05,avg_shortestPathLength,0.0369821457609369,30,two_sample_t_p_value,30.0,2.0,,0.054625044962983094,0.0042050382452726,0.004625044962983091,0.13435076950568137,non-significant
0.05,avg_shortestPathLength,0.0369821457609369,30,two_sample_t_p_value,30.0,3.0,,0.005389964065651945,0.0005014085731971,-0.044610035934348057,0.0,significant
0.05,avg_shortestPathLength,0.0369821457609369,30,two_sample_t_p_value,30.0,4.0,,0.0003818456360837564,3.8810279749080864e-05,-0.04961815436391625,0.0,significant
0.05,avg_shortestPathLength,0.0369821457609369,30,two_sample_t_p_value,30.0,5.0,,2.32966854670078e-05,2.4326043392767e-06,-0.049976703314532994,0.0,significant
0.05,avg_shortestPathLength,0.0369821457609369,30,two_sample_t_p_value,30.0,6.0,,1.3942768767204764e-06,1.4413258089897578e-07,-0.049998605723123285,0.0,significant
0.05,avg_shortestPathLength,0.0369821457609369,50,two_sample_t_p_value,50.0,0.5,,0.6192685675117714,0.0258539119237104,0.5692685675117714,2.4145189862943437e-187,non-significant
0.05,avg_shortestPathLength,0.0369821457609369,50,two_sample_t_p_value,50.0,1.0,,0.32212564510024433,0.0177197038743137,0.27212564510024434,2.688584271057835e-114,non-significant
0.05,avg_shortestPathLength,0.0369821457609369,50,two_sample_t_p_value,50.0,2.0,,0.05094706873769324,0.004125295612011,0.0009470687376932352,0.4186737903370809,non-significant
0.05,avg_shortestPathLength,0.0369821457609369,50,two_sample_t_p_value,50.0,3.0,,0.004201703187068241,0.0004312902630199,-0.04579829681293176,0.0,significant
0.05,avg_shortestPathLength,0.0369821457609369,50,two_sample_t_p_value,50.0,4.0,,0.00020919024636403336,2.4724390484965247e-05,-0.04979080975363597,0.0,significant
0.05,avg_shortestPathLength,0.0369821457609369,50,two_sample_t_p_value,50.0,5.0,,7.4332122472325795e-06,9.493661305663304e-07,-0.04999256678775277,0.0,significant
0.05,avg_shortestPathLength,0.0369821457609369,50,two_sample_t_p_value,50.0,6.0,,2.1889394850799978e-07,2.8959125540172453e-08,-0.049999781106051494,0.0,significant
0.05,avg_shortestPathLength,0.0369821457609369,75,two_sample_t_p_value,75.0,0.5,,0.6185389578679419,0.0259158470918058,0.5685389578679418,3.26891381872243e-186,non-significant
0.05,avg_shortestPathLength,0.0369821457609369,75,two_sample_t_p_value,75.0,1.0,,0.3205260061237414,0.0177785388171272,0.2705260061237414,3.282527681681031e-112,non-significant
0.05,avg_shortestPathLength,0.0369821457609369,75,two_sample_t_p_value,75.0,2.0,,0.04912138289485513,0.0040830349924442,-0.0008786171051448702,0.4050973389867347,significant
0.05,avg_shortestPathLength,0.0369821457609369,75,two_sample_t_p_value,75.0,3.0,,0.0036630774411349812,0.000396460295759,-0.04633692255886502,0.0,significant
0.05,avg_shortestPathLength,0.0369821457609369,75,two_sample_t_p_value,75.0,4.0,,0.00014717180322168836,1.893388185146022e-05,-0.04985282819677832,0.0,significant
0.05,avg_shortestPathLength,0.0369821457609369,75,two_sample_t_p_value,75.0,5.0,,3.657912410473166e-06,5.257903014173448e-07,-0.04999634208758953,0.0,significant
0.05,avg_shortestPathLength,0.0369821457609369,75,two_sample_t_p_value,75.0,6.0,,6.480298590623212e-08,9.966424406778452e-09,-0.049999935197014095,0.0,significant
0.05,avg_shortestPathLength,0.0369821457609369,100,two_sample_t_p_value,100.0,0.5,,0.6181735658308866,0.0259468830357304,0.5681735658308865,1.1981011575638675e-185,non-significant
0.05,avg_shortestPathLength,0.0369821457609369,100,two_sample_t_p_value,100.0,1.0,,0.31972415578412333,0.0178080789889489,0.26972415578412334,3.5558177356550624e-111,non-significant
0.05,avg_shortestPathLength,0.0369821457609369,100,two_sample_t_p_value,100.0,2.0,,0.04821217873113365,0.0040612788997723,-0.0017878212688663547,0.3221736831875568,significant
0.05,avg_shortestPathLength,0.0369821457609369,100,two_sample_t_p_value,100.0,3.0,,0.0034079153433294465,0.0003791475931097,-0.04659208465667056,0.0,significant
0.05,avg_shortestPathLength,0.0369821457609369,100,two_sample_t_p_value,100.0,4.0,,0.00012152364430076177,1.6357540091362312e-05,-0.04987847635569924,0.0,significant
0.05,avg_shortestPathLength,0.0369821457609369,100,two_sample_t_p_value,100.0,5.0,,2.450173413503802e-06,3.7574290822147547e-07,-0.049997549826586496,0.0,significant
0.05,avg_shortestPathLength,0.0369821457609369,100,two_sample_t_p_value,100.0,6.0,,3.172491502802852e-08,5.310453087829183e-09,-0.049999968275084974,0.0,significant
0.05,avg_shortestPathLength,0.0369821457609369,300,two_sample_t_p_value,300.0,0.5,,0.617441622554225,0.026009090876601,0.5674416225542249,1.5968485640288188e-184,non-significant
0.05,avg_shortestPathLength,0.0369821457609369,300,two_sample_t_p_value,300.0,1.0,,0.31811640443062633,0.0178674059400941,0.26811640443062634,4.010440368132826e-109,non-significant
0.05,avg_shortestPathLength,0.0369821457609369,300,two_sample_t_p_value,300.0,2.0,,0.0464015209831491,0.0040164721345611,-0.0035984790168509043,0.18355107472626597,significant
0.05,avg_shortestPathLength,0.0369821457609369,300,two_sample_t_p_value,300.0,3.0,,0.0029262198640661076,0.0003448005405035,-0.0470737801359339,0.0,significant
0.05,avg_shortestPathLength,0.0369821457609369,300,two_sample_t_p_value,300.0,4.0,,7.984004483719462e-05,1.1841675540096395e-05,-0.04992015995516281,0.0,significant
0.05,avg_shortestPathLength,0.0369821457609369,300,two_sample_t_p_value,300.0,5.0,,9.769154730247779e-07,1.7293116373694867e-07,-0.04999902308452698,0.0,significant
0.05,avg_shortestPathLength,0.0369821457609369,300,two_sample_t_p_value,300.0,6.0,,5.676439092359154e-09,1.1541382758537643e-09,-0.04999999432356091,0.0,significant
0.05,avg_shortestPathLength,0.0369821457609369,500,two_sample_t_p_value,500.0,0.5,,0.6172950500946657,0.0260215541130242,0.5672950500946656,2.6771357453601483e-184,non-significant
0.05,avg_shortestPathLength,0.0369821457609369,500,two_sample_t_p_value,500.0,1.0,,0.3177942072606085,0.0178793109202756,0.2677942072606085,1.0253935483888123e-108,non-significant
0.05,avg_shortestPathLength,0.0369821457609369,500,two_sample_t_p_value,500.0,2.0,,0.046040682769031456,0.0040072988054973,-0.003959317230968547,0.1611983632881211,significant
0.05,avg_shortestPathLength,0.0369821457609369,500,two_sample_t_p_value,500.0,3.0,,0.002834491812851143,0.0003379843811172,-0.04716550818714886,0.0,significant
0.05,avg_shortestPathLength,0.0369821457609369,500,two_sample_t_p_value,500.0,4.0,,7.291606940371305e-05,1.1039536734099908e-05,-0.04992708393059629,0.0,significant
0.05,avg_shortestPathLength,0.0369821457609369,500,two_sample_t_p_value,500.0,5.0,,7.94641504790956e-07,1.451428355610287e-07,-0.04999920535849521,0.0,significant
0.05,avg_shortestPathLength,0.0369821457609369,500,two_sample_t_p_value,500.0,6.0,,3.790442338479296e-09,8.052324877149566e-10,-0.04999999620955766,0.0,significant
0.05,avg_shortestPathLength,0.0369821457609369,1000,two_sample_t_p_value,1000.0,0.5,,0.6171850808338747,0.0260309062655329,0.5671850808338746,3.943259276586812e-184,non-significant
0.05,avg_shortestPathLength,0.0369821457609369,1000,two_sample_t_p_value,1000.0,1.0,,0.31755241808467255,0.0178882483389461,0.26755241808467256,2.0704404950892737e-108,non-significant
0.05,avg_shortestPathLength,0.0369821457609369,1000,two_sample_t_p_value,1000.0,2.0,,0.04577034649325166,0.0040003715774673,-0.0042296535067483446,0.1456732661332819,significant
0.05,avg_shortestPathLength,0.0369821457609369,1000,two_sample_t_p_value,1000.0,3.0,,0.0027667090442381925,0.0003328855106947,-0.04723329095576181,0.0,significant
0.05,avg_shortestPathLength,0.0369821457609369,1000,two_sample_t_p_value,1000.0,4.0,,6.800991920878163e-05,1.04597851977161e-05,-0.04993199008079122,0.0,significant
0.05,avg_shortestPathLength,0.0369821457609369,1000,two_sample_t_p_value,1000.0,5.0,,6.767256364648635e-07,1.2662777191367316e-07,-0.04999932327436354,0.0,significant
0.05,avg_shortestPathLength,0.0369821457609369,1000,two_sample_t_p_value,1000.0,6.0,,2.7553691733774752e-09,6.057117682420645e-10,-0.04999999724463083,0.0,significant
0.1,avg_shortestPathLength,0.0315639250336682,30,two_sample_t_p_value,30.0,0.5,,0.6207230048851272,0.021960826820763,0.5707230048851272,1.1872622188877573e-259,non-significant
0.1,avg_shortestPathLength,0.0315639250336682,30,two_sample_t_p_value,30.0,1.0,,0.3253086154260302,0.0150240080311829,0.2753086154260302,5.402013496383323e-162,non-significant
0.1,avg_shortestPathLength,0.0315639250336682,30,two_sample_t_p_value,30.0,2.0,,0.054625044962983094,0.0035889618951664,0.004625044962983091,0.0961570647495726,non-significant
0.1,avg_shortestPathLength,0.0315639250336682,30,two_sample_t_p_value,30.0,3.0,,0.005389964065651945,0.0004279476566324,-0.044610035934348057,0.0,significant
0.1,avg_shortestPathLength,0.0315639250336682,30,two_sample_t_p_value,30.0,4.0,,0.0003818456360837564,3.312422076464839e-05,-0.04961815436391625,0.0,significant
0.1,avg_shortestPathLength,0.0315639250336682,30,two_sample_t_p_value,30.0,5.0,,2.32966854670078e-05,2.0762056776761926e-06,-0.049976703314532994,0.0,significant
0.1,avg_shortestPathLength,0.0315639250336682,30,two_sample_t_p_value,30.0,6.0,,1.3942768767204764e-06,1.230158468308718e-07,-0.049998605723123285,0.0,significant
0.1,avg_shortestPathLength,0.0315639250336682,50,two_sample_t_p_value,50.0,0.5,,0.6192685675117714,0.0220660786711036,0.5692685675117714,1.5829784010965585e-256,non-significant
0.1,avg_shortestPathLength,0.0315639250336682,50,two_sample_t_p_value,50.0,1.0,,0.32212564510024433,0.0151236060861134,0.27212564510024434,3.5854249940280105e-156,non-significant
0.1,avg_shortestPathLength,0.0315639250336682,50,two_sample_t_p_value,50.0,2.0,,0.05094706873769324,0.0035209022829814,0.0009470687376932352,0.4018003332340674,non-significant
0.1,avg_shortestPathLength,0.0315639250336682,50,two_sample_t_p_value,50.0,3.0,,0.004201703187068241,0.0003681023166614,-0.04579829681293176,0.0,significant
0.1,avg_shortestPathLength,0.0315639250336682,50,two_sample_t_p_value,50.0,4.0,,0.00020919024636403336,2.110204239676362e-05,-0.04979080975363597,0.0,significant
0.1,avg_shortestPathLength,0.0315639250336682,50,two_sample_t_p_value,50.0,5.0,,7.4332122472325795e-06,8.102753574226398e-07,-0.04999256678775277,0.0,significant
0.1,avg_shortestPathLength,0.0315639250336682,50,two_sample_t_p_value,50.0,6.0,,2.1889394850799978e-07,2.471635024910011e-08,-0.049999781106051494,0.0,significant
0.1,avg_shortestPathLength,0.0315639250336682,75,two_sample_t_p_value,75.0,0.5,,0.6185389578679419,0.0221189397737381,0.5685389578679418,5.658352092031725e-255,non-significant
0.1,avg_shortestPathLength,0.0315639250336682,75,two_sample_t_p_value,75.0,1.0,,0.3205260061237414,0.015173821174668,0.2705260061237414,2.6193339397759337e-153,non-significant
0.1,avg_shortestPathLength,0.0315639250336682,75,two_sample_t_p_value,75.0,2.0,,0.04912138289485513,0.0034848332285652,-0.0008786171051448702,0.3924007224729087,significant
0.1,avg_shortestPathLength,0.0315639250336682,75,two_sample_t_p_value,75.0,3.0,,0.0036630774411349812,0.0003383752564023,-0.04633692255886502,0.0,significant
0.1,avg_shortestPathLength,0.0315639250336682,75,two_sample_t_p_value,75.0,4.0,,0.00014717180322168836,1.6159895945980423e-05,-0.04985282819677832,0.0,significant
0.1,avg_shortestPathLength,0.0315639250336682,75,two_sample_t_p_value,75.0,5.0,,3.657912410473166e-06,4.4875723990295686e-07,-0.04999634208758953,0.0,significant
0.1,avg_shortestPathLength,0.0315639250336682,75,two_sample_t_p_value,75.0,6.0,,6.480298590623212e-08,8.506252580983461e-09,-0.049999935197014095,0.0,significant
0.1,avg_shortestPathLength,0.0315639250336682,100,two_sample_t_p_value,100.0,0.5,,0.6181735658308866,0.0221454286695884,0.5681735658308865,3.364871630840428e-254,non-significant
0.1,avg_shortestPathLength,0.0315639250336682,100,two_sample_t_p_value,100.0,1.0,,0.31972415578412333,0.0151990334426334,0.26972415578412334,6.889549747832444e-152,non-significant
0.1,avg_shortestPathLength,0.0315639250336682,100,two_sample_t_p_value,100.0,2.0,,0.04821217873113365,0.0034662646013535,-0.0017878212688663547,0.29720837036396497,significant
0.1,avg_shortestPathLength,0.0315639250336682,100,two_sample_t_p_value,100.0,3.0,,0.0034079153433294465,0.0003235990221597,-0.04659208465667056,0.0,significant
0.1,avg_shortestPathLength,0.0315639250336682,100,two_sample_t_p_value,100.0,4.0,,0.00012152364430076177,1.396101168700553e-05,-0.04987847635569924,0.0,significant
0.1,avg_shortestPathLength,0.0315639250336682,100,two_sample_t_p_value,100.0,5.0,,2.450173413503802e-06,3.20693154575211e-07,-0.049997549826586496,0.0,significant
0.1,avg_shortestPathLength,0.0315639250336682,100,two_sample_t_p_value,100.0,6.0,,3.172491502802852e-08,4.532423408922439e-09,-0.049999968275084974,0.0,significant
0.1,avg_shortestPathLength,0.0315639250336682,300,two_sample_t_p_value,300.0,0.5,,0.617441622554225,0.0221985224959564,0.5674416225542249,1.1771839919494776e-252,non-significant
0.1,avg_shortestPathLength,0.0315639250336682,300,two_sample_t_p_value,300.0,1.0,,0.31811640443062633,0.0152496684558241,0.26811640443062634,4.513964761089179e-149,non-significant
0.1,avg_shortestPathLength,0.0315639250336682,300,two_sample_t_p_value,300.0,2.0,,0.0464015209831491,0.0034280224347883,-0.0035984790168509043,0.14729040173592667,significant
0.1,avg_shortestPathLength,0.0315639250336682,300,two_sample_t_p_value,300.0,3.0,,0.0029262198640661076,0.000294284125166,-0.0470737801359339,0.0,significant
0.1,avg_shortestPathLength,0.0315639250336682,300,two_sample_t_p_value,300.0,4.0,,7.984004483719462e-05,1.0106762366812868e-05,-0.04992015995516281,0.0,significant
0.1,avg_shortestPathLength,0.0315639250336682,300,two_sample_t_p_value,300.0,5.0,,9.769154730247779e-07,1.4759517534387022e-07,-0.04999902308452698,0.0,significant
0.1,avg_shortestPathLength,0.0315639250336682,300,two_sample_t_p_value,300.0,6.0,,5.676439092359154e-09,9.850465209083207e-10,-0.04999999432356091,0.0,significant
0.1,avg_shortestPathLength,0.0315639250336682,500,two_sample_t_p_value,500.0,0.5,,0.6172950500946657,0.0222091597548835,0.5672950500946656,2.392588556309577e-252,non-significant
0.1,avg_shortestPathLength,0.0315639250336682,500,two_sample_t_p_value,500.0,1.0,,0.3177942072606085,0.0152598292481265,0.2677942072606085,1.637014468416781e-148,non-significant
0.1,avg_shortestPathLength,0.0315639250336682,500,two_sample_t_p_value,500.0,2.0,,0.046040682769031456,0.0034201930818689,-0.003959317230968547,0.12491558598530861,significant
0.1,avg_shortestPathLength,0.0315639250336682,500,two_sample_t_p_value,500.0,3.0,,0.002834491812851143,0.0002884665951266,-0.04716550818714886,0.0,significant
0.1,avg_shortestPathLength,0.0315639250336682,500,two_sample_t_p_value,500.0,4.0,,7.291606940371305e-05,9.42214419179576e-06,-0.04992708393059629,0.0,significant
0.1,avg_shortestPathLength,0.0315639250336682,500,two_sample_t_p_value,500.0,5.0,,7.94641504790956e-07,1.2387808999610304e-07,-0.04999920535849521,0.0,significant
0.1,avg_shortestPathLength,0.0315639250336682,500,two_sample_t_p_value,500.0,6.0,,3.790442338479296e-09,6.872586042250554e-10,-0.04999999620955766,0.0,significant
0.1,avg_shortestPathLength,0.0315639250336682,1000,two_sample_t_p_value,1000.0,0.5,,0.6171850808338747,0.0222171417319866,0.5671850808338746,4.071186109759087e-252,non-significant
0.1,avg_shortestPathLength,0.0315639250336682,1000,two_sample_t_p_value,1000.0,1.0,,0.31755241808467255,0.015267457253671,0.26755241808467256,4.2938512017546046e-148,non-significant
0.1,avg_shortestPathLength,0.0315639250336682,1000,two_sample_t_p_value,1000.0,2.0,,0.04577034649325166,0.0034142807557523,-0.0042296535067483446,0.10979411692190577,significant
0.1,avg_shortestPathLength,0.0315639250336682,1000,two_sample_t_p_value,1000.0,3.0,,0.0027667090442381925,0.0002841147555981,-0.04723329095576181,0.0,significant
0.1,avg_shortestPathLength,0.0315639250336682,1000,two_sample_t_p_value,1000.0,4.0,,6.800991920878163e-05,8.927331528656527e-06,-0.04993199008079122,0.0,significant
0.1,avg_shortestPathLength,0.0315639250336682,1000,two_sample_t_p_value,1000.0,5.0,,6.767256364648635e-07,1.0807565157794021e-07,-0.04999932327436354,0.0,significant
0.1,avg_shortestPathLength,0.0315639250336682,1000,two_sample_t_p_value,1000.0,6.0,,2.7553691733774752e-09,5.169694849074324e-10,-0.04999999724463083,0.0,significant
0.2,avg_shortestPathLength,0.0314671525049664,30,two_sample_t_p_value,30.0,0.5,,0.6207230048851272,0.021893496641086,0.5707230048851272,3.0627578153809183e-261,non-significant
0.2,avg_shortestPathLength,0.0314671525049664,30,two_sample_t_p_value,30.0,1.0,,0.3253086154260302,0.0149779455960814,0.2753086154260302,5.584934169923047e-163,non-significant
0.2,avg_shortestPathLength,0.0314671525049664,30,two_sample_t_p_value,30.0,2.0,,0.054625044962983094,0.0035779584183289,0.004625044962983091,0.0954531904577851,non-significant
0.2,avg_shortestPathLength,0.0314671525049664,30,two_sample_t_p_value,30.0,3.0,,0.005389964065651945,0.000426635602544,-0.044610035934348057,0.0,significant
0.2,avg_shortestPathLength,0.0314671525049664,30,two_sample_t_p_value,30.0,4.0,,0.0003818456360837564,3.302266449110977e-05,-0.04961815436391625,0.0,significant
0.2,avg_shortestPathLength,0.0314671525049664,30,two_sample_t_p_value,30.0,5.0,,2.32966854670078e-05,2.0698401932404185e-06,-0.049976703314532994,0.0,significant
0.2,avg_shortestPathLength,0.0314671525049664,30,two_sample_t_p_value,30.0,6.0,,1.3942768767204764e-06,1.226386898532298e-07,-0.049998605723123285,0.0,significant
0.2,avg_shortestPathLength,0.0314671525049664,50,two_sample_t_p_value,50.0,0.5,,0.6192685675117714,0.0219984257974747,0.5692685675117714,4.26859344133822e-258,non-significant
0.2,avg_shortestPathLength,0.0314671525049664,50,two_sample_t_p_value,50.0,1.0,,0.32212564510024433,0.015077238291155,0.27212564510024434,4.0256641079467476e-157,non-significant
0.2,avg_shortestPathLength,0.0314671525049664,50,two_sample_t_p_value,50.0,2.0,,0.05094706873769324,0.0035101074715987,0.0009470687376932352,0.40145253759161226,non-significant
0.2,avg_shortestPathLength,0.0314671525049664,50,two_sample_t_p_value,50.0,3.0,,0.004201703187068241,0.0003669737437109,-0.04579829681293176,0.0,significant
0.2,avg_shortestPathLength,0.0314671525049664,50,two_sample_t_p_value,50.0,4.0,,0.00020919024636403336,2.103734518305116e-05,-0.04979080975363597,0.0,significant
0.2,avg_shortestPathLength,0.0314671525049664,50,two_sample_t_p_value,50.0,5.0,,7.4332122472325795e-06,8.077911164672167e-07,-0.04999256678775277,0.0,significant
0.2,avg_shortestPathLength,0.0314671525049664,50,two_sample_t_p_value,50.0,6.0,,2.1889394850799978e-07,2.46405718498252e-08,-0.049999781106051494,0.0,significant
0.2,avg_shortestPathLength,0.0314671525049664,75,two_sample_t_p_value,75.0,0.5,,0.6185389578679419,0.0220511248320975,0.5685389578679418,1.559784793467097e-256,non-significant
0.2,avg_shortestPathLength,0.0314671525049664,75,two_sample_t_p_value,75.0,1.0,,0.3205260061237414,0.0151272994241704,0.2705260061237414,3.062761195104546e-154,non-significant
0.2,avg_shortestPathLength,0.0314671525049664,75,two_sample_t_p_value,75.0,2.0,,0.04912138289485513,0.003474149002086,-0.0008786171051448702,0.3921307592301221,significant
0.2,avg_shortestPathLength,0.0314671525049664,75,two_sample_t_p_value,75.0,3.0,,0.0036630774411349812,0.0003373378242966,-0.04633692255886502,0.0,significant
0.2,avg_shortestPathLength,0.0314671525049664,75,two_sample_t_p_value,75.0,4.0,,0.00014717180322168836,1.611035096725606e-05,-0.04985282819677832,0.0,significant
0.2,avg_shortestPathLength,0.0314671525049664,75,two_sample_t_p_value,75.0,5.0,,3.657912410473166e-06,4.473813852577462e-07,-0.04999634208758953,0.0,significant
0.2,avg_shortestPathLength,0.0314671525049664,75,two_sample_t_p_value,75.0,6.0,,6.480298590623212e-08,8.480173074991734e-09,-0.049999935197014095,0.0,significant
0.2,avg_shortestPathLength,0.0314671525049664,100,two_sample_t_p_value,100.0,0.5,,0.6181735658308866,0.0220775325150622,0.5681735658308865,9.378023582990773e-256,non-significant
0.2,avg_shortestPathLength,0.0314671525049664,100,two_sample_t_p_value,100.0,1.0,,0.31972415578412333,0.0151524343932916,0.26972415578412334,8.219641677870071e-153,non-significant
0.2,avg_shortestPathLength,0.0314671525049664,100,two_sample_t_p_value,100.0,2.0,,0.04821217873113365,0.003455637304835,-0.0017878212688663547,0.296689708588488,significant
0.2,avg_shortestPathLength,0.0314671525049664,100,two_sample_t_p_value,100.0,3.0,,0.0034079153433294465,0.0003226068928341,-0.04659208465667056,0.0,significant
0.2,avg_shortestPathLength,0.0314671525049664,100,two_sample_t_p_value,100.0,4.0,,0.00012152364430076177,1.3918208315664804e-05,-0.04987847635569924,0.0,significant
0.2,avg_shortestPathLength,0.0314671525049664,100,two_sample_t_p_value,100.0,5.0,,2.450173413503802e-06,3.197099344125571e-07,-0.049997549826586496,0.0,significant
0.2,avg_shortestPathLength,0.0314671525049664,100,two_sample_t_p_value,100.0,6.0,,3.172491502802852e-08,4.518527352777305e-09,-0.049999968275084974,0.0,significant
0.2,avg_shortestPathLength,0.0314671525049664,300,two_sample_t_p_value,300.0,0.5,,0.617441622554225,0.0221304635599057,0.5674416225542249,3.3534708614762203e-254,non-significant
0.2,avg_shortestPathLength,0.0314671525049664,300,two_sample_t_p_value,300.0,1.0,,0.31811640443062633,0.0152029141634869,0.26811640443062634,5.604721833026534e-150,non-significant
0.2,avg_shortestPathLength,0.0314671525049664,300,two_sample_t_p_value,300.0,2.0,,0.0464015209831491,0.0034175123857654,-0.0035984790168509043,0.14658176817449498,significant
0.2,avg_shortestPathLength,0.0314671525049664,300,two_sample_t_p_value,300.0,3.0,,0.0029262198640661076,0.0002933818730247,-0.0470737801359339,0.0,significant
0.2,avg_shortestPathLength,0.0314671525049664,300,two_sample_t_p_value,300.0,4.0,,7.984004483719462e-05,1.0075775822833264e-05,-0.04992015995516281,0.0,significant
0.2,avg_shortestPathLength,0.0314671525049664,300,two_sample_t_p_value,300.0,5.0,,9.769154730247779e-07,1.4714266006489346e-07,-0.04999902308452698,0.0,significant
0.2,avg_shortestPathLength,0.0314671525049664,300,two_sample_t_p_value,300.0,6.0,,5.676439092359154e-09,9.820264452169887e-10,-0.04999999432356091,0.0,significant
0.2,avg_shortestPathLength,0.0314671525049664,500,two_sample_t_p_value,500.0,0.5,,0.6172950500946657,0.0221410682058278,0.5672950500946656,6.845655726423732e-254,non-significant
0.2,avg_shortestPathLength,0.0314671525049664,500,two_sample_t_p_value,500.0,1.0,,0.3177942072606085,0.0152130438035938,0.2677942072606085,2.0487637779301537e-149,non-significant
0.2,avg_shortestPathLength,0.0314671525049664,500,two_sample_t_p_value,500.0,2.0,,0.046040682769031456,0.0034097070370304,-0.003959317230968547,0.12421809542316486,significant
0.2,avg_shortestPathLength,0.0314671525049664,500,two_sample_t_p_value,500.0,3.0,,0.002834491812851143,0.000287582179078,-0.04716550818714886,0.0,significant
0.2,avg_shortestPathLength,0.0314671525049664,500,two_sample_t_p_value,500.0,4.0,,7.291606940371305e-05,9.39325663366538e-06,-0.04992708393059629,0.0,significant
0.2,avg_shortestPathLength,0.0314671525049664,500,two_sample_t_p_value,500.0,5.0,,7.94641504790956e-07,1.2349828944826606e-07,-0.04999920535849521,0.0,significant
0.2,avg_shortestPathLength,0.0314671525049664,500,two_sample_t_p_value,500.0,6.0,,3.790442338479296e-09,6.851515230261239e-10,-0.04999999620955766,0.0,significant
0.2,avg_shortestPathLength,0.0314671525049664,1000,two_sample_t_p_value,1000.0,0.5,,0.6171850808338747,0.0221490257108126,0.5671850808338746,1.1686638399133109e-253,non-significant
0.2,avg_shortestPathLength,0.0314671525049664,1000,two_sample_t_p_value,1000.0,1.0,,0.31755241808467255,0.0152206484222691,0.26755241808467256,5.40584847397159e-149,non-significant
0.2,avg_shortestPathLength,0.0314671525049664,1000,two_sample_t_p_value,1000.0,2.0,,0.04577034649325166,0.0034038128376439,-0.0042296535067483446,0.10911352895748627,significant
0.2,avg_shortestPathLength,0.0314671525049664,1000,two_sample_t_p_value,1000.0,3.0,,0.0027667090442381925,0.0002832436819496,-0.04723329095576181,0.0,significant
0.2,avg_shortestPathLength,0.0314671525049664,1000,two_sample_t_p_value,1000.0,4.0,,6.800991920878163e-05,8.89996102750162e-06,-0.04993199008079122,0.0,significant
0.2,avg_shortestPathLength,0.0314671525049664,1000,two_sample_t_p_value,1000.0,5.0,,6.767256364648635e-07,1.0774430007196825e-07,-0.04999932327436354,0.0,significant
0.2,avg_shortestPathLength,0.0314671525049664,1000,two_sample_t_p_value,1000.0,6.0,,2.7553691733774752e-09,5.15384496847082e-10,-0.04999999724463083,0.0,significant
0.3,avg_shortestPathLength,0.0247493378416399,30,two_sample_t_p_value,30.0,0.5,,0.6207230048851272,0.0172195289935918,0.5707230048851272,0.0,non-significant
0.3,avg_shortestPathLength,0.0247493378416399,30,two_sample_t_p_value,30.0,1.0,,0.3253086154260302,0.0117803552664199,0.2753086154260302,3.396121979084861e-262,non-significant
0.3,avg_shortestPathLength,0.0247493378416399,30,two_sample_t_p_value,30.0,2.0,,0.054625044962983094,0.0028141123244178,0.004625044962983091,0.047155848980733474,non-significant
0.3,avg_shortestPathLength,0.0247493378416399,30,two_sample_t_p_value,30.0,3.0,,0.005389964065651945,0.0003355546283054,-0.044610035934348057,0.0,significant
0.3,avg_shortestPathLength,0.0247493378416399,30,two_sample_t_p_value,30.0,4.0,,0.0003818456360837564,2.5972768899016524e-05,-0.04961815436391625,0.0,significant
0.3,avg_shortestPathLength,0.0247493378416399,30,two_sample_t_p_value,30.0,5.0,,2.32966854670078e-05,1.6279570962967573e-06,-0.049976703314532994,0.0,significant
0.3,avg_shortestPathLength,0.0247493378416399,30,two_sample_t_p_value,30.0,6.0,,1.3942768767204764e-06,9.645697579895847e-08,-0.049998605723123285,0.0,significant
0.3,avg_shortestPathLength,0.0247493378416399,50,two_sample_t_p_value,50.0,0.5,,0.6192685675117714,0.0173020571835987,0.5692685675117714,0.0,non-significant
0.3,avg_shortestPathLength,0.0247493378416399,50,two_sample_t_p_value,50.0,1.0,,0.32212564510024433,0.0118584503039419,0.27212564510024434,9.940767020888045e-253,non-significant
0.3,avg_shortestPathLength,0.0247493378416399,50,two_sample_t_p_value,50.0,2.0,,0.05094706873769324,0.0027607466440235,0.0009470687376932352,0.3714860245351431,non-significant
0.3,avg_shortestPathLength,0.0247493378416399,50,two_sample_t_p_value,50.0,3.0,,0.004201703187068241,0.0002886297754676,-0.04579829681293176,0.0,significant
0.3,avg_shortestPathLength,0.0247493378416399,50,two_sample_t_p_value,50.0,4.0,,0.00020919024636403336,1.6546154379375573e-05,-0.04979080975363597,0.0,significant
0.3,avg_shortestPathLength,0.0247493378416399,50,two_sample_t_p_value,50.0,5.0,,7.4332122472325795e-06,6.353385564126682e-07,-0.04999256678775277,0.0,significant
0.3,avg_shortestPathLength,0.0247493378416399,50,two_sample_t_p_value,50.0,6.0,,2.1889394850799978e-07,1.9380140520381564e-08,-0.049999781106051494,0.0,significant
0.3,avg_shortestPathLength,0.0247493378416399,75,two_sample_t_p_value,75.0,0.5,,0.6185389578679419,0.0173435056817302,0.5685389578679418,0.0,non-significant
0.3,avg_shortestPathLength,0.0247493378416399,75,two_sample_t_p_value,75.0,1.0,,0.3205260061237414,0.0118978240570496,0.2705260061237414,4.50413240910163e-248,non-significant
0.3,avg_shortestPathLength,0.0247493378416399,75,two_sample_t_p_value,75.0,2.0,,0.04912138289485513,0.0027324648250664,-0.0008786171051448702,0.36795564585443874,significant
0.3,avg_shortestPathLength,0.0247493378416399,75,two_sample_t_p_value,75.0,3.0,,0.0036630774411349812,0.0002653207270331,-0.04633692255886502,0.0,significant
0.3,avg_shortestPathLength,0.0247493378416399,75,two_sample_t_p_value,75.0,4.0,,0.00014717180322168836,1.2671007291590208e-05,-0.04985282819677832,0.0,significant
0.3,avg_shortestPathLength,0.0247493378416399,75,two_sample_t_p_value,75.0,5.0,,3.657912410473166e-06,3.518714648888959e-07,-0.04999634208758953,0.0,significant
0.3,avg_shortestPathLength,0.0247493378416399,75,two_sample_t_p_value,75.0,6.0,,6.480298590623212e-08,6.669769956319497e-09,-0.049999935197014095,0.0,significant
0.3,avg_shortestPathLength,0.0247493378416399,100,two_sample_t_p_value,100.0,0.5,,0.6181735658308866,0.0173642756788631,0.5681735658308865,0.0,non-significant
0.3,avg_shortestPathLength,0.0247493378416399,100,two_sample_t_p_value,100.0,1.0,,0.31972415578412333,0.0119175930476604,0.26972415578412334,9.17205942860835e-246,non-significant
0.3,avg_shortestPathLength,0.0247493378416399,100,two_sample_t_p_value,100.0,2.0,,0.04821217873113365,0.0027179051266884,-0.0017878212688663547,0.25208187743175925,significant
0.3,avg_shortestPathLength,0.0247493378416399,100,two_sample_t_p_value,100.0,3.0,,0.0034079153433294465,0.0002537346516985,-0.04659208465667056,0.0,significant
0.3,avg_shortestPathLength,0.0247493378416399,100,two_sample_t_p_value,100.0,4.0,,0.00012152364430076177,1.09468576700845e-05,-0.04987847635569924,0.0,significant
0.3,avg_shortestPathLength,0.0247493378416399,100,two_sample_t_p_value,100.0,5.0,,2.450173413503802e-06,2.514561550129481e-07,-0.049997549826586496,0.0,significant
0.3,avg_shortestPathLength,0.0247493378416399,100,two_sample_t_p_value,100.0,6.0,,3.172491502802852e-08,3.553882417003772e-09,-0.049999968275084974,0.0,significant
0.3,avg_shortestPathLength,0.0247493378416399,300,two_sample_t_p_value,300.0,0.5,,0.617441622554225,0.0174059066561476,0.5674416225542249,0.0,non-significant
0.3,avg_shortestPathLength,0.0247493378416399,300,two_sample_t_p_value,300.0,1.0,,0.31811640443062633,0.0119572960645296,0.26811640443062634,3.481184534127247e-241,non-significant
0.3,avg_shortestPathLength,0.0247493378416399,300,two_sample_t_p_value,300.0,2.0,,0.0464015209831491,0.0026879193660738,-0.0035984790168509043,0.09252317840911461,significant
0.3,avg_shortestPathLength,0.0247493378416399,300,two_sample_t_p_value,300.0,3.0,,0.0029262198640661076,0.0002307487813191,-0.0470737801359339,0.0,significant
0.3,avg_shortestPathLength,0.0247493378416399,300,two_sample_t_p_value,300.0,4.0,,7.984004483719462e-05,7.92473293592645e-06,-0.04992015995516281,0.0,significant
0.3,avg_shortestPathLength,0.0247493378416399,300,two_sample_t_p_value,300.0,5.0,,9.769154730247779e-07,1.1572967729726621e-07,-0.04999902308452698,0.0,significant
0.3,avg_shortestPathLength,0.0247493378416399,300,two_sample_t_p_value,300.0,6.0,,5.676439092359154e-09,7.72376981306586e-10,-0.04999999432356091,0.0,significant
0.3,avg_shortestPathLength,0.0247493378416399,500,two_sample_t_p_value,500.0,0.5,,0.6172950500946657,0.0174142473525158,0.5672950500946656,0.0,non-significant
0.3,avg_shortestPathLength,0.0247493378416399,500,two_sample_t_p_value,500.0,1.0,,0.3177942072606085,0.011965263162448,0.2677942072606085,2.8276802327035665e-240,non-significant
0.3,avg_shortestPathLength,0.0247493378416399,500,two_sample_t_p_value,500.0,2.0,,0.046040682769031456,0.0026817803545193,-0.003959317230968547,0.07266594183044706,significant
0.3,avg_shortestPathLength,0.0247493378416399,500,two_sample_t_p_value,500.0,3.0,,0.002834491812851143,0.0002261872441783,-0.04716550818714886,0.0,significant
0.3,avg_shortestPathLength,0.0247493378416399,500,two_sample_t_p_value,500.0,4.0,,7.291606940371305e-05,7.387922431911124e-06,-0.04992708393059629,0.0,significant
0.3,avg_shortestPathLength,0.0247493378416399,500,two_sample_t_p_value,500.0,5.0,,7.94641504790956e-07,9.713306241921213e-08,-0.04999920535849521,0.0,significant
0.3,avg_shortestPathLength,0.0247493378416399,500,two_sample_t_p_value,500.0,6.0,,3.790442338479296e-09,5.388808699297262e-10,-0.04999999620955766,0.0,significant
0.3,avg_shortestPathLength,0.0247493378416399,1000,two_sample_t_p_value,1000.0,0.5,,0.6171850808338747,0.0174205060370032,0.5671850808338746,0.0,non-significant
0.3,avg_shortestPathLength,0.0247493378416399,1000,two_sample_t_p_value,1000.0,1.0,,0.31755241808467255,0.0119712442971161,0.26755241808467256,1.356323588645158e-239,non-significant
0.3,avg_shortestPathLength,0.0247493378416399,1000,two_sample_t_p_value,1000.0,2.0,,0.04577034649325166,0.0026771444875816,-0.0042296535067483446,0.06006717065825584,significant
0.3,avg_shortestPathLength,0.0247493378416399,1000,two_sample_t_p_value,1000.0,3.0,,0.0027667090442381925,0.0002227749579494,-0.04723329095576181,0.0,significant
0.3,avg_shortestPathLength,0.0247493378416399,1000,two_sample_t_p_value,1000.0,4.0,,6.800991920878163e-05,6.999938815954246e-06,-0.04993199008079122,0.0,significant
0.3,avg_shortestPathLength,0.0247493378416399,1000,two_sample_t_p_value,1000.0,5.0,,6.767256364648635e-07,8.474233830249828e-08,-0.04999932327436354,0.0,significant
0.3,avg_shortestPathLength,0.0247493378416399,1000,two_sample_t_p_value,1000.0,6.0,,2.7553691733774752e-09,4.0535682498754406e-10,-0.04999999724463083,0.0,significant
0.4,avg_shortestPathLength,0.029665759311191,30,two_sample_t_p_value,30.0,0.5,,0.6207230048851272,0.0206401644296324,0.5707230048851272,1.0535305030946553e-293,non-significant
0.4,avg_shortestPathLength,0.029665759311191,30,two_sample_t_p_value,30.0,1.0,,0.3253086154260302,0.0141205064220328,0.2753086154260302,4.034718262752644e-183,non-significant
0.4,avg_shortestPathLength,0.029665759311191,30,two_sample_t_p_value,30.0,2.0,,0.054625044962983094,0.0033731318156876,0.004625044962983091,0.08229543471950482,non-significant
0.4,avg_shortestPathLength,0.029665759311191,30,two_sample_t_p_value,30.0,3.0,,0.005389964065651945,0.0004022120875621,-0.044610035934348057,0.0,significant
0.4,avg_shortestPathLength,0.029665759311191,30,two_sample_t_p_value,30.0,4.0,,0.0003818456360837564,3.113222324304244e-05,-0.04961815436391625,0.0,significant
0.4,avg_shortestPathLength,0.029665759311191,30,two_sample_t_p_value,30.0,5.0,,2.32966854670078e-05,1.951348504622658e-06,-0.049976703314532994,0.0,significant
0.4,avg_shortestPathLength,0.029665759311191,30,two_sample_t_p_value,30.0,6.0,,1.3942768767204764e-06,1.1561801961113297e-07,-0.049998605723123285,0.0,significant
0.4,avg_shortestPathLength,0.029665759311191,50,two_sample_t_p_value,50.0,0.5,,0.6192685675117714,0.0207390867295661,0.5692685675117714,3.6318883843036235e-290,non-significant
0.4,avg_shortestPathLength,0.029665759311191,50,two_sample_t_p_value,50.0,1.0,,0.32212564510024433,0.0142141149299188,0.27212564510024434,1.5704857235010906e-176,non-significant
0.4,avg_shortestPathLength,0.029665759311191,50,two_sample_t_p_value,50.0,2.0,,0.05094706873769324,0.0033091651172576,0.0009470687376932352,0.3946114036326354,non-significant
0.4,avg_shortestPathLength,0.029665759311191,50,two_sample_t_p_value,50.0,3.0,,0.004201703187068241,0.0003459656781063,-0.04579829681293176,0.0,significant
0.4,avg_shortestPathLength,0.029665759311191,50,two_sample_t_p_value,50.0,4.0,,0.00020919024636403336,1.9833024886771695e-05,-0.04979080975363597,0.0,significant
0.4,avg_shortestPathLength,0.029665759311191,50,two_sample_t_p_value,50.0,5.0,,7.4332122472325795e-06,7.615476751845454e-07,-0.04999256678775277,0.0,significant
0.4,avg_shortestPathLength,0.029665759311191,50,two_sample_t_p_value,50.0,6.0,,2.1889394850799978e-07,2.3229978425014888e-08,-0.049999781106051494,0.0,significant
0.4,avg_shortestPathLength,0.029665759311191,75,two_sample_t_p_value,75.0,0.5,,0.6185389578679419,0.0207887689140854,0.5685389578679418,2.081633556475131e-288,non-significant
0.4,avg_shortestPathLength,0.029665759311191,75,two_sample_t_p_value,75.0,1.0,,0.3205260061237414,0.0142613102242069,0.2705260061237414,2.7387014962630144e-173,non-significant
0.4,avg_shortestPathLength,0.029665759311191,75,two_sample_t_p_value,75.0,2.0,,0.04912138289485513,0.0032752651543806,-0.0008786171051448702,0.3867634973381402,significant
0.4,avg_shortestPathLength,0.029665759311191,75,two_sample_t_p_value,75.0,3.0,,0.0036630774411349812,0.0003180263196857,-0.04633692255886502,0.0,significant
0.4,avg_shortestPathLength,0.029665759311191,75,two_sample_t_p_value,75.0,4.0,,0.00014717180322168836,1.5188085230718007e-05,-0.04985282819677832,0.0,significant
0.4,avg_shortestPathLength,0.029665759311191,75,two_sample_t_p_value,75.0,5.0,,3.657912410473166e-06,4.217702409923756e-07,-0.04999634208758953,0.0,significant
0.4,avg_shortestPathLength,0.029665759311191,75,two_sample_t_p_value,75.0,6.0,,6.480298590623212e-08,7.994710462608343e-09,-0.049999935197014095,0.0,significant
0.4,avg_shortestPathLength,0.029665759311191,100,two_sample_t_p_value,100.0,0.5,,0.6181735658308866,0.020813664842202,0.5681735658308865,1.5664032993977466e-287,non-significant
0.4,avg_shortestPathLength,0.029665759311191,100,two_sample_t_p_value,100.0,1.0,,0.31972415578412333,0.0142850062972509,0.26972415578412334,1.108949851227619e-171,non-significant
0.4,avg_shortestPathLength,0.029665759311191,100,two_sample_t_p_value,100.0,2.0,,0.04821217873113365,0.0032578131922114,-0.0017878212688663547,0.28647563001622856,significant
0.4,avg_shortestPathLength,0.029665759311191,100,two_sample_t_p_value,100.0,3.0,,0.0034079153433294465,0.0003041386866332,-0.04659208465667056,0.0,significant
0.4,avg_shortestPathLength,0.029665759311191,100,two_sample_t_p_value,100.0,4.0,,0.00012152364430076177,1.3121435689815369e-05,-0.04987847635569924,0.0,significant
0.4,avg_shortestPathLength,0.029665759311191,100,two_sample_t_p_value,100.0,5.0,,2.450173413503802e-06,3.0140756975651574e-07,-0.049997549826586496,0.0,significant
0.4,avg_shortestPathLength,0.029665759311191,100,two_sample_t_p_value,100.0,6.0,,3.172491502802852e-08,4.259856206161914e-09,-0.049999968275084974,0.0,significant
0.4,avg_shortestPathLength,0.029665759311191,300,two_sample_t_p_value,300.0,0.5,,0.617441622554225,0.0208635657551038,0.5674416225542249,8.761988042657908e-286,non-significant
0.4,avg_shortestPathLength,0.029665759311191,300,two_sample_t_p_value,300.0,1.0,,0.31811640443062633,0.0143325962630879,0.26811640443062634,1.709582278445568e-168,non-significant
0.4,avg_shortestPathLength,0.029665759311191,300,two_sample_t_p_value,300.0,2.0,,0.0464015209831491,0.0032218708020412,-0.0035984790168509043,0.13299960018098345,significant
0.4,avg_shortestPathLength,0.029665759311191,300,two_sample_t_p_value,300.0,3.0,,0.0029262198640661076,0.0002765867051378,-0.0470737801359339,0.0,significant
0.4,avg_shortestPathLength,0.029665759311191,300,two_sample_t_p_value,300.0,4.0,,7.984004483719462e-05,9.498970089095712e-06,-0.04992015995516281,0.0,significant
0.4,avg_shortestPathLength,0.029665759311191,300,two_sample_t_p_value,300.0,5.0,,9.769154730247779e-07,1.3871921640207484e-07,-0.04999902308452698,0.0,significant
0.4,avg_shortestPathLength,0.029665759311191,300,two_sample_t_p_value,300.0,6.0,,5.676439092359154e-09,9.258085921957425e-10,-0.04999999432356091,0.0,significant
0.4,avg_shortestPathLength,0.029665759311191,500,two_sample_t_p_value,500.0,0.5,,0.6172950500946657,0.0208735633191813,0.5672950500946656,1.955652601815941e-285,non-significant
0.4,avg_shortestPathLength,0.029665759311191,500,two_sample_t_p_value,500.0,1.0,,0.3177942072606085,0.0143421460139042,0.2677942072606085,7.3486404503184e-168,non-significant
0.4,avg_shortestPathLength,0.029665759311191,500,two_sample_t_p_value,500.0,2.0,,0.046040682769031456,0.0032145122843974,-0.003959317230968547,0.1109461845249401,significant
0.4,avg_shortestPathLength,0.029665759311191,500,two_sample_t_p_value,500.0,3.0,,0.002834491812851143,0.0002711190250014,-0.04716550818714886,0.0,significant
0.4,avg_shortestPathLength,0.029665759311191,500,two_sample_t_p_value,500.0,4.0,,7.291606940371305e-05,8.855522926600534e-06,-0.04992708393059629,0.0,significant
0.4,avg_shortestPathLength,0.029665759311191,500,two_sample_t_p_value,500.0,5.0,,7.94641504790956e-07,1.1642840989625073e-07,-0.04999920535849521,0.0,significant
0.4,avg_shortestPathLength,0.029665759311191,500,two_sample_t_p_value,500.0,6.0,,3.790442338479296e-09,6.45928803713046e-10,-0.04999999620955766,0.0,significant
0.4,avg_shortestPathLength,0.029665759311191,1000,two_sample_t_p_value,1000.0,0.5,,0.6171850808338747,0.0208810652826195,0.5671850808338746,3.5696193703170586e-285,non-significant
0.4,avg_shortestPathLength,0.029665759311191,1000,two_sample_t_p_value,1000.0,1.0,,0.31755241808467255,0.0143493152926382,0.26755241808467256,2.189067894625945e-167,non-significant
0.4,avg_shortestPathLength,0.029665759311191,1000,two_sample_t_p_value,1000.0,2.0,,0.04577034649325166,0.0032089555089533,-0.0042296535067483446,0.09623884705442154,significant
0.4,avg_shortestPathLength,0.029665759311191,1000,two_sample_t_p_value,1000.0,3.0,,0.0027667090442381925,0.0002670288928687,-0.04723329095576181,0.0,significant
0.4,avg_shortestPathLength,0.029665759311191,1000,two_sample_t_p_value,1000.0,4.0,,6.800991920878163e-05,8.390466906059352e-06,-0.04993199008079122,0.0,significant
0.4,avg_shortestPathLength,0.029665759311191,1000,two_sample_t_p_value,1000.0,5.0,,6.767256364648635e-07,1.015762857024728e-07,-0.04999932327436354,0.0,significant
0.4,avg_shortestPathLength,0.029665759311191,1000,two_sample_t_p_value,1000.0,6.0,,2.7553691733774752e-09,4.858803933330712e-10,-0.04999999724463083,0.0,significant
0.5,avg_shortestPathLength,0.0334959924714658,30,two_sample_t_p_value,30.0,0.5,,0.6207230048851272,0.0233050765730435,0.5707230048851272,9.220443897276895e-231,non-significant
0.5,avg_shortestPathLength,0.0334959924714658,30,two_sample_t_p_value,30.0,1.0,,0.3253086154260302,0.0159436464054122,0.2753086154260302,4.549397498983649e-144,non-significant
0.5,avg_shortestPathLength,0.0334959924714658,30,two_sample_t_p_value,30.0,2.0,,0.054625044962983094,0.0038086467539332,0.004625044962983091,0.11008782687179476,non-significant
0.5,avg_shortestPathLength,0.0334959924714658,30,two_sample_t_p_value,30.0,3.0,,0.005389964065651945,0.0004541428694134,-0.044610035934348057,0.0,significant
0.5,avg_shortestPathLength,0.0334959924714658,30,two_sample_t_p_value,30.0,4.0,,0.0003818456360837564,3.515179586101335e-05,-0.04961815436391625,0.0,significant
0.5,avg_shortestPathLength,0.0334959924714658,30,two_sample_t_p_value,30.0,5.0,,2.32966854670078e-05,2.2032928311189244e-06,-0.049976703314532994,0.0,significant
0.5,avg_shortestPathLength,0.0334959924714658,30,two_sample_t_p_value,30.0,6.0,,1.3942768767204764e-06,1.3054580109801394e-07,-0.049998605723123285,0.0,significant
0.5,avg_shortestPathLength,0.0334959924714658,50,two_sample_t_p_value,50.0,0.5,,0.6192685675117714,0.0234167710211471,0.5692685675117714,5.491558664191071e-228,non-significant
0.5,avg_shortestPathLength,0.0334959924714658,50,two_sample_t_p_value,50.0,1.0,,0.32212564510024433,0.0160493409821977,0.27212564510024434,6.733192140283616e-139,non-significant
0.5,avg_shortestPathLength,0.0334959924714658,50,two_sample_t_p_value,50.0,2.0,,0.05094706873769324,0.0037364211275282,0.0009470687376932352,0.4083691911870366,non-significant
0.5,avg_shortestPathLength,0.0334959924714658,50,two_sample_t_p_value,50.0,3.0,,0.004201703187068241,0.0003906343211267,-0.04579829681293176,0.0,significant
0.5,avg_shortestPathLength,0.0334959924714658,50,two_sample_t_p_value,50.0,4.0,,0.00020919024636403336,2.239372487739056e-05,-0.04979080975363597,0.0,significant
0.5,avg_shortestPathLength,0.0334959924714658,50,two_sample_t_p_value,50.0,5.0,,7.4332122472325795e-06,8.598733282724697e-07,-0.04999256678775277,0.0,significant
0.5,avg_shortestPathLength,0.0334959924714658,50,two_sample_t_p_value,50.0,6.0,,2.1889394850799978e-07,2.6229269046320343e-08,-0.049999781106051494,0.0,significant
0.5,avg_shortestPathLength,0.0334959924714658,75,two_sample_t_p_value,75.0,0.5,,0.6185389578679419,0.0234728678181705,0.5685389578679418,1.315087798130538e-226,non-significant
0.5,avg_shortestPathLength,0.0334959924714658,75,two_sample_t_p_value,75.0,1.0,,0.3205260061237414,0.016102629799301,0.2705260061237414,2.3513683241987004e-136,non-significant
0.5,avg_shortestPathLength,0.0334959924714658,75,two_sample_t_p_value,75.0,2.0,,0.04912138289485513,0.0036981442410544,-0.0008786171051448702,0.39744153992418685,significant
0.5,avg_shortestPathLength,0.0334959924714658,75,two_sample_t_p_value,75.0,3.0,,0.0036630774411349812,0.0003590876302263,-0.04633692255886502,0.0,significant
0.5,avg_shortestPathLength,0.0334959924714658,75,two_sample_t_p_value,75.0,4.0,,0.00014717180322168836,1.7149063444069545e-05,-0.04985282819677832,0.0,significant
0.5,avg_shortestPathLength,0.0334959924714658,75,two_sample_t_p_value,75.0,5.0,,3.657912410473166e-06,4.7622623337470013e-07,-0.04999634208758953,0.0,significant
0.5,avg_shortestPathLength,0.0334959924714658,75,two_sample_t_p_value,75.0,6.0,,6.480298590623212e-08,9.026930969741184e-09,-0.049999935197014095,0.0,significant
0.5,avg_shortestPathLength,0.0334959924714658,100,two_sample_t_p_value,100.0,0.5,,0.6181735658308866,0.0235009781325574,0.5681735658308865,6.404958522316569e-226,non-significant
0.5,avg_shortestPathLength,0.0334959924714658,100,two_sample_t_p_value,100.0,1.0,,0.31972415578412333,0.016129385341809,0.26972415578412334,4.2891505072935137e-135,non-significant
0.5,avg_shortestPathLength,0.0334959924714658,100,two_sample_t_p_value,100.0,2.0,,0.04821217873113365,0.003678439004883,-0.0017878212688663547,0.3069825804371187,significant
0.5,avg_shortestPathLength,0.0334959924714658,100,two_sample_t_p_value,100.0,3.0,,0.0034079153433294465,0.0003434069241539,-0.04659208465667056,0.0,significant
0.5,avg_shortestPathLength,0.0334959924714658,100,two_sample_t_p_value,100.0,4.0,,0.00012152364430076177,1.4815582721830991e-05,-0.04987847635569924,0.0,significant
0.5,avg_shortestPathLength,0.0334959924714658,100,two_sample_t_p_value,100.0,5.0,,2.450173413503802e-06,3.403231847700759e-07,-0.049997549826586496,0.0,significant
0.5,avg_shortestPathLength,0.0334959924714658,100,two_sample_t_p_value,100.0,6.0,,3.172491502802852e-08,4.809858730206147e-09,-0.049999968275084974,0.0,significant
0.5,avg_shortestPathLength,0.0334959924714658,300,two_sample_t_p_value,300.0,0.5,,0.617441622554225,0.023557321898626,0.5674416225542249,1.504813922655846e-224,non-significant
0.5,avg_shortestPathLength,0.0334959924714658,300,two_sample_t_p_value,300.0,1.0,,0.31811640443062633,0.0161831197876619,0.26811640443062634,1.3598463479663923e-132,non-significant
0.5,avg_shortestPathLength,0.0334959924714658,300,two_sample_t_p_value,300.0,2.0,,0.0464015209831491,0.0036378559873402,-0.0035984790168509043,0.16098564998195486,significant
0.5,avg_shortestPathLength,0.0334959924714658,300,two_sample_t_p_value,300.0,3.0,,0.0029262198640661076,0.0003122976255494,-0.0470737801359339,0.0,significant
0.5,avg_shortestPathLength,0.0334959924714658,300,two_sample_t_p_value,300.0,4.0,,7.984004483719462e-05,1.0725409966870485e-05,-0.04992015995516281,0.0,significant
0.5,avg_shortestPathLength,0.0334959924714658,300,two_sample_t_p_value,300.0,5.0,,9.769154730247779e-07,1.5662966113591746e-07,-0.04999902308452698,0.0,significant
0.5,avg_shortestPathLength,0.0334959924714658,300,two_sample_t_p_value,300.0,6.0,,5.676439092359154e-09,1.0453424538676316e-09,-0.04999999432356091,0.0,significant
0.5,avg_shortestPathLength,0.0334959924714658,500,two_sample_t_p_value,500.0,0.5,,0.6172950500946657,0.0235686102775129,0.5672950500946656,2.824937272880094e-224,non-significant
0.5,avg_shortestPathLength,0.0334959924714658,500,two_sample_t_p_value,500.0,1.0,,0.3177942072606085,0.0161939025348046,0.2677942072606085,4.2693149416019045e-132,non-significant
0.5,avg_shortestPathLength,0.0334959924714658,500,two_sample_t_p_value,500.0,2.0,,0.046040682769031456,0.0036295473899092,-0.003959317230968547,0.1384871794782193,significant
0.5,avg_shortestPathLength,0.0334959924714658,500,two_sample_t_p_value,500.0,3.0,,0.002834491812851143,0.0003061239972001,-0.04716550818714886,0.0,significant
0.5,avg_shortestPathLength,0.0334959924714658,500,two_sample_t_p_value,500.0,4.0,,7.291606940371305e-05,9.998885454733894e-06,-0.04992708393059629,0.0,significant
0.5,avg_shortestPathLength,0.0334959924714658,500,two_sample_t_p_value,500.0,5.0,,7.94641504790956e-07,1.3146082324878738e-07,-0.04999920535849521,0.0,significant
0.5,avg_shortestPathLength,0.0334959924714658,500,two_sample_t_p_value,500.0,6.0,,3.790442338479296e-09,7.293265653279e-10,-0.04999999620955766,0.0,significant
0.5,avg_shortestPathLength,0.0334959924714658,1000,two_sample_t_p_value,1000.0,0.5,,0.6171850808338747,0.0235770808414453,0.5671850808338746,4.529048418027686e-224,non-significant
0.5,avg_shortestPathLength,0.0334959924714658,1000,two_sample_t_p_value,1000.0,1.0,,0.31755241808467255,0.0162019974601352,0.26755241808467256,1.0052540226509283e-131,non-significant
0.5,avg_shortestPathLength,0.0334959924714658,1000,two_sample_t_p_value,1000.0,2.0,,0.04577034649325166,0.003623273162896,-0.0042296535067483446,0.12310967806446849,significant
0.5,avg_shortestPathLength,0.0334959924714658,1000,two_sample_t_p_value,1000.0,3.0,,0.0027667090442381925,0.0003015057761161,-0.04723329095576181,0.0,significant
0.5,avg_shortestPathLength,0.0334959924714658,1000,two_sample_t_p_value,1000.0,4.0,,6.800991920878163e-05,9.473784687905354e-06,-0.04993199008079122,0.0,significant
0.5,avg_shortestPathLength,0.0334959924714658,1000,two_sample_t_p_value,1000.0,5.0,,6.767256364648635e-07,1.1469109775612517e-07,-0.04999932327436354,0.0,significant
0.5,avg_shortestPathLength,0.0334959924714658,1000,two_sample_t_p_value,1000.0,6.0,,2.7553691733774752e-09,5.48613835445562e-10,-0.04999999724463083,0.0,significant
0.05,betweeness,0.0632657872240871,30,two_sample_t_p_value,30.0,0.5,,0.6207230048851272,0.0440176244058818,0.5707230048851272,7.707119485252353e-66,non-significant
0.05,betweeness,0.0632657872240871,30,two_sample_t_p_value,30.0,1.0,,0.3253086154260302,0.0301136723122972,0.2753086154260302,1.0840334678657455e-41,non-significant
0.05,betweeness,0.0632657872240871,30,two_sample_t_p_value,30.0,2.0,,0.054625044962983094,0.0071936078726825,0.004625044962983091,0.2680333190918381,non-significant
0.05,betweeness,0.0632657872240871,30,two_sample_t_p_value,30.0,3.0,,0.005389964065651945,0.0008577654825461,-0.044610035934348057,0.0,significant
0.05,betweeness,0.0632657872240871,30,two_sample_t_p_value,30.0,4.0,,0.0003818456360837564,6.639319731701914e-05,-0.04961815436391625,0.0,significant
0.05,betweeness,0.0632657872240871,30,two_sample_t_p_value,30.0,5.0,,2.32966854670078e-05,4.16148455862805e-06,-0.049976703314532994,0.0,significant
0.05,betweeness,0.0632657872240871,30,two_sample_t_p_value,30.0,6.0,,1.3942768767204764e-06,2.4656928384195817e-07,-0.049998605723123285,0.0,significant
0.05,betweeness,0.0632657872240871,50,two_sample_t_p_value,50.0,0.5,,0.6192685675117714,0.0442285880665004,0.5692685675117714,4.628984202287889e-65,non-significant
0.05,betweeness,0.0632657872240871,50,two_sample_t_p_value,50.0,1.0,,0.32212564510024433,0.030313303674507,0.27212564510024434,3.074786726833998e-40,non-significant
0.05,betweeness,0.0632657872240871,50,two_sample_t_p_value,50.0,2.0,,0.05094706873769324,0.0070571912217604,0.0009470687376932352,0.4637127407685052,non-significant
0.05,betweeness,0.0632657872240871,50,two_sample_t_p_value,50.0,3.0,,0.004201703187068241,0.0007378132731514,-0.04579829681293176,0.0,significant
0.05,betweeness,0.0632657872240871,50,two_sample_t_p_value,50.0,4.0,,0.00020919024636403336,4.229630259364993e-05,-0.04979080975363597,0.0,significant
0.05,betweeness,0.0632657872240871,50,two_sample_t_p_value,50.0,5.0,,7.4332122472325795e-06,1.6240916901475849e-06,-0.04999256678775277,0.0,significant
0.05,betweeness,0.0632657872240871,50,two_sample_t_p_value,50.0,6.0,,2.1889394850799978e-07,4.9540713144757287e-08,-0.049999781106051494,0.0,significant
0.05,betweeness,0.0632657872240871,75,two_sample_t_p_value,75.0,0.5,,0.6185389578679419,0.0443345412794844,0.5685389578679418,1.1284479666478023e-64,non-significant
0.05,betweeness,0.0632657872240871,75,two_sample_t_p_value,75.0,1.0,,0.3205260061237414,0.0304139532960147,0.2705260061237414,1.5938452608729825e-39,non-significant
0.05,betweeness,0.0632657872240871,75,two_sample_t_p_value,75.0,2.0,,0.04912138289485513,0.0069848954879555,-0.0008786171051448702,0.4325351206493635,significant
0.05,betweeness,0.0632657872240871,75,two_sample_t_p_value,75.0,3.0,,0.0036630774411349812,0.0006782292427386,-0.04633692255886502,0.0,significant
0.05,betweeness,0.0632657872240871,75,two_sample_t_p_value,75.0,4.0,,0.00014717180322168836,3.239041207299974e-05,-0.04985282819677832,0.0,significant
0.05,betweeness,0.0632657872240871,75,two_sample_t_p_value,75.0,5.0,,3.657912410473166e-06,8.994755888149319e-07,-0.04999634208758953,0.0,significant
0.05,betweeness,0.0632657872240871,75,two_sample_t_p_value,75.0,6.0,,6.480298590623212e-08,1.7049678241499096e-08,-0.049999935197014095,0.0,significant
0.05,betweeness,0.0632657872240871,100,two_sample_t_p_value,100.0,0.5,,0.6181735658308866,0.0443876348300134,0.5681735658308865,1.759543752227414e-64,non-significant
0.05,betweeness,0.0632657872240871,100,two_sample_t_p_value,100.0,1.0,,0.31972415578412333,0.0304644880117966,0.26972415578412334,3.604339527345882e-39,non-significant
0.05,betweeness,0.0632657872240871,100,two_sample_t_p_value,100.0,2.0,,0.04821217873113365,0.0069476770869815,-0.0017878212688663547,0.38220586919685573,significant
0.05,betweeness,0.0632657872240871,100,two_sample_t_p_value,100.0,3.0,,0.0034079153433294465,0.0006486122007971,-0.04659208465667056,0.0,significant
0.05,betweeness,0.0632657872240871,100,two_sample_t_p_value,100.0,4.0,,0.00012152364430076177,2.7983034235474417e-05,-0.04987847635569924,0.0,significant
0.05,betweeness,0.0632657872240871,100,two_sample_t_p_value,100.0,5.0,,2.450173413503802e-06,6.427877667284746e-07,-0.049997549826586496,0.0,significant
0.05,betweeness,0.0632657872240871,100,two_sample_t_p_value,100.0,6.0,,3.172491502802852e-08,9.08465391083316e-09,-0.049999968275084974,0.0,significant
0.05,betweeness,0.0632657872240871,300,two_sample_t_p_value,300.0,0.5,,0.617441622554225,0.0444940545074878,0.5674416225542249,4.2665079318499326e-64,non-significant
0.05,betweeness,0.0632657872240871,300,two_sample_t_p_value,300.0,1.0,,0.31811640443062633,0.0305659793176844,0.26811640443062634,1.8185165598752745e-38,non-significant
0.05,betweeness,0.0632657872240871,300,two_sample_t_p_value,300.0,2.0,,0.0464015209831491,0.0068710256321856,-0.0035984790168509043,0.2885173432524383,significant
0.05,betweeness,0.0632657872240871,300,two_sample_t_p_value,300.0,3.0,,0.0029262198640661076,0.0005898542981053,-0.0470737801359339,0.0,significant
0.05,betweeness,0.0632657872240871,300,two_sample_t_p_value,300.0,4.0,,7.984004483719462e-05,2.025769218312215e-05,-0.04992015995516281,0.0,significant
0.05,betweeness,0.0632657872240871,300,two_sample_t_p_value,300.0,5.0,,9.769154730247779e-07,2.9583535471735137e-07,-0.04999902308452698,0.0,significant
0.05,betweeness,0.0632657872240871,300,two_sample_t_p_value,300.0,6.0,,5.676439092359154e-09,1.974397782631237e-09,-0.04999999432356091,0.0,significant
0.05,betweeness,0.0632657872240871,500,two_sample_t_p_value,500.0,0.5,,0.6172950500946657,0.0445153755111086,0.5672950500946656,5.091199318975383e-64,non-significant
0.05,betweeness,0.0632657872240871,500,two_sample_t_p_value,500.0,1.0,,0.3177942072606085,0.0305863453058544,0.2677942072606085,2.5081719943761205e-38,non-significant
0.05,betweeness,0.0632657872240871,500,two_sample_t_p_value,500.0,2.0,,0.046040682769031456,0.0068553327113788,-0.003959317230968547,0.2712352504815698,significant
0.05,betweeness,0.0632657872240871,500,two_sample_t_p_value,500.0,3.0,,0.002834491812851143,0.0005781938149033,-0.04716550818714886,0.0,significant
0.05,betweeness,0.0632657872240871,500,two_sample_t_p_value,500.0,4.0,,7.291606940371305e-05,1.888546399083698e-05,-0.04992708393059629,0.0,significant
0.05,betweeness,0.0632657872240871,500,two_sample_t_p_value,500.0,5.0,,7.94641504790956e-07,2.4829753825166025e-07,-0.04999920535849521,0.0,significant
0.05,betweeness,0.0632657872240871,500,two_sample_t_p_value,500.0,6.0,,3.790442338479296e-09,1.3775205896112983e-09,-0.04999999620955766,0.0,significant
0.05,betweeness,0.0632657872240871,1000,two_sample_t_p_value,1000.0,0.5,,0.6171850808338747,0.0445313743472639,0.5671850808338746,5.8121893349041374e-64,non-significant
0.05,betweeness,0.0632657872240871,1000,two_sample_t_p_value,1000.0,1.0,,0.31755241808467255,0.0306016346520053,0.26755241808467256,3.190672362952831e-38,non-significant
0.05,betweeness,0.0632657872240871,1000,two_sample_t_p_value,1000.0,2.0,,0.04577034649325166,0.0068434822217552,-0.0042296535067483446,0.2586390263873527,significant
0.05,betweeness,0.0632657872240871,1000,two_sample_t_p_value,1000.0,3.0,,0.0027667090442381925,0.0005694711179209,-0.04723329095576181,0.0,significant
0.05,betweeness,0.0632657872240871,1000,two_sample_t_p_value,1000.0,4.0,,6.800991920878163e-05,1.7893676289258074e-05,-0.04993199008079122,0.0,significant
0.05,betweeness,0.0632657872240871,1000,two_sample_t_p_value,1000.0,5.0,,6.767256364648635e-07,2.166236033554513e-07,-0.04999932327436354,0.0,significant
0.05,betweeness,0.0632657872240871,1000,two_sample_t_p_value,1000.0,6.0,,2.7553691733774752e-09,1.036198172394992e-09,-0.04999999724463083,0.0,significant
0.1,betweeness,0.0687082826684218,30,two_sample_t_p_value,30.0,0.5,,0.6207230048851272,0.0478042795762491,0.5707230048851272,4.786113984017274e-56,non-significant
0.1,betweeness,0.0687082826684218,30,two_sample_t_p_value,30.0,1.0,,0.3253086154260302,0.0327042276750457,0.2753086154260302,1.322707858270805e-35,non-significant
0.1,betweeness,0.0687082826684218,30,two_sample_t_p_value,30.0,2.0,,0.054625044962983094,0.0078124443685714,0.004625044962983091,0.2867922975099224,non-significant
0.1,betweeness,0.0687082826684218,30,two_sample_t_p_value,30.0,3.0,,0.005389964065651945,0.000931555518771,-0.044610035934348057,0.0,significant
0.1,betweeness,0.0687082826684218,30,two_sample_t_p_value,30.0,4.0,,0.0003818456360837564,7.210473098770296e-05,-0.04961815436391625,0.0,significant
0.1,betweeness,0.0687082826684218,30,two_sample_t_p_value,30.0,5.0,,2.32966854670078e-05,4.51947995781245e-06,-0.049976703314532994,0.0,significant
0.1,betweeness,0.0687082826684218,30,two_sample_t_p_value,30.0,6.0,,1.3942768767204764e-06,2.677806251198204e-07,-0.049998605723123285,0.0,significant
0.1,betweeness,0.0687082826684218,50,two_sample_t_p_value,50.0,0.5,,0.6192685675117714,0.048033391572836,0.5692685675117714,2.1891206022479257e-55,non-significant
0.1,betweeness,0.0687082826684218,50,two_sample_t_p_value,50.0,1.0,,0.32212564510024433,0.0329210325022047,0.27212564510024434,2.2590473361324e-34,non-significant
0.1,betweeness,0.0687082826684218,50,two_sample_t_p_value,50.0,2.0,,0.05094706873769324,0.0076642923542918,0.0009470687376932352,0.469468993728936,non-significant
0.1,betweeness,0.0687082826684218,50,two_sample_t_p_value,50.0,3.0,,0.004201703187068241,0.0008012843142004,-0.04579829681293176,0.0,significant
0.1,betweeness,0.0687082826684218,50,two_sample_t_p_value,50.0,4.0,,0.00020919024636403336,4.593487952880737e-05,-0.04979080975363597,0.0,significant
0.1,betweeness,0.0687082826684218,50,two_sample_t_p_value,50.0,5.0,,7.4332122472325795e-06,1.763805617890268e-06,-0.04999256678775277,0.0,significant
0.1,betweeness,0.0687082826684218,50,two_sample_t_p_value,50.0,6.0,,2.1889394850799978e-07,5.380249692126232e-08,-0.049999781106051494,0.0,significant
0.1,betweeness,0.0687082826684218,75,two_sample_t_p_value,75.0,0.5,,0.6185389578679419,0.0481484595049166,0.5685389578679418,4.660820666309355e-55,non-significant
0.1,betweeness,0.0687082826684218,75,two_sample_t_p_value,75.0,1.0,,0.3205260061237414,0.0330303405966495,0.2705260061237414,9.1242102854353e-34,non-significant
0.1,betweeness,0.0687082826684218,75,two_sample_t_p_value,75.0,2.0,,0.04912138289485513,0.0075857773158809,-0.0008786171051448702,0.4349118260621372,significant
0.1,betweeness,0.0687082826684218,75,two_sample_t_p_value,75.0,3.0,,0.0036630774411349812,0.0007365745147376,-0.04633692255886502,0.0,significant
0.1,betweeness,0.0687082826684218,75,two_sample_t_p_value,75.0,4.0,,0.00014717180322168836,3.517682599246976e-05,-0.04985282819677832,0.0,significant
0.1,betweeness,0.0687082826684218,75,two_sample_t_p_value,75.0,5.0,,3.657912410473166e-06,9.768537739164003e-07,-0.04999634208758953,0.0,significant
0.1,betweeness,0.0687082826684218,75,two_sample_t_p_value,75.0,6.0,,6.480298590623212e-08,1.8516391930337894e-08,-0.049999935197014095,0.0,significant
0.1,betweeness,0.0687082826684218,100,two_sample_t_p_value,100.0,0.5,,0.6181735658308866,0.0482061204752084,0.5681735658308865,6.793093216248399e-55,non-significant
0.1,betweeness,0.0687082826684218,100,two_sample_t_p_value,100.0,1.0,,0.31972415578412333,0.0330852226061662,0.26972415578412334,1.823233937613062e-33,non-significant
0.1,betweeness,0.0687082826684218,100,two_sample_t_p_value,100.0,2.0,,0.04821217873113365,0.0075453571689613,-0.0017878212688663547,0.3884151528487314,significant
0.1,betweeness,0.0687082826684218,100,two_sample_t_p_value,100.0,3.0,,0.0034079153433294465,0.0007044096405014,-0.04659208465667056,0.0,significant
0.1,betweeness,0.0687082826684218,100,two_sample_t_p_value,100.0,4.0,,0.00012152364430076177,3.039029956840696e-05,-0.04987847635569924,0.0,significant
0.1,betweeness,0.0687082826684218,100,two_sample_t_p_value,100.0,5.0,,2.450173413503802e-06,6.980841543273927e-07,-0.049997549826586496,0.0,significant
0.1,betweeness,0.0687082826684218,100,two_sample_t_p_value,100.0,6.0,,3.172491502802852e-08,9.866169318962669e-09,-0.049999968275084974,0.0,significant
0.1,betweeness,0.0687082826684218,300,two_sample_t_p_value,300.0,0.5,,0.617441622554225,0.048321694999801,0.5674416225542249,1.439761894637406e-54,non-significant
0.1,betweeness,0.0687082826684218,300,two_sample_t_p_value,300.0,1.0,,0.31811640443062633,0.0331954447916363,0.26811640443062634,7.197220141412483e-33,non-significant
0.1,betweeness,0.0687082826684218,300,two_sample_t_p_value,300.0,2.0,,0.0464015209831491,0.0074621117047989,-0.0035984790168509043,0.3011109612010944,significant
0.1,betweeness,0.0687082826684218,300,two_sample_t_p_value,300.0,3.0,,0.0029262198640661076,0.0006405970371293,-0.0470737801359339,0.0,significant
0.1,betweeness,0.0687082826684218,300,two_sample_t_p_value,300.0,4.0,,7.984004483719462e-05,2.2000378115865915e-05,-0.04992015995516281,0.0,significant
0.1,betweeness,0.0687082826684218,300,two_sample_t_p_value,300.0,5.0,,9.769154730247779e-07,3.212848534269687e-07,-0.04999902308452698,0.0,significant
0.1,betweeness,0.0687082826684218,300,two_sample_t_p_value,300.0,6.0,,5.676439092359154e-09,2.144247102599611e-09,-0.04999999432356091,0.0,significant
0.1,betweeness,0.0687082826684218,500,two_sample_t_p_value,500.0,0.5,,0.6172950500946657,0.0483448501616638,0.5672950500946656,1.672541127093096e-54,non-significant
0.1,betweeness,0.0687082826684218,500,two_sample_t_p_value,500.0,1.0,,0.3177942072606085,0.0332175627819973,0.2677942072606085,9.454405730096964e-33,non-significant
0.1,betweeness,0.0687082826684218,500,two_sample_t_p_value,500.0,2.0,,0.046040682769031456,0.0074450687865647,-0.003959317230968547,0.28483626035751497,significant
0.1,betweeness,0.0687082826684218,500,two_sample_t_p_value,500.0,3.0,,0.002834491812851143,0.0006279334505204,-0.04716550818714886,0.0,significant
0.1,betweeness,0.0687082826684218,500,two_sample_t_p_value,500.0,4.0,,7.291606940371305e-05,2.0510102776571465e-05,-0.04992708393059629,0.0,significant
0.1,betweeness,0.0687082826684218,500,two_sample_t_p_value,500.0,5.0,,7.94641504790956e-07,2.696575541475769e-07,-0.04999920535849521,0.0,significant
0.1,betweeness,0.0687082826684218,500,two_sample_t_p_value,500.0,6.0,,3.790442338479296e-09,1.496023019793379e-09,-0.04999999620955766,0.0,significant
0.1,betweeness,0.0687082826684218,1000,two_sample_t_p_value,1000.0,0.5,,0.6171850808338747,0.0483622253118857,0.5671850808338746,1.8713569874062655e-54,non-significant
0.1,betweeness,0.0687082826684218,1000,two_sample_t_p_value,1000.0,1.0,,0.31755241808467255,0.0332341674077081,0.26755241808467256,1.1596114513409702e-32,non-significant
0.1,betweeness,0.0687082826684218,1000,two_sample_t_p_value,1000.0,2.0,,0.04577034649325166,0.0074321988480633,-0.0042296535067483446,0.27292902311406686,significant
0.1,betweeness,0.0687082826684218,1000,two_sample_t_p_value,1000.0,3.0,,0.0027667090442381925,0.0006184603757956,-0.04723329095576181,0.0,significant
0.1,betweeness,0.0687082826684218,1000,two_sample_t_p_value,1000.0,4.0,,6.800991920878163e-05,1.943299565853653e-05,-0.04993199008079122,0.0,significant
0.1,betweeness,0.0687082826684218,1000,two_sample_t_p_value,1000.0,5.0,,6.767256364648635e-07,2.3525884091633854e-07,-0.04999932327436354,0.0,significant
0.1,betweeness,0.0687082826684218,1000,two_sample_t_p_value,1000.0,6.0,,2.7553691733774752e-09,1.1253380389821664e-09,-0.04999999724463083,0.0,significant
0.2,betweeness,0.0962807955891718,30,two_sample_t_p_value,30.0,0.5,,0.6207230048851272,0.0669880528433557,0.5707230048851272,3.2320653050475185e-29,non-significant
0.2,betweeness,0.0962807955891718,30,two_sample_t_p_value,30.0,1.0,,0.3253086154260302,0.0458283766875458,0.2753086154260302,6.513790850997539e-19,non-significant
0.2,betweeness,0.0962807955891718,30,two_sample_t_p_value,30.0,2.0,,0.054625044962983094,0.0109475645451972,0.004625044962983091,0.3556782086698282,non-significant
0.2,betweeness,0.0962807955891718,30,two_sample_t_p_value,30.0,3.0,,0.005389964065651945,0.0013053871090855,-0.044610035934348057,0.0,significant
0.2,betweeness,0.0962807955891718,30,two_sample_t_p_value,30.0,4.0,,0.0003818456360837564,0.0001010402326418,-0.04961815436391625,0.0,significant
0.2,betweeness,0.0962807955891718,30,two_sample_t_p_value,30.0,5.0,,2.32966854670078e-05,6.333139311419414e-06,-0.049976703314532994,0.0,significant
0.2,betweeness,0.0962807955891718,30,two_sample_t_p_value,30.0,6.0,,1.3942768767204764e-06,3.752405187351814e-07,-0.049998605723123285,0.0,significant
0.2,betweeness,0.0962807955891718,50,two_sample_t_p_value,50.0,0.5,,0.6192685675117714,0.0673091070809774,0.5692685675117714,7.018411638721169e-29,non-significant
0.2,betweeness,0.0962807955891718,50,two_sample_t_p_value,50.0,1.0,,0.32212564510024433,0.0461321849103066,0.27212564510024434,2.7783995878982752e-18,non-significant
0.2,betweeness,0.0962807955891718,50,two_sample_t_p_value,50.0,2.0,,0.05094706873769324,0.0107399593883078,0.0009470687376932352,0.49130916306955275,non-significant
0.2,betweeness,0.0962807955891718,50,two_sample_t_p_value,50.0,3.0,,0.004201703187068241,0.0011228382993744,-0.04579829681293176,0.0,significant
0.2,betweeness,0.0962807955891718,50,two_sample_t_p_value,50.0,4.0,,0.00020919024636403336,6.436846584667985e-05,-0.04979080975363597,0.0,significant
0.2,betweeness,0.0962807955891718,50,two_sample_t_p_value,50.0,5.0,,7.4332122472325795e-06,2.4716177083723706e-06,-0.04999256678775277,0.0,significant
0.2,betweeness,0.0962807955891718,50,two_sample_t_p_value,50.0,6.0,,2.1889394850799978e-07,7.539334425315056e-08,-0.049999781106051494,0.0,significant
0.2,betweeness,0.0962807955891718,75,two_sample_t_p_value,75.0,0.5,,0.6185389578679419,0.0674703515717034,0.5685389578679418,1.0318715384312995e-28,non-significant
0.2,betweeness,0.0962807955891718,75,two_sample_t_p_value,75.0,1.0,,0.3205260061237414,0.0462853581506898,0.2705260061237414,5.671794928621321e-18,non-significant
0.2,betweeness,0.0962807955891718,75,two_sample_t_p_value,75.0,2.0,,0.04912138289485513,0.0106299364031549,-0.0008786171051448702,0.44017310829099254,significant
0.2,betweeness,0.0962807955891718,75,two_sample_t_p_value,75.0,3.0,,0.0036630774411349812,0.0010321605712646,-0.04633692255886502,0.0,significant
0.2,betweeness,0.0962807955891718,75,two_sample_t_p_value,75.0,4.0,,0.00014717180322168836,4.929322435842859e-05,-0.04985282819677832,0.0,significant
0.2,betweeness,0.0962807955891718,75,two_sample_t_p_value,75.0,5.0,,3.657912410473166e-06,1.3688634743039828e-06,-0.04999634208758953,0.0,significant
0.2,betweeness,0.0962807955891718,75,two_sample_t_p_value,75.0,6.0,,6.480298590623212e-08,2.594698742649861e-08,-0.049999935197014095,0.0,significant
0.2,betweeness,0.0962807955891718,100,two_sample_t_p_value,100.0,0.5,,0.6181735658308866,0.0675511517879005,0.5681735658308865,1.2504579787906152e-28,non-significant
0.2,betweeness,0.0962807955891718,100,two_sample_t_p_value,100.0,1.0,,0.31972415578412333,0.0463622642140432,0.26972415578412334,8.080179618128427e-18,non-significant
0.2,betweeness,0.0962807955891718,100,two_sample_t_p_value,100.0,2.0,,0.04821217873113365,0.0105732957224085,-0.0017878212688663547,0.40663067541651843,significant
0.2,betweeness,0.0962807955891718,100,two_sample_t_p_value,100.0,3.0,,0.0034079153433294465,0.0009870879896017,-0.04659208465667056,0.0,significant
0.2,betweeness,0.0962807955891718,100,two_sample_t_p_value,100.0,4.0,,0.00012152364430076177,4.25858733038058e-05,-0.04987847635569924,0.0,significant
0.2,betweeness,0.0962807955891718,100,two_sample_t_p_value,100.0,5.0,,2.450173413503802e-06,9.78224096957762e-07,-0.049997549826586496,0.0,significant
0.2,betweeness,0.0962807955891718,100,two_sample_t_p_value,100.0,6.0,,3.172491502802852e-08,1.3825445703997861e-08,-0.049999968275084974,0.0,significant
0.2,betweeness,0.0962807955891718,300,two_sample_t_p_value,300.0,0.5,,0.617441622554225,0.0677131061658219,0.5674416225542249,1.8342294942960816e-28,non-significant
0.2,betweeness,0.0962807955891718,300,two_sample_t_p_value,300.0,1.0,,0.31811640443062633,0.0465167183685714,0.26811640443062634,1.630419137815058e-17,non-significant
0.2,betweeness,0.0962807955891718,300,two_sample_t_p_value,300.0,2.0,,0.0464015209831491,0.0104566439999746,-0.0035984790168509043,0.34213539429516526,significant
0.2,betweeness,0.0962807955891718,300,two_sample_t_p_value,300.0,3.0,,0.0029262198640661076,0.0008976675007949,-0.0470737801359339,0.0,significant
0.2,betweeness,0.0962807955891718,300,two_sample_t_p_value,300.0,4.0,,7.984004483719462e-05,3.082909113709666e-05,-0.04992015995516281,0.0,significant
0.2,betweeness,0.0962807955891718,300,two_sample_t_p_value,300.0,5.0,,9.769154730247779e-07,4.502158997042725e-07,-0.04999902308452698,0.0,significant
0.2,betweeness,0.0962807955891718,300,two_sample_t_p_value,300.0,6.0,,5.676439092359154e-09,3.004729691387716e-09,-0.04999999432356091,0.0,significant
0.2,betweeness,0.0962807955891718,500,two_sample_t_p_value,500.0,0.5,,0.6172950500946657,0.0677455534533913,0.5672950500946656,1.9799304701826526e-28,non-significant
0.2,betweeness,0.0962807955891718,500,two_sample_t_p_value,500.0,1.0,,0.3177942072606085,0.0465477122695407,0.2677942072606085,1.8744399097731918e-17,non-significant
0.2,betweeness,0.0962807955891718,500,two_sample_t_p_value,500.0,2.0,,0.046040682769031456,0.0104327617886454,-0.003959317230968547,0.32976202827412104,significant
0.2,betweeness,0.0962807955891718,500,two_sample_t_p_value,500.0,3.0,,0.002834491812851143,0.0008799220391656,-0.04716550818714886,0.0,significant
0.2,betweeness,0.0962807955891718,500,two_sample_t_p_value,500.0,4.0,,7.291606940371305e-05,2.874077092675705e-05,-0.04992708393059629,0.0,significant
0.2,betweeness,0.0962807955891718,500,two_sample_t_p_value,500.0,5.0,,7.94641504790956e-07,3.7787065607872274e-07,-0.04999920535849521,0.0,significant
0.2,betweeness,0.0962807955891718,500,two_sample_t_p_value,500.0,6.0,,3.790442338479296e-09,2.096374424907895e-09,-0.04999999620955766,0.0,significant
0.2,betweeness,0.0962807955891718,1000,two_sample_t_p_value,1000.0,0.5,,0.6171850808338747,0.0677699012208202,0.5671850808338746,2.096666959520811e-28,non-significant
0.2,betweeness,0.0962807955891718,1000,two_sample_t_p_value,1000.0,1.0,,0.31755241808467255,0.0465709803023281,0.26755241808467256,2.0807146229449778e-17,non-significant
0.2,betweeness,0.0962807955891718,1000,two_sample_t_p_value,1000.0,2.0,,0.04577034649325166,0.0104147271664722,-0.0042296535067483446,0.3206142360609461,significant
0.2,betweeness,0.0962807955891718,1000,two_sample_t_p_value,1000.0,3.0,,0.0027667090442381925,0.0008666474362246,-0.04723329095576181,0.0,significant
0.2,betweeness,0.0962807955891718,1000,two_sample_t_p_value,1000.0,4.0,,6.800991920878163e-05,2.7231422617767425e-05,-0.04993199008079122,0.0,significant
0.2,betweeness,0.0962807955891718,1000,two_sample_t_p_value,1000.0,5.0,,6.767256364648635e-07,3.296677997632707e-07,-0.04999932327436354,0.0,significant
0.2,betweeness,0.0962807955891718,1000,two_sample_t_p_value,1000.0,6.0,,2.7553691733774752e-09,1.5769342136353254e-09,-0.04999999724463083,0.0,significant
0.3,betweeness,0.1244059329453957,30,two_sample_t_p_value,30.0,0.5,,0.6207230048851272,0.0865563185178996,0.5707230048851272,5.3197918627218175e-18,non-significant
0.3,betweeness,0.1244059329453957,30,two_sample_t_p_value,30.0,1.0,,0.3253086154260302,0.0592155675729414,0.2753086154260302,6.4623988352900215e-12,non-significant
0.3,betweeness,0.1244059329453957,30,two_sample_t_p_value,30.0,2.0,,0.054625044962983094,0.0141455206346297,0.004625044962983091,0.4001542203598852,non-significant
0.3,betweeness,0.1244059329453957,30,two_sample_t_p_value,30.0,3.0,,0.005389964065651945,0.0016867112508461,-0.044610035934348057,0.0,significant
0.3,betweeness,0.1244059329453957,30,two_sample_t_p_value,30.0,4.0,,0.0003818456360837564,0.000130555676549,-0.04961815436391625,0.0,significant
0.3,betweeness,0.1244059329453957,30,two_sample_t_p_value,30.0,5.0,,2.32966854670078e-05,8.183149086887083e-06,-0.049976703314532994,0.0,significant
0.3,betweeness,0.1244059329453957,30,two_sample_t_p_value,30.0,6.0,,1.3942768767204764e-06,4.848541864086401e-07,-0.049998605723123285,0.0,significant
0.3,betweeness,0.1244059329453957,50,two_sample_t_p_value,50.0,0.5,,0.6192685675117714,0.0869711577567425,0.5692685675117714,8.47250640421965e-18,non-significant
0.3,betweeness,0.1244059329453957,50,two_sample_t_p_value,50.0,1.0,,0.32212564510024433,0.0596081229642607,0.27212564510024434,1.5472870490232734e-11,non-significant
0.3,betweeness,0.1244059329453957,50,two_sample_t_p_value,50.0,2.0,,0.05094706873769324,0.0138772707404628,0.0009470687376932352,0.5071630284505791,non-significant
0.3,betweeness,0.1244059329453957,50,two_sample_t_p_value,50.0,3.0,,0.004201703187068241,0.0014508370576468,-0.04579829681293176,0.0,significant
0.3,betweeness,0.1244059329453957,50,two_sample_t_p_value,50.0,4.0,,0.00020919024636403336,8.317150888625027e-05,-0.04979080975363597,0.0,significant
0.3,betweeness,0.1244059329453957,50,two_sample_t_p_value,50.0,5.0,,7.4332122472325795e-06,3.1936161828829635e-06,-0.04999256678775277,0.0,significant
0.3,betweeness,0.1244059329453957,50,two_sample_t_p_value,50.0,6.0,,2.1889394850799978e-07,9.741692797916009e-08,-0.049999781106051494,0.0,significant
0.3,betweeness,0.1244059329453957,75,two_sample_t_p_value,75.0,0.5,,0.6185389578679419,0.0871795043037181,0.5685389578679418,1.0677674953095805e-17,non-significant
0.3,betweeness,0.1244059329453957,75,two_sample_t_p_value,75.0,1.0,,0.3205260061237414,0.0598060405215008,0.2705260061237414,2.3776383449419968e-11,non-significant
0.3,betweeness,0.1244059329453957,75,two_sample_t_p_value,75.0,2.0,,0.04912138289485513,0.0137351083078652,-0.0008786171051448702,0.43956948562354325,significant
0.3,betweeness,0.1244059329453957,75,two_sample_t_p_value,75.0,3.0,,0.0036630774411349812,0.0013336709364715,-0.04633692255886502,0.0,significant
0.3,betweeness,0.1244059329453957,75,two_sample_t_p_value,75.0,4.0,,0.00014717180322168836,6.369255183934821e-05,-0.04985282819677832,0.0,significant
0.3,betweeness,0.1244059329453957,75,two_sample_t_p_value,75.0,5.0,,3.657912410473166e-06,1.7687300624551014e-06,-0.04999634208758953,0.0,significant
0.3,betweeness,0.1244059329453957,75,two_sample_t_p_value,75.0,6.0,,6.480298590623212e-08,3.3526511264921915e-08,-0.049999935197014095,0.0,significant
0.3,betweeness,0.1244059329453957,100,two_sample_t_p_value,100.0,0.5,,0.6181735658308866,0.0872839075361247,0.5681735658308865,1.1982834402483548e-17,non-significant
0.3,betweeness,0.1244059329453957,100,two_sample_t_p_value,100.0,1.0,,0.31972415578412333,0.0599054120576633,0.26972415578412334,2.942257146914105e-11,non-significant
0.3,betweeness,0.1244059329453957,100,two_sample_t_p_value,100.0,2.0,,0.04821217873113365,0.0136619219918631,-0.0017878212688663547,0.4134165237020039,significant
0.3,betweeness,0.1244059329453957,100,two_sample_t_p_value,100.0,3.0,,0.0034079153433294465,0.0012754319435579,-0.04659208465667056,0.0,significant
0.3,betweeness,0.1244059329453957,100,two_sample_t_p_value,100.0,4.0,,0.00012152364430076177,5.502587786312613e-05,-0.04987847635569924,0.0,significant
0.3,betweeness,0.1244059329453957,100,two_sample_t_p_value,100.0,5.0,,2.450173413503802e-06,1.2639787682164126e-06,-0.049997549826586496,0.0,significant
0.3,betweeness,0.1244059329453957,100,two_sample_t_p_value,100.0,6.0,,3.172491502802852e-08,1.7864076222747822e-08,-0.049999968275084974,0.0,significant
0.3,betweeness,0.1244059329453957,300,two_sample_t_p_value,300.0,0.5,,0.617441622554225,0.0874931713395302,0.5674416225542249,1.5080811528072944e-17,non-significant
0.3,betweeness,0.1244059329453957,300,two_sample_t_p_value,300.0,1.0,,0.31811640443062633,0.0601049847042517,0.26811640443062634,4.490000158327206e-11,non-significant
0.3,betweeness,0.1244059329453957,300,two_sample_t_p_value,300.0,2.0,,0.0464015209831491,0.0135111944633849,-0.0035984790168509043,0.36262132954180515,significant
0.3,betweeness,0.1244059329453957,300,two_sample_t_p_value,300.0,3.0,,0.0029262198640661076,0.0011598903210945,-0.0470737801359339,0.0,significant
0.3,betweeness,0.1244059329453957,300,two_sample_t_p_value,300.0,4.0,,7.984004483719462e-05,3.983475439000713e-05,-0.04992015995516281,0.0,significant
0.3,betweeness,0.1244059329453957,300,two_sample_t_p_value,300.0,5.0,,9.769154730247779e-07,5.817310574431919e-07,-0.04999902308452698,0.0,significant
0.3,betweeness,0.1244059329453957,300,two_sample_t_p_value,300.0,6.0,,5.676439092359154e-09,3.882458575652441e-09,-0.04999999432356091,0.0,significant
0.3,betweeness,0.1244059329453957,500,two_sample_t_p_value,500.0,0.5,,0.6172950500946657,0.0875350969910262,0.5672950500946656,1.5788813373490758e-17,non-significant
0.3,betweeness,0.1244059329453957,500,two_sample_t_p_value,500.0,1.0,,0.3177942072606085,0.0601450324120225,0.2677942072606085,4.883363225950345e-11,non-significant
0.3,betweeness,0.1244059329453957,500,two_sample_t_p_value,500.0,2.0,,0.046040682769031456,0.0134803358818473,-0.003959317230968547,0.3527583470972413,significant
0.3,betweeness,0.1244059329453957,500,two_sample_t_p_value,500.0,3.0,,0.002834491812851143,0.0011369611305322,-0.04716550818714886,0.0,significant
0.3,betweeness,0.1244059329453957,500,two_sample_t_p_value,500.0,4.0,,7.291606940371305e-05,3.713640294342599e-05,-0.04992708393059629,0.0,significant
0.3,betweeness,0.1244059329453957,500,two_sample_t_p_value,500.0,5.0,,7.94641504790956e-07,4.882526283097017e-07,-0.04999920535849521,0.0,significant
0.3,betweeness,0.1244059329453957,500,two_sample_t_p_value,500.0,6.0,,3.790442338479296e-09,2.708758424124042e-09,-0.04999999620955766,0.0,significant
0.3,betweeness,0.1244059329453957,1000,two_sample_t_p_value,1000.0,0.5,,0.6171850808338747,0.0875665571249355,0.5671850808338746,1.634114533975645e-17,non-significant
0.3,betweeness,0.1244059329453957,1000,two_sample_t_p_value,1000.0,1.0,,0.31755241808467255,0.0601750974037896,0.26755241808467256,5.200210899714684e-11,non-significant
0.3,betweeness,0.1244059329453957,1000,two_sample_t_p_value,1000.0,2.0,,0.04577034649325166,0.0134570330623904,-0.0042296535067483446,0.3454345546437805,significant
0.3,betweeness,0.1244059329453957,1000,two_sample_t_p_value,1000.0,3.0,,0.0027667090442381925,0.0011198088069224,-0.04723329095576181,0.0,significant
0.3,betweeness,0.1244059329453957,1000,two_sample_t_p_value,1000.0,4.0,,6.800991920878163e-05,3.5186150212646444e-05,-0.04993199008079122,0.0,significant
0.3,betweeness,0.1244059329453957,1000,two_sample_t_p_value,1000.0,5.0,,6.767256364648635e-07,4.259689581981193e-07,-0.04999932327436354,0.0,significant
0.3,betweeness,0.1244059329453957,1000,two_sample_t_p_value,1000.0,6.0,,2.7553691733774752e-09,2.0375815430307887e-09,-0.04999999724463083,0.0,significant
0.4,betweeness,0.1697657738772356,30,two_sample_t_p_value,30.0,0.5,,0.6207230048851272,0.1181157525952187,0.5707230048851272,3.4725395828883517e-10,non-significant
0.4,betweeness,0.1697657738772356,30,two_sample_t_p_value,30.0,1.0,,0.3253086154260302,0.0808062478741468,0.2753086154260302,5.071578421002565e-07,non-significant
0.4,betweeness,0.1697657738772356,30,two_sample_t_p_value,30.0,2.0,,0.054625044962983094,0.0193031409401379,0.004625044962983091,0.4473129899037322,non-significant
0.4,betweeness,0.1697657738772356,30,two_sample_t_p_value,30.0,3.0,,0.005389964065651945,0.0023017056665056,-0.044610035934348057,0.0,significant
0.4,betweeness,0.1697657738772356,30,two_sample_t_p_value,30.0,4.0,,0.0003818456360837564,0.0001781577850724,-0.04961815436391625,0.0,significant
0.4,betweeness,0.1697657738772356,30,two_sample_t_p_value,30.0,5.0,,2.32966854670078e-05,1.1166819817973922e-05,-0.049976703314532994,0.0,significant
0.4,betweeness,0.1697657738772356,30,two_sample_t_p_value,30.0,6.0,,1.3942768767204764e-06,6.616376263132764e-07,-0.049998605723123285,0.0,significant
0.4,betweeness,0.1697657738772356,50,two_sample_t_p_value,50.0,0.5,,0.6192685675117714,0.1186818470149095,0.5692685675117714,4.4634330561280737e-10,non-significant
0.4,betweeness,0.1697657738772356,50,two_sample_t_p_value,50.0,1.0,,0.32212564510024433,0.0813419334979688,0.27212564510024434,8.144026383015231e-07,non-significant
0.4,betweeness,0.1697657738772356,50,two_sample_t_p_value,50.0,2.0,,0.05094706873769324,0.0189370840343493,0.0009470687376932352,0.5272189783723757,non-significant
0.4,betweeness,0.1697657738772356,50,two_sample_t_p_value,50.0,3.0,,0.004201703187068241,0.0019798290164288,-0.04579829681293176,0.0,significant
0.4,betweeness,0.1697657738772356,50,two_sample_t_p_value,50.0,4.0,,0.00020919024636403336,0.000113496802253,-0.04979080975363597,0.0,significant
0.4,betweeness,0.1697657738772356,50,two_sample_t_p_value,50.0,5.0,,7.4332122472325795e-06,4.358045552312666e-06,-0.04999256678775277,0.0,significant
0.4,betweeness,0.1697657738772356,50,two_sample_t_p_value,50.0,6.0,,2.1889394850799978e-07,1.3293626578391504e-07,-0.049999781106051494,0.0,significant
0.4,betweeness,0.1697657738772356,75,two_sample_t_p_value,75.0,0.5,,0.6185389578679419,0.1189661591208079,0.5685389578679418,5.056637230157366e-10,non-significant
0.4,betweeness,0.1697657738772356,75,two_sample_t_p_value,75.0,1.0,,0.3205260061237414,0.0816120140839446,0.2705260061237414,1.0282138635503334e-06,non-significant
0.4,betweeness,0.1697657738772356,75,two_sample_t_p_value,75.0,2.0,,0.04912138289485513,0.0187430875358319,-0.0008786171051448702,0.4333922962560268,significant
0.4,betweeness,0.1697657738772356,75,two_sample_t_p_value,75.0,3.0,,0.0036630774411349812,0.0018199427733646,-0.04633692255886502,0.0,significant
0.4,betweeness,0.1697657738772356,75,two_sample_t_p_value,75.0,4.0,,0.00014717180322168836,8.691559234533339e-05,-0.04985282819677832,0.0,significant
0.4,betweeness,0.1697657738772356,75,two_sample_t_p_value,75.0,5.0,,3.657912410473166e-06,2.41362948473218e-06,-0.04999634208758953,0.0,significant
0.4,betweeness,0.1697657738772356,75,two_sample_t_p_value,75.0,6.0,,6.480298590623212e-08,4.575066474354972e-08,-0.049999935197014095,0.0,significant
0.4,betweeness,0.1697657738772356,100,two_sample_t_p_value,100.0,0.5,,0.6181735658308866,0.1191086289783554,0.5681735658308865,5.381186858156596e-10,non-significant
0.4,betweeness,0.1697657738772356,100,two_sample_t_p_value,100.0,1.0,,0.31972415578412333,0.0817476176306451,0.26972415578412334,1.1542639503427224e-06,non-significant
0.4,betweeness,0.1697657738772356,100,two_sample_t_p_value,100.0,2.0,,0.04821217873113365,0.0186432166431891,-0.0017878212688663547,0.41400938121191055,significant
0.4,betweeness,0.1697657738772356,100,two_sample_t_p_value,100.0,3.0,,0.0034079153433294465,0.0017404691705571,-0.04659208465667056,0.0,significant
0.4,betweeness,0.1697657738772356,100,two_sample_t_p_value,100.0,4.0,,0.00012152364430076177,7.50889488751958e-05,-0.04987847635569924,0.0,significant
0.4,betweeness,0.1697657738772356,100,two_sample_t_p_value,100.0,5.0,,2.450173413503802e-06,1.7248400351198525e-06,-0.049997549826586496,0.0,significant
0.4,betweeness,0.1697657738772356,100,two_sample_t_p_value,100.0,6.0,,3.172491502802852e-08,2.4377524871645993e-08,-0.049999968275084974,0.0,significant
0.4,betweeness,0.1697657738772356,300,two_sample_t_p_value,300.0,0.5,,0.617441622554225,0.1193941927829789,0.5674416225542249,6.091855505958863e-10,non-significant
0.4,betweeness,0.1697657738772356,300,two_sample_t_p_value,300.0,1.0,,0.31811640443062633,0.0820199567706738,0.26811640443062634,1.4519388388695353e-06,non-significant
0.4,betweeness,0.1697657738772356,300,two_sample_t_p_value,300.0,2.0,,0.0464015209831491,0.0184375321158448,-0.0035984790168509043,0.3760895300791596,significant
0.4,betweeness,0.1697657738772356,300,two_sample_t_p_value,300.0,3.0,,0.0029262198640661076,0.0015827997372099,-0.0470737801359339,0.0,significant
0.4,betweeness,0.1697657738772356,300,two_sample_t_p_value,300.0,4.0,,7.984004483719462e-05,5.435896621745043e-05,-0.04992015995516281,0.0,significant
0.4,betweeness,0.1697657738772356,300,two_sample_t_p_value,300.0,5.0,,9.769154730247779e-07,7.938369241490515e-07,-0.04999902308452698,0.0,significant
0.4,betweeness,0.1697657738772356,300,two_sample_t_p_value,300.0,6.0,,5.676439092359154e-09,5.298047842551389e-09,-0.04999999432356091,0.0,significant
0.4,betweeness,0.1697657738772356,500,two_sample_t_p_value,500.0,0.5,,0.6172950500946657,0.119451405011552,0.5672950500946656,6.244505414905753e-10,non-significant
0.4,betweeness,0.1697657738772356,500,two_sample_t_p_value,500.0,1.0,,0.3177942072606085,0.0820746063355359,0.2677942072606085,1.519669070645751e-06,non-significant
0.4,betweeness,0.1697657738772356,500,two_sample_t_p_value,500.0,2.0,,0.046040682769031456,0.0183954221388407,-0.003959317230968547,0.36866343599435225,significant
0.4,betweeness,0.1697657738772356,500,two_sample_t_p_value,500.0,3.0,,0.002834491812851143,0.0015515102987722,-0.04716550818714886,0.0,significant
0.4,betweeness,0.1697657738772356,500,two_sample_t_p_value,500.0,4.0,,7.291606940371305e-05,5.067676464815172e-05,-0.04992708393059629,0.0,significant
0.4,betweeness,0.1697657738772356,500,two_sample_t_p_value,500.0,5.0,,7.94641504790956e-07,6.662751794078203e-07,-0.04999920535849521,0.0,significant
0.4,betweeness,0.1697657738772356,500,two_sample_t_p_value,500.0,6.0,,3.790442338479296e-09,3.6964030511289104e-09,-0.04999999620955766,0.0,significant
0.4,betweeness,0.1697657738772356,1000,two_sample_t_p_value,1000.0,0.5,,0.6171850808338747,0.1194943358738746,0.5671850808338746,6.36141482030875e-10,non-significant
0.4,betweeness,0.1697657738772356,1000,two_sample_t_p_value,1000.0,1.0,,0.31755241808467255,0.0821156333707673,0.26755241808467256,1.572430942129806e-06,non-significant
0.4,betweeness,0.1697657738772356,1000,two_sample_t_p_value,1000.0,2.0,,0.04577034649325166,0.0183636228420953,-0.0042296535067483446,0.36313207862827923,significant
0.4,betweeness,0.1697657738772356,1000,two_sample_t_p_value,1000.0,3.0,,0.0027667090442381925,0.001528104039742,-0.04723329095576181,0.0,significant
0.4,betweeness,0.1697657738772356,1000,two_sample_t_p_value,1000.0,4.0,,6.800991920878163e-05,4.80154272323365e-05,-0.04993199008079122,0.0,significant
0.4,betweeness,0.1697657738772356,1000,two_sample_t_p_value,1000.0,5.0,,6.767256364648635e-07,5.812821633508753e-07,-0.04999932327436354,0.0,significant
0.4,betweeness,0.1697657738772356,1000,two_sample_t_p_value,1000.0,6.0,,2.7553691733774752e-09,2.780507322286802e-09,-0.04999999724463083,0.0,significant
0.5,betweeness,0.1872463464167704,30,two_sample_t_p_value,30.0,0.5,,0.6207230048851272,0.1302779860899133,0.5707230048851272,1.4757896080462635e-08,non-significant
0.5,betweeness,0.1872463464167704,30,two_sample_t_p_value,30.0,1.0,,0.3253086154260302,0.0891267676429497,0.2753086154260302,5.3695048102258794e-06,non-significant
0.5,betweeness,0.1872463464167704,30,two_sample_t_p_value,30.0,2.0,,0.054625044962983094,0.0212907615761382,0.004625044962983091,0.46114401146606776,non-significant
0.5,betweeness,0.1872463464167704,30,two_sample_t_p_value,30.0,3.0,,0.005389964065651945,0.0025387094626719,-0.044610035934348057,1.587618925213974e-14,significant
0.5,betweeness,0.1872463464167704,30,two_sample_t_p_value,30.0,4.0,,0.0003818456360837564,0.0001965024726635,-0.04961815436391625,0.0,significant
0.5,betweeness,0.1872463464167704,30,two_sample_t_p_value,30.0,5.0,,2.32966854670078e-05,1.2316653494137447e-05,-0.049976703314532994,0.0,significant
0.5,betweeness,0.1872463464167704,30,two_sample_t_p_value,30.0,6.0,,1.3942768767204764e-06,7.297656373811524e-07,-0.049998605723123285,0.0,significant
0.5,betweeness,0.1872463464167704,50,two_sample_t_p_value,50.0,0.5,,0.6192685675117714,0.1309023705544207,0.5692685675117714,1.8148026156459032e-08,non-significant
0.5,betweeness,0.1872463464167704,50,two_sample_t_p_value,50.0,1.0,,0.32212564510024433,0.0897176121553494,0.27212564510024434,7.939479764273532e-06,non-significant
0.5,betweeness,0.1872463464167704,50,two_sample_t_p_value,50.0,2.0,,0.05094706873769324,0.02088701224184,0.0009470687376932352,0.5340252941820095,non-significant
0.5,betweeness,0.1872463464167704,50,two_sample_t_p_value,50.0,3.0,,0.004201703187068241,0.0021836895705743,-0.04579829681293176,2.220446049250313e-16,significant
0.5,betweeness,0.1872463464167704,50,two_sample_t_p_value,50.0,4.0,,0.00020919024636403336,0.0001251834281228,-0.04979080975363597,0.0,significant
0.5,betweeness,0.1872463464167704,50,two_sample_t_p_value,50.0,5.0,,7.4332122472325795e-06,4.806788132562606e-06,-0.04999256678775277,0.0,significant
0.5,betweeness,0.1872463464167704,50,two_sample_t_p_value,50.0,6.0,,2.1889394850799978e-07,1.4662454925883406e-07,-0.049999781106051494,0.0,significant
0.5,betweeness,0.1872463464167704,75,two_sample_t_p_value,75.0,0.5,,0.6185389578679419,0.1312159579275153,0.5685389578679418,2.0112713044722735e-08,non-significant
0.5,betweeness,0.1872463464167704,75,two_sample_t_p_value,75.0,1.0,,0.3205260061237414,0.0900155026064519,0.2705260061237414,9.625158545271547e-06,non-significant
0.5,betweeness,0.1872463464167704,75,two_sample_t_p_value,75.0,2.0,,0.04912138289485513,0.0206730401629256,-0.0008786171051448702,0.4301149597953149,significant
0.5,betweeness,0.1872463464167704,75,two_sample_t_p_value,75.0,3.0,,0.0036630774411349812,0.0020073400380842,-0.04633692255886502,0.0,significant
0.5,betweeness,0.1872463464167704,75,two_sample_t_p_value,75.0,4.0,,0.00014717180322168836,9.586518378599638e-05,-0.04985282819677832,0.0,significant
0.5,betweeness,0.1872463464167704,75,two_sample_t_p_value,75.0,5.0,,3.657912410473166e-06,2.6621579385413165e-06,-0.04999634208758953,0.0,significant
0.5,betweeness,0.1872463464167704,75,two_sample_t_p_value,75.0,6.0,,6.480298590623212e-08,5.046155431520088e-08,-0.049999935197014095,0.0,significant
0.5,betweeness,0.1872463464167704,100,two_sample_t_p_value,100.0,0.5,,0.6181735658308866,0.1313730977307337,0.5681735658308865,2.1170226775310902e-08,non-significant
0.5,betweeness,0.1872463464167704,100,two_sample_t_p_value,100.0,1.0,,0.31972415578412333,0.0901650690832566,0.26972415578412334,1.0589804622574104e-05,non-significant
0.5,betweeness,0.1872463464167704,100,two_sample_t_p_value,100.0,2.0,,0.04821217873113365,0.0205628856875349,-0.0017878212688663547,0.412458581426707,significant
0.5,betweeness,0.1872463464167704,100,two_sample_t_p_value,100.0,3.0,,0.0034079153433294465,0.0019196831363282,-0.04659208465667056,0.0,significant
0.5,betweeness,0.1872463464167704,100,two_sample_t_p_value,100.0,4.0,,0.00012152364430076177,8.282076541131028e-05,-0.04987847635569924,0.0,significant
0.5,betweeness,0.1872463464167704,100,two_sample_t_p_value,100.0,5.0,,2.450173413503802e-06,1.90244468807428e-06,-0.049997549826586496,0.0,significant
0.5,betweeness,0.1872463464167704,100,two_sample_t_p_value,100.0,6.0,,3.172491502802852e-08,2.6887648568082445e-08,-0.049999968275084974,0.0,significant
0.5,betweeness,0.1872463464167704,300,two_sample_t_p_value,300.0,0.5,,0.617441622554225,0.1316880656884287,0.5674416225542249,2.3447848366550444e-08,non-significant
0.5,betweeness,0.1872463464167704,300,two_sample_t_p_value,300.0,1.0,,0.31811640443062633,0.0904654506489398,0.26811640443062634,1.2799499080693785e-05,non-significant
0.5,betweeness,0.1872463464167704,300,two_sample_t_p_value,300.0,2.0,,0.0464015209831491,0.020336022077868,-0.0035984790168509043,0.3778610451316976,significant
0.5,betweeness,0.1872463464167704,300,two_sample_t_p_value,300.0,3.0,,0.0029262198640661076,0.00174577867572,-0.0470737801359339,0.0,significant
0.5,betweeness,0.1872463464167704,300,two_sample_t_p_value,300.0,4.0,,7.984004483719462e-05,5.995624198415126e-05,-0.04992015995516281,0.0,significant
0.5,betweeness,0.1872463464167704,300,two_sample_t_p_value,300.0,5.0,,9.769154730247779e-07,8.755773340103671e-07,-0.04999902308452698,0.0,significant
0.5,betweeness,0.1872463464167704,300,two_sample_t_p_value,300.0,6.0,,5.676439092359154e-09,5.843581300294277e-09,-0.04999999432356091,0.0,significant
0.5,betweeness,0.1872463464167704,500,two_sample_t_p_value,500.0,0.5,,0.6172950500946657,0.1317511689896773,0.5672950500946656,2.3930802801366173e-08,non-significant
0.5,betweeness,0.1872463464167704,500,two_sample_t_p_value,500.0,1.0,,0.3177942072606085,0.0905257274121529,0.2677942072606085,1.329074240893473e-05,non-significant
0.5,betweeness,0.1872463464167704,500,two_sample_t_p_value,500.0,2.0,,0.046040682769031456,0.0202895760884225,-0.003959317230968547,0.3710730326192362,significant
0.5,betweeness,0.1872463464167704,500,two_sample_t_p_value,500.0,3.0,,0.002834491812851143,0.0017112674023633,-0.04716550818714886,0.0,significant
0.5,betweeness,0.1872463464167704,500,two_sample_t_p_value,500.0,4.0,,7.291606940371305e-05,5.589488865671395e-05,-0.04992708393059629,0.0,significant
0.5,betweeness,0.1872463464167704,500,two_sample_t_p_value,500.0,5.0,,7.94641504790956e-07,7.348807136031421e-07,-0.04999920535849521,0.0,significant
0.5,betweeness,0.1872463464167704,500,two_sample_t_p_value,500.0,6.0,,3.790442338479296e-09,4.077017118351568e-09,-0.04999999620955766,0.0,significant
0.5,betweeness,0.1872463464167704,1000,two_sample_t_p_value,1000.0,0.5,,0.6171850808338747,0.131798520389991,0.5671850808338746,2.4299274989756857e-08,non-significant
0.5,betweeness,0.1872463464167704,1000,two_sample_t_p_value,1000.0,1.0,,0.31755241808467255,0.0905709789506459,0.26755241808467256,1.3670787855516794e-05,non-significant
0.5,betweeness,0.1872463464167704,1000,two_sample_t_p_value,1000.0,2.0,,0.04577034649325166,0.0202545024572764,-0.0042296535067483446,0.3660135870917989,significant
0.5,betweeness,0.1872463464167704,1000,two_sample_t_p_value,1000.0,3.0,,0.0027667090442381925,0.0016854510296835,-0.04723329095576181,0.0,significant
0.5,betweeness,0.1872463464167704,1000,two_sample_t_p_value,1000.0,4.0,,6.800991920878163e-05,5.295951660666805e-05,-0.04993199008079122,0.0,significant
0.5,betweeness,0.1872463464167704,1000,two_sample_t_p_value,1000.0,5.0,,6.767256364648635e-07,6.411360714168239e-07,-0.04999932327436354,0.0,significant
0.5,betweeness,0.1872463464167704,1000,two_sample_t_p_value,1000.0,6.0,,2.7553691733774752e-09,3.066812734937824e-09,-0.04999999724463083,0.0,significant
0.05,clusteringcoef,0.0471926535794536,30,two_sample_t_p_value,30.0,0.5,,0.6207230048851272,0.0328346265987249,0.5707230048851272,4.340483886495029e-117,non-significant
0.05,clusteringcoef,0.0471926535794536,30,two_sample_t_p_value,30.0,1.0,,0.3253086154260302,0.0224630747169199,0.2753086154260302,1.6066985283923438e-73,non-significant
0.05,clusteringcoef,0.0471926535794536,30,two_sample_t_p_value,30.0,2.0,,0.054625044962983094,0.0053660194430124,0.004625044962983091,0.19638287210024336,non-significant
0.05,clusteringcoef,0.0471926535794536,30,two_sample_t_p_value,30.0,3.0,,0.005389964065651945,0.0006398439195395,-0.044610035934348057,0.0,significant
0.05,clusteringcoef,0.0471926535794536,30,two_sample_t_p_value,30.0,4.0,,0.0003818456360837564,4.952552237936061e-05,-0.04961815436391625,0.0,significant
0.05,clusteringcoef,0.0471926535794536,30,two_sample_t_p_value,30.0,5.0,,2.32966854670078e-05,3.104229122384287e-06,-0.049976703314532994,0.0,significant
0.05,clusteringcoef,0.0471926535794536,30,two_sample_t_p_value,30.0,6.0,,1.3942768767204764e-06,1.839265629379103e-07,-0.049998605723123285,0.0,significant
0.05,clusteringcoef,0.0471926535794536,50,two_sample_t_p_value,50.0,0.5,,0.6192685675117714,0.0329919934061301,0.5692685675117714,1.086403256533944e-115,non-significant
0.05,clusteringcoef,0.0471926535794536,50,two_sample_t_p_value,50.0,1.0,,0.32212564510024433,0.0226119882787948,0.27212564510024434,6.5010725524474986e-71,non-significant
0.05,clusteringcoef,0.0471926535794536,50,two_sample_t_p_value,50.0,2.0,,0.05094706873769324,0.0052642604349938,0.0009470687376932352,0.44107943539913724,non-significant
0.05,clusteringcoef,0.0471926535794536,50,two_sample_t_p_value,50.0,3.0,,0.004201703187068241,0.0005503664418626,-0.04579829681293176,0.0,significant
0.05,clusteringcoef,0.0471926535794536,50,two_sample_t_p_value,50.0,4.0,,0.00020919024636403336,3.1550619119363505e-05,-0.04979080975363597,0.0,significant
0.05,clusteringcoef,0.0471926535794536,50,two_sample_t_p_value,50.0,5.0,,7.4332122472325795e-06,1.2114793773596362e-06,-0.04999256678775277,0.0,significant
0.05,clusteringcoef,0.0471926535794536,50,two_sample_t_p_value,50.0,6.0,,2.1889394850799978e-07,3.695453445064359e-08,-0.049999781106051494,0.0,significant
0.05,clusteringcoef,0.0471926535794536,75,two_sample_t_p_value,75.0,0.5,,0.6185389578679419,0.0330710284343084,0.5685389578679418,5.383701290484625e-115,non-significant
0.05,clusteringcoef,0.0471926535794536,75,two_sample_t_p_value,75.0,1.0,,0.3205260061237414,0.022687067131507,0.2705260061237414,1.2455295781669318e-69,non-significant
0.05,clusteringcoef,0.0471926535794536,75,two_sample_t_p_value,75.0,2.0,,0.04912138289485513,0.0052103319584755,-0.0008786171051448702,0.42030345422875715,significant
0.05,clusteringcoef,0.0471926535794536,75,two_sample_t_p_value,75.0,3.0,,0.0036630774411349812,0.0005059201679835,-0.04633692255886502,0.0,significant
0.05,clusteringcoef,0.0471926535794536,75,two_sample_t_p_value,75.0,4.0,,0.00014717180322168836,2.416139217303298e-05,-0.04985282819677832,0.0,significant
0.05,clusteringcoef,0.0471926535794536,75,two_sample_t_p_value,75.0,5.0,,3.657912410473166e-06,6.709572697762419e-07,-0.04999634208758953,0.0,significant
0.05,clusteringcoef,0.0471926535794536,75,two_sample_t_p_value,75.0,6.0,,6.480298590623212e-08,1.271808340963586e-08,-0.049999935197014095,0.0,significant
0.05,clusteringcoef,0.0471926535794536,100,two_sample_t_p_value,100.0,0.5,,0.6181735658308866,0.033110633181951,0.5681735658308865,1.1955956104073345e-114,non-significant
0.05,clusteringcoef,0.0471926535794536,100,two_sample_t_p_value,100.0,1.0,,0.31972415578412333,0.0227247631349912,0.26972415578412334,5.385849848530593e-69,non-significant
0.05,clusteringcoef,0.0471926535794536,100,two_sample_t_p_value,100.0,2.0,,0.04821217873113365,0.0051825691631162,-0.0017878212688663547,0.3539058717036103,significant
0.05,clusteringcoef,0.0471926535794536,100,two_sample_t_p_value,100.0,3.0,,0.0034079153433294465,0.0004838275510776,-0.04659208465667056,0.0,significant
0.05,clusteringcoef,0.0471926535794536,100,two_sample_t_p_value,100.0,4.0,,0.00012152364430076177,2.0873740748679824e-05,-0.04987847635569924,0.0,significant
0.05,clusteringcoef,0.0471926535794536,100,two_sample_t_p_value,100.0,5.0,,2.450173413503802e-06,4.794828568698846e-07,-0.049997549826586496,0.0,significant
0.05,clusteringcoef,0.0471926535794536,100,two_sample_t_p_value,100.0,6.0,,3.172491502802852e-08,6.776631473573892e-09,-0.049999968275084974,0.0,significant
0.05,clusteringcoef,0.0471926535794536,300,two_sample_t_p_value,300.0,0.5,,0.617441622554225,0.0331900161659215,0.5674416225542249,5.86809877389351e-114,non-significant
0.05,clusteringcoef,0.0471926535794536,300,two_sample_t_p_value,300.0,1.0,,0.31811640443062633,0.0228004698360416,0.26811640443062634,9.828653542698811e-68,non-significant
0.05,clusteringcoef,0.0471926535794536,300,two_sample_t_p_value,300.0,2.0,,0.0464015209831491,0.0051253915682222,-0.0035984790168509043,0.2357284268515405,significant
0.05,clusteringcoef,0.0471926535794536,300,two_sample_t_p_value,300.0,3.0,,0.0029262198640661076,0.00043999752116,-0.0470737801359339,0.0,significant
0.05,clusteringcoef,0.0471926535794536,300,two_sample_t_p_value,300.0,4.0,,7.984004483719462e-05,1.5111078063900337e-05,-0.04992015995516281,0.0,significant
0.05,clusteringcoef,0.0471926535794536,300,two_sample_t_p_value,300.0,5.0,,9.769154730247779e-07,2.2067622998635967e-07,-0.04999902308452698,0.0,significant
0.05,clusteringcoef,0.0471926535794536,300,two_sample_t_p_value,300.0,6.0,,5.676439092359154e-09,1.4727876577861042e-09,-0.04999999432356091,0.0,significant
0.05,clusteringcoef,0.0471926535794536,500,two_sample_t_p_value,500.0,0.5,,0.6172950500946657,0.0332059204134143,0.5672950500946656,8.0601651388988e-114,non-significant
0.05,clusteringcoef,0.0471926535794536,500,two_sample_t_p_value,500.0,1.0,,0.3177942072606085,0.0228156616967088,0.2677942072606085,1.7500612272029294e-67,non-significant
0.05,clusteringcoef,0.0471926535794536,500,two_sample_t_p_value,500.0,2.0,,0.046040682769031456,0.0051136855481476,-0.003959317230968547,0.21510263472118707,significant
0.05,clusteringcoef,0.0471926535794536,500,two_sample_t_p_value,500.0,3.0,,0.002834491812851143,0.0004312994685716,-0.04716550818714886,0.0,significant
0.05,clusteringcoef,0.0471926535794536,500,two_sample_t_p_value,500.0,4.0,,7.291606940371305e-05,1.40874744298999e-05,-0.04992708393059629,0.0,significant
0.05,clusteringcoef,0.0471926535794536,500,two_sample_t_p_value,500.0,5.0,,7.94641504790956e-07,1.8521574173790445e-07,-0.04999920535849521,0.0,significant
0.05,clusteringcoef,0.0471926535794536,500,two_sample_t_p_value,500.0,6.0,,3.790442338479296e-09,1.0275514592718124e-09,-0.04999999620955766,0.0,significant
0.05,clusteringcoef,0.0471926535794536,1000,two_sample_t_p_value,1000.0,0.5,,0.6171850808338747,0.033217854628817,0.5671850808338746,1.022480700835629e-113,non-significant
0.05,clusteringcoef,0.0471926535794536,1000,two_sample_t_p_value,1000.0,1.0,,0.31755241808467255,0.0228270666732058,0.26755241808467256,2.6952770881712675e-67,non-significant
0.05,clusteringcoef,0.0471926535794536,1000,two_sample_t_p_value,1000.0,2.0,,0.04577034649325166,0.0051048457616518,-0.0042296535067483446,0.20036621399598054,significant
0.05,clusteringcoef,0.0471926535794536,1000,two_sample_t_p_value,1000.0,3.0,,0.0027667090442381925,0.0004247928362348,-0.04723329095576181,0.0,significant
0.05,clusteringcoef,0.0471926535794536,1000,two_sample_t_p_value,1000.0,4.0,,6.800991920878163e-05,1.3347657611384824e-05,-0.04993199008079122,0.0,significant
0.05,clusteringcoef,0.0471926535794536,1000,two_sample_t_p_value,1000.0,5.0,,6.767256364648635e-07,1.6158880050092173e-07,-0.04999932327436354,0.0,significant
0.05,clusteringcoef,0.0471926535794536,1000,two_sample_t_p_value,1000.0,6.0,,2.7553691733774752e-09,7.72944486034654e-10,-0.04999999724463083,0.0,significant
0.1,clusteringcoef,0.0456400476459608,30,two_sample_t_p_value,30.0,0.5,,0.6207230048851272,0.0317543899047791,0.5707230048851272,4.449137216865301e-125,non-significant
0.1,clusteringcoef,0.0456400476459608,30,two_sample_t_p_value,30.0,1.0,,0.3253086154260302,0.0217240549660753,0.2753086154260302,1.7623142096553038e-78,non-significant
0.1,clusteringcoef,0.0456400476459608,30,two_sample_t_p_value,30.0,2.0,,0.054625044962983094,0.0051894810838707,0.004625044962983091,0.18786515669457704,non-significant
0.1,clusteringcoef,0.0456400476459608,30,two_sample_t_p_value,30.0,3.0,,0.005389964065651945,0.0006187934934532,-0.044610035934348057,0.0,significant
0.1,clusteringcoef,0.0456400476459608,30,two_sample_t_p_value,30.0,4.0,,0.0003818456360837564,4.789616666245719e-05,-0.04961815436391625,0.0,significant
0.1,clusteringcoef,0.0456400476459608,30,two_sample_t_p_value,30.0,5.0,,2.32966854670078e-05,3.0021021134374256e-06,-0.049976703314532994,0.0,significant
0.1,clusteringcoef,0.0456400476459608,30,two_sample_t_p_value,30.0,6.0,,1.3942768767204764e-06,1.7787550517182058e-07,-0.049998605723123285,0.0,significant
0.1,clusteringcoef,0.0456400476459608,50,two_sample_t_p_value,50.0,0.5,,0.6192685675117714,0.0319065794521579,0.5692685675117714,1.3913078050016305e-123,non-significant
0.1,clusteringcoef,0.0456400476459608,50,two_sample_t_p_value,50.0,1.0,,0.32212564510024433,0.0218680693739039,0.27212564510024434,1.0794270161804358e-75,non-significant
0.1,clusteringcoef,0.0456400476459608,50,two_sample_t_p_value,50.0,2.0,,0.05094706873769324,0.0050910698774198,0.0009470687376932352,0.4382262928608766,non-significant
0.1,clusteringcoef,0.0456400476459608,50,two_sample_t_p_value,50.0,3.0,,0.004201703187068241,0.0005322597634197,-0.04579829681293176,0.0,significant
0.1,clusteringcoef,0.0456400476459608,50,two_sample_t_p_value,50.0,4.0,,0.00020919024636403336,3.0512625390792536e-05,-0.04979080975363597,0.0,significant
0.1,clusteringcoef,0.0456400476459608,50,two_sample_t_p_value,50.0,5.0,,7.4332122472325795e-06,1.1716225367938483e-06,-0.04999256678775277,0.0,significant
0.1,clusteringcoef,0.0456400476459608,50,two_sample_t_p_value,50.0,6.0,,2.1889394850799978e-07,3.573875561419958e-08,-0.049999781106051494,0.0,significant
0.1,clusteringcoef,0.0456400476459608,75,two_sample_t_p_value,75.0,0.5,,0.6185389578679419,0.031983014282119,0.5685389578679418,7.701477147579345e-123,non-significant
0.1,clusteringcoef,0.0456400476459608,75,two_sample_t_p_value,75.0,1.0,,0.3205260061237414,0.0219406781838581,0.2705260061237414,2.5358607442605247e-74,non-significant
0.1,clusteringcoef,0.0456400476459608,75,two_sample_t_p_value,75.0,2.0,,0.04912138289485513,0.0050389156107896,-0.0008786171051448702,0.41850461738692,significant
0.1,clusteringcoef,0.0456400476459608,75,two_sample_t_p_value,75.0,3.0,,0.0036630774411349812,0.0004892757414657,-0.04633692255886502,0.0,significant
0.1,clusteringcoef,0.0456400476459608,75,two_sample_t_p_value,75.0,4.0,,0.00014717180322168836,2.3366498942752124e-05,-0.04985282819677832,0.0,significant
0.1,clusteringcoef,0.0456400476459608,75,two_sample_t_p_value,75.0,5.0,,3.657912410473166e-06,6.488832358077799e-07,-0.04999634208758953,0.0,significant
0.1,clusteringcoef,0.0456400476459608,75,two_sample_t_p_value,75.0,6.0,,6.480298590623212e-08,1.2299667188746472e-08,-0.049999935197014095,0.0,significant
0.1,clusteringcoef,0.0456400476459608,100,two_sample_t_p_value,100.0,0.5,,0.6181735658308866,0.0320213160607289,0.5681735658308865,1.8073228635839428e-122,non-significant
0.1,clusteringcoef,0.0456400476459608,100,two_sample_t_p_value,100.0,1.0,,0.31972415578412333,0.0219771340146833,0.26972415578412334,1.21322349707936e-73,non-significant
0.1,clusteringcoef,0.0456400476459608,100,two_sample_t_p_value,100.0,2.0,,0.04821217873113365,0.0050120661923552,-0.0017878212688663547,0.35001345386968197,significant
0.1,clusteringcoef,0.0456400476459608,100,two_sample_t_p_value,100.0,3.0,,0.0034079153433294465,0.0004679099565027,-0.04659208465667056,0.0,significant
0.1,clusteringcoef,0.0456400476459608,100,two_sample_t_p_value,100.0,4.0,,0.00012152364430076177,2.0187008995271902e-05,-0.04987847635569924,0.0,significant
0.1,clusteringcoef,0.0456400476459608,100,two_sample_t_p_value,100.0,5.0,,2.450173413503802e-06,4.637081997544312e-07,-0.049997549826586496,0.0,significant
0.1,clusteringcoef,0.0456400476459608,100,two_sample_t_p_value,100.0,6.0,,3.172491502802852e-08,6.5536849461604484e-09,-0.049999968275084974,0.0,significant
0.1,clusteringcoef,0.0456400476459608,300,two_sample_t_p_value,300.0,0.5,,0.617441622554225,0.0320980873989753,0.5674416225542249,9.901947805882664e-122,non-significant
0.1,clusteringcoef,0.0456400476459608,300,two_sample_t_p_value,300.0,1.0,,0.31811640443062633,0.022050350017196,0.26811640443062634,2.705695485906075e-72,non-significant
0.1,clusteringcoef,0.0456400476459608,300,two_sample_t_p_value,300.0,2.0,,0.0464015209831491,0.0049567697011154,-0.0035984790168509043,0.22895419812691242,significant
0.1,clusteringcoef,0.0456400476459608,300,two_sample_t_p_value,300.0,3.0,,0.0029262198640661076,0.0004255219045065,-0.0470737801359339,0.0,significant
0.1,clusteringcoef,0.0456400476459608,300,two_sample_t_p_value,300.0,4.0,,7.984004483719462e-05,1.4613933960232068e-05,-0.04992015995516281,0.0,significant
0.1,clusteringcoef,0.0456400476459608,300,two_sample_t_p_value,300.0,5.0,,9.769154730247779e-07,2.134161333808403e-07,-0.04999902308452698,0.0,significant
0.1,clusteringcoef,0.0456400476459608,300,two_sample_t_p_value,300.0,6.0,,5.676439092359154e-09,1.424333954024695e-09,-0.04999999432356091,0.0,significant
0.1,clusteringcoef,0.0456400476459608,500,two_sample_t_p_value,500.0,0.5,,0.6172950500946657,0.0321134684076343,0.5672950500946656,1.390267112091846e-121,non-significant
0.1,clusteringcoef,0.0456400476459608,500,two_sample_t_p_value,500.0,1.0,,0.3177942072606085,0.0220650420760673,0.2677942072606085,5.013496589729266e-72,non-significant
0.1,clusteringcoef,0.0456400476459608,500,two_sample_t_p_value,500.0,2.0,,0.046040682769031456,0.0049454488010721,-0.003959317230968547,0.2080078691232432,significant
0.1,clusteringcoef,0.0456400476459608,500,two_sample_t_p_value,500.0,3.0,,0.002834491812851143,0.0004171100118824,-0.04716550818714886,0.0,significant
0.1,clusteringcoef,0.0456400476459608,500,two_sample_t_p_value,500.0,4.0,,7.291606940371305e-05,1.36240061837042e-05,-0.04992708393059629,0.0,significant
0.1,clusteringcoef,0.0456400476459608,500,two_sample_t_p_value,500.0,5.0,,7.94641504790956e-07,1.79122270873538e-07,-0.04999920535849521,0.0,significant
0.1,clusteringcoef,0.0456400476459608,500,two_sample_t_p_value,500.0,6.0,,3.790442338479296e-09,9.93745721055617e-10,-0.04999999620955766,0.0,significant
0.1,clusteringcoef,0.0456400476459608,1000,two_sample_t_p_value,1000.0,0.5,,0.6171850808338747,0.0321250099955359,0.5671850808338746,1.7928858738979272e-121,non-significant
0.1,clusteringcoef,0.0456400476459608,1000,two_sample_t_p_value,1000.0,1.0,,0.31755241808467255,0.0220760718366602,0.26755241808467256,7.955037752690415e-72,non-significant
0.1,clusteringcoef,0.0456400476459608,1000,two_sample_t_p_value,1000.0,2.0,,0.04577034649325166,0.0049368998374888,-0.0042296535067483446,0.1930889323638263,significant
0.1,clusteringcoef,0.0456400476459608,1000,two_sample_t_p_value,1000.0,3.0,,0.0027667090442381925,0.0004108174432865,-0.04723329095576181,0.0,significant
0.1,clusteringcoef,0.0456400476459608,1000,two_sample_t_p_value,1000.0,4.0,,6.800991920878163e-05,1.2908528831080578e-05,-0.04993199008079122,0.0,significant
0.1,clusteringcoef,0.0456400476459608,1000,two_sample_t_p_value,1000.0,5.0,,6.767256364648635e-07,1.5627263979761805e-07,-0.04999932327436354,0.0,significant
0.1,clusteringcoef,0.0456400476459608,1000,two_sample_t_p_value,1000.0,6.0,,2.7553691733774752e-09,7.475151426039548e-10,-0.04999999724463083,0.0,significant
0.2,clusteringcoef,0.0540284967317034,30,two_sample_t_p_value,30.0,0.5,,0.6207230048851272,0.0375907134123999,0.5707230048851272,1.0357038351245944e-89,non-significant
0.2,clusteringcoef,0.0540284967317034,30,two_sample_t_p_value,30.0,1.0,,0.3253086154260302,0.0257168450357177,0.2753086154260302,1.6060873192541174e-56,non-significant
0.2,clusteringcoef,0.0540284967317034,30,two_sample_t_p_value,30.0,2.0,,0.054625044962983094,0.0061432859131548,0.004625044962983091,0.23027438380660525,non-significant
0.2,clusteringcoef,0.0540284967317034,30,two_sample_t_p_value,30.0,3.0,,0.005389964065651945,0.0007325251388426,-0.044610035934348057,0.0,significant
0.2,clusteringcoef,0.0540284967317034,30,two_sample_t_p_value,30.0,4.0,,0.0003818456360837564,5.669928094855328e-05,-0.04961815436391625,0.0,significant
0.2,clusteringcoef,0.0540284967317034,30,two_sample_t_p_value,30.0,5.0,,2.32966854670078e-05,3.5538758741512537e-06,-0.049976703314532994,0.0,significant
0.2,clusteringcoef,0.0540284967317034,30,two_sample_t_p_value,30.0,6.0,,1.3942768767204764e-06,2.105682760100345e-07,-0.049998605723123285,0.0,significant
0.2,clusteringcoef,0.0540284967317034,50,two_sample_t_p_value,50.0,0.5,,0.6192685675117714,0.0377708747594463,0.5692685675117714,1.2090480587496566e-88,non-significant
0.2,clusteringcoef,0.0540284967317034,50,two_sample_t_p_value,50.0,1.0,,0.32212564510024433,0.025887328686897,0.27212564510024434,1.570330271081318e-54,non-significant
0.2,clusteringcoef,0.0540284967317034,50,two_sample_t_p_value,50.0,2.0,,0.05094706873769324,0.0060267871402495,0.0009470687376932352,0.45200919497419917,non-significant
0.2,clusteringcoef,0.0540284967317034,50,two_sample_t_p_value,50.0,3.0,,0.004201703187068241,0.000630086872639,-0.04579829681293176,0.0,significant
0.2,clusteringcoef,0.0540284967317034,50,two_sample_t_p_value,50.0,4.0,,0.00020919024636403336,3.612071779570159e-05,-0.04979080975363597,0.0,significant
0.2,clusteringcoef,0.0540284967317034,50,two_sample_t_p_value,50.0,5.0,,7.4332122472325795e-06,1.386961838668429e-06,-0.04999256678775277,0.0,significant
0.2,clusteringcoef,0.0540284967317034,50,two_sample_t_p_value,50.0,6.0,,2.1889394850799978e-07,4.230738880632647e-08,-0.049999781106051494,0.0,significant
0.2,clusteringcoef,0.0540284967317034,75,two_sample_t_p_value,75.0,0.5,,0.6185389578679419,0.0378613579901559,0.5685389578679418,4.1010202557425755e-88,non-significant
0.2,clusteringcoef,0.0540284967317034,75,two_sample_t_p_value,75.0,1.0,,0.3205260061237414,0.0259732826911903,0.2705260061237414,1.4961310477138489e-53,non-significant
0.2,clusteringcoef,0.0540284967317034,75,two_sample_t_p_value,75.0,2.0,,0.04912138289485513,0.0059650471384416,-0.0008786171051448702,0.4267122023525578,significant
0.2,clusteringcoef,0.0540284967317034,75,two_sample_t_p_value,75.0,3.0,,0.0036630774411349812,0.0005792025679671,-0.04633692255886502,0.0,significant
0.2,clusteringcoef,0.0540284967317034,75,two_sample_t_p_value,75.0,4.0,,0.00014717180322168836,2.7661163317640907e-05,-0.04985282819677832,0.0,significant
0.2,clusteringcoef,0.0540284967317034,75,two_sample_t_p_value,75.0,5.0,,3.657912410473166e-06,7.681452494758834e-07,-0.04999634208758953,0.0,significant
0.2,clusteringcoef,0.0540284967317034,75,two_sample_t_p_value,75.0,6.0,,6.480298590623212e-08,1.4560294363913538e-08,-0.049999935197014095,0.0,significant
0.2,clusteringcoef,0.0540284967317034,100,two_sample_t_p_value,100.0,0.5,,0.6181735658308866,0.0379066994748207,0.5681735658308865,7.539134540673024e-88,non-significant
0.2,clusteringcoef,0.0540284967317034,100,two_sample_t_p_value,100.0,1.0,,0.31972415578412333,0.0260164389506199,0.26972415578412334,4.575404958850087e-53,non-significant
0.2,clusteringcoef,0.0540284967317034,100,two_sample_t_p_value,100.0,2.0,,0.04821217873113365,0.0059332629096568,-0.0017878212688663547,0.36822677299244777,significant
0.2,clusteringcoef,0.0540284967317034,100,two_sample_t_p_value,100.0,3.0,,0.0034079153433294465,0.0005539098414564,-0.04659208465667056,0.0,significant
0.2,clusteringcoef,0.0540284967317034,100,two_sample_t_p_value,100.0,4.0,,0.00012152364430076177,2.389729647051412e-05,-0.04987847635569924,0.0,significant
0.2,clusteringcoef,0.0540284967317034,100,two_sample_t_p_value,100.0,5.0,,2.450173413503802e-06,5.489358194636681e-07,-0.049997549826586496,0.0,significant
0.2,clusteringcoef,0.0540284967317034,100,two_sample_t_p_value,100.0,6.0,,3.172491502802852e-08,7.758224716173812e-09,-0.049999968275084974,0.0,significant
0.2,clusteringcoef,0.0540284967317034,300,two_sample_t_p_value,300.0,0.5,,0.617441622554225,0.0379975810626251,0.5674416225542249,2.538537049345992e-87,non-significant
0.2,clusteringcoef,0.0540284967317034,300,two_sample_t_p_value,300.0,1.0,,0.31811640443062633,0.0261031117469139,0.26811640443062634,4.200458509050786e-52,non-significant
0.2,clusteringcoef,0.0540284967317034,300,two_sample_t_p_value,300.0,2.0,,0.0464015209831491,0.0058678031555521,-0.0035984790168509043,0.2616131810167255,significant
0.2,clusteringcoef,0.0540284967317034,300,two_sample_t_p_value,300.0,3.0,,0.0029262198640661076,0.0005037310435178,-0.0470737801359339,0.0,significant
0.2,clusteringcoef,0.0540284967317034,300,two_sample_t_p_value,300.0,4.0,,7.984004483719462e-05,1.7299913648920244e-05,-0.04992015995516281,0.0,significant
0.2,clusteringcoef,0.0540284967317034,300,two_sample_t_p_value,300.0,5.0,,9.769154730247779e-07,2.52641122426172e-07,-0.04999902308452698,0.0,significant
0.2,clusteringcoef,0.0540284967317034,300,two_sample_t_p_value,300.0,6.0,,5.676439092359154e-09,1.686120553090351e-09,-0.04999999432356091,0.0,significant
0.2,clusteringcoef,0.0540284967317034,500,two_sample_t_p_value,500.0,0.5,,0.6172950500946657,0.038015789036081,0.5672950500946656,3.2342941238915037e-87,non-significant
0.2,clusteringcoef,0.0540284967317034,500,two_sample_t_p_value,500.0,1.0,,0.3177942072606085,0.0261205041445044,0.2677942072606085,6.525028964517462e-52,non-significant
0.2,clusteringcoef,0.0540284967317034,500,two_sample_t_p_value,500.0,2.0,,0.046040682769031456,0.0058544015216245,-0.003959317230968547,0.24244615769828137,significant
0.2,clusteringcoef,0.0540284967317034,500,two_sample_t_p_value,500.0,3.0,,0.002834491812851143,0.0004937730803562,-0.04716550818714886,0.0,significant
0.2,clusteringcoef,0.0540284967317034,500,two_sample_t_p_value,500.0,4.0,,7.291606940371305e-05,1.6128041304402836e-05,-0.04992708393059629,0.0,significant
0.2,clusteringcoef,0.0540284967317034,500,two_sample_t_p_value,500.0,5.0,,7.94641504790956e-07,2.1204419201176555e-07,-0.04999920535849521,0.0,significant
0.2,clusteringcoef,0.0540284967317034,500,two_sample_t_p_value,500.0,6.0,,3.790442338479296e-09,1.176392011215381e-09,-0.04999999620955766,0.0,significant
0.2,clusteringcoef,0.0540284967317034,1000,two_sample_t_p_value,1000.0,0.5,,0.6171850808338747,0.0380294519193684,0.5671850808338746,3.8781114171827405e-87,non-significant
0.2,clusteringcoef,0.0540284967317034,1000,two_sample_t_p_value,1000.0,1.0,,0.31755241808467255,0.0261335611287734,0.26755241808467256,9.073298649199186e-52,non-significant
0.2,clusteringcoef,0.0540284967317034,1000,two_sample_t_p_value,1000.0,2.0,,0.04577034649325166,0.0058442812944371,-0.0042296535067483446,0.22860523135658617,significant
0.2,clusteringcoef,0.0540284967317034,1000,two_sample_t_p_value,1000.0,3.0,,0.0027667090442381925,0.0004863239640789,-0.04723329095576181,0.0,significant
0.2,clusteringcoef,0.0540284967317034,1000,two_sample_t_p_value,1000.0,4.0,,6.800991920878163e-05,1.5281062219111406e-05,-0.04993199008079122,0.0,significant
0.2,clusteringcoef,0.0540284967317034,1000,two_sample_t_p_value,1000.0,5.0,,6.767256364648635e-07,1.849948947042237e-07,-0.04999932327436354,0.0,significant
0.2,clusteringcoef,0.0540284967317034,1000,two_sample_t_p_value,1000.0,6.0,,2.7553691733774752e-09,8.849052865230933e-10,-0.04999999724463083,0.0,significant
0.3,clusteringcoef,0.0633084833648889,30,two_sample_t_p_value,30.0,0.5,,0.6207230048851272,0.0440473305515232,0.5707230048851272,9.41143304843787e-66,non-significant
0.3,clusteringcoef,0.0633084833648889,30,two_sample_t_p_value,30.0,1.0,,0.3253086154260302,0.0301339951068046,0.2753086154260302,1.2273186585477584e-41,non-significant
0.3,clusteringcoef,0.0633084833648889,30,two_sample_t_p_value,30.0,2.0,,0.054625044962983094,0.0071984626181632,0.004625044962983091,0.2681895853496344,non-significant
0.3,clusteringcoef,0.0633084833648889,30,two_sample_t_p_value,30.0,3.0,,0.005389964065651945,0.0008583443621811,-0.044610035934348057,0.0,significant
0.3,clusteringcoef,0.0633084833648889,30,two_sample_t_p_value,30.0,4.0,,0.0003818456360837564,6.64380040510425e-05,-0.04961815436391625,0.0,significant
0.3,clusteringcoef,0.0633084833648889,30,two_sample_t_p_value,30.0,5.0,,2.32966854670078e-05,4.164293017013786e-06,-0.049976703314532994,0.0,significant
0.3,clusteringcoef,0.0633084833648889,30,two_sample_t_p_value,30.0,6.0,,1.3942768767204764e-06,2.467356858946668e-07,-0.049998605723123285,0.0,significant
0.3,clusteringcoef,0.0633084833648889,50,two_sample_t_p_value,50.0,0.5,,0.6192685675117714,0.0442584365850506,0.5692685675117714,5.6389845262862025e-65,non-significant
0.3,clusteringcoef,0.0633084833648889,50,two_sample_t_p_value,50.0,1.0,,0.32212564510024433,0.0303337611941024,0.27212564510024434,3.465590251134258e-40,non-significant
0.3,clusteringcoef,0.0633084833648889,50,two_sample_t_p_value,50.0,2.0,,0.05094706873769324,0.0070619539038243,0.0009470687376932352,0.4637607097346129,non-significant
0.3,clusteringcoef,0.0633084833648889,50,two_sample_t_p_value,50.0,3.0,,0.004201703187068241,0.0007383112007167,-0.04579829681293176,0.0,significant
0.3,clusteringcoef,0.0633084833648889,50,two_sample_t_p_value,50.0,4.0,,0.00020919024636403336,4.2324847071955984e-05,-0.04979080975363597,0.0,significant
0.3,clusteringcoef,0.0633084833648889,50,two_sample_t_p_value,50.0,5.0,,7.4332122472325795e-06,1.6251877398534386e-06,-0.04999256678775277,0.0,significant
0.3,clusteringcoef,0.0633084833648889,50,two_sample_t_p_value,50.0,6.0,,2.1889394850799978e-07,4.9574146653714636e-08,-0.049999781106051494,0.0,significant
0.3,clusteringcoef,0.0633084833648889,75,two_sample_t_p_value,75.0,0.5,,0.6185389578679419,0.0443644613026107,0.5685389578679418,1.3730160593089948e-64,non-significant
0.3,clusteringcoef,0.0633084833648889,75,two_sample_t_p_value,75.0,1.0,,0.3205260061237414,0.0304344787409549,0.2705260061237414,1.792454156484173e-39,non-significant
0.3,clusteringcoef,0.0633084833648889,75,two_sample_t_p_value,75.0,2.0,,0.04912138289485513,0.0069896093798444,-0.0008786171051448702,0.4325563668969269,significant
0.3,clusteringcoef,0.0633084833648889,75,two_sample_t_p_value,75.0,3.0,,0.0036630774411349812,0.0006786869588679,-0.04633692255886502,0.0,significant
0.3,clusteringcoef,0.0633084833648889,75,two_sample_t_p_value,75.0,4.0,,0.00014717180322168836,3.24122713693932e-05,-0.04985282819677832,0.0,significant
0.3,clusteringcoef,0.0633084833648889,75,two_sample_t_p_value,75.0,5.0,,3.657912410473166e-06,9.000826173223271e-07,-0.04999634208758953,0.0,significant
0.3,clusteringcoef,0.0633084833648889,75,two_sample_t_p_value,75.0,6.0,,6.480298590623212e-08,1.7061184546798766e-08,-0.049999935197014095,0.0,significant
0.3,clusteringcoef,0.0633084833648889,100,two_sample_t_p_value,100.0,0.5,,0.6181735658308866,0.0444175906843498,0.5681735658308865,2.139608763036702e-64,non-significant
0.3,clusteringcoef,0.0633084833648889,100,two_sample_t_p_value,100.0,1.0,,0.31972415578412333,0.0304850475610677,0.26972415578412334,4.049033883037555e-39,non-significant
0.3,clusteringcoef,0.0633084833648889,100,two_sample_t_p_value,100.0,2.0,,0.04821217873113365,0.0069523658613123,-0.0017878212688663547,0.3822596115184945,significant
0.3,clusteringcoef,0.0633084833648889,100,two_sample_t_p_value,100.0,3.0,,0.0034079153433294465,0.0006490499292925,-0.04659208465667056,0.0,significant
0.3,clusteringcoef,0.0633084833648889,100,two_sample_t_p_value,100.0,4.0,,0.00012152364430076177,2.800191912764445e-05,-0.04987847635569924,0.0,significant
0.3,clusteringcoef,0.0633084833648889,100,two_sample_t_p_value,100.0,5.0,,2.450173413503802e-06,6.432215644918171e-07,-0.049997549826586496,0.0,significant
0.3,clusteringcoef,0.0633084833648889,100,two_sample_t_p_value,100.0,6.0,,3.172491502802852e-08,9.09078486532739e-09,-0.049999968275084974,0.0,significant
0.3,clusteringcoef,0.0633084833648889,300,two_sample_t_p_value,300.0,0.5,,0.617441622554225,0.044524082181203,0.5674416225542249,5.181898050583122e-64,non-significant
0.3,clusteringcoef,0.0633084833648889,300,two_sample_t_p_value,300.0,1.0,,0.31811640443062633,0.0305866073603272,0.26811640443062634,2.038442869434945e-38,non-significant
0.3,clusteringcoef,0.0633084833648889,300,two_sample_t_p_value,300.0,2.0,,0.0464015209831491,0.0068756626767987,-0.0035984790168509043,0.28862442759837337,significant
0.3,clusteringcoef,0.0633084833648889,300,two_sample_t_p_value,300.0,3.0,,0.0029262198640661076,0.000590252372693,-0.0470737801359339,0.0,significant
0.3,clusteringcoef,0.0633084833648889,300,two_sample_t_p_value,300.0,4.0,,7.984004483719462e-05,2.027136347871049e-05,-0.04992015995516281,0.0,significant
0.3,clusteringcoef,0.0633084833648889,300,two_sample_t_p_value,300.0,5.0,,9.769154730247779e-07,2.960350049313671e-07,-0.04999902308452698,0.0,significant
0.3,clusteringcoef,0.0633084833648889,300,two_sample_t_p_value,300.0,6.0,,5.676439092359154e-09,1.975730243182583e-09,-0.04999999432356091,0.0,significant
0.3,clusteringcoef,0.0633084833648889,500,two_sample_t_p_value,500.0,0.5,,0.6172950500946657,0.0445454175737156,0.5672950500946656,6.18205779671724e-64,non-significant
0.3,clusteringcoef,0.0633084833648889,500,two_sample_t_p_value,500.0,1.0,,0.3177942072606085,0.0306069870928785,0.2677942072606085,2.810288984865925e-38,non-significant
0.3,clusteringcoef,0.0633084833648889,500,two_sample_t_p_value,500.0,2.0,,0.046040682769031456,0.0068599591653207,-0.003959317230968547,0.27135056348637865,significant
0.3,clusteringcoef,0.0633084833648889,500,two_sample_t_p_value,500.0,3.0,,0.002834491812851143,0.0005785840201883,-0.04716550818714886,0.0,significant
0.3,clusteringcoef,0.0633084833648889,500,two_sample_t_p_value,500.0,4.0,,7.291606940371305e-05,1.889820921167497e-05,-0.04992708393059629,0.0,significant
0.3,clusteringcoef,0.0633084833648889,500,two_sample_t_p_value,500.0,5.0,,7.94641504790956e-07,2.4846510665030175e-07,-0.04999920535849521,0.0,significant
0.3,clusteringcoef,0.0633084833648889,500,two_sample_t_p_value,500.0,6.0,,3.790442338479296e-09,1.3784502360384122e-09,-0.04999999620955766,0.0,significant
0.3,clusteringcoef,0.0633084833648889,1000,two_sample_t_p_value,1000.0,0.5,,0.6171850808338747,0.0445614272069951,0.5671850808338746,7.056271138426714e-64,non-significant
0.3,clusteringcoef,0.0633084833648889,1000,two_sample_t_p_value,1000.0,1.0,,0.31755241808467255,0.0306222867573405,0.26755241808467256,3.573842771066864e-38,non-significant
0.3,clusteringcoef,0.0633084833648889,1000,two_sample_t_p_value,1000.0,2.0,,0.04577034649325166,0.0068481006781649,-0.0042296535067483446,0.2587599120637757,significant
0.3,clusteringcoef,0.0633084833648889,1000,two_sample_t_p_value,1000.0,3.0,,0.0027667090442381925,0.000569855436525,-0.04723329095576181,0.0,significant
0.3,clusteringcoef,0.0633084833648889,1000,two_sample_t_p_value,1000.0,4.0,,6.800991920878163e-05,1.790575218297298e-05,-0.04993199008079122,0.0,significant
0.3,clusteringcoef,0.0633084833648889,1000,two_sample_t_p_value,1000.0,5.0,,6.767256364648635e-07,2.16769795986187e-07,-0.04999932327436354,0.0,significant
0.3,clusteringcoef,0.0633084833648889,1000,two_sample_t_p_value,1000.0,6.0,,2.7553691733774752e-09,1.0368974707837155e-09,-0.04999999724463083,0.0,significant
0.4,clusteringcoef,0.087738264937062,30,two_sample_t_p_value,30.0,0.5,,0.6207230048851272,0.0610445259828042,0.5707230048851272,6.525442221991051e-35,non-significant
0.4,clusteringcoef,0.087738264937062,30,two_sample_t_p_value,30.0,1.0,,0.3253086154260302,0.0417622458439633,0.2753086154260302,1.8505651226271378e-22,non-significant
0.4,clusteringcoef,0.087738264937062,30,two_sample_t_p_value,30.0,2.0,,0.054625044962983094,0.0099762399407315,0.004625044962983091,0.3379566738850422,non-significant
0.4,clusteringcoef,0.087738264937062,30,two_sample_t_p_value,30.0,3.0,,0.005389964065651945,0.0011895664064833,-0.044610035934348057,0.0,significant
0.4,clusteringcoef,0.087738264937062,30,two_sample_t_p_value,30.0,4.0,,0.0003818456360837564,9.207542009374426e-05,-0.04961815436391625,0.0,significant
0.4,clusteringcoef,0.087738264937062,30,two_sample_t_p_value,30.0,5.0,,2.32966854670078e-05,5.771230403616761e-06,-0.049976703314532994,0.0,significant
0.4,clusteringcoef,0.087738264937062,30,two_sample_t_p_value,30.0,6.0,,1.3942768767204764e-06,3.4194723720802525e-07,-0.049998605723123285,0.0,significant
0.4,clusteringcoef,0.087738264937062,50,two_sample_t_p_value,50.0,0.5,,0.6192685675117714,0.0613370946262937,0.5692685675117714,1.659312357891316e-34,non-significant
0.4,clusteringcoef,0.087738264937062,50,two_sample_t_p_value,50.0,1.0,,0.32212564510024433,0.042039098628317,0.27212564510024434,1.0591288095506924e-21,non-significant
0.4,clusteringcoef,0.087738264937062,50,two_sample_t_p_value,50.0,2.0,,0.05094706873769324,0.0097870545881801,0.0009470687376932352,0.48548741444156984,non-significant
0.4,clusteringcoef,0.087738264937062,50,two_sample_t_p_value,50.0,3.0,,0.004201703187068241,0.0010232142722662,-0.04579829681293176,0.0,significant
0.4,clusteringcoef,0.087738264937062,50,two_sample_t_p_value,50.0,4.0,,0.00020919024636403336,5.865736230666729e-05,-0.04979080975363597,0.0,significant
0.4,clusteringcoef,0.087738264937062,50,two_sample_t_p_value,50.0,5.0,,7.4332122472325795e-06,2.252322989162105e-06,-0.04999256678775277,0.0,significant
0.4,clusteringcoef,0.087738264937062,50,two_sample_t_p_value,50.0,6.0,,2.1889394850799978e-07,6.870405642262875e-08,-0.049999781106051494,0.0,significant
0.4,clusteringcoef,0.087738264937062,75,two_sample_t_p_value,75.0,0.5,,0.6185389578679419,0.0614840326710033,0.5685389578679418,2.6387100104170928e-34,non-significant
0.4,clusteringcoef,0.087738264937062,75,two_sample_t_p_value,75.0,1.0,,0.3205260061237414,0.0421786815458009,0.2705260061237414,2.4984853576938994e-21,non-significant
0.4,clusteringcoef,0.087738264937062,75,two_sample_t_p_value,75.0,2.0,,0.04912138289485513,0.0096867934118838,-0.0008786171051448702,0.4394188969714119,significant
0.4,clusteringcoef,0.087738264937062,75,two_sample_t_p_value,75.0,3.0,,0.0036630774411349812,0.0009405819416535,-0.04633692255886502,0.0,significant
0.4,clusteringcoef,0.087738264937062,75,two_sample_t_p_value,75.0,4.0,,0.00014717180322168836,4.49196742911859e-05,-0.04985282819677832,0.0,significant
0.4,clusteringcoef,0.087738264937062,75,two_sample_t_p_value,75.0,5.0,,3.657912410473166e-06,1.2474108199481603e-06,-0.04999634208758953,0.0,significant
0.4,clusteringcoef,0.087738264937062,75,two_sample_t_p_value,75.0,6.0,,6.480298590623212e-08,2.3644836368601665e-08,-0.049999935197014095,0.0,significant
0.4,clusteringcoef,0.087738264937062,100,two_sample_t_p_value,100.0,0.5,,0.6181735658308866,0.0615576638736984,0.5681735658308865,3.32523521421578e-34,non-significant
0.4,clusteringcoef,0.087738264937062,100,two_sample_t_p_value,100.0,1.0,,0.31972415578412333,0.0422487641050535,0.26972415578412334,3.8240076536218256e-21,non-significant
0.4,clusteringcoef,0.087738264937062,100,two_sample_t_p_value,100.0,2.0,,0.04821217873113365,0.0096351781855748,-0.0017878212688663547,0.4027101436902525,significant
0.4,clusteringcoef,0.087738264937062,100,two_sample_t_p_value,100.0,3.0,,0.0034079153433294465,0.0008995084327866,-0.04659208465667056,0.0,significant
0.4,clusteringcoef,0.087738264937062,100,two_sample_t_p_value,100.0,4.0,,0.00012152364430076177,3.880743414760153e-05,-0.04987847635569924,0.0,significant
0.4,clusteringcoef,0.087738264937062,100,two_sample_t_p_value,100.0,5.0,,2.450173413503802e-06,8.91430990588438e-07,-0.049997549826586496,0.0,significant
0.4,clusteringcoef,0.087738264937062,100,two_sample_t_p_value,100.0,6.0,,3.172491502802852e-08,1.2598780583682174e-08,-0.049999968275084974,0.0,significant
0.4,clusteringcoef,0.087738264937062,300,two_sample_t_p_value,300.0,0.5,,0.617441622554225,0.0617052488207362,0.5674416225542249,5.273253660030574e-34,non-significant
0.4,clusteringcoef,0.087738264937062,300,two_sample_t_p_value,300.0,1.0,,0.31811640443062633,0.0423895142873479,0.26811640443062634,8.895307658324397e-21,non-significant
0.4,clusteringcoef,0.087738264937062,300,two_sample_t_p_value,300.0,2.0,,0.0464015209831491,0.0095288764078876,-0.0035984790168509043,0.3324832712072907,significant
0.4,clusteringcoef,0.087738264937062,300,two_sample_t_p_value,300.0,3.0,,0.0029262198640661076,0.0008180217926969,-0.0470737801359339,0.0,significant
0.4,clusteringcoef,0.087738264937062,300,two_sample_t_p_value,300.0,4.0,,7.984004483719462e-05,2.809377456224117e-05,-0.04992015995516281,0.0,significant
0.4,clusteringcoef,0.087738264937062,300,two_sample_t_p_value,300.0,5.0,,9.769154730247779e-07,4.102704142130466e-07,-0.04999902308452698,0.0,significant
0.4,clusteringcoef,0.087738264937062,300,two_sample_t_p_value,300.0,6.0,,5.676439092359154e-09,2.738134517003109e-09,-0.04999999432356091,0.0,significant
0.4,clusteringcoef,0.087738264937062,500,two_sample_t_p_value,500.0,0.5,,0.6172950500946657,0.0617348172169655,0.5672950500946656,5.781396803234043e-34,non-significant
0.4,clusteringcoef,0.087738264937062,500,two_sample_t_p_value,500.0,1.0,,0.3177942072606085,0.0424177582489607,0.2677942072606085,1.0519692462671288e-20,non-significant
0.4,clusteringcoef,0.087738264937062,500,two_sample_t_p_value,500.0,2.0,,0.046040682769031456,0.0095071131499912,-0.003959317230968547,0.31909217439605864,significant
0.4,clusteringcoef,0.087738264937062,500,two_sample_t_p_value,500.0,3.0,,0.002834491812851143,0.0008018508002955,-0.04716550818714886,0.0,significant
0.4,clusteringcoef,0.087738264937062,500,two_sample_t_p_value,500.0,4.0,,7.291606940371305e-05,2.619074093266858e-05,-0.04992708393059629,0.0,significant
0.4,clusteringcoef,0.087738264937062,500,two_sample_t_p_value,500.0,5.0,,7.94641504790956e-07,3.443440151496322e-07,-0.04999920535849521,0.0,significant
0.4,clusteringcoef,0.087738264937062,500,two_sample_t_p_value,500.0,6.0,,3.790442338479296e-09,1.910373232525882e-09,-0.04999999620955766,0.0,significant
0.4,clusteringcoef,0.087738264937062,1000,two_sample_t_p_value,1000.0,0.5,,0.6171850808338747,0.0617570047244142,0.5671850808338746,6.194083542733424e-34,non-significant
0.4,clusteringcoef,0.087738264937062,1000,two_sample_t_p_value,1000.0,1.0,,0.31755241808467255,0.0424389618214153,0.26755241808467256,1.1926918614104826e-20,non-significant
0.4,clusteringcoef,0.087738264937062,1000,two_sample_t_p_value,1000.0,2.0,,0.04577034649325166,0.0094906786528665,-0.0042296535067483446,0.30921386467109335,significant
0.4,clusteringcoef,0.087738264937062,1000,two_sample_t_p_value,1000.0,3.0,,0.0027667090442381925,0.0007897539888531,-0.04723329095576181,0.0,significant
0.4,clusteringcoef,0.087738264937062,1000,two_sample_t_p_value,1000.0,4.0,,6.800991920878163e-05,2.481530981988983e-05,-0.04993199008079122,0.0,significant
0.4,clusteringcoef,0.087738264937062,1000,two_sample_t_p_value,1000.0,5.0,,6.767256364648635e-07,3.004179658035681e-07,-0.04999932327436354,0.0,significant
0.4,clusteringcoef,0.087738264937062,1000,two_sample_t_p_value,1000.0,6.0,,2.7553691733774752e-09,1.437020446056784e-09,-0.04999999724463083,0.0,significant
0.5,clusteringcoef,0.1190471512246693,30,two_sample_t_p_value,30.0,0.5,,0.6207230048851272,0.0828279077700723,0.5707230048851272,1.5134269050044805e-19,non-significant
0.5,clusteringcoef,0.1190471512246693,30,two_sample_t_p_value,30.0,1.0,,0.3253086154260302,0.0566648588279525,0.2753086154260302,6.994050230610015e-13,non-significant
0.5,clusteringcoef,0.1190471512246693,30,two_sample_t_p_value,30.0,2.0,,0.054625044962983094,0.0135362027700205,0.004625044962983091,0.3929317771649544,non-significant
0.5,clusteringcoef,0.1190471512246693,30,two_sample_t_p_value,30.0,3.0,,0.005389964065651945,0.0016140562157913,-0.044610035934348057,0.0,significant
0.5,clusteringcoef,0.1190471512246693,30,two_sample_t_p_value,30.0,4.0,,0.0003818456360837564,0.0001249319948125,-0.04961815436391625,0.0,significant
0.5,clusteringcoef,0.1190471512246693,30,two_sample_t_p_value,30.0,5.0,,2.32966854670078e-05,7.83066019261516e-06,-0.049976703314532994,0.0,significant
0.5,clusteringcoef,0.1190471512246693,30,two_sample_t_p_value,30.0,6.0,,1.3942768767204764e-06,4.639691072984283e-07,-0.049998605723123285,0.0,significant
0.5,clusteringcoef,0.1190471512246693,50,two_sample_t_p_value,50.0,0.5,,0.6192685675117714,0.0832248778215098,0.5692685675117714,2.5152980168493684e-19,non-significant
0.5,clusteringcoef,0.1190471512246693,50,two_sample_t_p_value,50.0,1.0,,0.32212564510024433,0.0570405049079105,0.27212564510024434,1.812960628789312e-12,non-significant
0.5,clusteringcoef,0.1190471512246693,50,two_sample_t_p_value,50.0,2.0,,0.05094706873769324,0.0132795077317628,0.0009470687376932352,0.5044309809777092,non-significant
0.5,clusteringcoef,0.1190471512246693,50,two_sample_t_p_value,50.0,3.0,,0.004201703187068241,0.0013883422961817,-0.04579829681293176,0.0,significant
0.5,clusteringcoef,0.1190471512246693,50,two_sample_t_p_value,50.0,4.0,,0.00020919024636403336,7.958889870880402e-05,-0.04979080975363597,0.0,significant
0.5,clusteringcoef,0.1190471512246693,50,two_sample_t_p_value,50.0,5.0,,7.4332122472325795e-06,3.0560512644046718e-06,-0.04999256678775277,0.0,significant
0.5,clusteringcoef,0.1190471512246693,50,two_sample_t_p_value,50.0,6.0,,2.1889394850799978e-07,9.32206968140984e-08,-0.049999781106051494,0.0,significant
0.5,clusteringcoef,0.1190471512246693,75,two_sample_t_p_value,75.0,0.5,,0.6185389578679419,0.0834242498474069,0.5685389578679418,3.23783556124072e-19,non-significant
0.5,clusteringcoef,0.1190471512246693,75,two_sample_t_p_value,75.0,1.0,,0.3205260061237414,0.057229897172483,0.2705260061237414,2.8968366205692382e-12,non-significant
0.5,clusteringcoef,0.1190471512246693,75,two_sample_t_p_value,75.0,2.0,,0.04912138289485513,0.0131434689415603,-0.0008786171051448702,0.4399546227422395,significant
0.5,clusteringcoef,0.1190471512246693,75,two_sample_t_p_value,75.0,3.0,,0.0036630774411349812,0.0012762231020586,-0.04633692255886502,0.0,significant
0.5,clusteringcoef,0.1190471512246693,75,two_sample_t_p_value,75.0,4.0,,0.00014717180322168836,6.094899713530585e-05,-0.04985282819677832,0.0,significant
0.5,clusteringcoef,0.1190471512246693,75,two_sample_t_p_value,75.0,5.0,,3.657912410473166e-06,1.6925420696224457e-06,-0.04999634208758953,0.0,significant
0.5,clusteringcoef,0.1190471512246693,75,two_sample_t_p_value,75.0,6.0,,6.480298590623212e-08,3.20823578272796e-08,-0.049999935197014095,0.0,significant
0.5,clusteringcoef,0.1190471512246693,100,two_sample_t_p_value,100.0,0.5,,0.6181735658308866,0.0835241559138009,0.5681735658308865,3.672181364475752e-19,non-significant
0.5,clusteringcoef,0.1190471512246693,100,two_sample_t_p_value,100.0,1.0,,0.31972415578412333,0.0573249882827932,0.26972415578412334,3.6548463709498065e-12,non-significant
0.5,clusteringcoef,0.1190471512246693,100,two_sample_t_p_value,100.0,2.0,,0.04821217873113365,0.0130734351238605,-0.0017878212688663547,0.41266069093087654,significant
0.5,clusteringcoef,0.1190471512246693,100,two_sample_t_p_value,100.0,3.0,,0.0034079153433294465,0.0012204927519667,-0.04659208465667056,0.0,significant
0.5,clusteringcoef,0.1190471512246693,100,two_sample_t_p_value,100.0,4.0,,0.00012152364430076177,5.265563987303551e-05,-0.04987847635569924,0.0,significant
0.5,clusteringcoef,0.1190471512246693,100,two_sample_t_p_value,100.0,5.0,,2.450173413503802e-06,1.2095329217994468e-06,-0.049997549826586496,0.0,significant
0.5,clusteringcoef,0.1190471512246693,100,two_sample_t_p_value,100.0,6.0,,3.172491502802852e-08,1.7094581690986685e-08,-0.049999968275084974,0.0,significant
0.5,clusteringcoef,0.1190471512246693,300,two_sample_t_p_value,300.0,0.5,,0.617441622554225,0.0837244056853355,0.5674416225542249,4.7199182616267695e-19,non-significant
0.5,clusteringcoef,0.1190471512246693,300,two_sample_t_p_value,300.0,1.0,,0.31811640443062633,0.0575159643437914,0.26811640443062634,5.795827028111978e-12,non-significant
0.5,clusteringcoef,0.1190471512246693,300,two_sample_t_p_value,300.0,2.0,,0.0464015209831491,0.0129292001790179,-0.0035984790168509043,0.3597235181764503,significant
0.5,clusteringcoef,0.1190471512246693,300,two_sample_t_p_value,300.0,3.0,,0.0029262198640661076,0.0011099280813237,-0.0470737801359339,0.0,significant
0.5,clusteringcoef,0.1190471512246693,300,two_sample_t_p_value,300.0,4.0,,7.984004483719462e-05,3.811887357451186e-05,-0.04992015995516281,0.0,significant
0.5,clusteringcoef,0.1190471512246693,300,two_sample_t_p_value,300.0,5.0,,9.769154730247779e-07,5.566730101041337e-07,-0.04999902308452698,0.0,significant
0.5,clusteringcoef,0.1190471512246693,300,two_sample_t_p_value,300.0,6.0,,5.676439092359154e-09,3.715221792372856e-09,-0.04999999432356091,0.0,significant
0.5,clusteringcoef,0.1190471512246693,500,two_sample_t_p_value,500.0,0.5,,0.6172950500946657,0.0837645253906877,0.5672950500946656,4.962309444382839e-19,non-significant
0.5,clusteringcoef,0.1190471512246693,500,two_sample_t_p_value,500.0,1.0,,0.3177942072606085,0.0575542869977865,0.2677942072606085,6.351873026279741e-12,non-significant
0.5,clusteringcoef,0.1190471512246693,500,two_sample_t_p_value,500.0,2.0,,0.046040682769031456,0.0128996708299272,-0.003959317230968547,0.3494617190226542,significant
0.5,clusteringcoef,0.1190471512246693,500,two_sample_t_p_value,500.0,3.0,,0.002834491812851143,0.001087986564937,-0.04716550818714886,0.0,significant
0.5,clusteringcoef,0.1190471512246693,500,two_sample_t_p_value,500.0,4.0,,7.291606940371305e-05,3.553675353318356e-05,-0.04992708393059629,0.0,significant
0.5,clusteringcoef,0.1190471512246693,500,two_sample_t_p_value,500.0,5.0,,7.94641504790956e-07,4.6722116141952483e-07,-0.04999920535849521,0.0,significant
0.5,clusteringcoef,0.1190471512246693,500,two_sample_t_p_value,500.0,6.0,,3.790442338479296e-09,2.5920787386348403e-09,-0.04999999620955766,0.0,significant
0.5,clusteringcoef,0.1190471512246693,1000,two_sample_t_p_value,1000.0,0.5,,0.6171850808338747,0.0837946303803001,0.5671850808338746,5.152100276036614e-19,non-significant
0.5,clusteringcoef,0.1190471512246693,1000,two_sample_t_p_value,1000.0,1.0,,0.31755241808467255,0.0575830569409614,0.26755241808467256,6.8027440465790436e-12,non-significant
0.5,clusteringcoef,0.1190471512246693,1000,two_sample_t_p_value,1000.0,2.0,,0.04577034649325166,0.012877371778699,-0.0042296535067483446,0.3418463902191745,significant
0.5,clusteringcoef,0.1190471512246693,1000,two_sample_t_p_value,1000.0,3.0,,0.0027667090442381925,0.0010715730771371,-0.04723329095576181,0.0,significant
0.5,clusteringcoef,0.1190471512246693,1000,two_sample_t_p_value,1000.0,4.0,,6.800991920878163e-05,3.367050787857043e-05,-0.04993199008079122,0.0,significant
0.5,clusteringcoef,0.1190471512246693,1000,two_sample_t_p_value,1000.0,5.0,,6.767256364648635e-07,4.076203584750589e-07,-0.04999932327436354,0.0,significant
0.5,clusteringcoef,0.1190471512246693,1000,two_sample_t_p_value,1000.0,6.0,,2.7553691733774752e-09,1.949812780972829e-09,-0.04999999724463083,0.0,significant
0.05,degree,0.118121404749048,30,two_sample_t_p_value,30.0,0.5,,0.6207230048851272,0.0821838130318747,0.5707230048851272,7.790246587686173e-20,non-significant
0.05,degree,0.118121404749048,30,two_sample_t_p_value,30.0,1.0,,0.3253086154260302,0.0562242158321991,0.2753086154260302,4.619938034229863e-13,non-significant
0.05,degree,0.118121404749048,30,two_sample_t_p_value,30.0,2.0,,0.054625044962983094,0.0134309411835085,0.004625044962983091,0.39163443471195575,non-significant
0.05,degree,0.118121404749048,30,two_sample_t_p_value,30.0,3.0,,0.005389964065651945,0.0016015048289009,-0.044610035934348057,0.0,significant
0.05,degree,0.118121404749048,30,two_sample_t_p_value,30.0,4.0,,0.0003818456360837564,0.000123960486022,-0.04961815436391625,0.0,significant
0.05,degree,0.118121404749048,30,two_sample_t_p_value,30.0,5.0,,2.32966854670078e-05,7.769766622290066e-06,-0.049976703314532994,0.0,significant
0.05,degree,0.118121404749048,30,two_sample_t_p_value,30.0,6.0,,1.3942768767204764e-06,4.603611438867875e-07,-0.049998605723123285,0.0,significant
0.05,degree,0.118121404749048,50,two_sample_t_p_value,50.0,0.5,,0.6192685675117714,0.0825776961247225,0.5692685675117714,1.305072874649205e-19,non-significant
0.05,degree,0.118121404749048,50,two_sample_t_p_value,50.0,1.0,,0.32212564510024433,0.0565969407751872,0.27212564510024434,1.2154376928119582e-12,non-significant
0.05,degree,0.118121404749048,50,two_sample_t_p_value,50.0,2.0,,0.05094706873769324,0.0131762422831217,0.0009470687376932352,0.5039478051263611,non-significant
0.05,degree,0.118121404749048,50,two_sample_t_p_value,50.0,3.0,,0.004201703187068241,0.0013775461286596,-0.04579829681293176,0.0,significant
0.05,degree,0.118121404749048,50,two_sample_t_p_value,50.0,4.0,,0.00020919024636403336,7.896999147985902e-05,-0.04979080975363597,0.0,significant
0.05,degree,0.118121404749048,50,two_sample_t_p_value,50.0,5.0,,7.4332122472325795e-06,3.0322864900422725e-06,-0.04999256678775277,0.0,significant
0.05,degree,0.118121404749048,50,two_sample_t_p_value,50.0,6.0,,2.1889394850799978e-07,9.249578462054455e-08,-0.049999781106051494,0.0,significant
0.05,degree,0.118121404749048,75,two_sample_t_p_value,75.0,0.5,,0.6185389578679419,0.0827755177737444,0.5685389578679418,1.6866215712914532e-19,non-significant
0.05,degree,0.118121404749048,75,two_sample_t_p_value,75.0,1.0,,0.3205260061237414,0.056784860268512,0.2705260061237414,1.9562953394916782e-12,non-significant
0.05,degree,0.118121404749048,75,two_sample_t_p_value,75.0,2.0,,0.04912138289485513,0.0130412613714932,-0.0008786171051448702,0.4400106251144488,significant
0.05,degree,0.118121404749048,75,two_sample_t_p_value,75.0,3.0,,0.0036630774411349812,0.0012662988071327,-0.04633692255886502,0.0,significant
0.05,degree,0.118121404749048,75,two_sample_t_p_value,75.0,4.0,,0.00014717180322168836,6.047503939074649e-05,-0.04985282819677832,0.0,significant
0.05,degree,0.118121404749048,75,two_sample_t_p_value,75.0,5.0,,3.657912410473166e-06,1.6793803531120124e-06,-0.04999634208758953,0.0,significant
0.05,degree,0.118121404749048,75,two_sample_t_p_value,75.0,6.0,,6.480298590623212e-08,3.1832875757505636e-08,-0.049999935197014095,0.0,significant
0.05,degree,0.118121404749048,100,two_sample_t_p_value,100.0,0.5,,0.6181735658308866,0.0828746469404991,0.5681735658308865,1.9166516222919684e-19,non-significant
0.05,degree,0.118121404749048,100,two_sample_t_p_value,100.0,1.0,,0.31972415578412333,0.0568792119217304,0.26972415578412334,2.4771340493307833e-12,non-significant
0.05,degree,0.118121404749048,100,two_sample_t_p_value,100.0,2.0,,0.04821217873113365,0.0129717721578367,-0.0017878212688663547,0.41250915573512226,significant
0.05,degree,0.118121404749048,100,two_sample_t_p_value,100.0,3.0,,0.0034079153433294465,0.0012110018330154,-0.04659208465667056,0.0,significant
0.05,degree,0.118121404749048,100,two_sample_t_p_value,100.0,4.0,,0.00012152364430076177,5.224617377046534e-05,-0.04987847635569924,0.0,significant
0.05,degree,0.118121404749048,100,two_sample_t_p_value,100.0,5.0,,2.450173413503802e-06,1.200127229785947e-06,-0.049997549826586496,0.0,significant
0.05,degree,0.118121404749048,100,two_sample_t_p_value,100.0,6.0,,3.172491502802852e-08,1.696164907907743e-08,-0.049999968275084974,0.0,significant
0.05,degree,0.118121404749048,300,two_sample_t_p_value,300.0,0.5,,0.617441622554225,0.0830733395095443,0.5674416225542249,2.4732086174641947e-19,non-significant
0.05,degree,0.118121404749048,300,two_sample_t_p_value,300.0,1.0,,0.31811640443062633,0.0570687028954033,0.26811640443062634,3.956485555264549e-12,non-significant
0.05,degree,0.118121404749048,300,two_sample_t_p_value,300.0,2.0,,0.0464015209831491,0.0128286588273333,-0.0035984790168509043,0.35918333563197424,significant
0.05,degree,0.118121404749048,300,two_sample_t_p_value,300.0,3.0,,0.0029262198640661076,0.0011012969465262,-0.0470737801359339,0.0,significant
0.05,degree,0.118121404749048,300,two_sample_t_p_value,300.0,4.0,,7.984004483719462e-05,3.782244974157476e-05,-0.04992015995516281,0.0,significant
0.05,degree,0.118121404749048,300,two_sample_t_p_value,300.0,5.0,,9.769154730247779e-07,5.523441532446795e-07,-0.04999902308452698,0.0,significant
0.05,degree,0.118121404749048,300,two_sample_t_p_value,300.0,6.0,,5.676439092359154e-09,3.6863311096050695e-09,-0.04999999432356091,0.0,significant
0.05,degree,0.118121404749048,500,two_sample_t_p_value,500.0,0.5,,0.6172950500946657,0.0831131472319935,0.5672950500946656,2.6022602495744994e-19,non-significant
0.05,degree,0.118121404749048,500,two_sample_t_p_value,500.0,1.0,,0.3177942072606085,0.0571067275409075,0.2677942072606085,4.342247296872853e-12,non-significant
0.05,degree,0.118121404749048,500,two_sample_t_p_value,500.0,2.0,,0.046040682769031456,0.0127993591073482,-0.003959317230968547,0.3488494033223901,significant
0.05,degree,0.118121404749048,500,two_sample_t_p_value,500.0,3.0,,0.002834491812851143,0.0010795260539743,-0.04716550818714886,0.0,significant
0.05,degree,0.118121404749048,500,two_sample_t_p_value,500.0,4.0,,7.291606940371305e-05,3.5260409042786795e-05,-0.04992708393059629,0.0,significant
0.05,degree,0.118121404749048,500,two_sample_t_p_value,500.0,5.0,,7.94641504790956e-07,4.635879090563202e-07,-0.04999920535849521,0.0,significant
0.05,degree,0.118121404749048,500,two_sample_t_p_value,500.0,6.0,,3.790442338479296e-09,2.571921954267144e-09,-0.04999999620955766,0.0,significant
0.05,degree,0.118121404749048,1000,two_sample_t_p_value,1000.0,0.5,,0.6171850808338747,0.0831430181161465,0.5671850808338746,2.7033760895379544e-19,non-significant
0.05,degree,0.118121404749048,1000,two_sample_t_p_value,1000.0,1.0,,0.31755241808467255,0.0571352737603459,0.26755241808467256,4.655431009054927e-12,non-significant
0.05,degree,0.118121404749048,1000,two_sample_t_p_value,1000.0,2.0,,0.04577034649325166,0.0127772334602532,-0.0042296535067483446,0.3411814084107374,significant
0.05,degree,0.118121404749048,1000,two_sample_t_p_value,1000.0,3.0,,0.0027667090442381925,0.0010632402023953,-0.04723329095576181,0.0,significant
0.05,degree,0.118121404749048,1000,two_sample_t_p_value,1000.0,4.0,,6.800991920878163e-05,3.340867587603776e-05,-0.04993199008079122,0.0,significant
0.05,degree,0.118121404749048,1000,two_sample_t_p_value,1000.0,5.0,,6.767256364648635e-07,4.044505798926414e-07,-0.04999932327436354,0.0,significant
0.05,degree,0.118121404749048,1000,two_sample_t_p_value,1000.0,6.0,,2.7553691733774752e-09,1.9346504499843252e-09,-0.04999999724463083,0.0,significant
0.1,degree,0.0754399300930147,30,two_sample_t_p_value,30.0,0.5,,0.6207230048851272,0.0524878714664285,0.5707230048851272,9.798798245456982e-47,non-significant
0.1,degree,0.0754399300930147,30,two_sample_t_p_value,30.0,1.0,,0.3253086154260302,0.0359084022148818,0.2753086154260302,8.14317715038104e-30,non-significant
0.1,degree,0.0754399300930147,30,two_sample_t_p_value,30.0,2.0,,0.054625044962983094,0.0085778633103789,0.004625044962983091,0.3071401491944229,non-significant
0.1,degree,0.0754399300930147,30,two_sample_t_p_value,30.0,3.0,,0.005389964065651945,0.0010228240393228,-0.044610035934348057,0.0,significant
0.1,degree,0.0754399300930147,30,two_sample_t_p_value,30.0,4.0,,0.0003818456360837564,7.91691431342958e-05,-0.04961815436391625,0.0,significant
0.1,degree,0.0754399300930147,30,two_sample_t_p_value,30.0,5.0,,2.32966854670078e-05,4.962272943416935e-06,-0.049976703314532994,0.0,significant
0.1,degree,0.0754399300930147,30,two_sample_t_p_value,30.0,6.0,,1.3942768767204764e-06,2.940162503666756e-07,-0.049998605723123285,0.0,significant
0.1,degree,0.0754399300930147,50,two_sample_t_p_value,50.0,0.5,,0.6192685675117714,0.052739430555591,0.5692685675117714,3.4598208499382724e-46,non-significant
0.1,degree,0.0754399300930147,50,two_sample_t_p_value,50.0,1.0,,0.32212564510024433,0.0361464483480334,0.27212564510024434,8.588755691041927e-29,non-significant
0.1,degree,0.0754399300930147,50,two_sample_t_p_value,50.0,2.0,,0.05094706873769324,0.0084151962029162,0.0009470687376932352,0.47574870236937117,non-significant
0.1,degree,0.0754399300930147,50,two_sample_t_p_value,50.0,3.0,,0.004201703187068241,0.000879789601781,-0.04579829681293176,0.0,significant
0.1,degree,0.0754399300930147,50,two_sample_t_p_value,50.0,4.0,,0.00020919024636403336,5.043531821640095e-05,-0.04979080975363597,0.0,significant
0.1,degree,0.0754399300930147,50,two_sample_t_p_value,50.0,5.0,,7.4332122472325795e-06,1.9366132778117477e-06,-0.04999256678775277,0.0,significant
0.1,degree,0.0754399300930147,50,two_sample_t_p_value,50.0,6.0,,2.1889394850799978e-07,5.9073760090282555e-08,-0.049999781106051494,0.0,significant
0.1,degree,0.0754399300930147,75,two_sample_t_p_value,75.0,0.5,,0.6185389578679419,0.0528657721903252,0.5685389578679418,6.47703518799379e-46,non-significant
0.1,degree,0.0754399300930147,75,two_sample_t_p_value,75.0,1.0,,0.3205260061237414,0.0362664658289434,0.2705260061237414,2.736795714854588e-28,non-significant
0.1,degree,0.0754399300930147,75,two_sample_t_p_value,75.0,2.0,,0.04912138289485513,0.0083289887068339,-0.0008786171051448702,0.4370741734248095,significant
0.1,degree,0.0754399300930147,75,two_sample_t_p_value,75.0,3.0,,0.0036630774411349812,0.0008087399035756,-0.04633692255886502,0.0,significant
0.1,degree,0.0754399300930147,75,two_sample_t_p_value,75.0,4.0,,0.00014717180322168836,3.862325167655098e-05,-0.04985282819677832,0.0,significant
0.1,degree,0.0754399300930147,75,two_sample_t_p_value,75.0,5.0,,3.657912410473166e-06,1.072560360313304e-06,-0.04999634208758953,0.0,significant
0.1,degree,0.0754399300930147,75,two_sample_t_p_value,75.0,6.0,,6.480298590623212e-08,2.033052287947161e-08,-0.049999935197014095,0.0,significant
0.1,degree,0.0754399300930147,100,two_sample_t_p_value,100.0,0.5,,0.6181735658308866,0.0529290824550993,0.5681735658308865,8.853810532039987e-46,non-significant
0.1,degree,0.0754399300930147,100,two_sample_t_p_value,100.0,1.0,,0.31972415578412333,0.036326724866144,0.26972415578412334,4.862239888817913e-28,non-significant
0.1,degree,0.0754399300930147,100,two_sample_t_p_value,100.0,2.0,,0.04821217873113365,0.0082846084234162,-0.0017878212688663547,0.39458441732395566,significant
0.1,degree,0.0754399300930147,100,two_sample_t_p_value,100.0,3.0,,0.0034079153433294465,0.0007734236975871,-0.04659208465667056,0.0,significant
0.1,degree,0.0754399300930147,100,two_sample_t_p_value,100.0,4.0,,0.00012152364430076177,3.336776857035447e-05,-0.04987847635569924,0.0,significant
0.1,degree,0.0754399300930147,100,two_sample_t_p_value,100.0,5.0,,2.450173413503802e-06,7.664784761925624e-07,-0.049997549826586496,0.0,significant
0.1,degree,0.0754399300930147,100,two_sample_t_p_value,100.0,6.0,,3.172491502802852e-08,1.0832800570788684e-08,-0.049999968275084974,0.0,significant
0.1,degree,0.0754399300930147,300,two_sample_t_p_value,300.0,0.5,,0.617441622554225,0.0530559803154035,0.5674416225542249,1.6512748601384624e-45,non-significant
0.1,degree,0.0754399300930147,300,two_sample_t_p_value,300.0,1.0,,0.31811640443062633,0.0364477459955279,0.26811640443062634,1.5202097933004422e-27,non-significant
0.1,degree,0.0754399300930147,300,two_sample_t_p_value,300.0,2.0,,0.0464015209831491,0.0081932070413255,-0.0035984790168509043,0.3141450534051736,significant
0.1,degree,0.0754399300930147,300,two_sample_t_p_value,300.0,3.0,,0.0029262198640661076,0.0007033590976512,-0.0470737801359339,0.0,significant
0.1,degree,0.0754399300930147,300,two_sample_t_p_value,300.0,4.0,,7.984004483719462e-05,2.415585025011276e-05,-0.04992015995516281,0.0,significant
0.1,degree,0.0754399300930147,300,two_sample_t_p_value,300.0,5.0,,9.769154730247779e-07,3.527625191775401e-07,-0.04999902308452698,0.0,significant
0.1,degree,0.0754399300930147,300,two_sample_t_p_value,300.0,6.0,,5.676439092359154e-09,2.3543282591257286e-09,-0.04999999432356091,0.0,significant
0.1,degree,0.0754399300930147,500,two_sample_t_p_value,500.0,0.5,,0.6172950500946657,0.0530814040885554,0.5672950500946656,1.869931741683158e-45,non-significant
0.1,degree,0.0754399300930147,500,two_sample_t_p_value,500.0,1.0,,0.3177942072606085,0.0364720309810032,0.2677942072606085,1.9065930530450342e-27,non-significant
0.1,degree,0.0754399300930147,500,two_sample_t_p_value,500.0,2.0,,0.046040682769031456,0.0081744943547288,-0.003959317230968547,0.29899957798733223,significant
0.1,degree,0.0754399300930147,500,two_sample_t_p_value,500.0,3.0,,0.002834491812851143,0.0006894548047276,-0.04716550818714886,0.0,significant
0.1,degree,0.0754399300930147,500,two_sample_t_p_value,500.0,4.0,,7.291606940371305e-05,2.2519566194545932e-05,-0.04992708393059629,0.0,significant
0.1,degree,0.0754399300930147,500,two_sample_t_p_value,500.0,5.0,,7.94641504790956e-07,2.960770702437613e-07,-0.04999920535849521,0.0,significant
0.1,degree,0.0754399300930147,500,two_sample_t_p_value,500.0,6.0,,3.790442338479296e-09,1.642594861166912e-09,-0.04999999620955766,0.0,significant
0.1,degree,0.0754399300930147,1000,two_sample_t_p_value,1000.0,0.5,,0.6171850808338747,0.0531004815573436,0.5671850808338746,2.0525876591189677e-45,non-significant
0.1,degree,0.0754399300930147,1000,two_sample_t_p_value,1000.0,1.0,,0.31755241808467255,0.0364902624336635,0.26755241808467256,2.258810474187131e-27,non-significant
0.1,degree,0.0754399300930147,1000,two_sample_t_p_value,1000.0,2.0,,0.04577034649325166,0.0081603634927259,-0.0042296535067483446,0.28787834076481555,significant
0.1,degree,0.0754399300930147,1000,two_sample_t_p_value,1000.0,3.0,,0.0027667090442381925,0.0006790536119274,-0.04723329095576181,0.0,significant
0.1,degree,0.0754399300930147,1000,two_sample_t_p_value,1000.0,4.0,,6.800991920878163e-05,2.1336930236674884e-05,-0.04993199008079122,0.0,significant
0.1,degree,0.0754399300930147,1000,two_sample_t_p_value,1000.0,5.0,,6.767256364648635e-07,2.583081663988257e-07,-0.04999932327436354,0.0,significant
0.1,degree,0.0754399300930147,1000,two_sample_t_p_value,1000.0,6.0,,2.7553691733774752e-09,1.2355922706076112e-09,-0.04999999724463083,0.0,significant
0.2,degree,0.0560885901804366,30,two_sample_t_p_value,30.0,0.5,,0.6207230048851272,0.0390240381783776,0.5707230048851272,2.3564728799583348e-83,non-significant
0.2,degree,0.0560885901804366,30,two_sample_t_p_value,30.0,1.0,,0.3253086154260302,0.0266974220864406,0.2753086154260302,1.4258079945609171e-52,non-significant
0.2,degree,0.0560885901804366,30,two_sample_t_p_value,30.0,2.0,,0.054625044962983094,0.0063775279118954,0.004625044962983091,0.23942869667946867,non-significant
0.2,degree,0.0560885901804366,30,two_sample_t_p_value,30.0,3.0,,0.005389964065651945,0.0007604561443461,-0.044610035934348057,0.0,significant
0.2,degree,0.0560885901804366,30,two_sample_t_p_value,30.0,4.0,,0.0003818456360837564,5.8861210750339846e-05,-0.04961815436391625,0.0,significant
0.2,degree,0.0560885901804366,30,two_sample_t_p_value,30.0,5.0,,2.32966854670078e-05,3.68938429746176e-06,-0.049976703314532994,0.0,significant
0.2,degree,0.0560885901804366,30,two_sample_t_p_value,30.0,6.0,,1.3942768767204764e-06,2.185971931955976e-07,-0.049998605723123285,0.0,significant
0.2,degree,0.0560885901804366,50,two_sample_t_p_value,50.0,0.5,,0.6192685675117714,0.0392110690337986,0.5692685675117714,2.3045598818393744e-82,non-significant
0.2,degree,0.0560885901804366,50,two_sample_t_p_value,50.0,1.0,,0.32212564510024433,0.0268744062378034,0.27212564510024434,1.0025713650475466e-50,non-significant
0.2,degree,0.0560885901804366,50,two_sample_t_p_value,50.0,2.0,,0.05094706873769324,0.0062565870690943,0.0009470687376932352,0.4548769517950681,non-significant
0.2,degree,0.0560885901804366,50,two_sample_t_p_value,50.0,3.0,,0.004201703187068241,0.0006541119319499,-0.04579829681293176,0.0,significant
0.2,degree,0.0560885901804366,50,two_sample_t_p_value,50.0,4.0,,0.00020919024636403336,3.749799198609751e-05,-0.04979080975363597,0.0,significant
0.2,degree,0.0560885901804366,50,two_sample_t_p_value,50.0,5.0,,7.4332122472325795e-06,1.4398463564752545e-06,-0.04999256678775277,0.0,significant
0.2,degree,0.0560885901804366,50,two_sample_t_p_value,50.0,6.0,,2.1889394850799978e-07,4.3920559258684784e-08,-0.049999781106051494,0.0,significant
0.2,degree,0.0560885901804366,75,two_sample_t_p_value,75.0,0.5,,0.6185389578679419,0.0393050023681031,0.5685389578679418,7.158512803928377e-82,non-significant
0.2,degree,0.0560885901804366,75,two_sample_t_p_value,75.0,1.0,,0.3205260061237414,0.0269636376473891,0.2705260061237414,8.122246925912549e-50,non-significant
0.2,degree,0.0560885901804366,75,two_sample_t_p_value,75.0,2.0,,0.04912138289485513,0.0061924929360234,-0.0008786171051448702,0.4282492013742788,significant
0.2,degree,0.0560885901804366,75,two_sample_t_p_value,75.0,3.0,,0.0036630774411349812,0.0006012874211083,-0.04633692255886502,0.0,significant
0.2,degree,0.0560885901804366,75,two_sample_t_p_value,75.0,4.0,,0.00014717180322168836,2.87158767518863e-05,-0.04985282819677832,0.0,significant
0.2,degree,0.0560885901804366,75,two_sample_t_p_value,75.0,5.0,,3.657912410473166e-06,7.97434441140404e-07,-0.04999634208758953,0.0,significant
0.2,degree,0.0560885901804366,75,two_sample_t_p_value,75.0,6.0,,6.480298590623212e-08,1.5115474849124486e-08,-0.049999935197014095,0.0,significant
0.2,degree,0.0560885901804366,100,two_sample_t_p_value,100.0,0.5,,0.6181735658308866,0.0393520727125579,0.5681735658308865,1.259513836192644e-81,non-significant
0.2,degree,0.0560885901804366,100,two_sample_t_p_value,100.0,1.0,,0.31972415578412333,0.0270084394445017,0.26972415578412334,2.2920204206695193e-49,non-significant
0.2,degree,0.0560885901804366,100,two_sample_t_p_value,100.0,2.0,,0.04821217873113365,0.0061594967823202,-0.0017878212688663547,0.37179948701584764,significant
0.2,degree,0.0560885901804366,100,two_sample_t_p_value,100.0,3.0,,0.0034079153433294465,0.0005750302890832,-0.04659208465667056,0.0,significant
0.2,degree,0.0560885901804366,100,two_sample_t_p_value,100.0,4.0,,0.00012152364430076177,2.480849457668784e-05,-0.04987847635569924,0.0,significant
0.2,degree,0.0560885901804366,100,two_sample_t_p_value,100.0,5.0,,2.450173413503802e-06,5.698666088407584e-07,-0.049997549826586496,0.0,significant
0.2,degree,0.0560885901804366,100,two_sample_t_p_value,100.0,6.0,,3.172491502802852e-08,8.054043938962056e-09,-0.049999968275084974,0.0,significant
0.2,degree,0.0560885901804366,300,two_sample_t_p_value,300.0,0.5,,0.617441622554225,0.0394464195932165,0.5674416225542249,3.8858076577626313e-81,non-significant
0.2,degree,0.0560885901804366,300,two_sample_t_p_value,300.0,1.0,,0.31811640443062633,0.0270984170534525,0.26811640443062634,1.794041640676349e-48,non-significant
0.2,degree,0.0560885901804366,300,two_sample_t_p_value,300.0,2.0,,0.0464015209831491,0.0060915410637015,-0.0035984790168509043,0.26832201712993053,significant
0.2,degree,0.0560885901804366,300,two_sample_t_p_value,300.0,3.0,,0.0029262198640661076,0.0005229381857751,-0.0470737801359339,0.0,significant
0.2,degree,0.0560885901804366,300,two_sample_t_p_value,300.0,4.0,,7.984004483719462e-05,1.795955515160299e-05,-0.04992015995516281,0.0,significant
0.2,degree,0.0560885901804366,300,two_sample_t_p_value,300.0,5.0,,9.769154730247779e-07,2.622742670197611e-07,-0.04999902308452698,0.0,significant
0.2,degree,0.0560885901804366,300,two_sample_t_p_value,300.0,6.0,,5.676439092359154e-09,1.7504119199674455e-09,-0.04999999432356091,0.0,significant
0.2,degree,0.0560885901804366,500,two_sample_t_p_value,500.0,0.5,,0.6172950500946657,0.0394653218322748,0.5672950500946656,4.865181789925363e-81,non-significant
0.2,degree,0.0560885901804366,500,two_sample_t_p_value,500.0,1.0,,0.3177942072606085,0.027116472618936,0.2677942072606085,2.699981089564336e-48,non-significant
0.2,degree,0.0560885901804366,500,two_sample_t_p_value,500.0,2.0,,0.046040682769031456,0.0060776284287296,-0.003959317230968547,0.2495907783138348,significant
0.2,degree,0.0560885901804366,500,two_sample_t_p_value,500.0,3.0,,0.002834491812851143,0.0005126005278984,-0.04716550818714886,0.0,significant
0.2,degree,0.0560885901804366,500,two_sample_t_p_value,500.0,4.0,,7.291606940371305e-05,1.674299959941315e-05,-0.04992708393059629,0.0,significant
0.2,degree,0.0560885901804366,500,two_sample_t_p_value,500.0,5.0,,7.94641504790956e-07,2.2012938551575274e-07,-0.04999920535849521,0.0,significant
0.2,degree,0.0560885901804366,500,two_sample_t_p_value,500.0,6.0,,3.790442338479296e-09,1.2212475526804984e-09,-0.04999999620955766,0.0,significant
0.2,degree,0.0560885901804366,1000,two_sample_t_p_value,1000.0,0.5,,0.6171850808338747,0.0394795056779812,0.5671850808338746,5.757848391803085e-81,non-significant
0.2,degree,0.0560885901804366,1000,two_sample_t_p_value,1000.0,1.0,,0.31755241808467255,0.0271300274628415,0.26755241808467256,3.66644927723918e-48,non-significant
0.2,degree,0.0560885901804366,1000,two_sample_t_p_value,1000.0,2.0,,0.04577034649325166,0.0060671223197393,-0.0042296535067483446,0.23603103753967591,significant
0.2,degree,0.0560885901804366,1000,two_sample_t_p_value,1000.0,3.0,,0.0027667090442381925,0.000504867378628,-0.04723329095576181,0.0,significant
0.2,degree,0.0560885901804366,1000,two_sample_t_p_value,1000.0,4.0,,6.800991920878163e-05,1.5863725407458146e-05,-0.04993199008079122,0.0,significant
0.2,degree,0.0560885901804366,1000,two_sample_t_p_value,1000.0,5.0,,6.767256364648635e-07,1.920487050762163e-07,-0.04999932327436354,0.0,significant
0.2,degree,0.0560885901804366,1000,two_sample_t_p_value,1000.0,6.0,,2.7553691733774752e-09,9.186465100216527e-10,-0.04999999724463083,0.0,significant
0.3,degree,0.0468746316869209,30,two_sample_t_p_value,30.0,0.5,,0.6207230048851272,0.0326133605901511,0.5707230048851272,1.162641347555319e-118,non-significant
0.3,degree,0.0468746316869209,30,two_sample_t_p_value,30.0,1.0,,0.3253086154260302,0.0223117005306484,0.2753086154260302,1.6979592372765488e-74,non-significant
0.3,degree,0.0468746316869209,30,two_sample_t_p_value,30.0,2.0,,0.054625044962983094,0.0053298589068018,0.004625044962983091,0.19466415816606117,non-significant
0.3,degree,0.0468746316869209,30,two_sample_t_p_value,30.0,3.0,,0.005389964065651945,0.0006355321388112,-0.044610035934348057,0.0,significant
0.3,degree,0.0468746316869209,30,two_sample_t_p_value,30.0,4.0,,0.0003818456360837564,4.919177974865141e-05,-0.04961815436391625,0.0,significant
0.3,degree,0.0468746316869209,30,two_sample_t_p_value,30.0,5.0,,2.32966854670078e-05,3.083310340635901e-06,-0.049976703314532994,0.0,significant
0.3,degree,0.0468746316869209,30,two_sample_t_p_value,30.0,6.0,,1.3942768767204764e-06,1.826871184651796e-07,-0.049998605723123285,0.0,significant
0.3,degree,0.0468746316869209,50,two_sample_t_p_value,50.0,0.5,,0.6192685675117714,0.0327696669339859,0.5692685675117714,3.0403589229035724e-117,non-significant
0.3,degree,0.0468746316869209,50,two_sample_t_p_value,50.0,1.0,,0.32212564510024433,0.0224596105936909,0.27212564510024434,7.454309637867796e-72,non-significant
0.3,degree,0.0468746316869209,50,two_sample_t_p_value,50.0,2.0,,0.05094706873769324,0.0052287856324697,0.0009470687376932352,0.4405078674891731,non-significant
0.3,degree,0.0468746316869209,50,two_sample_t_p_value,50.0,3.0,,0.004201703187068241,0.0005466576320341,-0.04579829681293176,0.0,significant
0.3,degree,0.0468746316869209,50,two_sample_t_p_value,50.0,4.0,,0.00020919024636403336,3.133800578144163e-05,-0.04979080975363597,0.0,significant
0.3,degree,0.0468746316869209,50,two_sample_t_p_value,50.0,5.0,,7.4332122472325795e-06,1.203315459140806e-06,-0.04999256678775277,0.0,significant
0.3,degree,0.0468746316869209,50,two_sample_t_p_value,50.0,6.0,,2.1889394850799978e-07,3.6705505203668274e-08,-0.049999781106051494,0.0,significant
0.3,degree,0.0468746316869209,75,two_sample_t_p_value,75.0,0.5,,0.6185389578679419,0.0328481693608517,0.5685389578679418,1.5398254793059517e-116,non-significant
0.3,degree,0.0468746316869209,75,two_sample_t_p_value,75.0,1.0,,0.3205260061237414,0.022534183504969,0.2705260061237414,1.4866292209471048e-70,non-significant
0.3,degree,0.0468746316869209,75,two_sample_t_p_value,75.0,2.0,,0.04912138289485513,0.005175220569213,-0.0008786171051448702,0.41994689315769684,significant
0.3,degree,0.0468746316869209,75,two_sample_t_p_value,75.0,3.0,,0.0036630774411349812,0.0005025108727418,-0.04633692255886502,0.0,significant
0.3,degree,0.0468746316869209,75,two_sample_t_p_value,75.0,4.0,,0.00014717180322168836,2.399857336369953e-05,-0.04985282819677832,0.0,significant
0.3,degree,0.0468746316869209,75,two_sample_t_p_value,75.0,5.0,,3.657912410473166e-06,6.66435822378003e-07,-0.04999634208758953,0.0,significant
0.3,degree,0.0468746316869209,75,two_sample_t_p_value,75.0,6.0,,6.480298590623212e-08,1.263237877875488e-08,-0.049999935197014095,0.0,significant
0.3,degree,0.0468746316869209,100,two_sample_t_p_value,100.0,0.5,,0.6181735658308866,0.0328875072199885,0.5681735658308865,3.4569177390013005e-116,non-significant
0.3,degree,0.0468746316869209,100,two_sample_t_p_value,100.0,1.0,,0.31972415578412333,0.0225716254825941,0.26972415578412334,6.557584305453504e-70,non-significant
0.3,degree,0.0468746316869209,100,two_sample_t_p_value,100.0,2.0,,0.04821217873113365,0.0051476448618018,-0.0017878212688663547,0.3531305824763096,significant
0.3,degree,0.0468746316869209,100,two_sample_t_p_value,100.0,3.0,,0.0034079153433294465,0.0004805671335807,-0.04659208465667056,0.0,significant
0.3,degree,0.0468746316869209,100,two_sample_t_p_value,100.0,4.0,,0.00012152364430076177,2.073307676745326e-05,-0.04987847635569924,0.0,significant
0.3,degree,0.0468746316869209,100,two_sample_t_p_value,100.0,5.0,,2.450173413503802e-06,4.76251717401916e-07,-0.049997549826586496,0.0,significant
0.3,degree,0.0468746316869209,100,two_sample_t_p_value,100.0,6.0,,3.172491502802852e-08,6.730965103858228e-09,-0.049999968275084974,0.0,significant
0.3,degree,0.0468746316869209,300,two_sample_t_p_value,300.0,0.5,,0.617441622554225,0.0329663552578416,0.5674416225542249,1.733812010417791e-115,non-significant
0.3,degree,0.0468746316869209,300,two_sample_t_p_value,300.0,1.0,,0.31811640443062633,0.0226468220112655,0.26811640443062634,1.2448632781132972e-68,non-significant
0.3,degree,0.0468746316869209,300,two_sample_t_p_value,300.0,2.0,,0.0464015209831491,0.0050908525753311,-0.0035984790168509043,0.23437052737666564,significant
0.3,degree,0.0468746316869209,300,two_sample_t_p_value,300.0,3.0,,0.0029262198640661076,0.0004370324655046,-0.0470737801359339,0.0,significant
0.3,degree,0.0468746316869209,300,two_sample_t_p_value,300.0,4.0,,7.984004483719462e-05,1.500924751868634e-05,-0.04992015995516281,0.0,significant
0.3,degree,0.0468746316869209,300,two_sample_t_p_value,300.0,5.0,,9.769154730247779e-07,2.191891368272711e-07,-0.04999902308452698,0.0,significant
0.3,degree,0.0468746316869209,300,two_sample_t_p_value,300.0,6.0,,5.676439092359154e-09,1.4628628351134532e-09,-0.04999999432356091,0.0,significant
0.3,degree,0.0468746316869209,500,two_sample_t_p_value,500.0,0.5,,0.6172950500946657,0.0329821523297785,0.5672950500946656,2.391794843970702e-115,non-significant
0.3,degree,0.0468746316869209,500,two_sample_t_p_value,500.0,1.0,,0.3177942072606085,0.0226619114970096,0.2677942072606085,2.234011652808558e-68,non-significant
0.3,degree,0.0468746316869209,500,two_sample_t_p_value,500.0,2.0,,0.046040682769031456,0.0050792254397941,-0.003959317230968547,0.2136783705019102,significant
0.3,degree,0.0468746316869209,500,two_sample_t_p_value,500.0,3.0,,0.002834491812851143,0.0004283930273601,-0.04716550818714886,0.0,significant
0.3,degree,0.0468746316869209,500,two_sample_t_p_value,500.0,4.0,,7.291606940371305e-05,1.3992541745691753e-05,-0.04992708393059629,0.0,significant
0.3,degree,0.0468746316869209,500,two_sample_t_p_value,500.0,5.0,,7.94641504790956e-07,1.8396760974602213e-07,-0.04999920535849521,0.0,significant
0.3,degree,0.0468746316869209,500,two_sample_t_p_value,500.0,6.0,,3.790442338479296e-09,1.020626994657798e-09,-0.04999999620955766,0.0,significant
0.3,degree,0.0468746316869209,1000,two_sample_t_p_value,1000.0,0.5,,0.6171850808338747,0.0329940061228807,0.5671850808338746,3.0439719518913372e-115,non-significant
0.3,degree,0.0468746316869209,1000,two_sample_t_p_value,1000.0,1.0,,0.31755241808467255,0.0226732396176417,0.26755241808467256,3.460859709466958e-68,non-significant
0.3,degree,0.0468746316869209,1000,two_sample_t_p_value,1000.0,2.0,,0.04577034649325166,0.0050704452228587,-0.0042296535067483446,0.1989035834498094,significant
0.3,degree,0.0468746316869209,1000,two_sample_t_p_value,1000.0,3.0,,0.0027667090442381925,0.0004219302419226,-0.04723329095576181,0.0,significant
0.3,degree,0.0468746316869209,1000,two_sample_t_p_value,1000.0,4.0,,6.800991920878163e-05,1.3257710405358268e-05,-0.04993199008079122,0.0,significant
0.3,degree,0.0468746316869209,1000,two_sample_t_p_value,1000.0,5.0,,6.767256364648635e-07,1.60499885759968e-07,-0.04999932327436354,0.0,significant
0.3,degree,0.0468746316869209,1000,two_sample_t_p_value,1000.0,6.0,,2.7553691733774752e-09,7.677357671000935e-10,-0.04999999724463083,0.0,significant
0.4,degree,0.0439159853319729,30,two_sample_t_p_value,30.0,0.5,,0.6207230048851272,0.0305548612065799,0.5707230048851272,5.839386771810287e-135,non-significant
0.4,degree,0.0439159853319729,30,two_sample_t_p_value,30.0,1.0,,0.3253086154260302,0.0209034242611175,0.2753086154260302,1.2933553347795842e-84,non-significant
0.4,degree,0.0439159853319729,30,two_sample_t_p_value,30.0,2.0,,0.054625044962983094,0.004993447354124,0.004625044962983091,0.17802723778130028,non-significant
0.4,degree,0.0439159853319729,30,two_sample_t_p_value,30.0,3.0,,0.005389964065651945,0.0005954184402438,-0.044610035934348057,0.0,significant
0.4,degree,0.0439159853319729,30,two_sample_t_p_value,30.0,4.0,,0.0003818456360837564,4.608687898230871e-05,-0.04961815436391625,0.0,significant
0.4,degree,0.0439159853319729,30,two_sample_t_p_value,30.0,5.0,,2.32966854670078e-05,2.88869708028166e-06,-0.049976703314532994,0.0,significant
0.4,degree,0.0439159853319729,30,two_sample_t_p_value,30.0,6.0,,1.3942768767204764e-06,1.7115622088388145e-07,-0.049998605723123285,0.0,significant
0.4,degree,0.0439159853319729,50,two_sample_t_p_value,50.0,0.5,,0.6192685675117714,0.0307013017620809,0.5692685675117714,2.4050888769195933e-133,non-significant
0.4,degree,0.0439159853319729,50,two_sample_t_p_value,50.0,1.0,,0.32212564510024433,0.021041998494669,0.27212564510024434,1.3230336328058307e-81,non-significant
0.4,degree,0.0439159853319729,50,two_sample_t_p_value,50.0,2.0,,0.05094706873769324,0.0048987536515117,0.0009470687376932352,0.4348611170113034,non-significant
0.4,degree,0.0439159853319729,50,two_sample_t_p_value,50.0,3.0,,0.004201703187068241,0.0005121535399012,-0.04579829681293176,0.0,significant
0.4,degree,0.0439159853319729,50,two_sample_t_p_value,50.0,4.0,,0.00020919024636403336,2.936000460596845e-05,-0.04979080975363597,0.0,significant
0.4,degree,0.0439159853319729,50,two_sample_t_p_value,50.0,5.0,,7.4332122472325795e-06,1.1273642512290667e-06,-0.04999256678775277,0.0,significant
0.4,degree,0.0439159853319729,50,two_sample_t_p_value,50.0,6.0,,2.1889394850799978e-07,3.438871667074291e-08,-0.049999781106051494,0.0,significant
0.4,degree,0.0439159853319729,75,two_sample_t_p_value,75.0,0.5,,0.6185389578679419,0.0307748492504066,0.5685389578679418,1.526637588235152e-132,non-significant
0.4,degree,0.0439159853319729,75,two_sample_t_p_value,75.0,1.0,,0.3205260061237414,0.0211118644916911,0.2705260061237414,4.000002857066953e-80,non-significant
0.4,degree,0.0439159853319729,75,two_sample_t_p_value,75.0,2.0,,0.04912138289485513,0.0048485695231755,-0.0008786171051448702,0.4163246741556851,significant
0.4,degree,0.0439159853319729,75,two_sample_t_p_value,75.0,3.0,,0.0036630774411349812,0.000470793248337,-0.04633692255886502,0.0,significant
0.4,degree,0.0439159853319729,75,two_sample_t_p_value,75.0,4.0,,0.00014717180322168836,2.2483824574190146e-05,-0.04985282819677832,0.0,significant
0.4,degree,0.0439159853319729,75,two_sample_t_p_value,75.0,5.0,,3.657912410473166e-06,6.243715363084099e-07,-0.04999634208758953,0.0,significant
0.4,degree,0.0439159853319729,75,two_sample_t_p_value,75.0,6.0,,6.480298590623212e-08,1.1835044696692871e-08,-0.049999935197014095,0.0,significant
0.4,degree,0.0439159853319729,100,two_sample_t_p_value,100.0,0.5,,0.6181735658308866,0.0308117041713451,0.5681735658308865,3.835619124971829e-132,non-significant
0.4,degree,0.0439159853319729,100,two_sample_t_p_value,100.0,1.0,,0.31972415578412333,0.0211469431959072,0.26972415578412334,2.1687085716206644e-79,non-significant
0.4,degree,0.0439159853319729,100,two_sample_t_p_value,100.0,2.0,,0.04821217873113365,0.0048227343471196,-0.0017878212688663547,0.3453552211926655,significant
0.4,degree,0.0439159853319729,100,two_sample_t_p_value,100.0,3.0,,0.0034079153433294465,0.0004502345603549,-0.04659208465667056,0.0,significant
0.4,degree,0.0439159853319729,100,two_sample_t_p_value,100.0,4.0,,0.00012152364430076177,1.942444052227507e-05,-0.04987847635569924,0.0,significant
0.4,degree,0.0439159853319729,100,two_sample_t_p_value,100.0,5.0,,2.450173413503802e-06,4.461915258437162e-07,-0.049997549826586496,0.0,significant
0.4,degree,0.0439159853319729,100,two_sample_t_p_value,100.0,6.0,,3.172491502802852e-08,6.3061181311327025e-09,-0.049999968275084974,0.0,significant
0.4,degree,0.0439159853319729,300,two_sample_t_p_value,300.0,0.5,,0.617441622554225,0.0308855754562854,0.5674416225542249,2.4077794967810576e-131,non-significant
0.4,degree,0.0439159853319729,300,two_sample_t_p_value,300.0,1.0,,0.31811640443062633,0.0212173934486624,0.26811640443062634,6.198471343704726e-78,non-significant
0.4,degree,0.0439159853319729,300,two_sample_t_p_value,300.0,2.0,,0.0464015209831491,0.0047695266923635,-0.0035984790168509043,0.2209874978719969,significant
0.4,degree,0.0439159853319729,300,two_sample_t_p_value,300.0,3.0,,0.0029262198640661076,0.0004094477258592,-0.0470737801359339,0.0,significant
0.4,degree,0.0439159853319729,300,two_sample_t_p_value,300.0,4.0,,7.984004483719462e-05,1.4061889558451653e-05,-0.04992015995516281,0.0,significant
0.4,degree,0.0439159853319729,300,two_sample_t_p_value,300.0,5.0,,9.769154730247779e-07,2.05354294453477e-07,-0.04999902308452698,0.0,significant
0.4,degree,0.0439159853319729,300,two_sample_t_p_value,300.0,6.0,,5.676439092359154e-09,1.3705294419935886e-09,-0.04999999432356091,0.0,significant
0.4,degree,0.0439159853319729,500,two_sample_t_p_value,500.0,0.5,,0.6172950500946657,0.0309003754441359,0.5672950500946656,3.473640081373248e-131,non-significant
0.4,degree,0.0439159853319729,500,two_sample_t_p_value,500.0,1.0,,0.3177942072606085,0.0212315305119471,0.2677942072606085,1.2065647608240816e-77,non-significant
0.4,degree,0.0439159853319729,500,two_sample_t_p_value,500.0,2.0,,0.046040682769031456,0.0047586334416793,-0.003959317230968547,0.19969865238366746,significant
0.4,degree,0.0439159853319729,500,two_sample_t_p_value,500.0,3.0,,0.002834491812851143,0.0004013535942324,-0.04716550818714886,0.0,significant
0.4,degree,0.0439159853319729,500,two_sample_t_p_value,500.0,4.0,,7.291606940371305e-05,1.310935651004328e-05,-0.04992708393059629,0.0,significant
0.4,degree,0.0439159853319729,500,two_sample_t_p_value,500.0,5.0,,7.94641504790956e-07,1.7235588975131476e-07,-0.04999920535849521,0.0,significant
0.4,degree,0.0439159853319729,500,two_sample_t_p_value,500.0,6.0,,3.790442338479296e-09,9.562067692856938e-10,-0.04999999620955766,0.0,significant
0.4,degree,0.0439159853319729,1000,two_sample_t_p_value,1000.0,0.5,,0.6171850808338747,0.0309114810461486,0.5671850808338746,4.57167941192356e-131,non-significant
0.4,degree,0.0439159853319729,1000,two_sample_t_p_value,1000.0,1.0,,0.31755241808467255,0.0212421436210343,0.26755241808467256,1.986431833873913e-77,non-significant
0.4,degree,0.0439159853319729,1000,two_sample_t_p_value,1000.0,2.0,,0.04577034649325166,0.0047504074169774,-0.0042296535067483446,0.18459402013641635,significant
0.4,degree,0.0439159853319729,1000,two_sample_t_p_value,1000.0,3.0,,0.0027667090442381925,0.000395298728727,-0.04723329095576181,0.0,significant
0.4,degree,0.0439159853319729,1000,two_sample_t_p_value,1000.0,4.0,,6.800991920878163e-05,1.242090646356401e-05,-0.04993199008079122,0.0,significant
0.4,degree,0.0439159853319729,1000,two_sample_t_p_value,1000.0,5.0,,6.767256364648635e-07,1.503694082525405e-07,-0.04999932327436354,0.0,significant
0.4,degree,0.0439159853319729,1000,two_sample_t_p_value,1000.0,6.0,,2.7553691733774752e-09,7.192776022644712e-10,-0.04999999724463083,0.0,significant
0.5,degree,0.0427972110693432,30,two_sample_t_p_value,30.0,0.5,,0.6207230048851272,0.0297764660036091,0.5707230048851272,5.079904412169464e-142,non-significant
0.5,degree,0.0427972110693432,30,two_sample_t_p_value,30.0,1.0,,0.3253086154260302,0.0203709026089814,0.2753086154260302,5.358729742520325e-89,non-significant
0.5,degree,0.0427972110693432,30,two_sample_t_p_value,30.0,2.0,,0.054625044962983094,0.0048662376299345,0.004625044962983091,0.1714256451017051,non-significant
0.5,degree,0.0427972110693432,30,two_sample_t_p_value,30.0,3.0,,0.005389964065651945,0.0005802499583937,-0.044610035934348057,0.0,significant
0.5,degree,0.0427972110693432,30,two_sample_t_p_value,30.0,4.0,,0.0003818456360837564,4.491280048536564e-05,-0.04961815436391625,0.0,significant
0.5,degree,0.0427972110693432,30,two_sample_t_p_value,30.0,5.0,,2.32966854670078e-05,2.815106565995743e-06,-0.049976703314532994,0.0,significant
0.5,degree,0.0427972110693432,30,two_sample_t_p_value,30.0,6.0,,1.3942768767204764e-06,1.6679595950374022e-07,-0.049998605723123285,0.0,significant
0.5,degree,0.0427972110693432,50,two_sample_t_p_value,50.0,0.5,,0.6192685675117714,0.0299191759374866,0.5692685675117714,2.547375973616516e-140,non-significant
0.5,degree,0.0427972110693432,50,two_sample_t_p_value,50.0,1.0,,0.32212564510024433,0.0205059466180647,0.27212564510024434,7.908223156888558e-86,non-significant
0.5,degree,0.0427972110693432,50,two_sample_t_p_value,50.0,2.0,,0.05094706873769324,0.0047739562807401,0.0009470687376932352,0.4325554084861673,non-significant
0.5,degree,0.0427972110693432,50,two_sample_t_p_value,50.0,3.0,,0.004201703187068241,0.0004991062589482,-0.04579829681293176,0.0,significant
0.5,degree,0.0427972110693432,50,two_sample_t_p_value,50.0,4.0,,0.00020919024636403336,2.861204877039865e-05,-0.04979080975363597,0.0,significant
0.5,degree,0.0427972110693432,50,two_sample_t_p_value,50.0,5.0,,7.4332122472325795e-06,1.098644273768704e-06,-0.04999256678775277,0.0,significant
0.5,degree,0.0427972110693432,50,two_sample_t_p_value,50.0,6.0,,2.1889394850799978e-07,3.3512652730807095e-08,-0.049999781106051494,0.0,significant
0.5,degree,0.0427972110693432,75,two_sample_t_p_value,75.0,0.5,,0.6185389578679419,0.0299908497792028,0.5685389578679418,1.7831240829066845e-139,non-significant
0.5,degree,0.0427972110693432,75,two_sample_t_p_value,75.0,1.0,,0.3205260061237414,0.0205740327556869,0.2705260061237414,2.8632149614339726e-84,non-significant
0.5,degree,0.0427972110693432,75,two_sample_t_p_value,75.0,2.0,,0.04912138289485513,0.0047250506096844,-0.0008786171051448702,0.41479703038623883,significant
0.5,degree,0.0427972110693432,75,two_sample_t_p_value,75.0,3.0,,0.0036630774411349812,0.0004587996345019,-0.04633692255886502,0.0,significant
0.5,degree,0.0427972110693432,75,two_sample_t_p_value,75.0,4.0,,0.00014717180322168836,2.191104170096217e-05,-0.04985282819677832,0.0,significant
0.5,degree,0.0427972110693432,75,two_sample_t_p_value,75.0,5.0,,3.657912410473166e-06,6.084654647524599e-07,-0.04999634208758953,0.0,significant
0.5,degree,0.0427972110693432,75,two_sample_t_p_value,75.0,6.0,,6.480298590623212e-08,1.1533543015616117e-08,-0.049999935197014095,0.0,significant
0.5,degree,0.0427972110693432,100,two_sample_t_p_value,100.0,0.5,,0.6181735658308866,0.0300267658088313,0.5681735658308865,4.7039121634059064e-139,non-significant
0.5,degree,0.0427972110693432,100,two_sample_t_p_value,100.0,1.0,,0.31972415578412333,0.020608217818302,0.26972415578412334,1.6975158656507145e-83,non-significant
0.5,degree,0.0427972110693432,100,two_sample_t_p_value,100.0,2.0,,0.04821217873113365,0.0046998735932899,-0.0017878212688663547,0.34212563286498365,significant
0.5,degree,0.0427972110693432,100,two_sample_t_p_value,100.0,3.0,,0.0034079153433294465,0.0004387646859011,-0.04659208465667056,0.0,significant
0.5,degree,0.0427972110693432,100,two_sample_t_p_value,100.0,4.0,,0.00012152364430076177,1.8929596470433176e-05,-0.04987847635569924,0.0,significant
0.5,degree,0.0427972110693432,100,two_sample_t_p_value,100.0,5.0,,2.450173413503802e-06,4.3482464903237005e-07,-0.049997549826586496,0.0,significant
0.5,degree,0.0427972110693432,100,two_sample_t_p_value,100.0,6.0,,3.172491502802852e-08,6.1454676844016955e-09,-0.049999968275084974,0.0,significant
0.5,degree,0.0427972110693432,300,two_sample_t_p_value,300.0,0.5,,0.617441622554225,0.0300987551983361,0.5674416225542249,3.254382239688512e-138,non-significant
0.5,degree,0.0427972110693432,300,two_sample_t_p_value,300.0,1.0,,0.31811640443062633,0.020676873327549,0.26811640443062634,5.792793815137144e-82,non-significant
0.5,degree,0.0427972110693432,300,two_sample_t_p_value,300.0,2.0,,0.0464015209831491,0.0046480214211506,-0.0035984790168509043,0.21555257079927292,significant
0.5,degree,0.0427972110693432,300,two_sample_t_p_value,300.0,3.0,,0.0029262198640661076,0.0003990169095147,-0.0470737801359339,0.0,significant
0.5,degree,0.0427972110693432,300,two_sample_t_p_value,300.0,4.0,,7.984004483719462e-05,1.3703658267430537e-05,-0.04992015995516281,0.0,significant
0.5,degree,0.0427972110693432,300,two_sample_t_p_value,300.0,5.0,,9.769154730247779e-07,2.0012282582950498e-07,-0.04999902308452698,0.0,significant
0.5,degree,0.0427972110693432,300,two_sample_t_p_value,300.0,6.0,,5.676439092359154e-09,1.3356147508102319e-09,-0.04999999432356091,0.0,significant
0.5,degree,0.0427972110693432,500,two_sample_t_p_value,500.0,0.5,,0.6172950500946657,0.0301131781515973,0.5672950500946656,4.7869812383757453e-138,non-significant
0.5,degree,0.0427972110693432,500,two_sample_t_p_value,500.0,1.0,,0.3177942072606085,0.0206906502444671,0.2677942072606085,1.168015986827747e-81,non-significant
0.5,degree,0.0427972110693432,500,two_sample_t_p_value,500.0,2.0,,0.046040682769031456,0.0046374056796333,-0.003959317230968547,0.19405212710149145,significant
0.5,degree,0.0427972110693432,500,two_sample_t_p_value,500.0,3.0,,0.002834491812851143,0.0003911289785703,-0.04716550818714886,0.0,significant
0.5,degree,0.0427972110693432,500,two_sample_t_p_value,500.0,4.0,,7.291606940371305e-05,1.2775391313721115e-05,-0.04992708393059629,0.0,significant
0.5,degree,0.0427972110693432,500,two_sample_t_p_value,500.0,5.0,,7.94641504790956e-07,1.6796506640968234e-07,-0.04999920535849521,0.0,significant
0.5,degree,0.0427972110693432,500,two_sample_t_p_value,500.0,6.0,,3.790442338479296e-09,9.318470853313803e-10,-0.04999999620955766,0.0,significant
0.5,degree,0.0427972110693432,1000,two_sample_t_p_value,1000.0,0.5,,0.6171850808338747,0.0301240008347227,0.5671850808338746,6.392444404473372e-138,non-significant
0.5,degree,0.0427972110693432,1000,two_sample_t_p_value,1000.0,1.0,,0.31755241808467255,0.0207009929810874,0.26755241808467256,1.9743320544023156e-81,non-significant
0.5,degree,0.0427972110693432,1000,two_sample_t_p_value,1000.0,2.0,,0.04577034649325166,0.0046293892156336,-0.0042296535067483446,0.17883927324765037,significant
0.5,degree,0.0427972110693432,1000,two_sample_t_p_value,1000.0,3.0,,0.0027667090442381925,0.0003852283627679,-0.04723329095576181,0.0,significant
0.5,degree,0.0427972110693432,1000,two_sample_t_p_value,1000.0,4.0,,6.800991920878163e-05,1.2104479760054542e-05,-0.04993199008079122,0.0,significant
0.5,degree,0.0427972110693432,1000,two_sample_t_p_value,1000.0,5.0,,6.767256364648635e-07,1.4653869780466806e-07,-0.04999932327436354,0.0,significant
0.5,degree,0.0427972110693432,1000,two_sample_t_p_value,1000.0,6.0,,2.7553691733774752e-09,7.009537672641524e-10,-0.04999999724463083,0.0,significant
0.05,eigenvec,0.1691496371041488,30,two_sample_t_p_value,30.0,0.5,,0.6207230048851272,0.1176870710241774,0.5707230048851272,2.9788552776693017e-10,non-significant
0.05,eigenvec,0.1691496371041488,30,two_sample_t_p_value,30.0,1.0,,0.3253086154260302,0.0805129749742369,0.2753086154260302,4.6055807152273154e-07,non-significant
0.05,eigenvec,0.1691496371041488,30,two_sample_t_p_value,30.0,2.0,,0.054625044962983094,0.0192330833855575,0.004625044962983091,0.44679261751620536,non-significant
0.05,eigenvec,0.1691496371041488,30,two_sample_t_p_value,30.0,3.0,,0.005389964065651945,0.0022933520068157,-0.044610035934348057,0.0,significant
0.05,eigenvec,0.1691496371041488,30,two_sample_t_p_value,30.0,4.0,,0.0003818456360837564,0.0001775111908839,-0.04961815436391625,0.0,significant
0.05,eigenvec,0.1691496371041488,30,two_sample_t_p_value,30.0,5.0,,2.32966854670078e-05,1.112629169401141e-05,-0.049976703314532994,0.0,significant
0.05,eigenvec,0.1691496371041488,30,two_sample_t_p_value,30.0,6.0,,1.3942768767204764e-06,6.592363220767447e-07,-0.049998605723123285,0.0,significant
0.05,eigenvec,0.1691496371041488,50,two_sample_t_p_value,50.0,0.5,,0.6192685675117714,0.1182511108978837,0.5692685675117714,3.8358287950909735e-10,non-significant
0.05,eigenvec,0.1691496371041488,50,two_sample_t_p_value,50.0,1.0,,0.32212564510024433,0.0810467164157652,0.27212564510024434,7.420781003457127e-07,non-significant
0.05,eigenvec,0.1691496371041488,50,two_sample_t_p_value,50.0,2.0,,0.05094706873769324,0.018868355022711,0.0009470687376932352,0.5269722602767631,non-significant
0.05,eigenvec,0.1691496371041488,50,two_sample_t_p_value,50.0,3.0,,0.004201703187068241,0.0019726435547566,-0.04579829681293176,0.0,significant
0.05,eigenvec,0.1691496371041488,50,two_sample_t_p_value,50.0,4.0,,0.00020919024636403336,0.0001130848843976,-0.04979080975363597,0.0,significant
0.05,eigenvec,0.1691496371041488,50,two_sample_t_p_value,50.0,5.0,,7.4332122472325795e-06,4.342228747415885e-06,-0.04999256678775277,0.0,significant
0.05,eigenvec,0.1691496371041488,50,two_sample_t_p_value,50.0,6.0,,2.1889394850799978e-07,1.3245379561365832e-07,-0.049999781106051494,0.0,significant
0.05,eigenvec,0.1691496371041488,75,two_sample_t_p_value,75.0,0.5,,0.6185389578679419,0.1185343911400591,0.5685389578679418,4.349543198616715e-10,non-significant
0.05,eigenvec,0.1691496371041488,75,two_sample_t_p_value,75.0,1.0,,0.3205260061237414,0.0813158167889635,0.2705260061237414,9.38461737639557e-07,non-significant
0.05,eigenvec,0.1691496371041488,75,two_sample_t_p_value,75.0,2.0,,0.04912138289485513,0.0186750626023706,-0.0008786171051448702,0.43350103413977203,significant
0.05,eigenvec,0.1691496371041488,75,two_sample_t_p_value,75.0,3.0,,0.0036630774411349812,0.0018133375923439,-0.04633692255886502,0.0,significant
0.05,eigenvec,0.1691496371041488,75,two_sample_t_p_value,75.0,4.0,,0.00014717180322168836,8.660014659101246e-05,-0.04985282819677832,0.0,significant
0.05,eigenvec,0.1691496371041488,75,two_sample_t_p_value,75.0,5.0,,3.657912410473166e-06,2.404869616072049e-06,-0.04999634208758953,0.0,significant
0.05,eigenvec,0.1691496371041488,75,two_sample_t_p_value,75.0,6.0,,6.480298590623212e-08,4.5584620279475046e-08,-0.049999935197014095,0.0,significant
0.05,eigenvec,0.1691496371041488,100,two_sample_t_p_value,100.0,0.5,,0.6181735658308866,0.1186763439268433,0.5681735658308865,4.6307908485607877e-10,non-significant
0.05,eigenvec,0.1691496371041488,100,two_sample_t_p_value,100.0,1.0,,0.31972415578412333,0.0814509281850393,0.26972415578412334,1.0543786550925826e-06,non-significant
0.05,eigenvec,0.1691496371041488,100,two_sample_t_p_value,100.0,2.0,,0.04821217873113365,0.0185755541745999,-0.0017878212688663547,0.41405064799393265,significant
0.05,eigenvec,0.1691496371041488,100,two_sample_t_p_value,100.0,3.0,,0.0034079153433294465,0.0017341524258216,-0.04659208465667056,0.0,significant
0.05,eigenvec,0.1691496371041488,100,two_sample_t_p_value,100.0,4.0,,0.00012152364430076177,7.481642596555502e-05,-0.04987847635569924,0.0,significant
0.05,eigenvec,0.1691496371041488,100,two_sample_t_p_value,100.0,5.0,,2.450173413503802e-06,1.7185800137441762e-06,-0.049997549826586496,0.0,significant
0.05,eigenvec,0.1691496371041488,100,two_sample_t_p_value,100.0,6.0,,3.172491502802852e-08,2.4289050680604866e-08,-0.049999968275084974,0.0,significant
0.05,eigenvec,0.1691496371041488,300,two_sample_t_p_value,300.0,0.5,,0.617441622554225,0.1189608713249104,0.5674416225542249,5.247059530881469e-10,non-significant
0.05,eigenvec,0.1691496371041488,300,two_sample_t_p_value,300.0,1.0,,0.31811640443062633,0.0817222789152426,0.26811640443062634,1.3284663580269469e-06,non-significant
0.05,eigenvec,0.1691496371041488,300,two_sample_t_p_value,300.0,2.0,,0.0464015209831491,0.0183706161451984,-0.0035984790168509043,0.376001245227523,significant
0.05,eigenvec,0.1691496371041488,300,two_sample_t_p_value,300.0,3.0,,0.0029262198640661076,0.001577055227582,-0.0470737801359339,0.0,significant
0.05,eigenvec,0.1691496371041488,300,two_sample_t_p_value,300.0,4.0,,7.984004483719462e-05,5.416167934820331e-05,-0.04992015995516281,0.0,significant
0.05,eigenvec,0.1691496371041488,300,two_sample_t_p_value,300.0,5.0,,9.769154730247779e-07,7.909558244454325e-07,-0.04999902308452698,0.0,significant
0.05,eigenvec,0.1691496371041488,300,two_sample_t_p_value,300.0,6.0,,5.676439092359154e-09,5.278819454951132e-09,-0.04999999432356091,0.0,significant
0.05,eigenvec,0.1691496371041488,500,two_sample_t_p_value,500.0,0.5,,0.6172950500946657,0.1190178759111709,0.5672950500946656,5.379502524720052e-10,non-significant
0.05,eigenvec,0.1691496371041488,500,two_sample_t_p_value,500.0,1.0,,0.3177942072606085,0.0817767301385557,0.2677942072606085,1.3908889730683842e-06,non-significant
0.05,eigenvec,0.1691496371041488,500,two_sample_t_p_value,500.0,2.0,,0.046040682769031456,0.0183286589993849,-0.003959317230968547,0.36855033668005555,significant
0.05,eigenvec,0.1691496371041488,500,two_sample_t_p_value,500.0,3.0,,0.002834491812851143,0.0015458793489814,-0.04716550818714886,0.0,significant
0.05,eigenvec,0.1691496371041488,500,two_sample_t_p_value,500.0,4.0,,7.291606940371305e-05,5.049284171994494e-05,-0.04992708393059629,0.0,significant
0.05,eigenvec,0.1691496371041488,500,two_sample_t_p_value,500.0,5.0,,7.94641504790956e-07,6.638570439400373e-07,-0.04999920535849521,0.0,significant
0.05,eigenvec,0.1691496371041488,500,two_sample_t_p_value,500.0,6.0,,3.790442338479296e-09,3.682987568161196e-09,-0.04999999620955766,0.0,significant
0.05,eigenvec,0.1691496371041488,1000,two_sample_t_p_value,1000.0,0.5,,0.6171850808338747,0.1190606509630355,0.5671850808338746,5.480951982313974e-10,non-significant
0.05,eigenvec,0.1691496371041488,1000,two_sample_t_p_value,1000.0,1.0,,0.31755241808467255,0.0818176082729544,0.26755241808467256,1.4395299790533687e-06,non-significant
0.05,eigenvec,0.1691496371041488,1000,two_sample_t_p_value,1000.0,2.0,,0.04577034649325166,0.0182969751129229,-0.0042296535067483446,0.36300064558779543,significant
0.05,eigenvec,0.1691496371041488,1000,two_sample_t_p_value,1000.0,3.0,,0.0027667090442381925,0.0015225580390937,-0.04723329095576181,0.0,significant
0.05,eigenvec,0.1691496371041488,1000,two_sample_t_p_value,1000.0,4.0,,6.800991920878163e-05,4.7841163187719886e-05,-0.04993199008079122,0.0,significant
0.05,eigenvec,0.1691496371041488,1000,two_sample_t_p_value,1000.0,5.0,,6.767256364648635e-07,5.791724959650397e-07,-0.04999932327436354,0.0,significant
0.05,eigenvec,0.1691496371041488,1000,two_sample_t_p_value,1000.0,6.0,,2.7553691733774752e-09,2.770415931248601e-09,-0.04999999724463083,0.0,significant
0.1,eigenvec,0.109858656964734,30,two_sample_t_p_value,30.0,0.5,,0.6207230048851272,0.0764349471046679,0.5707230048851272,9.739386526492422e-23,non-significant
0.1,eigenvec,0.109858656964734,30,two_sample_t_p_value,30.0,1.0,,0.3253086154260302,0.0522912579082794,0.2753086154260302,7.125761782574001e-15,non-significant
0.1,eigenvec,0.109858656964734,30,two_sample_t_p_value,30.0,2.0,,0.054625044962983094,0.0124914291641496,0.004625044962983091,0.37932922177533196,non-significant
0.1,eigenvec,0.109858656964734,30,two_sample_t_p_value,30.0,3.0,,0.005389964065651945,0.0014894774575308,-0.044610035934348057,0.0,significant
0.1,eigenvec,0.109858656964734,30,two_sample_t_p_value,30.0,4.0,,0.0003818456360837564,0.0001152892868148,-0.04961815436391625,0.0,significant
0.1,eigenvec,0.109858656964734,30,two_sample_t_p_value,30.0,5.0,,2.32966854670078e-05,7.226261217157458e-06,-0.049976703314532994,0.0,significant
0.1,eigenvec,0.109858656964734,30,two_sample_t_p_value,30.0,6.0,,1.3942768767204764e-06,4.281582757468751e-07,-0.049998605723123285,0.0,significant
0.1,eigenvec,0.109858656964734,50,two_sample_t_p_value,50.0,0.5,,0.6192685675117714,0.076801277556573,0.5692685675117714,1.7677867495693449e-22,non-significant
0.1,eigenvec,0.109858656964734,50,two_sample_t_p_value,50.0,1.0,,0.32212564510024433,0.0526379102507648,0.27212564510024434,2.1765900226593847e-14,non-significant
0.1,eigenvec,0.109858656964734,50,two_sample_t_p_value,50.0,2.0,,0.05094706873769324,0.0122545467871889,0.0009470687376932352,0.49946947348654225,non-significant
0.1,eigenvec,0.109858656964734,50,two_sample_t_p_value,50.0,3.0,,0.004201703187068241,0.0012811849632421,-0.04579829681293176,0.0,significant
0.1,eigenvec,0.109858656964734,50,two_sample_t_p_value,50.0,4.0,,0.00020919024636403336,7.344593660162781e-05,-0.04979080975363597,0.0,significant
0.1,eigenvec,0.109858656964734,50,two_sample_t_p_value,50.0,5.0,,7.4332122472325795e-06,2.8201740576661752e-06,-0.04999256678775277,0.0,significant
0.1,eigenvec,0.109858656964734,50,two_sample_t_p_value,50.0,6.0,,2.1889394850799978e-07,8.602558270366505e-08,-0.049999781106051494,0.0,significant
0.1,eigenvec,0.109858656964734,75,two_sample_t_p_value,75.0,0.5,,0.6185389578679419,0.076985261320788,0.5685389578679418,2.3774808157849536e-22,non-significant
0.1,eigenvec,0.109858656964734,75,two_sample_t_p_value,75.0,1.0,,0.3205260061237414,0.0528126845281112,0.2705260061237414,3.7702925754977515e-14,non-significant
0.1,eigenvec,0.109858656964734,75,two_sample_t_p_value,75.0,2.0,,0.04912138289485513,0.0121290079680487,-0.0008786171051448702,0.4403551323154258,significant
0.1,eigenvec,0.109858656964734,75,two_sample_t_p_value,75.0,3.0,,0.0036630774411349812,0.0011777195383275,-0.04633692255886502,0.0,significant
0.1,eigenvec,0.109858656964734,75,two_sample_t_p_value,75.0,4.0,,0.00014717180322168836,5.624473076214698e-05,-0.04985282819677832,0.0,significant
0.1,eigenvec,0.109858656964734,75,two_sample_t_p_value,75.0,5.0,,3.657912410473166e-06,1.561905486290226e-06,-0.04999634208758953,0.0,significant
0.1,eigenvec,0.109858656964734,75,two_sample_t_p_value,75.0,6.0,,6.480298590623212e-08,2.9606124186166973e-08,-0.049999935197014095,0.0,significant
0.1,eigenvec,0.109858656964734,100,two_sample_t_p_value,100.0,0.5,,0.6181735658308866,0.0770774562718118,0.5681735658308865,2.7559334218417335e-22,non-significant
0.1,eigenvec,0.109858656964734,100,two_sample_t_p_value,100.0,1.0,,0.31972415578412333,0.0529004361589608,0.26972415578412334,4.951156857466496e-14,non-significant
0.1,eigenvec,0.109858656964734,100,two_sample_t_p_value,100.0,2.0,,0.04821217873113365,0.012064379616379,-0.0017878212688663547,0.4108475620828572,significant
0.1,eigenvec,0.109858656964734,100,two_sample_t_p_value,100.0,3.0,,0.0034079153433294465,0.0011262906603553,-0.04659208465667056,0.0,significant
0.1,eigenvec,0.109858656964734,100,two_sample_t_p_value,100.0,4.0,,0.00012152364430076177,4.859148512637117e-05,-0.04987847635569924,0.0,significant
0.1,eigenvec,0.109858656964734,100,two_sample_t_p_value,100.0,5.0,,2.450173413503802e-06,1.1161767499395866e-06,-0.049997549826586496,0.0,significant
0.1,eigenvec,0.109858656964734,100,two_sample_t_p_value,100.0,6.0,,3.172491502802852e-08,1.5775159393789563e-08,-0.049999968275084974,0.0,significant
0.1,eigenvec,0.109858656964734,300,two_sample_t_p_value,300.0,0.5,,0.617441622554225,0.0772622500340478,0.5674416225542249,3.6998698874339125e-22,non-significant
0.1,eigenvec,0.109858656964734,300,two_sample_t_p_value,300.0,1.0,,0.31811640443062633,0.053076671989536,0.26811640443062634,8.500342743128179e-14,non-significant
0.1,eigenvec,0.109858656964734,300,two_sample_t_p_value,300.0,2.0,,0.0464015209831491,0.0119312772517716,-0.0035984790168509043,0.3537810468561151,significant
0.1,eigenvec,0.109858656964734,300,two_sample_t_p_value,300.0,3.0,,0.0029262198640661076,0.0010242597751167,-0.0470737801359339,0.0,significant
0.1,eigenvec,0.109858656964734,300,two_sample_t_p_value,300.0,4.0,,7.984004483719462e-05,3.517671958400107e-05,-0.04992015995516281,0.0,significant
0.1,eigenvec,0.109858656964734,300,two_sample_t_p_value,300.0,5.0,,9.769154730247779e-07,5.137069524926451e-07,-0.04999902308452698,0.0,significant
0.1,eigenvec,0.109858656964734,300,two_sample_t_p_value,300.0,6.0,,5.676439092359154e-09,3.428467394956158e-09,-0.04999999432356091,0.0,significant
0.1,eigenvec,0.109858656964734,500,two_sample_t_p_value,500.0,0.5,,0.6172950500946657,0.0772992731538997,0.5672950500946656,3.9238110302918394e-22,non-significant
0.1,eigenvec,0.109858656964734,500,two_sample_t_p_value,500.0,1.0,,0.3177942072606085,0.0531120367610228,0.2677942072606085,9.463967047581665e-14,non-significant
0.1,eigenvec,0.109858656964734,500,two_sample_t_p_value,500.0,2.0,,0.046040682769031456,0.0119040270857762,-0.003959317230968547,0.34275663000500334,significant
0.1,eigenvec,0.109858656964734,500,two_sample_t_p_value,500.0,3.0,,0.002834491812851143,0.001004011785163,-0.04716550818714886,0.0,significant
0.1,eigenvec,0.109858656964734,500,two_sample_t_p_value,500.0,4.0,,7.291606940371305e-05,3.279389700535152e-05,-0.04992708393059629,0.0,significant
0.1,eigenvec,0.109858656964734,500,two_sample_t_p_value,500.0,5.0,,7.94641504790956e-07,4.31159324444345e-07,-0.04999920535849521,0.0,significant
0.1,eigenvec,0.109858656964734,500,two_sample_t_p_value,500.0,6.0,,3.790442338479296e-09,2.3920126272980148e-09,-0.04999999620955766,0.0,significant
0.1,eigenvec,0.109858656964734,1000,two_sample_t_p_value,1000.0,0.5,,0.6171850808338747,0.0773270545303773,0.5671850808338746,4.1004897306228496e-22,non-significant
0.1,eigenvec,0.109858656964734,1000,two_sample_t_p_value,1000.0,1.0,,0.31755241808467255,0.0531385861348267,0.26755241808467256,1.0256122774030606e-13,non-significant
0.1,eigenvec,0.109858656964734,1000,two_sample_t_p_value,1000.0,2.0,,0.04577034649325166,0.0118834491568269,-0.0042296535067483446,0.33458554376505856,significant
0.1,eigenvec,0.109858656964734,1000,two_sample_t_p_value,1000.0,3.0,,0.0027667090442381925,0.0009888651503444,-0.04723329095576181,0.0,significant
0.1,eigenvec,0.109858656964734,1000,two_sample_t_p_value,1000.0,4.0,,6.800991920878163e-05,3.1071695011662955e-05,-0.04993199008079122,0.0,significant
0.1,eigenvec,0.109858656964734,1000,two_sample_t_p_value,1000.0,5.0,,6.767256364648635e-07,3.761587293176137e-07,-0.04999932327436354,0.0,significant
0.1,eigenvec,0.109858656964734,1000,two_sample_t_p_value,1000.0,6.0,,2.7553691733774752e-09,1.7993191037901975e-09,-0.04999999724463083,0.0,significant
0.2,eigenvec,0.0834215094528374,30,two_sample_t_p_value,30.0,0.5,,0.6207230048851272,0.0580411124492998,0.5707230048851272,1.7885889767921096e-38,non-significant
0.2,eigenvec,0.0834215094528374,30,two_sample_t_p_value,30.0,1.0,,0.3253086154260302,0.0397075277126008,0.2753086154260302,1.1225040887061378e-24,non-significant
0.2,eigenvec,0.0834215094528374,30,two_sample_t_p_value,30.0,2.0,,0.054625044962983094,0.0094854052005302,0.004625044962983091,0.3279434938322252,non-significant
0.2,eigenvec,0.0834215094528374,30,two_sample_t_p_value,30.0,3.0,,0.005389964065651945,0.0011310392939091,-0.044610035934348057,0.0,significant
0.2,eigenvec,0.0834215094528374,30,two_sample_t_p_value,30.0,4.0,,0.0003818456360837564,8.754527495197433e-05,-0.04961815436391625,0.0,significant
0.2,eigenvec,0.0834215094528374,30,two_sample_t_p_value,30.0,5.0,,2.32966854670078e-05,5.487283707002606e-06,-0.049976703314532994,0.0,significant
0.2,eigenvec,0.0834215094528374,30,two_sample_t_p_value,30.0,6.0,,1.3942768767204764e-06,3.251233051118976e-07,-0.049998605723123285,0.0,significant
0.2,eigenvec,0.0834215094528374,50,two_sample_t_p_value,50.0,0.5,,0.6192685675117714,0.0583192866059916,0.5692685675117714,5.020568904370804e-38,non-significant
0.2,eigenvec,0.0834215094528374,50,two_sample_t_p_value,50.0,1.0,,0.32212564510024433,0.0399707592363102,0.27212564510024434,7.722728232783298e-24,non-significant
0.2,eigenvec,0.0834215094528374,50,two_sample_t_p_value,50.0,2.0,,0.05094706873769324,0.0093055278381556,0.0009470687376932352,0.4822795849066276,non-significant
0.2,eigenvec,0.0834215094528374,50,two_sample_t_p_value,50.0,3.0,,0.004201703187068241,0.000972871746978,-0.04579829681293176,0.0,significant
0.2,eigenvec,0.0834215094528374,50,two_sample_t_p_value,50.0,4.0,,0.00020919024636403336,5.577139811978609e-05,-0.04979080975363597,0.0,significant
0.2,eigenvec,0.0834215094528374,50,two_sample_t_p_value,50.0,5.0,,7.4332122472325795e-06,2.1415078548226567e-06,-0.04999256678775277,0.0,significant
0.2,eigenvec,0.0834215094528374,50,two_sample_t_p_value,50.0,6.0,,2.1889394850799978e-07,6.532379112374682e-08,-0.049999781106051494,0.0,significant
0.2,eigenvec,0.0834215094528374,75,two_sample_t_p_value,75.0,0.5,,0.6185389578679419,0.0584589952438877,0.5685389578679418,8.385933789408687e-38,non-significant
0.2,eigenvec,0.0834215094528374,75,two_sample_t_p_value,75.0,1.0,,0.3205260061237414,0.0401034746219939,0.2705260061237414,1.9944221708332447e-23,non-significant
0.2,eigenvec,0.0834215094528374,75,two_sample_t_p_value,75.0,2.0,,0.04912138289485513,0.009210199549271,-0.0008786171051448702,0.4387909621205982,significant
0.2,eigenvec,0.0834215094528374,75,two_sample_t_p_value,75.0,3.0,,0.0036630774411349812,0.000894304957969,-0.04633692255886502,0.0,significant
0.2,eigenvec,0.0834215094528374,75,two_sample_t_p_value,75.0,4.0,,0.00014717180322168836,4.2709609498074746e-05,-0.04985282819677832,0.0,significant
0.2,eigenvec,0.0834215094528374,75,two_sample_t_p_value,75.0,5.0,,3.657912410473166e-06,1.1860377405744682e-06,-0.04999634208758953,0.0,significant
0.2,eigenvec,0.0834215094528374,75,two_sample_t_p_value,75.0,6.0,,6.480298590623212e-08,2.24815015666088e-08,-0.049999935197014095,0.0,significant
0.2,eigenvec,0.0834215094528374,100,two_sample_t_p_value,100.0,0.5,,0.6181735658308866,0.0585290037638426,0.5681735658308865,1.0829729744224392e-37,non-significant
0.2,eigenvec,0.0834215094528374,100,two_sample_t_p_value,100.0,1.0,,0.31972415578412333,0.0401701090930923,0.26972415578412334,3.1926816363413827e-23,non-significant
0.2,eigenvec,0.0834215094528374,100,two_sample_t_p_value,100.0,2.0,,0.04821217873113365,0.0091611238114212,-0.0017878212688663547,0.4002416331525842,significant
0.2,eigenvec,0.0834215094528374,100,two_sample_t_p_value,100.0,3.0,,0.0034079153433294465,0.0008552522811164,-0.04659208465667056,0.0,significant
0.2,eigenvec,0.0834215094528374,100,two_sample_t_p_value,100.0,4.0,,0.00012152364430076177,3.689809385798544e-05,-0.04987847635569924,0.0,significant
0.2,eigenvec,0.0834215094528374,100,two_sample_t_p_value,100.0,5.0,,2.450173413503802e-06,8.475722520985581e-07,-0.049997549826586496,0.0,significant
0.2,eigenvec,0.0834215094528374,100,two_sample_t_p_value,100.0,6.0,,3.172491502802852e-08,1.197891586196508e-08,-0.049999968275084974,0.0,significant
0.2,eigenvec,0.0834215094528374,300,two_sample_t_p_value,300.0,0.5,,0.617441622554225,0.0586693274762301,0.5674416225542249,1.8033521581907574e-37,non-significant
0.2,eigenvec,0.0834215094528374,300,two_sample_t_p_value,300.0,1.0,,0.31811640443062633,0.0403039343137208,0.26811640443062634,8.118318201461704e-23,non-significant
0.2,eigenvec,0.0834215094528374,300,two_sample_t_p_value,300.0,2.0,,0.0464015209831491,0.0090600521209958,-0.0035984790168509043,0.32672631532215846,significant
0.2,eigenvec,0.0834215094528374,300,two_sample_t_p_value,300.0,3.0,,0.0029262198640661076,0.0007777748142278,-0.0470737801359339,0.0,significant
0.2,eigenvec,0.0834215094528374,300,two_sample_t_p_value,300.0,4.0,,7.984004483719462e-05,2.671155033543297e-05,-0.04992015995516281,0.0,significant
0.2,eigenvec,0.0834215094528374,300,two_sample_t_p_value,300.0,5.0,,9.769154730247779e-07,3.900849562279851e-07,-0.04999902308452698,0.0,significant
0.2,eigenvec,0.0834215094528374,300,two_sample_t_p_value,300.0,6.0,,5.676439092359154e-09,2.6034172736054116e-09,-0.04999999432356091,0.0,significant
0.2,eigenvec,0.0834215094528374,500,two_sample_t_p_value,500.0,0.5,,0.6172950500946657,0.0586974410962945,0.5672950500946656,1.9964831908830335e-37,non-significant
0.2,eigenvec,0.0834215094528374,500,two_sample_t_p_value,500.0,1.0,,0.3177942072606085,0.0403307886618477,0.2677942072606085,9.772143341355087e-23,non-significant
0.2,eigenvec,0.0834215094528374,500,two_sample_t_p_value,500.0,2.0,,0.046040682769031456,0.009039359623536,-0.003959317230968547,0.3127615137158555,significant
0.2,eigenvec,0.0834215094528374,500,two_sample_t_p_value,500.0,3.0,,0.002834491812851143,0.000762399440707,-0.04716550818714886,0.0,significant
0.2,eigenvec,0.0834215094528374,500,two_sample_t_p_value,500.0,4.0,,7.291606940371305e-05,2.490214667293363e-05,-0.04992708393059629,0.0,significant
0.2,eigenvec,0.0834215094528374,500,two_sample_t_p_value,500.0,5.0,,7.94641504790956e-07,3.274021606814206e-07,-0.04999920535849521,0.0,significant
0.2,eigenvec,0.0834215094528374,500,two_sample_t_p_value,500.0,6.0,,3.790442338479296e-09,1.8163821542393721e-09,-0.04999999620955766,0.0,significant
0.2,eigenvec,0.0834215094528374,1000,two_sample_t_p_value,1000.0,0.5,,0.6171850808338747,0.0587185369700697,0.5671850808338746,2.154670783184297e-37,non-significant
0.2,eigenvec,0.0834215094528374,1000,two_sample_t_p_value,1000.0,1.0,,0.31755241808467255,0.0403509490105989,0.26755241808467256,1.1227031649814315e-22,non-significant
0.2,eigenvec,0.0834215094528374,1000,two_sample_t_p_value,1000.0,2.0,,0.04577034649325166,0.0090237337098229,-0.0042296535067483446,0.30247425220089474,significant
0.2,eigenvec,0.0834215094528374,1000,two_sample_t_p_value,1000.0,3.0,,0.0027667090442381925,0.0007508977969166,-0.04723329095576181,0.0,significant
0.2,eigenvec,0.0834215094528374,1000,two_sample_t_p_value,1000.0,4.0,,6.800991920878163e-05,2.35943872858668e-05,-0.04993199008079122,0.0,significant
0.2,eigenvec,0.0834215094528374,1000,two_sample_t_p_value,1000.0,5.0,,6.767256364648635e-07,2.8563728940915325e-07,-0.04999932327436354,0.0,significant
0.2,eigenvec,0.0834215094528374,1000,two_sample_t_p_value,1000.0,6.0,,2.7553691733774752e-09,1.366318502088456e-09,-0.04999999724463083,0.0,significant
0.3,eigenvec,0.0743370254964216,30,two_sample_t_p_value,30.0,0.5,,0.6207230048851272,0.0517205176972199,0.5707230048851272,4.3304472693995846e-48,non-significant
0.3,eigenvec,0.0743370254964216,30,two_sample_t_p_value,30.0,1.0,,0.3253086154260302,0.0353834343124689,0.2753086154260302,1.170445489797536e-30,non-significant
0.3,eigenvec,0.0743370254964216,30,two_sample_t_p_value,30.0,2.0,,0.054625044962983094,0.0084524580394262,0.004625044962983091,0.3039985825352214,non-significant
0.3,eigenvec,0.0743370254964216,30,two_sample_t_p_value,30.0,3.0,,0.005389964065651945,0.0010078707203963,-0.044610035934348057,0.0,significant
0.3,eigenvec,0.0743370254964216,30,two_sample_t_p_value,30.0,4.0,,0.0003818456360837564,7.801171878669243e-05,-0.04961815436391625,0.0,significant
0.3,eigenvec,0.0743370254964216,30,two_sample_t_p_value,30.0,5.0,,2.32966854670078e-05,4.889726300914799e-06,-0.049976703314532994,0.0,significant
0.3,eigenvec,0.0743370254964216,30,two_sample_t_p_value,30.0,6.0,,1.3942768767204764e-06,2.897178387217728e-07,-0.049998605723123285,0.0,significant
0.3,eigenvec,0.0743370254964216,50,two_sample_t_p_value,50.0,0.5,,0.6192685675117714,0.0519683990831367,0.5692685675117714,1.5876726113225635e-47,non-significant
0.3,eigenvec,0.0743370254964216,50,two_sample_t_p_value,50.0,1.0,,0.32212564510024433,0.035618000296923,0.27212564510024434,1.3241292092570858e-29,non-significant
0.3,eigenvec,0.0743370254964216,50,two_sample_t_p_value,50.0,2.0,,0.05094706873769324,0.008292169066465,0.0009470687376932352,0.4747740740148207,non-significant
0.3,eigenvec,0.0743370254964216,50,two_sample_t_p_value,50.0,3.0,,0.004201703187068241,0.0008669273947954,-0.04579829681293176,0.0,significant
0.3,eigenvec,0.0743370254964216,50,two_sample_t_p_value,50.0,4.0,,0.00020919024636403336,4.9697972036162975e-05,-0.04979080975363597,0.0,significant
0.3,eigenvec,0.0743370254964216,50,two_sample_t_p_value,50.0,5.0,,7.4332122472325795e-06,1.908300689461144e-06,-0.04999256678775277,0.0,significant
0.3,eigenvec,0.0743370254964216,50,two_sample_t_p_value,50.0,6.0,,2.1889394850799978e-07,5.8210123002320254e-08,-0.049999781106051494,0.0,significant
0.3,eigenvec,0.0743370254964216,75,two_sample_t_p_value,75.0,0.5,,0.6185389578679419,0.0520928936486927,0.5685389578679418,3.0283696805958134e-47,non-significant
0.3,eigenvec,0.0743370254964216,75,two_sample_t_p_value,75.0,1.0,,0.3205260061237414,0.035736263165505,0.2705260061237414,4.367329804744095e-29,non-significant
0.3,eigenvec,0.0743370254964216,75,two_sample_t_p_value,75.0,2.0,,0.04912138289485513,0.0082072218929143,-0.0008786171051448702,0.4367700948274422,significant
0.3,eigenvec,0.0743370254964216,75,two_sample_t_p_value,75.0,3.0,,0.0036630774411349812,0.0007969164175782,-0.04633692255886502,0.0,significant
0.3,eigenvec,0.0743370254964216,75,two_sample_t_p_value,75.0,4.0,,0.00014717180322168836,3.805859365318168e-05,-0.04985282819677832,0.0,significant
0.3,eigenvec,0.0743370254964216,75,two_sample_t_p_value,75.0,5.0,,3.657912410473166e-06,1.0568799142941392e-06,-0.04999634208758953,0.0,significant
0.3,eigenvec,0.0743370254964216,75,two_sample_t_p_value,75.0,6.0,,6.480298590623212e-08,2.0033297960158135e-08,-0.049999935197014095,0.0,significant
0.3,eigenvec,0.0743370254964216,100,two_sample_t_p_value,100.0,0.5,,0.6181735658308866,0.0521552783402067,0.5681735658308865,4.178431754079127e-47,non-significant
0.3,eigenvec,0.0743370254964216,100,two_sample_t_p_value,100.0,1.0,,0.31972415578412333,0.0357956412372933,0.26972415578412334,7.892867499513633e-29,non-significant
0.3,eigenvec,0.0743370254964216,100,two_sample_t_p_value,100.0,2.0,,0.04821217873113365,0.0081634904332498,-0.0017878212688663547,0.39367163872288324,significant
0.3,eigenvec,0.0743370254964216,100,two_sample_t_p_value,100.0,3.0,,0.0034079153433294465,0.0007621165217966,-0.04659208465667056,0.0,significant
0.3,eigenvec,0.0743370254964216,100,two_sample_t_p_value,100.0,4.0,,0.00012152364430076177,3.287994381642212e-05,-0.04987847635569924,0.0,significant
0.3,eigenvec,0.0743370254964216,100,two_sample_t_p_value,100.0,5.0,,2.450173413503802e-06,7.552728370364794e-07,-0.049997549826586496,0.0,significant
0.3,eigenvec,0.0743370254964216,100,two_sample_t_p_value,100.0,6.0,,3.172491502802852e-08,1.0674428929553489e-08,-0.049999968275084974,0.0,significant
0.3,eigenvec,0.0743370254964216,300,two_sample_t_p_value,300.0,0.5,,0.617441622554225,0.0522803209995151,0.5674416225542249,7.93923888528604e-47,non-significant
0.3,eigenvec,0.0743370254964216,300,two_sample_t_p_value,300.0,1.0,,0.31811640443062633,0.0359148930813701,0.26811640443062634,2.552864972444181e-28,non-significant
0.3,eigenvec,0.0743370254964216,300,two_sample_t_p_value,300.0,2.0,,0.0464015209831491,0.0080734253064329,-0.0035984790168509043,0.3121775705834118,significant
0.3,eigenvec,0.0743370254964216,300,two_sample_t_p_value,300.0,3.0,,0.0029262198640661076,0.0006930762410672,-0.0470737801359339,0.0,significant
0.3,eigenvec,0.0743370254964216,300,two_sample_t_p_value,300.0,4.0,,7.984004483719462e-05,2.380270042292422e-05,-0.04992015995516281,0.0,significant
0.3,eigenvec,0.0743370254964216,300,two_sample_t_p_value,300.0,5.0,,9.769154730247779e-07,3.476052582491833e-07,-0.04999902308452698,0.0,significant
0.3,eigenvec,0.0743370254964216,300,two_sample_t_p_value,300.0,6.0,,5.676439092359154e-09,2.3199088282530157e-09,-0.04999999432356091,0.0,significant
0.3,eigenvec,0.0743370254964216,500,two_sample_t_p_value,500.0,0.5,,0.6172950500946657,0.0523053730862639,0.5672950500946656,9.023948402921048e-47,non-significant
0.3,eigenvec,0.0743370254964216,500,two_sample_t_p_value,500.0,1.0,,0.3177942072606085,0.0359388230291077,0.2677942072606085,3.2233518368631017e-28,non-significant
0.3,eigenvec,0.0743370254964216,500,two_sample_t_p_value,500.0,2.0,,0.046040682769031456,0.008054986192572,-0.003959317230968547,0.2968557705139211,significant
0.3,eigenvec,0.0743370254964216,500,two_sample_t_p_value,500.0,3.0,,0.002834491812851143,0.0006793752238964,-0.04716550818714886,0.0,significant
0.3,eigenvec,0.0743370254964216,500,two_sample_t_p_value,500.0,4.0,,7.291606940371305e-05,2.2190338250688827e-05,-0.04992708393059629,0.0,significant
0.3,eigenvec,0.0743370254964216,500,two_sample_t_p_value,500.0,5.0,,7.94641504790956e-07,2.9174853015477866e-07,-0.04999920535849521,0.0,significant
0.3,eigenvec,0.0743370254964216,500,two_sample_t_p_value,500.0,6.0,,3.790442338479296e-09,1.618580716131418e-09,-0.04999999620955766,0.0,significant
0.3,eigenvec,0.0743370254964216,1000,two_sample_t_p_value,1000.0,0.5,,0.6171850808338747,0.0523241716493321,0.5671850808338746,9.932994895115507e-47,non-significant
0.3,eigenvec,0.0743370254964216,1000,two_sample_t_p_value,1000.0,1.0,,0.31755241808467255,0.035956787944499,0.26755241808467256,3.838125866290139e-28,non-significant
0.3,eigenvec,0.0743370254964216,1000,two_sample_t_p_value,1000.0,2.0,,0.04577034649325166,0.0080410619186802,-0.0042296535067483446,0.28561098258756235,significant
0.3,eigenvec,0.0743370254964216,1000,two_sample_t_p_value,1000.0,3.0,,0.0027667090442381925,0.0006691260927873,-0.04723329095576181,0.0,significant
0.3,eigenvec,0.0743370254964216,1000,two_sample_t_p_value,1000.0,4.0,,6.800991920878163e-05,2.1024992004412477e-05,-0.04993199008079122,0.0,significant
0.3,eigenvec,0.0743370254964216,1000,two_sample_t_p_value,1000.0,5.0,,6.767256364648635e-07,2.545317940757397e-07,-0.04999932327436354,0.0,significant
0.3,eigenvec,0.0743370254964216,1000,two_sample_t_p_value,1000.0,6.0,,2.7553691733774752e-09,1.2175283568011186e-09,-0.04999999724463083,0.0,significant
0.4,eigenvec,0.0727259140905399,30,two_sample_t_p_value,30.0,0.5,,0.6207230048851272,0.0505995754019957,0.5707230048851272,3.5170530402260645e-50,non-significant
0.4,eigenvec,0.0727259140905399,30,two_sample_t_p_value,30.0,1.0,,0.3253086154260302,0.0346165667357883,0.2753086154260302,5.868172618541798e-32,non-significant
0.4,eigenvec,0.0727259140905399,30,two_sample_t_p_value,30.0,2.0,,0.054625044962983094,0.0082692673418685,0.004625044962983091,0.29927969212695865,non-significant
0.4,eigenvec,0.0727259140905399,30,two_sample_t_p_value,30.0,3.0,,0.005389964065651945,0.0009860270697734,-0.044610035934348057,0.0,significant
0.4,eigenvec,0.0727259140905399,30,two_sample_t_p_value,30.0,4.0,,0.0003818456360837564,7.632096550338106e-05,-0.04961815436391625,0.0,significant
0.4,eigenvec,0.0727259140905399,30,two_sample_t_p_value,30.0,5.0,,2.32966854670078e-05,4.78375093046602e-06,-0.049976703314532994,0.0,significant
0.4,eigenvec,0.0727259140905399,30,two_sample_t_p_value,30.0,6.0,,1.3942768767204764e-06,2.8343876431255375e-07,-0.049998605723123285,0.0,significant
0.4,eigenvec,0.0727259140905399,50,two_sample_t_p_value,50.0,0.5,,0.6192685675117714,0.0508420844377884,0.5692685675117714,1.3665867812650928e-49,non-significant
0.4,eigenvec,0.0727259140905399,50,two_sample_t_p_value,50.0,1.0,,0.32212564510024433,0.0348460489557191,0.27212564510024434,7.397183487817265e-31,non-significant
0.4,eigenvec,0.0727259140905399,50,two_sample_t_p_value,50.0,2.0,,0.05094706873769324,0.0081124523227122,0.0009470687376932352,0.4733142436477729,non-significant
0.4,eigenvec,0.0727259140905399,50,two_sample_t_p_value,50.0,3.0,,0.004201703187068241,0.0008481384184475,-0.04579829681293176,0.0,significant
0.4,eigenvec,0.0727259140905399,50,two_sample_t_p_value,50.0,4.0,,0.00020919024636403336,4.86208645105127e-05,-0.04979080975363597,0.0,significant
0.4,eigenvec,0.0727259140905399,50,two_sample_t_p_value,50.0,5.0,,7.4332122472325795e-06,1.8669419589212631e-06,-0.04999256678775277,0.0,significant
0.4,eigenvec,0.0727259140905399,50,two_sample_t_p_value,50.0,6.0,,2.1889394850799978e-07,5.6948531050254195e-08,-0.049999781106051494,0.0,significant
0.4,eigenvec,0.0727259140905399,75,two_sample_t_p_value,75.0,0.5,,0.6185389578679419,0.0509638808241638,0.5685389578679418,2.683029747892726e-49,non-significant
0.4,eigenvec,0.0727259140905399,75,two_sample_t_p_value,75.0,1.0,,0.3205260061237414,0.0349617487051126,0.2705260061237414,2.573129006727824e-30,non-significant
0.4,eigenvec,0.0727259140905399,75,two_sample_t_p_value,75.0,2.0,,0.04912138289485513,0.0080293462150274,-0.0008786171051448702,0.43629247738069354,significant
0.4,eigenvec,0.0727259140905399,75,two_sample_t_p_value,75.0,3.0,,0.0036630774411349812,0.0007796447938978,-0.04633692255886502,0.0,significant
0.4,eigenvec,0.0727259140905399,75,two_sample_t_p_value,75.0,4.0,,0.00014717180322168836,3.723374716629326e-05,-0.04985282819677832,0.0,significant
0.4,eigenvec,0.0727259140905399,75,two_sample_t_p_value,75.0,5.0,,3.657912410473166e-06,1.0339740840810574e-06,-0.04999634208758953,0.0,significant
0.4,eigenvec,0.0727259140905399,75,two_sample_t_p_value,75.0,6.0,,6.480298590623212e-08,1.959911493190944e-08,-0.049999935197014095,0.0,significant
0.4,eigenvec,0.0727259140905399,100,two_sample_t_p_value,100.0,0.5,,0.6181735658308866,0.0510249134480187,0.5681735658308865,3.755616743449025e-49,non-significant
0.4,eigenvec,0.0727259140905399,100,two_sample_t_p_value,100.0,1.0,,0.31972415578412333,0.0350198398719155,0.26972415578412334,4.7746284731105306e-30,non-significant
0.4,eigenvec,0.0727259140905399,100,two_sample_t_p_value,100.0,2.0,,0.04821217873113365,0.0079865625502603,-0.0017878212688663547,0.3922729283090126,significant
0.4,eigenvec,0.0727259140905399,100,two_sample_t_p_value,100.0,3.0,,0.0034079153433294465,0.0007455991186227,-0.04659208465667056,0.0,significant
0.4,eigenvec,0.0727259140905399,100,two_sample_t_p_value,100.0,4.0,,0.00012152364430076177,3.2167334559411464e-05,-0.04987847635569924,0.0,significant
0.4,eigenvec,0.0727259140905399,100,two_sample_t_p_value,100.0,5.0,,2.450173413503802e-06,7.389037575074542e-07,-0.049997549826586496,0.0,significant
0.4,eigenvec,0.0727259140905399,100,two_sample_t_p_value,100.0,6.0,,3.172491502802852e-08,1.0443081305878325e-08,-0.049999968275084974,0.0,significant
0.4,eigenvec,0.0727259140905399,300,two_sample_t_p_value,300.0,0.5,,0.617441622554225,0.0511472460492734,0.5674416225542249,7.343645745691025e-49,non-significant
0.4,eigenvec,0.0727259140905399,300,two_sample_t_p_value,300.0,1.0,,0.31811640443062633,0.0351365071626707,0.26811640443062634,1.6272714808412268e-29,non-significant
0.4,eigenvec,0.0727259140905399,300,two_sample_t_p_value,300.0,2.0,,0.0464015209831491,0.0078984494110582,-0.0035984790168509043,0.3091907869477163,significant
0.4,eigenvec,0.0727259140905399,300,two_sample_t_p_value,300.0,3.0,,0.0029262198640661076,0.0006780551525898,-0.0470737801359339,0.0,significant
0.4,eigenvec,0.0727259140905399,300,two_sample_t_p_value,300.0,4.0,,7.984004483719462e-05,2.328682287891347e-05,-0.04992015995516281,0.0,significant
0.4,eigenvec,0.0727259140905399,300,two_sample_t_p_value,300.0,5.0,,9.769154730247779e-07,3.400715858622424e-07,-0.04999902308452698,0.0,significant
0.4,eigenvec,0.0727259140905399,300,two_sample_t_p_value,300.0,6.0,,5.676439092359154e-09,2.269629286546252e-09,-0.04999999432356091,0.0,significant
0.4,eigenvec,0.0727259140905399,500,two_sample_t_p_value,500.0,0.5,,0.6172950500946657,0.0511717551804434,0.5672950500946656,8.394916115009556e-49,non-significant
0.4,eigenvec,0.0727259140905399,500,two_sample_t_p_value,500.0,1.0,,0.3177942072606085,0.0351599184750246,0.2677942072606085,2.0761313047702704e-29,non-significant
0.4,eigenvec,0.0727259140905399,500,two_sample_t_p_value,500.0,2.0,,0.046040682769031456,0.0078804099293652,-0.003959317230968547,0.2936053740583522,significant
0.4,eigenvec,0.0727259140905399,500,two_sample_t_p_value,500.0,3.0,,0.002834491812851143,0.0006646510784953,-0.04716550818714886,0.0,significant
0.4,eigenvec,0.0727259140905399,500,two_sample_t_p_value,500.0,4.0,,7.291606940371305e-05,2.1709405541620737e-05,-0.04992708393059629,0.0,significant
0.4,eigenvec,0.0727259140905399,500,two_sample_t_p_value,500.0,5.0,,7.94641504790956e-07,2.854254444321167e-07,-0.04999920535849521,0.0,significant
0.4,eigenvec,0.0727259140905399,500,two_sample_t_p_value,500.0,6.0,,3.790442338479296e-09,1.5835011062642594e-09,-0.04999999620955766,0.0,significant
0.4,eigenvec,0.0727259140905399,1000,two_sample_t_p_value,1000.0,0.5,,0.6171850808338747,0.0511901463209766,0.5671850808338746,9.280338551185446e-49,non-significant
0.4,eigenvec,0.0727259140905399,1000,two_sample_t_p_value,1000.0,1.0,,0.31755241808467255,0.0351774940355836,0.26755241808467256,2.491413657662371e-29,non-significant
0.4,eigenvec,0.0727259140905399,1000,two_sample_t_p_value,1000.0,2.0,,0.04577034649325166,0.0078667874372078,-0.0042296535067483446,0.2821764104909017,significant
0.4,eigenvec,0.0727259140905399,1000,two_sample_t_p_value,1000.0,3.0,,0.0027667090442381925,0.0006546240775013,-0.04723329095576181,0.0,significant
0.4,eigenvec,0.0727259140905399,1000,two_sample_t_p_value,1000.0,4.0,,6.800991920878163e-05,2.0569315923742403e-05,-0.04993199008079122,0.0,significant
0.4,eigenvec,0.0727259140905399,1000,two_sample_t_p_value,1000.0,5.0,,6.767256364648635e-07,2.4901530920354505e-07,-0.04999932327436354,0.0,significant
0.4,eigenvec,0.0727259140905399,1000,two_sample_t_p_value,1000.0,6.0,,2.7553691733774752e-09,1.191140781975151e-09,-0.04999999724463083,0.0,significant
0.5,eigenvec,0.0752492995573936,30,two_sample_t_p_value,30.0,0.5,,0.6207230048851272,0.052355238906471,0.5707230048851272,5.771236480845428e-47,non-significant
0.5,eigenvec,0.0752492995573936,30,two_sample_t_p_value,30.0,1.0,,0.3253086154260302,0.0358176646182393,0.2753086154260302,5.858859350178207e-30,non-significant
0.5,eigenvec,0.0752492995573936,30,two_sample_t_p_value,30.0,2.0,,0.054625044962983094,0.0085561877510918,0.004625044962983091,0.3066021741154142,non-significant
0.5,eigenvec,0.0752492995573936,30,two_sample_t_p_value,30.0,3.0,,0.005389964065651945,0.0010202394465982,-0.044610035934348057,0.0,significant
0.5,eigenvec,0.0752492995573936,30,two_sample_t_p_value,30.0,4.0,,0.0003818456360837564,7.896908918220774e-05,-0.04961815436391625,0.0,significant
0.5,eigenvec,0.0752492995573936,30,two_sample_t_p_value,30.0,5.0,,2.32966854670078e-05,4.949733685388258e-06,-0.049976703314532994,0.0,significant
0.5,eigenvec,0.0752492995573936,30,two_sample_t_p_value,30.0,6.0,,1.3942768767204764e-06,2.9327329533981386e-07,-0.049998605723123285,0.0,significant
0.5,eigenvec,0.0752492995573936,50,two_sample_t_p_value,50.0,0.5,,0.6192685675117714,0.0526061623263818,0.5692685675117714,2.0508028757023854e-46,non-significant
0.5,eigenvec,0.0752492995573936,50,two_sample_t_p_value,50.0,1.0,,0.32212564510024433,0.0360551092282743,0.27212564510024434,6.253393707736967e-29,non-significant
0.5,eigenvec,0.0752492995573936,50,two_sample_t_p_value,50.0,2.0,,0.05094706873769324,0.0083939316901106,0.0009470687376932352,0.475581631723404,non-significant
0.5,eigenvec,0.0752492995573936,50,two_sample_t_p_value,50.0,3.0,,0.004201703187068241,0.0008775664453861,-0.04579829681293176,0.0,significant
0.5,eigenvec,0.0752492995573936,50,two_sample_t_p_value,50.0,4.0,,0.00020919024636403336,5.030787229069611e-05,-0.04979080975363597,0.0,significant
0.5,eigenvec,0.0752492995573936,50,two_sample_t_p_value,50.0,5.0,,7.4332122472325795e-06,1.931719614389936e-06,-0.04999256678775277,0.0,significant
0.5,eigenvec,0.0752492995573936,50,two_sample_t_p_value,50.0,6.0,,2.1889394850799978e-07,5.892448552821338e-08,-0.049999781106051494,0.0,significant
0.5,eigenvec,0.0752492995573936,75,two_sample_t_p_value,75.0,0.5,,0.6185389578679419,0.0527321847061343,0.5685389578679418,3.8514607216590574e-46,non-significant
0.5,eigenvec,0.0752492995573936,75,two_sample_t_p_value,75.0,1.0,,0.3205260061237414,0.0361748234348223,0.2705260061237414,2.004328948086484e-28,non-significant
0.5,eigenvec,0.0752492995573936,75,two_sample_t_p_value,75.0,2.0,,0.04912138289485513,0.0083079420333228,-0.0008786171051448702,0.43702290037810954,significant
0.5,eigenvec,0.0752492995573936,75,two_sample_t_p_value,75.0,3.0,,0.0036630774411349812,0.0008066962839592,-0.04633692255886502,0.0,significant
0.5,eigenvec,0.0752492995573936,75,two_sample_t_p_value,75.0,4.0,,0.00014717180322168836,3.852565387727609e-05,-0.04985282819677832,0.0,significant
0.5,eigenvec,0.0752492995573936,75,two_sample_t_p_value,75.0,5.0,,3.657912410473166e-06,1.069850087971848e-06,-0.04999634208758953,0.0,significant
0.5,eigenvec,0.0752492995573936,75,two_sample_t_p_value,75.0,6.0,,6.480298590623212e-08,2.0279149310312784e-08,-0.049999935197014095,0.0,significant
0.5,eigenvec,0.0752492995573936,100,two_sample_t_p_value,100.0,0.5,,0.6181735658308866,0.0527953349910454,0.5681735658308865,5.273109954515074e-46,non-significant
0.5,eigenvec,0.0752492995573936,100,two_sample_t_p_value,100.0,1.0,,0.31972415578412333,0.0362349302023625,0.26972415578412334,3.571272899867657e-28,non-significant
0.5,eigenvec,0.0752492995573936,100,two_sample_t_p_value,100.0,2.0,,0.04821217873113365,0.0082636738952529,-0.0017878212688663547,0.39442916305037745,significant
0.5,eigenvec,0.0752492995573936,100,two_sample_t_p_value,100.0,3.0,,0.0034079153433294465,0.0007714693191359,-0.04659208465667056,0.0,significant
0.5,eigenvec,0.0752492995573936,100,two_sample_t_p_value,100.0,4.0,,0.00012152364430076177,3.328345094721769e-05,-0.04987847635569924,0.0,significant
0.5,eigenvec,0.0752492995573936,100,two_sample_t_p_value,100.0,5.0,,2.450173413503802e-06,7.645416477480175e-07,-0.049997549826586496,0.0,significant
0.5,eigenvec,0.0752492995573936,100,two_sample_t_p_value,100.0,6.0,,3.172491502802852e-08,1.0805426969400932e-08,-0.049999968275084974,0.0,significant
0.5,eigenvec,0.0752492995573936,300,two_sample_t_p_value,300.0,0.5,,0.617441622554225,0.0529219121908313,0.5674416225542249,9.865670068565937e-46,non-significant
0.5,eigenvec,0.0752492995573936,300,two_sample_t_p_value,300.0,1.0,,0.31811640443062633,0.0363556455212467,0.26811640443062634,1.1230245683709835e-27,non-significant
0.5,eigenvec,0.0752492995573936,300,two_sample_t_p_value,300.0,2.0,,0.0464015209831491,0.0081725034769821,-0.0035984790168509043,0.3138093375589641,significant
0.5,eigenvec,0.0752492995573936,300,two_sample_t_p_value,300.0,3.0,,0.0029262198640661076,0.0007015817667158,-0.0470737801359339,0.0,significant
0.5,eigenvec,0.0752492995573936,300,two_sample_t_p_value,300.0,4.0,,7.984004483719462e-05,2.409481039143468e-05,-0.04992015995516281,0.0,significant
0.5,eigenvec,0.0752492995573936,300,two_sample_t_p_value,300.0,5.0,,9.769154730247779e-07,3.518711171322976e-07,-0.04999902308452698,0.0,significant
0.5,eigenvec,0.0752492995573936,300,two_sample_t_p_value,300.0,6.0,,5.676439092359154e-09,2.348379064097158e-09,-0.04999999432356091,0.0,significant
0.5,eigenvec,0.0752492995573936,500,two_sample_t_p_value,500.0,0.5,,0.6172950500946657,0.052947271720187,0.5672950500946656,1.1179089362060609e-45,non-significant
0.5,eigenvec,0.0752492995573936,500,two_sample_t_p_value,500.0,1.0,,0.3177942072606085,0.0363798691405492,0.2677942072606085,1.4100684462082203e-27,non-significant
0.5,eigenvec,0.0752492995573936,500,two_sample_t_p_value,500.0,2.0,,0.046040682769031456,0.0081538380758146,-0.003959317230968547,0.2986336232872635,significant
0.5,eigenvec,0.0752492995573936,500,two_sample_t_p_value,500.0,3.0,,0.002834491812851143,0.0006877126088037,-0.04716550818714886,0.0,significant
0.5,eigenvec,0.0752492995573936,500,two_sample_t_p_value,500.0,4.0,,7.291606940371305e-05,2.2462661091898996e-05,-0.04992708393059629,0.0,significant
0.5,eigenvec,0.0752492995573936,500,two_sample_t_p_value,500.0,5.0,,7.94641504790956e-07,2.953289076935561e-07,-0.04999920535849521,0.0,significant
0.5,eigenvec,0.0752492995573936,500,two_sample_t_p_value,500.0,6.0,,3.790442338479296e-09,1.63844415824597e-09,-0.04999999620955766,0.0,significant
0.5,eigenvec,0.0752492995573936,1000,two_sample_t_p_value,1000.0,0.5,,0.6171850808338747,0.0529663009817713,0.5671850808338746,1.2276860830861983e-45,non-significant
0.5,eigenvec,0.0752492995573936,1000,two_sample_t_p_value,1000.0,1.0,,0.31755241808467255,0.0363980545238191,0.26755241808467256,1.6719896664844035e-27,non-significant
0.5,eigenvec,0.0752492995573936,1000,two_sample_t_p_value,1000.0,2.0,,0.04577034649325166,0.0081397429213446,-0.0042296535067483446,0.28749117778165856,significant
0.5,eigenvec,0.0752492995573936,1000,two_sample_t_p_value,1000.0,3.0,,0.0027667090442381925,0.0006773376989673,-0.04723329095576181,0.0,significant
0.5,eigenvec,0.0752492995573936,1000,two_sample_t_p_value,1000.0,4.0,,6.800991920878163e-05,2.1283013558405005e-05,-0.04993199008079122,0.0,significant
0.5,eigenvec,0.0752492995573936,1000,two_sample_t_p_value,1000.0,5.0,,6.767256364648635e-07,2.576554427807735e-07,-0.04999932327436354,0.0,significant
0.5,eigenvec,0.0752492995573936,1000,two_sample_t_p_value,1000.0,6.0,,2.7553691733774752e-09,1.2324700299578015e-09,-0.04999999724463083,0.0,significant
0.05,smallworldness,0.1790140496046574,30,two_sample_t_p_value,30.0,0.5,,0.6207230048851272,0.1245503066446259,0.5707230048851272,2.8868288332354727e-09,non-significant
0.05,smallworldness,0.1790140496046574,30,two_sample_t_p_value,30.0,1.0,,0.3253086154260302,0.0852083039763322,0.2753086154260302,1.9215708820438627e-06,non-significant
0.05,smallworldness,0.1790140496046574,30,two_sample_t_p_value,30.0,2.0,,0.054625044962983094,0.0203547119708734,0.004625044962983091,0.4548428802061981,non-significant
0.05,smallworldness,0.1790140496046574,30,two_sample_t_p_value,30.0,3.0,,0.005389964065651945,0.0024270949494043,-0.044610035934348057,1.1102230246251565e-15,significant
0.05,smallworldness,0.1790140496046574,30,two_sample_t_p_value,30.0,4.0,,0.0003818456360837564,0.0001878632297077,-0.04961815436391625,0.0,significant
0.05,smallworldness,0.1790140496046574,30,two_sample_t_p_value,30.0,5.0,,2.32966854670078e-05,1.177515108708911e-05,-0.049976703314532994,0.0,significant
0.05,smallworldness,0.1790140496046574,30,two_sample_t_p_value,30.0,6.0,,1.3942768767204764e-06,6.976814475148746e-07,-0.049998605723123285,0.0,significant
0.05,smallworldness,0.1790140496046574,50,two_sample_t_p_value,50.0,0.5,,0.6192685675117714,0.1251472400088311,0.5692685675117714,3.618891800535684e-09,non-significant
0.05,smallworldness,0.1790140496046574,50,two_sample_t_p_value,50.0,1.0,,0.32212564510024433,0.0857731719744289,0.27212564510024434,2.9450183145491026e-06,non-significant
0.05,smallworldness,0.1790140496046574,50,two_sample_t_p_value,50.0,2.0,,0.05094706873769324,0.0199687135001901,0.0009470687376932352,0.5308637989766652,non-significant
0.05,smallworldness,0.1790140496046574,50,two_sample_t_p_value,50.0,3.0,,0.004201703187068241,0.0020876835280827,-0.04579829681293176,0.0,significant
0.05,smallworldness,0.1790140496046574,50,two_sample_t_p_value,50.0,4.0,,0.00020919024636403336,0.000119679731223,-0.04979080975363597,0.0,significant
0.05,smallworldness,0.1790140496046574,50,two_sample_t_p_value,50.0,5.0,,7.4332122472325795e-06,4.595457405008e-06,-0.04999256678775277,0.0,significant
0.05,smallworldness,0.1790140496046574,50,two_sample_t_p_value,50.0,6.0,,2.1889394850799978e-07,1.401781921867748e-07,-0.049999781106051494,0.0,significant
0.05,smallworldness,0.1790140496046574,75,two_sample_t_p_value,75.0,0.5,,0.6185389578679419,0.1254470404943242,0.5685389578679418,4.049178595581654e-09,non-significant
0.05,smallworldness,0.1790140496046574,75,two_sample_t_p_value,75.0,1.0,,0.3205260061237414,0.0860579656540435,0.2705260061237414,3.6338288457855525e-06,non-significant
0.05,smallworldness,0.1790140496046574,75,two_sample_t_p_value,75.0,2.0,,0.04912138289485513,0.0197641487165145,-0.0008786171051448702,0.43170223927730145,significant
0.05,smallworldness,0.1790140496046574,75,two_sample_t_p_value,75.0,3.0,,0.0036630774411349812,0.0019190872133292,-0.04633692255886502,0.0,significant
0.05,smallworldness,0.1790140496046574,75,two_sample_t_p_value,75.0,4.0,,0.00014717180322168836,9.1650465250888e-05,-0.04985282819677832,0.0,significant
0.05,smallworldness,0.1790140496046574,75,two_sample_t_p_value,75.0,5.0,,3.657912410473166e-06,2.545116005653529e-06,-0.04999634208758953,0.0,significant
0.05,smallworldness,0.1790140496046574,75,two_sample_t_p_value,75.0,6.0,,6.480298590623212e-08,4.824300906359595e-08,-0.049999935197014095,0.0,significant
0.05,smallworldness,0.1790140496046574,100,two_sample_t_p_value,100.0,0.5,,0.6181735658308866,0.1255972716367017,0.5681735658308865,4.282433163122164e-09,non-significant
0.05,smallworldness,0.1790140496046574,100,two_sample_t_p_value,100.0,1.0,,0.31972415578412333,0.0862009564317557,0.26972415578412334,4.0331400091046265e-06,non-significant
0.05,smallworldness,0.1790140496046574,100,two_sample_t_p_value,100.0,2.0,,0.04821217873113365,0.0196588371892184,-0.0017878212688663547,0.41327547719968316,significant
0.05,smallworldness,0.1790140496046574,100,two_sample_t_p_value,100.0,3.0,,0.0034079153433294465,0.0018352841524982,-0.04659208465667056,0.0,significant
0.05,smallworldness,0.1790140496046574,100,two_sample_t_p_value,100.0,4.0,,0.00012152364430076177,7.917954550972278e-05,-0.04987847635569924,0.0,significant
0.05,smallworldness,0.1790140496046574,100,two_sample_t_p_value,100.0,5.0,,2.450173413503802e-06,1.81880359365209e-06,-0.049997549826586496,0.0,significant
0.05,smallworldness,0.1790140496046574,100,two_sample_t_p_value,100.0,6.0,,3.172491502802852e-08,2.5705531491685296e-08,-0.049999968275084974,0.0,significant
0.05,smallworldness,0.1790140496046574,300,two_sample_t_p_value,300.0,0.5,,0.617441622554225,0.1258983920093108,0.5674416225542249,4.788430388388638e-09,non-significant
0.05,smallworldness,0.1790140496046574,300,two_sample_t_p_value,300.0,1.0,,0.31811640443062633,0.0864881317039495,0.26811640443062634,4.960013436591611e-06,non-significant
0.05,smallworldness,0.1790140496046574,300,two_sample_t_p_value,300.0,2.0,,0.0464015209831491,0.0194419476517103,-0.0035984790168509043,0.3771938483134256,significant
0.05,smallworldness,0.1790140496046574,300,two_sample_t_p_value,300.0,3.0,,0.0029262198640661076,0.001669025411895,-0.0470737801359339,0.0,significant
0.05,smallworldness,0.1790140496046574,300,two_sample_t_p_value,300.0,4.0,,7.984004483719462e-05,5.732026222167405e-05,-0.04992015995516281,0.0,significant
0.05,smallworldness,0.1790140496046574,300,two_sample_t_p_value,300.0,5.0,,9.769154730247779e-07,8.370825241864763e-07,-0.04999902308452698,0.0,significant
0.05,smallworldness,0.1790140496046574,300,two_sample_t_p_value,300.0,6.0,,5.676439092359154e-09,5.5866678991501925e-09,-0.04999999432356091,0.0,significant
0.05,smallworldness,0.1790140496046574,500,two_sample_t_p_value,500.0,0.5,,0.6172950500946657,0.1259587209701482,0.5672950500946656,4.896327506751125e-09,non-significant
0.05,smallworldness,0.1790140496046574,500,two_sample_t_p_value,500.0,1.0,,0.3177942072606085,0.0865457583956651,0.2677942072606085,5.168159980525747e-06,non-significant
0.05,smallworldness,0.1790140496046574,500,two_sample_t_p_value,500.0,2.0,,0.046040682769031456,0.0193975436629669,-0.003959317230968547,0.3701204017100206,significant
0.05,smallworldness,0.1790140496046574,500,two_sample_t_p_value,500.0,3.0,,0.002834491812851143,0.0016360314287342,-0.04716550818714886,0.0,significant
0.05,smallworldness,0.1790140496046574,500,two_sample_t_p_value,500.0,4.0,,7.291606940371305e-05,5.3437466536028624e-05,-0.04992708393059629,0.0,significant
0.05,smallworldness,0.1790140496046574,500,two_sample_t_p_value,500.0,5.0,,7.94641504790956e-07,7.025716391050313e-07,-0.04999920535849521,0.0,significant
0.05,smallworldness,0.1790140496046574,500,two_sample_t_p_value,500.0,6.0,,3.790442338479296e-09,3.897770817055887e-09,-0.04999999620955766,0.0,significant
0.05,smallworldness,0.1790140496046574,1000,two_sample_t_p_value,1000.0,0.5,,0.6171850808338747,0.1260039905633168,0.5671850808338746,4.9787844426217535e-09,non-significant
0.05,smallworldness,0.1790140496046574,1000,two_sample_t_p_value,1000.0,1.0,,0.31755241808467255,0.0865890204475636,0.26755241808467256,5.329674299858579e-06,non-significant
0.05,smallworldness,0.1790140496046574,1000,two_sample_t_p_value,1000.0,2.0,,0.04577034649325166,0.0193640120461106,-0.0042296535067483446,0.36484974443661145,significant
0.05,smallworldness,0.1790140496046574,1000,two_sample_t_p_value,1000.0,3.0,,0.0027667090442381925,0.0016113500744224,-0.04723329095576181,0.0,significant
0.05,smallworldness,0.1790140496046574,1000,two_sample_t_p_value,1000.0,4.0,,6.800991920878163e-05,5.063114829361309e-05,-0.04993199008079122,0.0,significant
0.05,smallworldness,0.1790140496046574,1000,two_sample_t_p_value,1000.0,5.0,,6.767256364648635e-07,6.129484857156449e-07,-0.04999932327436354,0.0,significant
0.05,smallworldness,0.1790140496046574,1000,two_sample_t_p_value,1000.0,6.0,,2.7553691733774752e-09,2.9319801297398463e-09,-0.04999999724463083,0.0,significant
0.1,smallworldness,0.1097978345696025,30,two_sample_t_p_value,30.0,0.5,,0.6207230048851272,0.0763926294878037,0.5707230048851272,9.219784704288624e-23,non-significant
0.1,smallworldness,0.1097978345696025,30,two_sample_t_p_value,30.0,1.0,,0.3253086154260302,0.0522623072580685,0.2753086154260302,6.886159123191782e-15,non-significant
0.1,smallworldness,0.1097978345696025,30,two_sample_t_p_value,30.0,2.0,,0.054625044962983094,0.0124845133810755,0.004625044962983091,0.37923343402335075,non-significant
0.1,smallworldness,0.1097978345696025,30,two_sample_t_p_value,30.0,3.0,,0.005389964065651945,0.0014886528198649,-0.044610035934348057,0.0,significant
0.1,smallworldness,0.1097978345696025,30,two_sample_t_p_value,30.0,4.0,,0.0003818456360837564,0.0001152254577934,-0.04961815436391625,0.0,significant
0.1,smallworldness,0.1097978345696025,30,two_sample_t_p_value,30.0,5.0,,2.32966854670078e-05,7.22226045356525e-06,-0.049976703314532994,0.0,significant
0.1,smallworldness,0.1097978345696025,30,two_sample_t_p_value,30.0,6.0,,1.3942768767204764e-06,4.279212292314179e-07,-0.049998605723123285,0.0,significant
0.1,smallworldness,0.1097978345696025,50,two_sample_t_p_value,50.0,0.5,,0.6192685675117714,0.0767587571236894,0.5692685675117714,1.674575854178491e-22,non-significant
0.1,smallworldness,0.1097978345696025,50,two_sample_t_p_value,50.0,1.0,,0.32212564510024433,0.0526087676791676,0.27212564510024434,2.1059820845870408e-14,non-significant
0.1,smallworldness,0.1097978345696025,50,two_sample_t_p_value,50.0,2.0,,0.05094706873769324,0.0122477621522094,0.0009470687376932352,0.4994353094486405,non-significant
0.1,smallworldness,0.1097978345696025,50,two_sample_t_p_value,50.0,3.0,,0.004201703187068241,0.0012804756451035,-0.04579829681293176,0.0,significant
0.1,smallworldness,0.1097978345696025,50,two_sample_t_p_value,50.0,4.0,,0.00020919024636403336,7.340527382729387e-05,-0.04979080975363597,0.0,significant
0.1,smallworldness,0.1097978345696025,50,two_sample_t_p_value,50.0,5.0,,7.4332122472325795e-06,2.818612690127065e-06,-0.04999256678775277,0.0,significant
0.1,smallworldness,0.1097978345696025,50,two_sample_t_p_value,50.0,6.0,,2.1889394850799978e-07,8.597795530563213e-08,-0.049999781106051494,0.0,significant
0.1,smallworldness,0.1097978345696025,75,two_sample_t_p_value,75.0,0.5,,0.6185389578679419,0.0769426390267174,0.5685389578679418,2.252859002527866e-22,non-significant
0.1,smallworldness,0.1097978345696025,75,two_sample_t_p_value,75.0,1.0,,0.3205260061237414,0.0527834451940881,0.2705260061237414,3.6501852113149037e-14,non-significant
0.1,smallworldness,0.1097978345696025,75,two_sample_t_p_value,75.0,2.0,,0.04912138289485513,0.0121222928366647,-0.0008786171051448702,0.4403565463876873,significant
0.1,smallworldness,0.1097978345696025,75,two_sample_t_p_value,75.0,3.0,,0.0036630774411349812,0.0011770675030206,-0.04633692255886502,0.0,significant
0.1,smallworldness,0.1097978345696025,75,two_sample_t_p_value,75.0,4.0,,0.00014717180322168836,5.621359130229014e-05,-0.04985282819677832,0.0,significant
0.1,smallworldness,0.1097978345696025,75,two_sample_t_p_value,75.0,5.0,,3.657912410473166e-06,1.5610407494067622e-06,-0.04999634208758953,0.0,significant
0.1,smallworldness,0.1097978345696025,75,two_sample_t_p_value,75.0,6.0,,6.480298590623212e-08,2.9589732984660283e-08,-0.049999935197014095,0.0,significant
0.1,smallworldness,0.1097978345696025,100,two_sample_t_p_value,100.0,0.5,,0.6181735658308866,0.0770347829347201,0.5681735658308865,2.6118998422238957e-22,non-significant
0.1,smallworldness,0.1097978345696025,100,two_sample_t_p_value,100.0,1.0,,0.31972415578412333,0.0528711482419265,0.26972415578412334,4.7948646992880894e-14,non-significant
0.1,smallworldness,0.1097978345696025,100,two_sample_t_p_value,100.0,2.0,,0.04821217873113365,0.0120577002659817,-0.0017878212688663547,0.41083309988415095,significant
0.1,smallworldness,0.1097978345696025,100,two_sample_t_p_value,100.0,3.0,,0.0034079153433294465,0.0011256670982486,-0.04659208465667056,0.0,significant
0.1,smallworldness,0.1097978345696025,100,two_sample_t_p_value,100.0,4.0,,0.00012152364430076177,4.856458282672508e-05,-0.04987847635569924,0.0,significant
0.1,smallworldness,0.1097978345696025,100,two_sample_t_p_value,100.0,5.0,,2.450173413503802e-06,1.1155587873210992e-06,-0.049997549826586496,0.0,significant
0.1,smallworldness,0.1097978345696025,100,two_sample_t_p_value,100.0,6.0,,3.172491502802852e-08,1.5766425598889636e-08,-0.049999968275084974,0.0,significant
0.1,smallworldness,0.1097978345696025,300,two_sample_t_p_value,300.0,0.5,,0.617441622554225,0.07721947438732,0.5674416225542249,3.5076433981925605e-22,non-significant
0.1,smallworldness,0.1097978345696025,300,two_sample_t_p_value,300.0,1.0,,0.31811640443062633,0.0530472865008981,0.26811640443062634,8.236896186706344e-14,non-significant
0.1,smallworldness,0.1097978345696025,300,two_sample_t_p_value,300.0,2.0,,0.0464015209831491,0.0119246715924682,-0.0035984790168509043,0.35373710003665837,significant
0.1,smallworldness,0.1097978345696025,300,two_sample_t_p_value,300.0,3.0,,0.0029262198640661076,0.0010236927016199,-0.0470737801359339,0.0,significant
0.1,smallworldness,0.1097978345696025,300,two_sample_t_p_value,300.0,4.0,,7.984004483719462e-05,3.515724426546832e-05,-0.04992015995516281,0.0,significant
0.1,smallworldness,0.1097978345696025,300,two_sample_t_p_value,300.0,5.0,,9.769154730247779e-07,5.134225426144474e-07,-0.04999902308452698,0.0,significant
0.1,smallworldness,0.1097978345696025,300,two_sample_t_p_value,300.0,6.0,,5.676439092359154e-09,3.426569250518998e-09,-0.04999999432356091,0.0,significant
0.1,smallworldness,0.1097978345696025,500,two_sample_t_p_value,500.0,0.5,,0.6172950500946657,0.0772564770096081,0.5672950500946656,3.7201909781159754e-22,non-significant
0.1,smallworldness,0.1097978345696025,500,two_sample_t_p_value,500.0,1.0,,0.3177942072606085,0.0530826316929529,0.2677942072606085,9.171735578916704e-14,non-significant
0.1,smallworldness,0.1097978345696025,500,two_sample_t_p_value,500.0,2.0,,0.046040682769031456,0.0118974365133164,-0.003959317230968547,0.34270726889274195,significant
0.1,smallworldness,0.1097978345696025,500,two_sample_t_p_value,500.0,3.0,,0.002834491812851143,0.0010034559218091,-0.04716550818714886,0.0,significant
0.1,smallworldness,0.1097978345696025,500,two_sample_t_p_value,500.0,4.0,,7.291606940371305e-05,3.277574091809659e-05,-0.04992708393059629,0.0,significant
0.1,smallworldness,0.1097978345696025,500,two_sample_t_p_value,500.0,5.0,,7.94641504790956e-07,4.309206164215043e-07,-0.04999920535849521,0.0,significant
0.1,smallworldness,0.1097978345696025,500,two_sample_t_p_value,500.0,6.0,,3.790442338479296e-09,2.3906883080208933e-09,-0.04999999620955766,0.0,significant
0.1,smallworldness,0.1097978345696025,1000,two_sample_t_p_value,1000.0,0.5,,0.6171850808338747,0.0772842430051416,0.5671850808338746,3.887890199899675e-22,non-significant
0.1,smallworldness,0.1097978345696025,1000,two_sample_t_p_value,1000.0,1.0,,0.31755241808467255,0.0531091663679014,0.26755241808467256,9.940307165550704e-14,non-significant
0.1,smallworldness,0.1097978345696025,1000,two_sample_t_p_value,1000.0,2.0,,0.04577034649325166,0.0118768699771781,-0.0042296535067483446,0.33453224557759764,significant
0.1,smallworldness,0.1097978345696025,1000,two_sample_t_p_value,1000.0,3.0,,0.0027667090442381925,0.0009883176728076,-0.04723329095576181,0.0,significant
0.1,smallworldness,0.1097978345696025,1000,two_sample_t_p_value,1000.0,4.0,,6.800991920878163e-05,3.105449240821213e-05,-0.04993199008079122,0.0,significant
0.1,smallworldness,0.1097978345696025,1000,two_sample_t_p_value,1000.0,5.0,,6.767256364648635e-07,3.759504719485648e-07,-0.04999932327436354,0.0,significant
0.1,smallworldness,0.1097978345696025,1000,two_sample_t_p_value,1000.0,6.0,,2.7553691733774752e-09,1.7983229246949666e-09,-0.04999999724463083,0.0,significant
0.2,smallworldness,0.0410164400931538,30,two_sample_t_p_value,30.0,0.5,,0.6207230048851272,0.0285374818476835,0.5707230048851272,1.7969972262251825e-154,non-significant
0.2,smallworldness,0.0410164400931538,30,two_sample_t_p_value,30.0,1.0,,0.3253086154260302,0.0195232793359116,0.2753086154260302,1.0015665557541634e-96,non-significant
0.2,smallworldness,0.0410164400931538,30,two_sample_t_p_value,30.0,2.0,,0.054625044962983094,0.0046637558672657,0.004625044962983091,0.16056109586858405,non-significant
0.2,smallworldness,0.0410164400931538,30,two_sample_t_p_value,30.0,3.0,,0.005389964065651945,0.0005561060420257,-0.044610035934348057,0.0,significant
0.2,smallworldness,0.0410164400931538,30,two_sample_t_p_value,30.0,4.0,,0.0003818456360837564,4.3044000870499714e-05,-0.04961815436391625,0.0,significant
0.2,smallworldness,0.0410164400931538,30,two_sample_t_p_value,30.0,5.0,,2.32966854670078e-05,2.697971361566583e-06,-0.049976703314532994,0.0,significant
0.2,smallworldness,0.0410164400931538,30,two_sample_t_p_value,30.0,6.0,,1.3942768767204764e-06,1.598556613813074e-07,-0.049998605723123285,0.0,significant
0.2,smallworldness,0.0410164400931538,50,two_sample_t_p_value,50.0,0.5,,0.6192685675117714,0.0286742536911595,0.5692685675117714,1.275071896154035e-152,non-significant
0.2,smallworldness,0.0410164400931538,50,two_sample_t_p_value,50.0,1.0,,0.32212564510024433,0.0196527042299668,0.27212564510024434,2.8210716276595376e-93,non-significant
0.2,smallworldness,0.0410164400931538,50,two_sample_t_p_value,50.0,2.0,,0.05094706873769324,0.004575314299781,0.0009470687376932352,0.4286656215416013,non-significant
0.2,smallworldness,0.0410164400931538,50,two_sample_t_p_value,50.0,3.0,,0.004201703187068241,0.0004783386921427,-0.04579829681293176,0.0,significant
0.2,smallworldness,0.0410164400931538,50,two_sample_t_p_value,50.0,4.0,,0.00020919024636403336,2.742151544482549e-05,-0.04979080975363597,0.0,significant
0.2,smallworldness,0.0410164400931538,50,two_sample_t_p_value,50.0,5.0,,7.4332122472325795e-06,1.052930224021069e-06,-0.04999256678775277,0.0,significant
0.2,smallworldness,0.0410164400931538,50,two_sample_t_p_value,50.0,6.0,,2.1889394850799978e-07,3.211820767639827e-08,-0.049999781106051494,0.0,significant
0.2,smallworldness,0.0410164400931538,75,two_sample_t_p_value,75.0,0.5,,0.6185389578679419,0.0287429452194517,0.5685389578679418,1.0606000743903714e-151,non-significant
0.2,smallworldness,0.0410164400931538,75,two_sample_t_p_value,75.0,1.0,,0.3205260061237414,0.0197179573367739,0.2705260061237414,1.4036580259841968e-91,non-significant
0.2,smallworldness,0.0410164400931538,75,two_sample_t_p_value,75.0,2.0,,0.04912138289485513,0.0045284435697275,-0.0008786171051448702,0.4121617455009168,significant
0.2,smallworldness,0.0410164400931538,75,two_sample_t_p_value,75.0,3.0,,0.0036630774411349812,0.000439709206584,-0.04633692255886502,0.0,significant
0.2,smallworldness,0.0410164400931538,75,two_sample_t_p_value,75.0,4.0,,0.00014717180322168836,2.099933399515096e-05,-0.04985282819677832,0.0,significant
0.2,smallworldness,0.0410164400931538,75,two_sample_t_p_value,75.0,5.0,,3.657912410473166e-06,5.831475149942584e-07,-0.04999634208758953,0.0,significant
0.2,smallworldness,0.0410164400931538,75,two_sample_t_p_value,75.0,6.0,,6.480298590623212e-08,1.1053637943728066e-08,-0.049999935197014095,0.0,significant
0.2,smallworldness,0.0410164400931538,100,two_sample_t_p_value,100.0,0.5,,0.6181735658308866,0.0287773668006911,0.5681735658308865,3.0491663206580227e-151,non-significant
0.2,smallworldness,0.0410164400931538,100,two_sample_t_p_value,100.0,1.0,,0.31972415578412333,0.0197507199756888,0.26972415578412334,9.742853273101539e-91,non-significant
0.2,smallworldness,0.0410164400931538,100,two_sample_t_p_value,100.0,2.0,,0.04821217873113365,0.0045043141566451,-0.0017878212688663547,0.33661529394587986,significant
0.2,smallworldness,0.0410164400931538,100,two_sample_t_p_value,100.0,3.0,,0.0034079153433294465,0.0004205079023747,-0.04659208465667056,0.0,significant
0.2,smallworldness,0.0410164400931538,100,two_sample_t_p_value,100.0,4.0,,0.00012152364430076177,1.814194523935397e-05,-0.04987847635569924,0.0,significant
0.2,smallworldness,0.0410164400931538,100,two_sample_t_p_value,100.0,5.0,,2.450173413503802e-06,4.167318085088608e-07,-0.049997549826586496,0.0,significant
0.2,smallworldness,0.0410164400931538,100,two_sample_t_p_value,100.0,6.0,,3.172491502802852e-08,5.889757786161816e-09,-0.049999968275084974,0.0,significant
0.2,smallworldness,0.0410164400931538,300,two_sample_t_p_value,300.0,0.5,,0.617441622554225,0.0288463607469831,0.5674416225542249,2.5041951896914427e-150,non-significant
0.2,smallworldness,0.0410164400931538,300,two_sample_t_p_value,300.0,1.0,,0.31811640443062633,0.0198165187628465,0.26811640443062634,4.5451572973238605e-89,non-significant
0.2,smallworldness,0.0410164400931538,300,two_sample_t_p_value,300.0,2.0,,0.0464015209831491,0.0044546195279739,-0.0035984790168509043,0.20644466846700815,significant
0.2,smallworldness,0.0410164400931538,300,two_sample_t_p_value,300.0,3.0,,0.0029262198640661076,0.0003824140114819,-0.0470737801359339,0.0,significant
0.2,smallworldness,0.0410164400931538,300,two_sample_t_p_value,300.0,4.0,,7.984004483719462e-05,1.313345576356367e-05,-0.04992015995516281,0.0,significant
0.2,smallworldness,0.0410164400931538,300,two_sample_t_p_value,300.0,5.0,,9.769154730247779e-07,1.9179581313391677e-07,-0.04999902308452698,0.0,significant
0.2,smallworldness,0.0410164400931538,300,two_sample_t_p_value,300.0,6.0,,5.676439092359154e-09,1.2800404756603956e-09,-0.04999999432356091,0.0,significant
0.2,smallworldness,0.0410164400931538,500,two_sample_t_p_value,500.0,0.5,,0.6172950500946657,0.0288601835682284,0.5672950500946656,3.8117166657673735e-150,non-significant
0.2,smallworldness,0.0410164400931538,500,two_sample_t_p_value,500.0,1.0,,0.3177942072606085,0.0198297224290042,0.2677942072606085,9.751800690421425e-89,non-significant
0.2,smallworldness,0.0410164400931538,500,two_sample_t_p_value,500.0,2.0,,0.046040682769031456,0.004444445502258,-0.003959317230968547,0.18463132623600287,significant
0.2,smallworldness,0.0410164400931538,500,two_sample_t_p_value,500.0,3.0,,0.002834491812851143,0.000374854293478,-0.04716550818714886,0.0,significant
0.2,smallworldness,0.0410164400931538,500,two_sample_t_p_value,500.0,4.0,,7.291606940371305e-05,1.2243813542822088e-05,-0.04992708393059629,0.0,significant
0.2,smallworldness,0.0410164400931538,500,two_sample_t_p_value,500.0,5.0,,7.94641504790956e-07,1.6097612232191333e-07,-0.04999920535849521,0.0,significant
0.2,smallworldness,0.0410164400931538,500,two_sample_t_p_value,500.0,6.0,,3.790442338479296e-09,8.93073384841502e-10,-0.04999999620955766,0.0,significant
0.2,smallworldness,0.0410164400931538,1000,two_sample_t_p_value,1000.0,0.5,,0.6171850808338747,0.0288705559248135,0.5671850808338746,5.222306323357786e-150,non-significant
0.2,smallworldness,0.0410164400931538,1000,two_sample_t_p_value,1000.0,1.0,,0.31755241808467255,0.0198396348094231,0.26755241808467256,1.7268225227494498e-88,non-significant
0.2,smallworldness,0.0410164400931538,1000,two_sample_t_p_value,1000.0,2.0,,0.04577034649325166,0.0044367625993962,-0.0042296535067483446,0.16927179162526085,significant
0.2,smallworldness,0.0410164400931538,1000,two_sample_t_p_value,1000.0,3.0,,0.0027667090442381925,0.000369199199407,-0.04723329095576181,0.0,significant
0.2,smallworldness,0.0410164400931538,1000,two_sample_t_p_value,1000.0,4.0,,6.800991920878163e-05,1.1600818290066424e-05,-0.04993199008079122,0.0,significant
0.2,smallworldness,0.0410164400931538,1000,two_sample_t_p_value,1000.0,5.0,,6.767256364648635e-07,1.404412944127431e-07,-0.04999932327436354,0.0,significant
0.2,smallworldness,0.0410164400931538,1000,two_sample_t_p_value,1000.0,6.0,,2.7553691733774752e-09,6.717874245701825e-10,-0.04999999724463083,0.0,significant
0.3,smallworldness,0.0304150351242991,30,two_sample_t_p_value,30.0,0.5,,0.6207230048851272,0.0211614784409634,0.5707230048851272,1.6858102593529907e-279,non-significant
0.3,smallworldness,0.0304150351242991,30,two_sample_t_p_value,30.0,1.0,,0.3253086154260302,0.0144771517321994,0.2753086154260302,2.620092372415063e-174,non-significant
0.3,smallworldness,0.0304150351242991,30,two_sample_t_p_value,30.0,2.0,,0.054625044962983094,0.0034583278849136,0.004625044962983091,0.08777699030256109,non-significant
0.3,smallworldness,0.0304150351242991,30,two_sample_t_p_value,30.0,3.0,,0.005389964065651945,0.0004123708630644,-0.044610035934348057,0.0,significant
0.3,smallworldness,0.0304150351242991,30,two_sample_t_p_value,30.0,4.0,,0.0003818456360837564,3.1918537917802635e-05,-0.04961815436391625,0.0,significant
0.3,smallworldness,0.0304150351242991,30,two_sample_t_p_value,30.0,5.0,,2.32966854670078e-05,2.0006342222785305e-06,-0.049976703314532994,0.0,significant
0.3,smallworldness,0.0304150351242991,30,two_sample_t_p_value,30.0,6.0,,1.3942768767204764e-06,1.1853821405973417e-07,-0.049998605723123285,0.0,significant
0.3,smallworldness,0.0304150351242991,50,two_sample_t_p_value,50.0,0.5,,0.6192685675117714,0.0212628992472033,0.5692685675117714,3.910192530621801e-276,non-significant
0.3,smallworldness,0.0304150351242991,50,two_sample_t_p_value,50.0,1.0,,0.32212564510024433,0.0145731245345612,0.27212564510024434,4.876093512054311e-168,non-significant
0.3,smallworldness,0.0304150351242991,50,two_sample_t_p_value,50.0,2.0,,0.05094706873769324,0.0033927455629133,0.0009470687376932352,0.39754456343964956,non-significant
0.3,smallworldness,0.0304150351242991,50,two_sample_t_p_value,50.0,3.0,,0.004201703187068241,0.0003547038233886,-0.04579829681293176,0.0,significant
0.3,smallworldness,0.0304150351242991,50,two_sample_t_p_value,50.0,4.0,,0.00020919024636403336,2.033395276434748e-05,-0.04979080975363597,0.0,significant
0.3,smallworldness,0.0304150351242991,50,two_sample_t_p_value,50.0,5.0,,7.4332122472325795e-06,7.8078228325774e-07,-0.04999256678775277,0.0,significant
0.3,smallworldness,0.0304150351242991,50,two_sample_t_p_value,50.0,6.0,,2.1889394850799978e-07,2.38167040432707e-08,-0.049999781106051494,0.0,significant
0.3,smallworldness,0.0304150351242991,75,two_sample_t_p_value,75.0,0.5,,0.6185389578679419,0.021313836267603,0.5685389578679418,1.840482082736115e-274,non-significant
0.3,smallworldness,0.0304150351242991,75,two_sample_t_p_value,75.0,1.0,,0.3205260061237414,0.0146215118526951,0.2705260061237414,5.915075676122837e-165,non-significant
0.3,smallworldness,0.0304150351242991,75,two_sample_t_p_value,75.0,2.0,,0.04912138289485513,0.0033579893798403,-0.0008786171051448702,0.38907765362719804,significant
0.3,smallworldness,0.0304150351242991,75,two_sample_t_p_value,75.0,3.0,,0.0036630774411349812,0.000326058793312,-0.04633692255886502,0.0,significant
0.3,smallworldness,0.0304150351242991,75,two_sample_t_p_value,75.0,4.0,,0.00014717180322168836,1.557169465704098e-05,-0.04985282819677832,0.0,significant
0.3,smallworldness,0.0304150351242991,75,two_sample_t_p_value,75.0,5.0,,3.657912410473166e-06,4.324230018723287e-07,-0.04999634208758953,0.0,significant
0.3,smallworldness,0.0304150351242991,75,two_sample_t_p_value,75.0,6.0,,6.480298590623212e-08,8.196634947992237e-09,-0.049999935197014095,0.0,significant
0.3,smallworldness,0.0304150351242991,100,two_sample_t_p_value,100.0,0.5,,0.6181735658308866,0.0213393609986633,0.5681735658308865,1.2554229417096095e-273,non-significant
0.3,smallworldness,0.0304150351242991,100,two_sample_t_p_value,100.0,1.0,,0.31972415578412333,0.0146458064236306,0.26972415578412334,2.0006370044630234e-163,non-significant
0.3,smallworldness,0.0304150351242991,100,two_sample_t_p_value,100.0,2.0,,0.04821217873113365,0.003340096628915,-0.0017878212688663547,0.29085695916243137,significant
0.3,smallworldness,0.0304150351242991,100,two_sample_t_p_value,100.0,3.0,,0.0034079153433294465,0.0003118203966927,-0.04659208465667056,0.0,significant
0.3,smallworldness,0.0304150351242991,100,two_sample_t_p_value,100.0,4.0,,0.00012152364430076177,1.345284721016446e-05,-0.04987847635569924,0.0,significant
0.3,smallworldness,0.0304150351242991,100,two_sample_t_p_value,100.0,5.0,,2.450173413503802e-06,3.090202992854396e-07,-0.049997549826586496,0.0,significant
0.3,smallworldness,0.0304150351242991,100,two_sample_t_p_value,100.0,6.0,,3.172491502802852e-08,4.367448504377301e-09,-0.049999968275084974,0.0,significant
0.3,smallworldness,0.0304150351242991,300,two_sample_t_p_value,300.0,0.5,,0.617441622554225,0.0213905222719253,0.5674416225542249,5.7738484100170396e-272,non-significant
0.3,smallworldness,0.0304150351242991,300,two_sample_t_p_value,300.0,1.0,,0.31811640443062633,0.0146945983816355,0.26811640443062634,2.1583953703603403e-160,non-significant
0.3,smallworldness,0.0304150351242991,300,two_sample_t_p_value,300.0,2.0,,0.0464015209831491,0.0033032464324306,-0.0035984790168509043,0.13873860098418733,significant
0.3,smallworldness,0.0304150351242991,300,two_sample_t_p_value,300.0,3.0,,0.0029262198640661076,0.0002835725276214,-0.0470737801359339,0.0,significant
0.3,smallworldness,0.0304150351242991,300,two_sample_t_p_value,300.0,4.0,,7.984004483719462e-05,9.738888051839776e-06,-0.04992015995516281,0.0,significant
0.3,smallworldness,0.0304150351242991,300,two_sample_t_p_value,300.0,5.0,,9.769154730247779e-07,1.4222288379764268e-07,-0.04999902308452698,0.0,significant
0.3,smallworldness,0.0304150351242991,300,two_sample_t_p_value,300.0,6.0,,5.676439092359154e-09,9.491919810523442e-10,-0.04999999432356091,0.0,significant
0.3,smallworldness,0.0304150351242991,500,two_sample_t_p_value,500.0,0.5,,0.6172950500946657,0.0214007723470838,0.5672950500946656,1.239341774267483e-271,non-significant
0.3,smallworldness,0.0304150351242991,500,two_sample_t_p_value,500.0,1.0,,0.3177942072606085,0.0147043893329966,0.2677942072606085,8.642776532503257e-160,non-significant
0.3,smallworldness,0.0304150351242991,500,two_sample_t_p_value,500.0,2.0,,0.046040682769031456,0.0032957020587892,-0.003959317230968547,0.11653117794772327,significant
0.3,smallworldness,0.0304150351242991,500,two_sample_t_p_value,500.0,3.0,,0.002834491812851143,0.000277966748863,-0.04716550818714886,0.0,significant
0.3,smallworldness,0.0304150351242991,500,two_sample_t_p_value,500.0,4.0,,7.291606940371305e-05,9.07918917669456e-06,-0.04992708393059629,0.0,significant
0.3,smallworldness,0.0304150351242991,500,two_sample_t_p_value,500.0,5.0,,7.94641504790956e-07,1.1936907258345142e-07,-0.04999920535849521,0.0,significant
0.3,smallworldness,0.0304150351242991,500,two_sample_t_p_value,500.0,6.0,,3.790442338479296e-09,6.622431958219803e-10,-0.04999999620955766,0.0,significant
0.3,smallworldness,0.0304150351242991,1000,two_sample_t_p_value,1000.0,0.5,,0.6171850808338747,0.0214084637895674,0.5671850808338746,2.1968877267030138e-271,non-significant
0.3,smallworldness,0.0304150351242991,1000,two_sample_t_p_value,1000.0,1.0,,0.31755241808467255,0.0147117396880718,0.26755241808467256,2.4414905363314633e-159,non-significant
0.3,smallworldness,0.0304150351242991,1000,two_sample_t_p_value,1000.0,2.0,,0.04577034649325166,0.0032900049344198,-0.0042296535067483446,0.1016387252553832,significant
0.3,smallworldness,0.0304150351242991,1000,two_sample_t_p_value,1000.0,3.0,,0.0027667090442381925,0.0002737733111972,-0.04723329095576181,0.0,significant
0.3,smallworldness,0.0304150351242991,1000,two_sample_t_p_value,1000.0,4.0,,6.800991920878163e-05,8.602387115060124e-06,-0.04993199008079122,0.0,significant
0.3,smallworldness,0.0304150351242991,1000,two_sample_t_p_value,1000.0,5.0,,6.767256364648635e-07,1.041418244188039e-07,-0.04999932327436354,0.0,significant
0.3,smallworldness,0.0304150351242991,1000,two_sample_t_p_value,1000.0,6.0,,2.7553691733774752e-09,4.981524010362613e-10,-0.04999999724463083,0.0,significant
0.4,smallworldness,0.0353798665861407,30,two_sample_t_p_value,30.0,0.5,,0.6207230048851272,0.0246157954757263,0.5707230048851272,5.04767217800568e-207,non-significant
0.4,smallworldness,0.0353798665861407,30,two_sample_t_p_value,30.0,1.0,,0.3253086154260302,0.0168403453995463,0.2753086154260302,2.4420825927271618e-129,non-significant
0.4,smallworldness,0.0353798665861407,30,two_sample_t_p_value,30.0,2.0,,0.054625044962983094,0.0040228518125768,0.004625044962983091,0.12336411004967741,non-significant
0.4,smallworldness,0.0353798665861407,30,two_sample_t_p_value,30.0,3.0,,0.005389964065651945,0.0004796846710716,-0.044610035934348057,0.0,significant
0.4,smallworldness,0.0353798665861407,30,two_sample_t_p_value,30.0,4.0,,0.0003818456360837564,3.7128795299477866e-05,-0.04961815436391625,0.0,significant
0.4,smallworldness,0.0353798665861407,30,two_sample_t_p_value,30.0,5.0,,2.32966854670078e-05,2.3272099335940817e-06,-0.049976703314532994,0.0,significant
0.4,smallworldness,0.0353798665861407,30,two_sample_t_p_value,30.0,6.0,,1.3942768767204764e-06,1.378879288369531e-07,-0.049998605723123285,0.0,significant
0.4,smallworldness,0.0353798665861407,50,two_sample_t_p_value,50.0,0.5,,0.6192685675117714,0.0247337718179913,0.5692685675117714,1.5505748660213636e-204,non-significant
0.4,smallworldness,0.0353798665861407,50,two_sample_t_p_value,50.0,1.0,,0.32212564510024433,0.0169519844270728,0.27212564510024434,1.0533804997335551e-124,non-significant
0.4,smallworldness,0.0353798665861407,50,two_sample_t_p_value,50.0,2.0,,0.05094706873769324,0.0039465640886502,0.0009470687376932352,0.414159455305826,non-significant
0.4,smallworldness,0.0353798665861407,50,two_sample_t_p_value,50.0,3.0,,0.004201703187068241,0.0004126042892207,-0.04579829681293176,0.0,significant
0.4,smallworldness,0.0353798665861407,50,two_sample_t_p_value,50.0,4.0,,0.00020919024636403336,2.3653187741899066e-05,-0.04979080975363597,0.0,significant
0.4,smallworldness,0.0353798665861407,50,two_sample_t_p_value,50.0,5.0,,7.4332122472325795e-06,9.08234131625641e-07,-0.04999256678775277,0.0,significant
0.4,smallworldness,0.0353798665861407,50,two_sample_t_p_value,50.0,6.0,,2.1889394850799978e-07,2.7704449727869032e-08,-0.049999781106051494,0.0,significant
0.4,smallworldness,0.0353798665861407,75,two_sample_t_p_value,75.0,0.5,,0.6185389578679419,0.0247930235985226,0.5685389578679418,2.6719742199089786e-203,non-significant
0.4,smallworldness,0.0353798665861407,75,two_sample_t_p_value,75.0,1.0,,0.3205260061237414,0.0170082703019055,0.2705260061237414,2.005973036094007e-122,non-significant
0.4,smallworldness,0.0353798665861407,75,two_sample_t_p_value,75.0,2.0,,0.04912138289485513,0.0039061344420909,-0.0008786171051448702,0.4017847591138237,significant
0.4,smallworldness,0.0353798665861407,75,two_sample_t_p_value,75.0,3.0,,0.0036630774411349812,0.0003792833563885,-0.04633692255886502,0.0,significant
0.4,smallworldness,0.0353798665861407,75,two_sample_t_p_value,75.0,4.0,,0.00014717180322168836,1.8113557233609333e-05,-0.04985282819677832,0.0,significant
0.4,smallworldness,0.0353798665861407,75,two_sample_t_p_value,75.0,5.0,,3.657912410473166e-06,5.030100426482417e-07,-0.04999634208758953,0.0,significant
0.4,smallworldness,0.0353798665861407,75,two_sample_t_p_value,75.0,6.0,,6.480298590623212e-08,9.534621601787366e-09,-0.049999935197014095,0.0,significant
0.4,smallworldness,0.0353798665861407,100,two_sample_t_p_value,100.0,0.5,,0.6181735658308866,0.0248227148869223,0.5681735658308865,1.1044560724000032e-202,non-significant
0.4,smallworldness,0.0353798665861407,100,two_sample_t_p_value,100.0,1.0,,0.31972415578412333,0.0170365306236494,0.26972415578412334,2.708851294005475e-121,non-significant
0.4,smallworldness,0.0353798665861407,100,two_sample_t_p_value,100.0,2.0,,0.04821217873113365,0.0038853209484352,-0.0017878212688663547,0.315546654118676,significant
0.4,smallworldness,0.0353798665861407,100,two_sample_t_p_value,100.0,3.0,,0.0034079153433294465,0.0003627207395533,-0.04659208465667056,0.0,significant
0.4,smallworldness,0.0353798665861407,100,two_sample_t_p_value,100.0,4.0,,0.00012152364430076177,1.5648837410649616e-05,-0.04987847635569924,0.0,significant
0.4,smallworldness,0.0353798665861407,100,two_sample_t_p_value,100.0,5.0,,2.450173413503802e-06,3.594635651889641e-07,-0.049997549826586496,0.0,significant
0.4,smallworldness,0.0353798665861407,100,two_sample_t_p_value,100.0,6.0,,3.172491502802852e-08,5.080373728822695e-09,-0.049999968275084974,0.0,significant
0.4,smallworldness,0.0353798665861407,300,two_sample_t_p_value,300.0,0.5,,0.617441622554225,0.0248822275264766,0.5674416225542249,1.870919536091156e-201,non-significant
0.4,smallworldness,0.0353798665861407,300,two_sample_t_p_value,300.0,1.0,,0.31811640443062633,0.0170932871901842,0.26811640443062634,4.73042057863315e-119,non-significant
0.4,smallworldness,0.0353798665861407,300,two_sample_t_p_value,300.0,2.0,,0.0464015209831491,0.0038424554698993,-0.0035984790168509043,0.1735159065845373,significant
0.4,smallworldness,0.0353798665861407,300,two_sample_t_p_value,300.0,3.0,,0.0029262198640661076,0.0003298617987366,-0.0470737801359339,0.0,significant
0.4,smallworldness,0.0353798665861407,300,two_sample_t_p_value,300.0,4.0,,7.984004483719462e-05,1.1328626074680267e-05,-0.04992015995516281,0.0,significant
0.4,smallworldness,0.0353798665861407,300,two_sample_t_p_value,300.0,5.0,,9.769154730247779e-07,1.654387914954856e-07,-0.04999902308452698,0.0,significant
0.4,smallworldness,0.0353798665861407,300,two_sample_t_p_value,300.0,6.0,,5.676439092359154e-09,1.1041343702883663e-09,-0.04999999432356091,0.0,significant
0.4,smallworldness,0.0353798665861407,500,two_sample_t_p_value,500.0,0.5,,0.6172950500946657,0.0248941507838434,0.5672950500946656,3.290321528391454e-201,non-significant
0.4,smallworldness,0.0353798665861407,500,two_sample_t_p_value,500.0,1.0,,0.3177942072606085,0.0171046763781792,0.2677942072606085,1.3192146543143678e-118,non-significant
0.4,smallworldness,0.0353798665861407,500,two_sample_t_p_value,500.0,2.0,,0.046040682769031456,0.0038336795821904,-0.003959317230968547,0.15104776960684219,significant
0.4,smallworldness,0.0353798665861407,500,two_sample_t_p_value,500.0,3.0,,0.002834491812851143,0.0003233409545629,-0.04716550818714886,0.0,significant
0.4,smallworldness,0.0353798665861407,500,two_sample_t_p_value,500.0,4.0,,7.291606940371305e-05,1.0561240533474102e-05,-0.04992708393059629,0.0,significant
0.4,smallworldness,0.0353798665861407,500,two_sample_t_p_value,500.0,5.0,,7.94641504790956e-07,1.3885441345881662e-07,-0.04999920535849521,0.0,significant
0.4,smallworldness,0.0353798665861407,500,two_sample_t_p_value,500.0,6.0,,3.790442338479296e-09,7.703451868461731e-10,-0.04999999620955766,0.0,significant
0.4,smallworldness,0.0353798665861407,1000,two_sample_t_p_value,1000.0,0.5,,0.6171850808338747,0.0249030977473373,0.5671850808338746,5.0233632397055066e-201,non-significant
0.4,smallworldness,0.0353798665861407,1000,two_sample_t_p_value,1000.0,1.0,,0.31755241808467255,0.0171132265764893,0.26755241808467256,2.842626066049685e-118,non-significant
0.4,smallworldness,0.0353798665861407,1000,two_sample_t_p_value,1000.0,2.0,,0.04577034649325166,0.0038270524815052,-0.0042296535067483446,0.135548085008651,significant
0.4,smallworldness,0.0353798665861407,1000,two_sample_t_p_value,1000.0,3.0,,0.0027667090442381925,0.0003184629965219,-0.04723329095576181,0.0,significant
0.4,smallworldness,0.0353798665861407,1000,two_sample_t_p_value,1000.0,4.0,,6.800991920878163e-05,1.0006607166795986e-05,-0.04993199008079122,0.0,significant
0.4,smallworldness,0.0353798665861407,1000,two_sample_t_p_value,1000.0,5.0,,6.767256364648635e-07,1.2114152881681017e-07,-0.04999932327436354,0.0,significant
0.4,smallworldness,0.0353798665861407,1000,two_sample_t_p_value,1000.0,6.0,,2.7553691733774752e-09,5.794688520398261e-10,-0.04999999724463083,0.0,significant
0.5,smallworldness,0.0391182300346708,30,two_sample_t_p_value,30.0,0.5,,0.6207230048851272,0.0272167886094595,0.5707230048851272,1.1680955467243262e-169,non-significant
0.5,smallworldness,0.0391182300346708,30,two_sample_t_p_value,30.0,1.0,,0.3253086154260302,0.018619756623413,0.2753086154260302,3.7581199129344085e-106,non-significant
0.5,smallworldness,0.0391182300346708,30,two_sample_t_p_value,30.0,2.0,,0.054625044962983094,0.0044479207465813,0.004625044962983091,0.14849945652396923,non-significant
0.5,smallworldness,0.0391182300346708,30,two_sample_t_p_value,30.0,3.0,,0.005389964065651945,0.0005303698718422,-0.044610035934348057,0.0,significant
0.5,smallworldness,0.0391182300346708,30,two_sample_t_p_value,30.0,4.0,,0.0003818456360837564,4.105195682123149e-05,-0.04961815436391625,0.0,significant
0.5,smallworldness,0.0391182300346708,30,two_sample_t_p_value,30.0,5.0,,2.32966854670078e-05,2.573111272187944e-06,-0.049976703314532994,0.0,significant
0.5,smallworldness,0.0391182300346708,30,two_sample_t_p_value,30.0,6.0,,1.3942768767204764e-06,1.5245766136837848e-07,-0.049998605723123285,0.0,significant
0.5,smallworldness,0.0391182300346708,50,two_sample_t_p_value,50.0,0.5,,0.6192685675117714,0.0273472307546873,0.5692685675117714,1.2657884628382766e-167,non-significant
0.5,smallworldness,0.0391182300346708,50,two_sample_t_p_value,50.0,1.0,,0.32212564510024433,0.0187431918305243,0.27212564510024434,2.328862509953871e-102,non-significant
0.5,smallworldness,0.0391182300346708,50,two_sample_t_p_value,50.0,2.0,,0.05094706873769324,0.004363572188451,0.0009470687376932352,0.42418673468863105,non-significant
0.5,smallworldness,0.0391182300346708,50,two_sample_t_p_value,50.0,3.0,,0.004201703187068241,0.0004562015365357,-0.04579829681293176,0.0,significant
0.5,smallworldness,0.0391182300346708,50,two_sample_t_p_value,50.0,4.0,,0.00020919024636403336,2.6152468294024543e-05,-0.04979080975363597,0.0,significant
0.5,smallworldness,0.0391182300346708,50,two_sample_t_p_value,50.0,5.0,,7.4332122472325795e-06,1.0042014036364067e-06,-0.04999256678775277,0.0,significant
0.5,smallworldness,0.0391182300346708,50,two_sample_t_p_value,50.0,6.0,,2.1889394850799978e-07,3.063180113469644e-08,-0.049999781106051494,0.0,significant
0.5,smallworldness,0.0391182300346708,75,two_sample_t_p_value,75.0,0.5,,0.6185389578679419,0.0274127432906135,0.5685389578679418,1.2995149782441352e-166,non-significant
0.5,smallworldness,0.0391182300346708,75,two_sample_t_p_value,75.0,1.0,,0.3205260061237414,0.0188054250725306,0.2705260061237414,1.7077382826063564e-100,non-significant
0.5,smallworldness,0.0391182300346708,75,two_sample_t_p_value,75.0,2.0,,0.04912138289485513,0.0043188706006008,-0.0008786171051448702,0.4090442403826904,significant
0.5,smallworldness,0.0391182300346708,75,two_sample_t_p_value,75.0,3.0,,0.0036630774411349812,0.0004193597945714,-0.04633692255886502,0.0,significant
0.5,smallworldness,0.0391182300346708,75,two_sample_t_p_value,75.0,4.0,,0.00014717180322168836,2.0027500581024586e-05,-0.04985282819677832,0.0,significant
0.5,smallworldness,0.0391182300346708,75,two_sample_t_p_value,75.0,5.0,,3.657912410473166e-06,5.56159885740538e-07,-0.04999634208758953,0.0,significant
0.5,smallworldness,0.0391182300346708,75,two_sample_t_p_value,75.0,6.0,,6.480298590623212e-08,1.0542083877115734e-08,-0.049999935197014095,0.0,significant
0.5,smallworldness,0.0391182300346708,100,two_sample_t_p_value,100.0,0.5,,0.6181735658308866,0.0274455718669117,0.5681735658308865,4.1493036235927294e-166,non-significant
0.5,smallworldness,0.0391182300346708,100,two_sample_t_p_value,100.0,1.0,,0.31972415578412333,0.0188366714811099,0.26972415578412334,1.4366950678730642e-99,non-significant
0.5,smallworldness,0.0391182300346708,100,two_sample_t_p_value,100.0,2.0,,0.04821217873113365,0.0042958578786431,-0.0017878212688663547,0.33018684368172246,significant
0.5,smallworldness,0.0391182300346708,100,two_sample_t_p_value,100.0,3.0,,0.0034079153433294465,0.0004010471123074,-0.04659208465667056,0.0,significant
0.5,smallworldness,0.0391182300346708,100,two_sample_t_p_value,100.0,4.0,,0.00012152364430076177,1.7302349631944407e-05,-0.04987847635569924,0.0,significant
0.5,smallworldness,0.0391182300346708,100,two_sample_t_p_value,100.0,5.0,,2.450173413503802e-06,3.974457732311828e-07,-0.049997549826586496,0.0,significant
0.5,smallworldness,0.0391182300346708,100,two_sample_t_p_value,100.0,6.0,,3.172491502802852e-08,5.6171842169703e-09,-0.049999968275084974,0.0,significant
0.5,smallworldness,0.0391182300346708,300,two_sample_t_p_value,300.0,0.5,,0.617441622554225,0.0275113728251598,0.5674416225542249,4.2006412106301737e-165,non-significant
0.5,smallworldness,0.0391182300346708,300,two_sample_t_p_value,300.0,1.0,,0.31811640443062633,0.0188994251497899,0.26811640443062634,9.814583406095787e-98,non-significant
0.5,smallworldness,0.0391182300346708,300,two_sample_t_p_value,300.0,2.0,,0.0464015209831491,0.0042484630800835,-0.0035984790168509043,0.19608008794247456,significant
0.5,smallworldness,0.0391182300346708,300,two_sample_t_p_value,300.0,3.0,,0.0029262198640661076,0.0003647161780899,-0.0470737801359339,0.0,significant
0.5,smallworldness,0.0391182300346708,300,two_sample_t_p_value,300.0,4.0,,7.984004483719462e-05,1.252564928946649e-05,-0.04992015995516281,0.0,significant
0.5,smallworldness,0.0391182300346708,300,two_sample_t_p_value,300.0,5.0,,9.769154730247779e-07,1.829196468737811e-07,-0.04999902308452698,0.0,significant
0.5,smallworldness,0.0391182300346708,300,two_sample_t_p_value,300.0,6.0,,5.676439092359154e-09,1.2208011633103826e-09,-0.04999999432356091,0.0,significant
0.5,smallworldness,0.0391182300346708,500,two_sample_t_p_value,500.0,0.5,,0.6172950500946657,0.0275245559366139,0.5672950500946656,6.66644712098959e-165,non-significant
0.5,smallworldness,0.0391182300346708,500,two_sample_t_p_value,500.0,1.0,,0.3177942072606085,0.0189120177601892,0.2677942072606085,2.271506669003383e-97,non-significant
0.5,smallworldness,0.0391182300346708,500,two_sample_t_p_value,500.0,2.0,,0.046040682769031456,0.0042387599006406,-0.003959317230968547,0.1739771256974334,significant
0.5,smallworldness,0.0391182300346708,500,two_sample_t_p_value,500.0,3.0,,0.002834491812851143,0.0003575063181605,-0.04716550818714886,0.0,significant
0.5,smallworldness,0.0391182300346708,500,two_sample_t_p_value,500.0,4.0,,7.291606940371305e-05,1.167717904289008e-05,-0.04992708393059629,0.0,significant
0.5,smallworldness,0.0391182300346708,500,two_sample_t_p_value,500.0,5.0,,7.94641504790956e-07,1.535262682177282e-07,-0.04999920535849521,0.0,significant
0.5,smallworldness,0.0391182300346708,500,two_sample_t_p_value,500.0,6.0,,3.790442338479296e-09,8.51742618977388e-10,-0.04999999620955766,0.0,significant
0.5,smallworldness,0.0391182300346708,1000,two_sample_t_p_value,1000.0,0.5,,0.6171850808338747,0.0275344482683222,0.5671850808338746,9.423696218472322e-165,non-significant
0.5,smallworldness,0.0391182300346708,1000,two_sample_t_p_value,1000.0,1.0,,0.31755241808467255,0.018921471403083,0.26755241808467256,4.2570417207627614e-97,non-significant
0.5,smallworldness,0.0391182300346708,1000,two_sample_t_p_value,1000.0,2.0,,0.04577034649325166,0.004231432556756,-0.0042296535067483446,0.1585055282312251,significant
0.5,smallworldness,0.0391182300346708,1000,two_sample_t_p_value,1000.0,3.0,,0.0027667090442381925,0.0003521129375981,-0.04723329095576181,0.0,significant
0.5,smallworldness,0.0391182300346708,1000,two_sample_t_p_value,1000.0,4.0,,6.800991920878163e-05,1.1063941127766978e-05,-0.04993199008079122,0.0,significant
0.5,smallworldness,0.0391182300346708,1000,two_sample_t_p_value,1000.0,5.0,,6.767256364648635e-07,1.3394177672970708e-07,-0.04999932327436354,0.0,significant
0.5,smallworldness,0.0391182300346708,1000,two_sample_t_p_value,1000.0,6.0,,2.7553691733774752e-09,6.406976068389175e-10,-0.04999999724463083,0.0,significant
0.05,avg_shortestPathLength,0.0369821457609369,30,partial_correlation_p_value,30.0,0.05,,0.7858069815820645,0.0287020196691063,0.7358069815820645,1.6988976647349494e-165,non-significant
0.05,avg_shortestPathLength,0.0369821457609369,30,partial_correlation_p_value,30.0,0.1,,0.5860649647763356,0.0257267938308341,0.5360649647763356,7.456198476476264e-177,non-significant
0.05,avg_shortestPathLength,0.0369821457609369,30,partial_correlation_p_value,30.0,0.2,,0.27242589732757794,0.0164667625709321,0.22242589732757795,3.771369913758481e-87,non-significant
0.05,avg_shortestPathLength,0.0369821457609369,30,partial_correlation_p_value,30.0,0.3,,0.09527344416868826,0.007581856025033,0.045273444168688254,3.9217761877538056e-13,non-significant
0.05,avg_shortestPathLength,0.0369821457609369,30,partial_correlation_p_value,30.0,0.4,,0.023307657869861772,0.0023753356803618,-0.02669234213013823,0.0,significant
0.05,avg_shortestPathLength,0.0369821457609369,30,partial_correlation_p_value,30.0,0.5,,0.0035685233088176825,0.0004592653321032,-0.04643147669118232,0.0,significant
0.05,avg_shortestPathLength,0.0369821457609369,50,partial_correlation_p_value,50.0,0.05,,0.724830244916418,0.0278942030993631,0.674830244916418,1.2729258961192992e-179,non-significant
0.05,avg_shortestPathLength,0.0369821457609369,50,partial_correlation_p_value,50.0,0.1,,0.4805913120761051,0.0231851585189972,0.4305913120761051,3.788574073590722e-158,non-significant
0.05,avg_shortestPathLength,0.0369821457609369,50,partial_correlation_p_value,50.0,0.2,,0.15515112469544967,0.0109092027020659,0.10515112469544967,1.0353500294401838e-38,non-significant
0.05,avg_shortestPathLength,0.0369821457609369,50,partial_correlation_p_value,50.0,0.3,,0.030712033725595562,0.0029421303750948,-0.01928796627440444,1.0677322581642557e-08,significant
0.05,avg_shortestPathLength,0.0369821457609369,50,partial_correlation_p_value,50.0,0.4,,0.003302727162238229,0.0004139904381497,-0.046697272837761775,0.0,significant
0.05,avg_shortestPathLength,0.0369821457609369,50,partial_correlation_p_value,50.0,0.5,,0.0001605349566003264,2.5772037524159937e-05,-0.04983946504339968,0.0,significant
0.05,avg_shortestPathLength,0.0369821457609369,75,partial_correlation_p_value,75.0,0.05,,0.6658561263349685,0.0269883786787346,0.6158561263349684,2.870808312055477e-184,non-significant
0.05,avg_shortestPathLength,0.0369821457609369,75,partial_correlation_p_value,75.0,0.1,,0.3868655898413166,0.020412750814735,0.3368655898413166,1.9633629088435469e-131,non-significant
0.05,avg_shortestPathLength,0.0369821457609369,75,partial_correlation_p_value,75.0,0.2,,0.08116706380718447,0.0065378500628895,0.031167063807184467,2.198119828915714e-08,non-significant
0.05,avg_shortestPathLength,0.0369821457609369,75,partial_correlation_p_value,75.0,0.3,,0.008030434893107933,0.0009035056022825,-0.04196956510689207,0.0,significant
0.05,avg_shortestPathLength,0.0369821457609369,75,partial_correlation_p_value,75.0,0.4,,0.00031301084080057913,4.674475826323725e-05,-0.049686989159199425,0.0,significant
0.05,avg_shortestPathLength,0.0369821457609369,75,partial_correlation_p_value,75.0,0.5,,3.657912410473166e-06,7.057746891381159e-07,-0.04999634208758953,0.0,significant
0.05,avg_shortestPathLength,0.0369821457609369,100,partial_correlation_p_value,100.0,0.05,,0.6177343076882446,0.0261347059348477,0.5677343076882445,7.223136877023713e-183,non-significant
0.05,avg_shortestPathLength,0.0369821457609369,100,partial_correlation_p_value,100.0,0.1,,0.3173043978741975,0.0179875073597878,0.2673043978741975,4.8893008422962016e-107,non-significant
0.05,avg_shortestPathLength,0.0369821457609369,100,partial_correlation_p_value,100.0,0.2,,0.043860884260170395,0.0039215240925926,-0.006139115739829608,0.06315653663250209,significant
0.05,avg_shortestPathLength,0.0369821457609369,100,partial_correlation_p_value,100.0,0.3,,0.0021883947254214523,0.000277701209932,-0.04781160527457855,0.0,significant
0.05,avg_shortestPathLength,0.0369821457609369,100,partial_correlation_p_value,100.0,0.4,,3.109559952288662e-05,5.282670368287804e-06,-0.04996890440047712,0.0,significant
0.05,avg_shortestPathLength,0.0369821457609369,100,partial_correlation_p_value,100.0,0.5,,8.769694091866885e-08,1.9344672870528682e-08,-0.049999912303059085,0.0,significant
0.05,avg_shortestPathLength,0.0369821457609369,300,partial_correlation_p_value,300.0,0.05,,0.3865747744849377,0.0203130197563656,0.3365747744849377,1.7160209112671234e-132,non-significant
0.05,avg_shortestPathLength,0.0369821457609369,300,partial_correlation_p_value,300.0,0.1,,0.0827480032540806,0.006572897830063,0.0327480032540806,4.381453483566039e-09,non-significant
0.05,avg_shortestPathLength,0.0369821457609369,300,partial_correlation_p_value,300.0,0.2,,0.00047121211121644706,6.60457123457397e-05,-0.04952878788878356,0.0,significant
0.05,avg_shortestPathLength,0.0369821457609369,300,partial_correlation_p_value,300.0,0.3,,1.0680987893806553e-07,2.2232251221918983e-08,-0.04999989319012106,0.0,significant
0.05,avg_shortestPathLength,0.0369821457609369,300,partial_correlation_p_value,300.0,0.4,,4.961369134212258e-13,1.4126954797030396e-13,-0.049999999999503865,0.0,significant
0.05,avg_shortestPathLength,0.0369821457609369,300,partial_correlation_p_value,300.0,0.5,,1.6558627351112573e-20,6.1937570524085755e-21,-0.05,0.0,significant
0.05,avg_shortestPathLength,0.0369821457609369,500,partial_correlation_p_value,500.0,0.05,,0.2634924310858535,0.0158095455885734,0.21349243108585353,1.3351481962740768e-86,non-significant
0.05,avg_shortestPathLength,0.0369821457609369,500,partial_correlation_p_value,500.0,0.1,,0.025054006060311104,0.0024050870606441,-0.0249459939396889,1.1102230246251565e-16,significant
0.05,avg_shortestPathLength,0.0369821457609369,500,partial_correlation_p_value,500.0,0.2,,6.313699919191115e-06,1.113838930449881e-06,-0.04999368630008081,0.0,significant
0.05,avg_shortestPathLength,0.0369821457609369,500,partial_correlation_p_value,500.0,0.3,,6.716109043816408e-12,1.782284925418852e-12,-0.049999999993283896,0.0,significant
0.05,avg_shortestPathLength,0.0369821457609369,500,partial_correlation_p_value,500.0,0.4,,1.0365018011564428e-20,3.782958893475943e-21,-0.05,0.0,significant
0.05,avg_shortestPathLength,0.0369821457609369,500,partial_correlation_p_value,500.0,0.5,,4.1307211551450724e-33,1.9857975290464884e-33,-0.05,0.0,significant
0.05,avg_shortestPathLength,0.0369821457609369,1000,partial_correlation_p_value,1000.0,0.05,,0.11371053994288459,0.0084535003888399,0.06371053994288459,1.5628663484313902e-21,non-significant
0.05,avg_shortestPathLength,0.0369821457609369,1000,partial_correlation_p_value,1000.0,0.1,,0.0015273578790529936,0.0001949039098086,-0.04847264212094701,0.0,significant
0.05,avg_shortestPathLength,0.0369821457609369,1000,partial_correlation_p_value,1000.0,0.2,,1.6849007397872172e-10,4.1164396528453305e-11,-0.04999999983150993,0.0,significant
0.05,avg_shortestPathLength,0.0369821457609369,1000,partial_correlation_p_value,1000.0,0.3,,2.761398881915165e-22,1.0261629119742536e-22,-0.05,0.0,significant
0.05,avg_shortestPathLength,0.0369821457609369,1000,partial_correlation_p_value,1000.0,0.4,,8.653026414338422e-40,4.441649021390212e-40,-0.05,0.0,significant
0.05,avg_shortestPathLength,0.0369821457609369,1000,partial_correlation_p_value,1000.0,0.5,,1.706877942166305e-64,1.1564900853974767e-64,-0.05,0.0,significant
0.1,avg_shortestPathLength,0.0315639250336682,30,partial_correlation_p_value,30.0,0.05,,0.7858069815820645,0.0244969127266668,0.7358069815820645,1.297132495857505e-226,non-significant
0.1,avg_shortestPathLength,0.0315639250336682,30,partial_correlation_p_value,30.0,0.1,,0.5860649647763356,0.0219575845350438,0.5360649647763356,4.061580230115524e-242,non-significant
0.1,avg_shortestPathLength,0.0315639250336682,30,partial_correlation_p_value,30.0,0.2,,0.27242589732757794,0.0140542320798788,0.22242589732757795,6.570296334449052e-119,non-significant
0.1,avg_shortestPathLength,0.0315639250336682,30,partial_correlation_p_value,30.0,0.3,,0.09527344416868826,0.0064710451561463,0.045273444168688254,2.1835007131052713e-17,non-significant
0.1,avg_shortestPathLength,0.0315639250336682,30,partial_correlation_p_value,30.0,0.4,,0.023307657869861772,0.0020273273981828,-0.02669234213013823,0.0,significant
0.1,avg_shortestPathLength,0.0315639250336682,30,partial_correlation_p_value,30.0,0.5,,0.0035685233088176825,0.0003919787836751,-0.04643147669118232,0.0,significant
0.1,avg_shortestPathLength,0.0315639250336682,50,partial_correlation_p_value,50.0,0.05,,0.724830244916418,0.0238074486319343,0.674830244916418,5.658200741355565e-246,non-significant
0.1,avg_shortestPathLength,0.0315639250336682,50,partial_correlation_p_value,50.0,0.1,,0.4805913120761051,0.0197883219139852,0.4305913120761051,2.0986155540021517e-216,non-significant
0.1,avg_shortestPathLength,0.0315639250336682,50,partial_correlation_p_value,50.0,0.2,,0.15515112469544967,0.0093109052809156,0.10515112469544967,1.9516561439244116e-52,non-significant
0.1,avg_shortestPathLength,0.0315639250336682,50,partial_correlation_p_value,50.0,0.3,,0.030712033725595562,0.0025110815148228,-0.01928796627440444,2.8192004286609063e-11,significant
0.1,avg_shortestPathLength,0.0315639250336682,50,partial_correlation_p_value,50.0,0.4,,0.003302727162238229,0.0003533370734863,-0.046697272837761775,0.0,significant
0.1,avg_shortestPathLength,0.0315639250336682,50,partial_correlation_p_value,50.0,0.5,,0.0001605349566003264,2.1996199615780757e-05,-0.04983946504339968,0.0,significant
0.1,avg_shortestPathLength,0.0315639250336682,75,partial_correlation_p_value,75.0,0.05,,0.6658561263349685,0.0230343357279074,0.6158561263349684,2.5128153730399263e-252,non-significant
0.1,avg_shortestPathLength,0.0315639250336682,75,partial_correlation_p_value,75.0,0.1,,0.3868655898413166,0.0174220971549954,0.3368655898413166,1.039414079655888e-179,non-significant
0.1,avg_shortestPathLength,0.0315639250336682,75,partial_correlation_p_value,75.0,0.2,,0.08116706380718447,0.0055799955632747,0.031167063807184467,6.697078978029494e-11,non-significant
0.1,avg_shortestPathLength,0.0315639250336682,75,partial_correlation_p_value,75.0,0.3,,0.008030434893107933,0.0007711338136595,-0.04196956510689207,0.0,significant
0.1,avg_shortestPathLength,0.0315639250336682,75,partial_correlation_p_value,75.0,0.4,,0.00031301084080057913,3.9896226007962825e-05,-0.049686989159199425,0.0,significant
0.1,avg_shortestPathLength,0.0315639250336682,75,partial_correlation_p_value,75.0,0.5,,3.657912410473166e-06,6.02372277764004e-07,-0.04999634208758953,0.0,significant
0.1,avg_shortestPathLength,0.0315639250336682,100,partial_correlation_p_value,100.0,0.05,,0.6177343076882446,0.0223057338056308,0.5677343076882445,2.2007805607008547e-250,non-significant
0.1,avg_shortestPathLength,0.0315639250336682,100,partial_correlation_p_value,100.0,0.1,,0.3173043978741975,0.0153521739251431,0.2673043978741975,3.2883363465473536e-146,non-significant
0.1,avg_shortestPathLength,0.0315639250336682,100,partial_correlation_p_value,100.0,0.2,,0.043860884260170395,0.0033469851445737,-0.006139115739829608,0.03734112744590756,significant
0.1,avg_shortestPathLength,0.0315639250336682,100,partial_correlation_p_value,100.0,0.3,,0.0021883947254214523,0.0002370154568292,-0.04781160527457855,0.0,significant
0.1,avg_shortestPathLength,0.0315639250336682,100,partial_correlation_p_value,100.0,0.4,,3.109559952288662e-05,4.508711110493239e-06,-0.04996890440047712,0.0,significant
0.1,avg_shortestPathLength,0.0315639250336682,100,partial_correlation_p_value,100.0,0.5,,8.769694091866885e-08,1.6510502344381373e-08,-0.049999912303059085,0.0,significant
0.1,avg_shortestPathLength,0.0315639250336682,300,partial_correlation_p_value,300.0,0.05,,0.3865747744849377,0.0173369776037869,0.3365747744849377,3.668567440227272e-181,non-significant
0.1,avg_shortestPathLength,0.0315639250336682,300,partial_correlation_p_value,300.0,0.1,,0.0827480032540806,0.0056099085137782,0.0327480032540806,7.424875286464224e-12,non-significant
0.1,avg_shortestPathLength,0.0315639250336682,300,partial_correlation_p_value,300.0,0.2,,0.00047121211121644706,5.636941476441062e-05,-0.04952878788878356,0.0,significant
0.1,avg_shortestPathLength,0.0315639250336682,300,partial_correlation_p_value,300.0,0.3,,1.0680987893806553e-07,1.897502420315352e-08,-0.04999989319012106,0.0,significant
0.1,avg_shortestPathLength,0.0315639250336682,300,partial_correlation_p_value,300.0,0.4,,4.961369134212258e-13,1.2057227426713553e-13,-0.049999999999503865,0.0,significant
0.1,avg_shortestPathLength,0.0315639250336682,300,partial_correlation_p_value,300.0,0.5,,1.6558627351112573e-20,5.2863153085475605e-21,-0.05,0.0,significant
0.1,avg_shortestPathLength,0.0315639250336682,500,partial_correlation_p_value,500.0,0.05,,0.2634924310858535,0.0134933033631916,0.21349243108585353,3.750268115096152e-118,non-significant
0.1,avg_shortestPathLength,0.0315639250336682,500,partial_correlation_p_value,500.0,0.1,,0.025054006060311104,0.0020527199306483,-0.0249459939396889,0.0,significant
0.1,avg_shortestPathLength,0.0315639250336682,500,partial_correlation_p_value,500.0,0.2,,6.313699919191115e-06,9.506513961511828e-07,-0.04999368630008081,0.0,significant
0.1,avg_shortestPathLength,0.0315639250336682,500,partial_correlation_p_value,500.0,0.3,,6.716109043816408e-12,1.5211639729671649e-12,-0.049999999993283896,0.0,significant
0.1,avg_shortestPathLength,0.0315639250336682,500,partial_correlation_p_value,500.0,0.4,,1.0365018011564428e-20,3.228721007455628e-21,-0.05,0.0,significant
0.1,avg_shortestPathLength,0.0315639250336682,500,partial_correlation_p_value,500.0,0.5,,4.1307211551450724e-33,1.694860129102444e-33,-0.05,0.0,significant
0.1,avg_shortestPathLength,0.0315639250336682,1000,partial_correlation_p_value,1000.0,0.05,,0.11371053994288459,0.0072149856925627,0.06371053994288459,6.947657780755289e-29,non-significant
0.1,avg_shortestPathLength,0.0315639250336682,1000,partial_correlation_p_value,1000.0,0.1,,0.0015273578790529936,0.0001663487142616,-0.04847264212094701,0.0,significant
0.1,avg_shortestPathLength,0.0315639250336682,1000,partial_correlation_p_value,1000.0,0.2,,1.6849007397872172e-10,3.5133438023834544e-11,-0.04999999983150993,0.0,significant
0.1,avg_shortestPathLength,0.0315639250336682,1000,partial_correlation_p_value,1000.0,0.3,,2.761398881915165e-22,8.758207118446402e-23,-0.05,0.0,significant
0.1,avg_shortestPathLength,0.0315639250336682,1000,partial_correlation_p_value,1000.0,0.4,,8.653026414338422e-40,3.790907040475486e-40,-0.05,0.0,significant
0.1,avg_shortestPathLength,0.0315639250336682,1000,partial_correlation_p_value,1000.0,0.5,,1.706877942166305e-64,9.870537689628564e-65,-0.05,0.0,significant
0.2,avg_shortestPathLength,0.0314671525049664,30,partial_correlation_p_value,30.0,0.05,,0.7858069815820645,0.0244218071056954,0.7358069815820645,5.330577873197854e-228,non-significant
0.2,avg_shortestPathLength,0.0314671525049664,30,partial_correlation_p_value,30.0,0.1,,0.5860649647763356,0.0218902642959616,0.5360649647763356,1.3440611823385703e-243,non-significant
0.2,avg_shortestPathLength,0.0314671525049664,30,partial_correlation_p_value,30.0,0.2,,0.27242589732757794,0.014011142902095,0.22242589732757795,1.2513060354499e-119,non-significant
0.2,avg_shortestPathLength,0.0314671525049664,30,partial_correlation_p_value,30.0,0.3,,0.09527344416868826,0.0064512054371495,0.045273444168688254,1.7492872334532634e-17,non-significant
0.2,avg_shortestPathLength,0.0314671525049664,30,partial_correlation_p_value,30.0,0.4,,0.023307657869861772,0.0020211117707341,-0.02669234213013823,0.0,significant
0.2,avg_shortestPathLength,0.0314671525049664,30,partial_correlation_p_value,30.0,0.5,,0.0035685233088176825,0.0003907770073418,-0.04643147669118232,0.0,significant
0.2,avg_shortestPathLength,0.0314671525049664,50,partial_correlation_p_value,50.0,0.05,,0.724830244916418,0.0237344568540235,0.674830244916418,1.7689450640674244e-247,non-significant
0.2,avg_shortestPathLength,0.0314671525049664,50,partial_correlation_p_value,50.0,0.1,,0.4805913120761051,0.0197276524646585,0.4305913120761051,1.0014197931544979e-217,non-significant
0.2,avg_shortestPathLength,0.0314671525049664,50,partial_correlation_p_value,50.0,0.2,,0.15515112469544967,0.0092823587725971,0.10515112469544967,9.534207385966032e-53,non-significant
0.2,avg_shortestPathLength,0.0314671525049664,50,partial_correlation_p_value,50.0,0.3,,0.030712033725595562,0.0025033827350384,-0.01928796627440444,2.4651281016474513e-11,significant
0.2,avg_shortestPathLength,0.0314671525049664,50,partial_correlation_p_value,50.0,0.4,,0.003302727162238229,0.000352253769618,-0.046697272837761775,0.0,significant
0.2,avg_shortestPathLength,0.0314671525049664,50,partial_correlation_p_value,50.0,0.5,,0.0001605349566003264,2.192876098587721e-05,-0.04983946504339968,0.0,significant
0.2,avg_shortestPathLength,0.0314671525049664,75,partial_correlation_p_value,75.0,0.05,,0.6658561263349685,0.0229637142537727,0.6158561263349684,7.186253602857197e-254,non-significant
0.2,avg_shortestPathLength,0.0314671525049664,75,partial_correlation_p_value,75.0,0.1,,0.3868655898413166,0.0173686823659545,0.3368655898413166,8.353615216009995e-181,non-significant
0.2,avg_shortestPathLength,0.0314671525049664,75,partial_correlation_p_value,75.0,0.2,,0.08116706380718447,0.00556288773273,0.031167063807184467,5.875112510483435e-11,non-significant
0.2,avg_shortestPathLength,0.0314671525049664,75,partial_correlation_p_value,75.0,0.3,,0.008030434893107933,0.0007687695776199,-0.04196956510689207,0.0,significant
0.2,avg_shortestPathLength,0.0314671525049664,75,partial_correlation_p_value,75.0,0.4,,0.00031301084080057913,3.977390729530808e-05,-0.049686989159199425,0.0,significant
0.2,avg_shortestPathLength,0.0314671525049664,75,partial_correlation_p_value,75.0,0.5,,3.657912410473166e-06,6.005254514115492e-07,-0.04999634208758953,0.0,significant
0.2,avg_shortestPathLength,0.0314671525049664,100,partial_correlation_p_value,100.0,0.05,,0.6177343076882446,0.0222373461680789,0.5677343076882445,6.474510847151711e-252,non-significant
0.2,avg_shortestPathLength,0.0314671525049664,100,partial_correlation_p_value,100.0,0.1,,0.3173043978741975,0.0153051053590437,0.2673043978741975,4.251907868398268e-147,non-significant
0.2,avg_shortestPathLength,0.0314671525049664,100,partial_correlation_p_value,100.0,0.2,,0.043860884260170395,0.0033367235495527,-0.006139115739829608,0.03690841509477172,significant
0.2,avg_shortestPathLength,0.0314671525049664,100,partial_correlation_p_value,100.0,0.3,,0.0021883947254214523,0.0002362887859518,-0.04781160527457855,0.0,significant
0.2,avg_shortestPathLength,0.0314671525049664,100,partial_correlation_p_value,100.0,0.4,,3.109559952288662e-05,4.494887754402926e-06,-0.04996890440047712,0.0,significant
0.2,avg_shortestPathLength,0.0314671525049664,100,partial_correlation_p_value,100.0,0.5,,8.769694091866885e-08,1.6459882433825303e-08,-0.049999912303059085,0.0,significant
0.2,avg_shortestPathLength,0.0314671525049664,300,partial_correlation_p_value,300.0,0.05,,0.3865747744849377,0.0172838237846413,0.3365747744849377,2.8883428717680448e-182,non-significant
0.2,avg_shortestPathLength,0.0314671525049664,300,partial_correlation_p_value,300.0,0.1,,0.0827480032540806,0.0055927089724637,0.0327480032540806,6.427501096761332e-12,non-significant
0.2,avg_shortestPathLength,0.0314671525049664,300,partial_correlation_p_value,300.0,0.2,,0.00047121211121644706,5.619659054174585e-05,-0.04952878788878356,0.0,significant
0.2,avg_shortestPathLength,0.0314671525049664,300,partial_correlation_p_value,300.0,0.3,,1.0680987893806553e-07,1.8916848261081724e-08,-0.04999989319012106,0.0,significant
0.2,avg_shortestPathLength,0.0314671525049664,300,partial_correlation_p_value,300.0,0.4,,4.961369134212258e-13,1.2020260909210706e-13,-0.049999999999503865,0.0,significant
0.2,avg_shortestPathLength,0.0314671525049664,300,partial_correlation_p_value,300.0,0.5,,1.6558627351112573e-20,5.270107878724511e-21,-0.05,0.0,significant
0.2,avg_shortestPathLength,0.0314671525049664,500,partial_correlation_p_value,500.0,0.05,,0.2634924310858535,0.0134519339490391,0.21349243108585353,7.220159229049487e-119,non-significant
0.2,avg_shortestPathLength,0.0314671525049664,500,partial_correlation_p_value,500.0,0.1,,0.025054006060311104,0.0020464264516785,-0.0249459939396889,0.0,significant
0.2,avg_shortestPathLength,0.0314671525049664,500,partial_correlation_p_value,500.0,0.2,,6.313699919191115e-06,9.477367732257604e-07,-0.04999368630008081,0.0,significant
0.2,avg_shortestPathLength,0.0314671525049664,500,partial_correlation_p_value,500.0,0.3,,6.716109043816408e-12,1.5165002030438398e-12,-0.049999999993283896,0.0,significant
0.2,avg_shortestPathLength,0.0314671525049664,500,partial_correlation_p_value,500.0,0.4,,1.0365018011564428e-20,3.218822001041476e-21,-0.05,0.0,significant
0.2,avg_shortestPathLength,0.0314671525049664,500,partial_correlation_p_value,500.0,0.5,,4.1307211551450724e-33,1.689663820331778e-33,-0.05,0.0,significant
0.2,avg_shortestPathLength,0.0314671525049664,1000,partial_correlation_p_value,1000.0,0.05,,0.11371053994288459,0.0071928651099903,0.06371053994288459,4.7345475503221243e-29,non-significant
0.2,avg_shortestPathLength,0.0314671525049664,1000,partial_correlation_p_value,1000.0,0.1,,0.0015273578790529936,0.0001658387020972,-0.04847264212094701,0.0,significant
0.2,avg_shortestPathLength,0.0314671525049664,1000,partial_correlation_p_value,1000.0,0.2,,1.6849007397872172e-10,3.5025721647118786e-11,-0.04999999983150993,0.0,significant
0.2,avg_shortestPathLength,0.0314671525049664,1000,partial_correlation_p_value,1000.0,0.3,,2.761398881915165e-22,8.731355139522928e-23,-0.05,0.0,significant
0.2,avg_shortestPathLength,0.0314671525049664,1000,partial_correlation_p_value,1000.0,0.4,,8.653026414338422e-40,3.779284415596327e-40,-0.05,0.0,significant
0.2,avg_shortestPathLength,0.0314671525049664,1000,partial_correlation_p_value,1000.0,0.5,,1.706877942166305e-64,9.840275392057748e-65,-0.05,0.0,significant
0.3,avg_shortestPathLength,0.0247493378416399,30,partial_correlation_p_value,30.0,0.05,,0.7858069815820645,0.0192080791125547,0.7358069815820645,0.0,non-significant
0.3,avg_shortestPathLength,0.0247493378416399,30,partial_correlation_p_value,30.0,0.1,,0.5860649647763356,0.0172169867107624,0.5360649647763356,0.0,non-significant
0.3,avg_shortestPathLength,0.0247493378416399,30,partial_correlation_p_value,30.0,0.2,,0.27242589732757794,0.0110199519698109,0.22242589732757795,3.9743469752396875e-192,non-significant
0.3,avg_shortestPathLength,0.0247493378416399,30,partial_correlation_p_value,30.0,0.3,,0.09527344416868826,0.0050739596734925,0.045273444168688254,3.757723841321738e-27,non-significant
0.3,avg_shortestPathLength,0.0247493378416399,30,partial_correlation_p_value,30.0,0.4,,0.023307657869861772,0.0015896315378939,-0.02669234213013823,0.0,significant
0.3,avg_shortestPathLength,0.0247493378416399,30,partial_correlation_p_value,30.0,0.5,,0.0035685233088176825,0.0003073513618342,-0.04643147669118232,0.0,significant
0.3,avg_shortestPathLength,0.0247493378416399,50,partial_correlation_p_value,50.0,0.05,,0.724830244916418,0.0186674689130306,0.674830244916418,0.0,non-significant
0.3,avg_shortestPathLength,0.0247493378416399,50,partial_correlation_p_value,50.0,0.1,,0.4805913120761051,0.0155160634758176,0.4305913120761051,0.0,non-significant
0.3,avg_shortestPathLength,0.0247493378416399,50,partial_correlation_p_value,50.0,0.2,,0.15515112469544967,0.0073006997755535,0.10515112469544967,4.770885234524798e-84,non-significant
0.3,avg_shortestPathLength,0.0247493378416399,50,partial_correlation_p_value,50.0,0.3,,0.030712033725595562,0.0019689441250401,-0.01928796627440444,0.0,significant
0.3,avg_shortestPathLength,0.0247493378416399,50,partial_correlation_p_value,50.0,0.4,,0.003302727162238229,0.0002770523182513,-0.046697272837761775,0.0,significant
0.3,avg_shortestPathLength,0.0247493378416399,50,partial_correlation_p_value,50.0,0.5,,0.0001605349566003264,1.7247264874137905e-05,-0.04983946504339968,0.0,significant
0.3,avg_shortestPathLength,0.0247493378416399,75,partial_correlation_p_value,75.0,0.05,,0.6658561263349685,0.0180612695119395,0.6158561263349684,0.0,non-significant
0.3,avg_shortestPathLength,0.0247493378416399,75,partial_correlation_p_value,75.0,0.1,,0.3868655898413166,0.0136607018277646,0.3368655898413166,4.9134093132580745e-291,non-significant
0.3,avg_shortestPathLength,0.0247493378416399,75,partial_correlation_p_value,75.0,0.2,,0.08116706380718447,0.0043752858747139,0.031167063807184467,1.1757240827894952e-16,non-significant
0.3,avg_shortestPathLength,0.0247493378416399,75,partial_correlation_p_value,75.0,0.3,,0.008030434893107933,0.0006046475923072,-0.04196956510689207,0.0,significant
0.3,avg_shortestPathLength,0.0247493378416399,75,partial_correlation_p_value,75.0,0.4,,0.00031301084080057913,3.128271198921743e-05,-0.049686989159199425,0.0,significant
0.3,avg_shortestPathLength,0.0247493378416399,75,partial_correlation_p_value,75.0,0.5,,3.657912410473166e-06,4.723213286344229e-07,-0.04999634208758953,0.0,significant
0.3,avg_shortestPathLength,0.0247493378416399,100,partial_correlation_p_value,100.0,0.05,,0.6177343076882446,0.0174899712622049,0.5677343076882445,0.0,non-significant
0.3,avg_shortestPathLength,0.0247493378416399,100,partial_correlation_p_value,100.0,0.1,,0.3173043978741975,0.0120376708115894,0.2673043978741975,1.5678237046450938e-236,non-significant
0.3,avg_shortestPathLength,0.0247493378416399,100,partial_correlation_p_value,100.0,0.2,,0.043860884260170395,0.0026243778619309,-0.006139115739829608,0.01186229043629361,significant
0.3,avg_shortestPathLength,0.0247493378416399,100,partial_correlation_p_value,100.0,0.3,,0.0021883947254214523,0.0001858443019523,-0.04781160527457855,0.0,significant
0.3,avg_shortestPathLength,0.0247493378416399,100,partial_correlation_p_value,100.0,0.4,,3.109559952288662e-05,3.535289555558307e-06,-0.04996890440047712,0.0,significant
0.3,avg_shortestPathLength,0.0247493378416399,100,partial_correlation_p_value,100.0,0.5,,8.769694091866885e-08,1.2945918481951036e-08,-0.049999912303059085,0.0,significant
0.3,avg_shortestPathLength,0.0247493378416399,300,partial_correlation_p_value,300.0,0.05,,0.3865747744849377,0.0135939594144702,0.3365747744849377,2.1405198190567383e-293,non-significant
0.3,avg_shortestPathLength,0.0247493378416399,300,partial_correlation_p_value,300.0,0.1,,0.0827480032540806,0.0043987406800672,0.0327480032540806,3.370230000793676e-18,non-significant
0.3,avg_shortestPathLength,0.0247493378416399,300,partial_correlation_p_value,300.0,0.2,,0.00047121211121644706,4.419937281094824e-05,-0.04952878788878356,0.0,significant
0.3,avg_shortestPathLength,0.0247493378416399,300,partial_correlation_p_value,300.0,0.3,,1.0680987893806553e-07,1.487835508594742e-08,-0.04999989319012106,0.0,significant
0.3,avg_shortestPathLength,0.0247493378416399,300,partial_correlation_p_value,300.0,0.4,,4.961369134212258e-13,9.454096557982501e-14,-0.049999999999503865,0.0,significant
0.3,avg_shortestPathLength,0.0247493378416399,300,partial_correlation_p_value,300.0,0.5,,1.6558627351112573e-20,4.145010589434661e-21,-0.05,0.0,significant
0.3,avg_shortestPathLength,0.0247493378416399,500,partial_correlation_p_value,500.0,0.05,,0.2634924310858535,0.0105801266217415,0.21349243108585353,6.828699502654794e-191,non-significant
0.3,avg_shortestPathLength,0.0247493378416399,500,partial_correlation_p_value,500.0,0.1,,0.025054006060311104,0.001609541874266,-0.0249459939396889,0.0,significant
0.3,avg_shortestPathLength,0.0247493378416399,500,partial_correlation_p_value,500.0,0.2,,6.313699919191115e-06,7.454076940011656e-07,-0.04999368630008081,0.0,significant
0.3,avg_shortestPathLength,0.0247493378416399,500,partial_correlation_p_value,500.0,0.3,,6.716109043816408e-12,1.192747766297692e-12,-0.049999999993283896,0.0,significant
0.3,avg_shortestPathLength,0.0247493378416399,500,partial_correlation_p_value,500.0,0.4,,1.0365018011564428e-20,2.5316467113859664e-21,-0.05,0.0,significant
0.3,avg_shortestPathLength,0.0247493378416399,500,partial_correlation_p_value,500.0,0.5,,4.1307211551450724e-33,1.3289432757408552e-33,-0.05,0.0,significant
0.3,avg_shortestPathLength,0.0247493378416399,1000,partial_correlation_p_value,1000.0,0.05,,0.11371053994288459,0.0056572849617835,0.06371053994288459,8.544584163562479e-46,non-significant
0.3,avg_shortestPathLength,0.0247493378416399,1000,partial_correlation_p_value,1000.0,0.1,,0.0015273578790529936,0.0001304343653203,-0.04847264212094701,0.0,significant
0.3,avg_shortestPathLength,0.0247493378416399,1000,partial_correlation_p_value,1000.0,0.2,,1.6849007397872172e-10,2.754820024007471e-11,-0.04999999983150993,0.0,significant
0.3,avg_shortestPathLength,0.0247493378416399,1000,partial_correlation_p_value,1000.0,0.3,,2.761398881915165e-22,6.867328021793071e-23,-0.05,0.0,significant
0.3,avg_shortestPathLength,0.0247493378416399,1000,partial_correlation_p_value,1000.0,0.4,,8.653026414338422e-40,2.972457923750033e-40,-0.05,0.0,significant
0.3,avg_shortestPathLength,0.0247493378416399,1000,partial_correlation_p_value,1000.0,0.5,,1.706877942166305e-64,7.739508685902712e-65,-0.05,0.0,significant
0.4,avg_shortestPathLength,0.029665759311191,30,partial_correlation_p_value,30.0,0.05,,0.7858069815820645,0.023023737258322,0.7358069815820645,2.4914407481826854e-256,non-significant
0.4,avg_shortestPathLength,0.029665759311191,30,partial_correlation_p_value,30.0,0.1,,0.5860649647763356,0.020637117125862,0.5360649647763356,7.508177497319274e-274,non-significant
0.4,avg_shortestPathLength,0.029665759311191,30,partial_correlation_p_value,30.0,0.2,,0.27242589732757794,0.0132090500703122,0.22242589732757795,2.3922509833107855e-134,non-significant
0.4,avg_shortestPathLength,0.029665759311191,30,partial_correlation_p_value,30.0,0.3,,0.09527344416868826,0.0060818946911488,0.045273444168688254,1.8896709174421187e-19,non-significant
0.4,avg_shortestPathLength,0.029665759311191,30,partial_correlation_p_value,30.0,0.4,,0.023307657869861772,0.0019054096274567,-0.02669234213013823,0.0,significant
0.4,avg_shortestPathLength,0.029665759311191,30,partial_correlation_p_value,30.0,0.5,,0.0035685233088176825,0.0003684062815127,-0.04643147669118232,0.0,significant
0.4,avg_shortestPathLength,0.029665759311191,50,partial_correlation_p_value,50.0,0.05,,0.724830244916418,0.0223757355961008,0.674830244916418,3.092042871250284e-278,non-significant
0.4,avg_shortestPathLength,0.029665759311191,50,partial_correlation_p_value,50.0,0.1,,0.4805913120761051,0.0185983078608404,0.4305913120761051,9.922273104305592e-245,non-significant
0.4,avg_shortestPathLength,0.029665759311191,50,partial_correlation_p_value,50.0,0.2,,0.15515112469544967,0.0087509736111181,0.10515112469544967,4.189269259261997e-59,non-significant
0.4,avg_shortestPathLength,0.029665759311191,50,partial_correlation_p_value,50.0,0.3,,0.030712033725595562,0.0023600721313986,-0.01928796627440444,1.5925039065223245e-12,significant
0.4,avg_shortestPathLength,0.029665759311191,50,partial_correlation_p_value,50.0,0.4,,0.003302727162238229,0.0003320883751493,-0.046697272837761775,0.0,significant
0.4,avg_shortestPathLength,0.029665759311191,50,partial_correlation_p_value,50.0,0.5,,0.0001605349566003264,2.0673410004193943e-05,-0.04983946504339968,0.0,significant
0.4,avg_shortestPathLength,0.029665759311191,75,partial_correlation_p_value,75.0,0.05,,0.6658561263349685,0.0216491155288318,0.6158561263349684,2.0332367936711142e-285,non-significant
0.4,avg_shortestPathLength,0.029665759311191,75,partial_correlation_p_value,75.0,0.1,,0.3868655898413166,0.0163743812071846,0.3368655898413166,3.509011922321005e-203,non-significant
0.4,avg_shortestPathLength,0.029665759311191,75,partial_correlation_p_value,75.0,0.2,,0.08116706380718447,0.0052444303159715,0.031167063807184467,4.057324035037287e-12,non-significant
0.4,avg_shortestPathLength,0.029665759311191,75,partial_correlation_p_value,75.0,0.3,,0.008030434893107933,0.0007247599938329,-0.04196956510689207,0.0,significant
0.4,avg_shortestPathLength,0.029665759311191,75,partial_correlation_p_value,75.0,0.4,,0.00031301084080057913,3.749697912774308e-05,-0.049686989159199425,0.0,significant
0.4,avg_shortestPathLength,0.029665759311191,75,partial_correlation_p_value,75.0,0.5,,3.657912410473166e-06,5.661473023022223e-07,-0.04999634208758953,0.0,significant
0.4,avg_shortestPathLength,0.029665759311191,100,partial_correlation_p_value,100.0,0.05,,0.6177343076882446,0.020964329677995,0.5677343076882445,3.2662183044215704e-283,non-significant
0.4,avg_shortestPathLength,0.029665759311191,100,partial_correlation_p_value,100.0,0.1,,0.3173043978741975,0.0144289373416342,0.2673043978741975,2.970816034115352e-165,non-significant
0.4,avg_shortestPathLength,0.029665759311191,100,partial_correlation_p_value,100.0,0.2,,0.043860884260170395,0.0031457068666569,-0.006139115739829608,0.029144342851618932,significant
0.4,avg_shortestPathLength,0.029665759311191,100,partial_correlation_p_value,100.0,0.3,,0.0021883947254214523,0.0002227620135274,-0.04781160527457855,0.0,significant
0.4,avg_shortestPathLength,0.029665759311191,100,partial_correlation_p_value,100.0,0.4,,3.109559952288662e-05,4.237569898702831e-06,-0.04996890440047712,0.0,significant
0.4,avg_shortestPathLength,0.029665759311191,100,partial_correlation_p_value,100.0,0.5,,8.769694091866885e-08,1.5517607145905416e-08,-0.049999912303059085,0.0,significant
0.4,avg_shortestPathLength,0.029665759311191,300,partial_correlation_p_value,300.0,0.05,,0.3865747744849377,0.016294380506507,0.3365747744849377,7.96837163364124e-205,non-significant
0.4,avg_shortestPathLength,0.029665759311191,300,partial_correlation_p_value,300.0,0.1,,0.0827480032540806,0.0052725443857197,0.0327480032540806,3.382102888184859e-13,non-significant
0.4,avg_shortestPathLength,0.029665759311191,300,partial_correlation_p_value,300.0,0.2,,0.00047121211121644706,5.297951662000137e-05,-0.04952878788878356,0.0,significant
0.4,avg_shortestPathLength,0.029665759311191,300,partial_correlation_p_value,300.0,0.3,,1.0680987893806553e-07,1.7833919588084818e-08,-0.04999989319012106,0.0,significant
0.4,avg_shortestPathLength,0.029665759311191,300,partial_correlation_p_value,300.0,0.4,,4.961369134212258e-13,1.1332139663227637e-13,-0.049999999999503865,0.0,significant
0.4,avg_shortestPathLength,0.029665759311191,300,partial_correlation_p_value,300.0,0.5,,1.6558627351112573e-20,4.968411166201886e-21,-0.05,0.0,significant
0.4,avg_shortestPathLength,0.029665759311191,500,partial_correlation_p_value,500.0,0.05,,0.2634924310858535,0.0126818540298252,0.21349243108585353,1.7225447905249532e-133,non-significant
0.4,avg_shortestPathLength,0.029665759311191,500,partial_correlation_p_value,500.0,0.1,,0.025054006060311104,0.0019292751244005,-0.0249459939396889,0.0,significant
0.4,avg_shortestPathLength,0.029665759311191,500,partial_correlation_p_value,500.0,0.2,,6.313699919191115e-06,8.934818935536931e-07,-0.04999368630008081,0.0,significant
0.4,avg_shortestPathLength,0.029665759311191,500,partial_correlation_p_value,500.0,0.3,,6.716109043816408e-12,1.429685447762407e-12,-0.049999999993283896,0.0,significant
0.4,avg_shortestPathLength,0.029665759311191,500,partial_correlation_p_value,500.0,0.4,,1.0365018011564428e-20,3.034554802293973e-21,-0.05,0.0,significant
0.4,avg_shortestPathLength,0.029665759311191,500,partial_correlation_p_value,500.0,0.5,,4.1307211551450724e-33,1.5929360053433127e-33,-0.05,0.0,significant
0.4,avg_shortestPathLength,0.029665759311191,1000,partial_correlation_p_value,1000.0,0.05,,0.11371053994288459,0.0067810967349892,0.06371053994288459,1.8735678635180847e-32,non-significant
0.4,avg_shortestPathLength,0.029665759311191,1000,partial_correlation_p_value,1000.0,0.1,,0.0015273578790529936,0.0001563449702072,-0.04847264212094701,0.0,significant
0.4,avg_shortestPathLength,0.029665759311191,1000,partial_correlation_p_value,1000.0,0.2,,1.6849007397872172e-10,3.302061182435255e-11,-0.04999999983150993,0.0,significant
0.4,avg_shortestPathLength,0.029665759311191,1000,partial_correlation_p_value,1000.0,0.3,,2.761398881915165e-22,8.231513162455254e-23,-0.05,0.0,significant
0.4,avg_shortestPathLength,0.029665759311191,1000,partial_correlation_p_value,1000.0,0.4,,8.653026414338422e-40,3.562932547643795e-40,-0.05,0.0,significant
0.4,avg_shortestPathLength,0.029665759311191,1000,partial_correlation_p_value,1000.0,0.5,,1.706877942166305e-64,9.276951299948344e-65,-0.05,0.0,significant
0.5,avg_shortestPathLength,0.0334959924714658,30,partial_correlation_p_value,30.0,0.05,,0.7858069815820645,0.0259963994779272,0.7358069815820645,2.1152716928738183e-201,non-significant
0.5,avg_shortestPathLength,0.0334959924714658,30,partial_correlation_p_value,30.0,0.1,,0.5860649647763356,0.0233016358229491,0.5360649647763356,3.40285801751257e-215,non-significant
0.5,avg_shortestPathLength,0.0334959924714658,30,partial_correlation_p_value,30.0,0.2,,0.27242589732757794,0.0149145092518662,0.22242589732757795,8.273851522998652e-106,non-significant
0.5,avg_shortestPathLength,0.0334959924714658,30,partial_correlation_p_value,30.0,0.3,,0.09527344416868826,0.0068671459459363,0.045273444168688254,1.2356354813975203e-15,non-significant
0.5,avg_shortestPathLength,0.0334959924714658,30,partial_correlation_p_value,30.0,0.4,,0.023307657869861772,0.0021514226508361,-0.02669234213013823,0.0,significant
0.5,avg_shortestPathLength,0.0334959924714658,30,partial_correlation_p_value,30.0,0.5,,0.0035685233088176825,0.0004159722966314,-0.04643147669118232,0.0,significant
0.5,avg_shortestPathLength,0.0334959924714658,50,partial_correlation_p_value,50.0,0.05,,0.724830244916418,0.0252647324212519,0.674830244916418,1.3329844333641223e-218,non-significant
0.5,avg_shortestPathLength,0.0334959924714658,50,partial_correlation_p_value,50.0,0.1,,0.4805913120761051,0.0209995899162341,0.4305913120761051,2.259995510402981e-192,non-significant
0.5,avg_shortestPathLength,0.0334959924714658,50,partial_correlation_p_value,50.0,0.2,,0.15515112469544967,0.0098808374706064,0.10515112469544967,8.916862891350692e-47,non-significant
0.5,avg_shortestPathLength,0.0334959924714658,50,partial_correlation_p_value,50.0,0.3,,0.030712033725595562,0.0026647879636649,-0.01928796627440444,3.247573321374375e-10,significant
0.5,avg_shortestPathLength,0.0334959924714658,50,partial_correlation_p_value,50.0,0.4,,0.003302727162238229,0.0003749652788986,-0.046697272837761775,0.0,significant
0.5,avg_shortestPathLength,0.0334959924714658,50,partial_correlation_p_value,50.0,0.5,,0.0001605349566003264,2.334261458120773e-05,-0.04983946504339968,0.0,significant
0.5,avg_shortestPathLength,0.0334959924714658,75,partial_correlation_p_value,75.0,0.05,,0.6658561263349685,0.0244442963067555,0.6158561263349684,2.9924795322535333e-224,non-significant
0.5,avg_shortestPathLength,0.0334959924714658,75,partial_correlation_p_value,75.0,0.1,,0.3868655898413166,0.0184885255721016,0.3368655898413166,8.538971144300208e-160,non-significant
0.5,avg_shortestPathLength,0.0334959924714658,75,partial_correlation_p_value,75.0,0.2,,0.08116706380718447,0.0059215540899586,0.031167063807184467,7.271026629748413e-10,non-significant
0.5,avg_shortestPathLength,0.0334959924714658,75,partial_correlation_p_value,75.0,0.3,,0.008030434893107933,0.0008183358815255,-0.04196956510689207,0.0,significant
0.5,avg_shortestPathLength,0.0334959924714658,75,partial_correlation_p_value,75.0,0.4,,0.00031301084080057913,4.233832403850807e-05,-0.049686989159199425,0.0,significant
0.5,avg_shortestPathLength,0.0334959924714658,75,partial_correlation_p_value,75.0,0.5,,3.657912410473166e-06,6.392442403623942e-07,-0.04999634208758953,0.0,significant
0.5,avg_shortestPathLength,0.0334959924714658,100,partial_correlation_p_value,100.0,0.05,,0.6177343076882446,0.0236710957470266,0.5677343076882445,1.5666142258703437e-222,non-significant
0.5,avg_shortestPathLength,0.0334959924714658,100,partial_correlation_p_value,100.0,0.1,,0.3173043978741975,0.0162918997453171,0.2673043978741975,4.738116489156749e-130,non-significant
0.5,avg_shortestPathLength,0.0334959924714658,100,partial_correlation_p_value,100.0,0.2,,0.043860884260170395,0.0035518583029571,-0.006139115739829608,0.04624420867194423,significant
0.5,avg_shortestPathLength,0.0334959924714658,100,partial_correlation_p_value,100.0,0.3,,0.0021883947254214523,0.0002515234701991,-0.04781160527457855,0.0,significant
0.5,avg_shortestPathLength,0.0334959924714658,100,partial_correlation_p_value,100.0,0.4,,3.109559952288662e-05,4.7846949722508735e-06,-0.04996890440047712,0.0,significant
0.5,avg_shortestPathLength,0.0334959924714658,100,partial_correlation_p_value,100.0,0.5,,8.769694091866885e-08,1.7521130899836187e-08,-0.049999912303059085,0.0,significant
0.5,avg_shortestPathLength,0.0334959924714658,300,partial_correlation_p_value,300.0,0.05,,0.3865747744849377,0.0183981957464093,0.3365747744849377,4.3811522568647675e-161,non-significant
0.5,avg_shortestPathLength,0.0334959924714658,300,partial_correlation_p_value,300.0,0.1,,0.0827480032540806,0.0059532980496782,0.0327480032540806,1.0268070732281069e-10,non-significant
0.5,avg_shortestPathLength,0.0334959924714658,300,partial_correlation_p_value,300.0,0.2,,0.00047121211121644706,5.981985733889572e-05,-0.04952878788878356,0.0,significant
0.5,avg_shortestPathLength,0.0334959924714658,300,partial_correlation_p_value,300.0,0.3,,1.0680987893806553e-07,2.0136509232509944e-08,-0.04999989319012106,0.0,significant
0.5,avg_shortestPathLength,0.0334959924714658,300,partial_correlation_p_value,300.0,0.4,,4.961369134212258e-13,1.2795265439299913e-13,-0.049999999999503865,0.0,significant
0.5,avg_shortestPathLength,0.0334959924714658,300,partial_correlation_p_value,300.0,0.5,,1.6558627351112573e-20,5.6098972985149456e-21,-0.05,0.0,significant
0.5,avg_shortestPathLength,0.0334959924714658,500,partial_correlation_p_value,500.0,0.05,,0.2634924310858535,0.0143192453849313,0.21349243108585353,3.877927093333942e-105,non-significant
0.5,avg_shortestPathLength,0.0334959924714658,500,partial_correlation_p_value,500.0,0.1,,0.025054006060311104,0.0021783694920604,-0.0249459939396889,0.0,significant
0.5,avg_shortestPathLength,0.0334959924714658,500,partial_correlation_p_value,500.0,0.2,,6.313699919191115e-06,1.0088419603868206e-06,-0.04999368630008081,0.0,significant
0.5,avg_shortestPathLength,0.0334959924714658,500,partial_correlation_p_value,500.0,0.3,,6.716109043816408e-12,1.6142763275487246e-12,-0.049999999993283896,0.0,significant
0.5,avg_shortestPathLength,0.0334959924714658,500,partial_correlation_p_value,500.0,0.4,,1.0365018011564428e-20,3.42635506968281e-21,-0.05,0.0,significant
0.5,avg_shortestPathLength,0.0334959924714658,500,partial_correlation_p_value,500.0,0.5,,4.1307211551450724e-33,1.7986046432453264e-33,-0.05,0.0,significant
0.5,avg_shortestPathLength,0.0334959924714658,1000,partial_correlation_p_value,1000.0,0.05,,0.11371053994288459,0.0076566240156137,0.06371053994288459,7.456843007554438e-26,non-significant
0.5,avg_shortestPathLength,0.0334959924714658,1000,partial_correlation_p_value,1000.0,0.1,,0.0015273578790529936,0.000176531127691,-0.04847264212094701,0.0,significant
0.5,avg_shortestPathLength,0.0334959924714658,1000,partial_correlation_p_value,1000.0,0.2,,1.6849007397872172e-10,3.728399982853168e-11,-0.04999999983150993,0.0,significant
0.5,avg_shortestPathLength,0.0334959924714658,1000,partial_correlation_p_value,1000.0,0.3,,2.761398881915165e-22,9.294307960435726e-23,-0.05,0.0,significant
0.5,avg_shortestPathLength,0.0334959924714658,1000,partial_correlation_p_value,1000.0,0.4,,8.653026414338422e-40,4.022953214859939e-40,-0.05,0.0,significant
0.5,avg_shortestPathLength,0.0334959924714658,1000,partial_correlation_p_value,1000.0,0.5,,1.706877942166305e-64,1.0474725680930132e-64,-0.05,0.0,significant
0.05,betweeness,0.0632657872240871,30,partial_correlation_p_value,30.0,0.05,,0.7858069815820645,0.0491008791384213,0.7358069815820645,1.8561673674499348e-57,non-significant
0.05,betweeness,0.0632657872240871,30,partial_correlation_p_value,30.0,0.1,,0.5860649647763356,0.0440111256653668,0.5360649647763356,1.712587450862432e-61,non-significant
0.05,betweeness,0.0632657872240871,30,partial_correlation_p_value,30.0,0.2,,0.27242589732757794,0.0281698824026203,0.22242589732757795,5.896015094696669e-31,non-significant
0.05,betweeness,0.0632657872240871,30,partial_correlation_p_value,30.0,0.3,,0.09527344416868826,0.0129703693545566,0.045273444168688254,1.6210043733883213e-05,non-significant
0.05,betweeness,0.0632657872240871,30,partial_correlation_p_value,30.0,0.4,,0.023307657869861772,0.0040635143972173,-0.02669234213013823,1.637491184869333e-07,significant
0.05,betweeness,0.0632657872240871,30,partial_correlation_p_value,30.0,0.5,,0.0035685233088176825,0.0007856705494611,-0.04643147669118232,0.0,significant
0.05,betweeness,0.0632657872240871,50,partial_correlation_p_value,50.0,0.05,,0.724830244916418,0.0477189379296057,0.674830244916418,2.4422387314580454e-62,non-significant
0.05,betweeness,0.0632657872240871,50,partial_correlation_p_value,50.0,0.1,,0.4805913120761051,0.0396631205528634,0.4305913120761051,3.6755990984363676e-55,non-significant
0.05,betweeness,0.0632657872240871,50,partial_correlation_p_value,50.0,0.2,,0.15515112469544967,0.018662500045153,0.10515112469544967,2.295438946445413e-14,non-significant
0.05,betweeness,0.0632657872240871,50,partial_correlation_p_value,50.0,0.3,,0.030712033725595562,0.005033136678967,-0.01928796627440444,0.0004734125053661442,significant
0.05,betweeness,0.0632657872240871,50,partial_correlation_p_value,50.0,0.4,,0.003302727162238229,0.0007082182613766,-0.046697272837761775,0.0,significant
0.05,betweeness,0.0632657872240871,50,partial_correlation_p_value,50.0,0.5,,0.0001605349566003264,4.4088524578174304e-05,-0.04983946504339968,0.0,significant
0.05,betweeness,0.0632657872240871,75,partial_correlation_p_value,75.0,0.05,,0.6658561263349685,0.0461693335494727,0.6158561263349684,5.664232274500424e-64,non-significant
0.05,betweeness,0.0632657872240871,75,partial_correlation_p_value,75.0,0.1,,0.3868655898413166,0.0349203304224557,0.3368655898413166,4.522754312077728e-46,non-significant
0.05,betweeness,0.0632657872240871,75,partial_correlation_p_value,75.0,0.2,,0.08116706380718447,0.0111843762029258,0.031167063807184467,0.000765452872586112,non-significant
0.05,betweeness,0.0632657872240871,75,partial_correlation_p_value,75.0,0.3,,0.008030434893107933,0.0015456375505976,-0.04196956510689207,0.0,significant
0.05,betweeness,0.0632657872240871,75,partial_correlation_p_value,75.0,0.4,,0.00031301084080057913,7.996680206823225e-05,-0.049686989159199425,0.0,significant
0.05,betweeness,0.0632657872240871,75,partial_correlation_p_value,75.0,0.5,,3.657912410473166e-06,1.2073769759006828e-06,-0.04999634208758953,0.0,significant
0.05,betweeness,0.0632657872240871,100,partial_correlation_p_value,100.0,0.05,,0.6177343076882446,0.0447089456497853,0.5677343076882445,1.5749442470926077e-63,non-significant
0.05,betweeness,0.0632657872240871,100,partial_correlation_p_value,100.0,0.1,,0.3173043978741975,0.0307714382143307,0.2673043978741975,9.435885053615216e-38,non-significant
0.05,betweeness,0.0632657872240871,100,partial_correlation_p_value,100.0,0.2,,0.043860884260170395,0.0067085969115981,-0.006139115739829608,0.17750049956808012,significant
0.05,betweeness,0.0632657872240871,100,partial_correlation_p_value,100.0,0.3,,0.0021883947254214523,0.0004750666922629,-0.04781160527457855,0.0,significant
0.05,betweeness,0.0632657872240871,100,partial_correlation_p_value,100.0,0.4,,3.109559952288662e-05,9.037125689123865e-06,-0.04996890440047712,0.0,significant
0.05,betweeness,0.0632657872240871,100,partial_correlation_p_value,100.0,0.5,,8.769694091866885e-08,3.3093157050912905e-08,-0.049999912303059085,0.0,significant
0.05,betweeness,0.0632657872240871,300,partial_correlation_p_value,300.0,0.05,,0.3865747744849377,0.0347497193400373,0.3365747744849377,1.960477256490846e-46,non-significant
0.05,betweeness,0.0632657872240871,300,partial_correlation_p_value,300.0,0.1,,0.0827480032540806,0.0112443328261841,0.0327480032540806,0.00043092710443275064,non-significant
0.05,betweeness,0.0632657872240871,300,partial_correlation_p_value,300.0,0.2,,0.00047121211121644706,0.0001129851688795,-0.04952878788878356,0.0,significant
0.05,betweeness,0.0632657872240871,300,partial_correlation_p_value,300.0,0.3,,1.0680987893806553e-07,3.803297094794489e-08,-0.04999989319012106,0.0,significant
0.05,betweeness,0.0632657872240871,300,partial_correlation_p_value,300.0,0.4,,4.961369134212258e-13,2.4167146008527855e-13,-0.049999999999503865,0.0,significant
0.05,betweeness,0.0632657872240871,300,partial_correlation_p_value,300.0,0.5,,1.6558627351112573e-20,1.0595732284665647e-20,-0.05,0.0,significant
0.05,betweeness,0.0632657872240871,500,partial_correlation_p_value,500.0,0.05,,0.2634924310858535,0.0270455736609171,0.21349243108585353,8.978952310466047e-31,non-significant
0.05,betweeness,0.0632657872240871,500,partial_correlation_p_value,500.0,0.1,,0.025054006060311104,0.0041144104297712,-0.0249459939396889,6.495058104682983e-07,significant
0.05,betweeness,0.0632657872240871,500,partial_correlation_p_value,500.0,0.2,,6.313699919191115e-06,1.905457223365876e-06,-0.04999368630008081,0.0,significant
0.05,betweeness,0.0632657872240871,500,partial_correlation_p_value,500.0,0.3,,6.716109043816408e-12,3.04897556764674e-12,-0.049999999993283896,0.0,significant
0.05,betweeness,0.0632657872240871,500,partial_correlation_p_value,500.0,0.4,,1.0365018011564428e-20,6.47155181257535e-21,-0.05,0.0,significant
0.05,betweeness,0.0632657872240871,500,partial_correlation_p_value,500.0,0.5,,4.1307211551450724e-33,3.397126947551956e-33,-0.05,0.0,significant
0.05,betweeness,0.0632657872240871,1000,partial_correlation_p_value,1000.0,0.05,,0.11371053994288459,0.0144615015136303,0.06371053994288459,1.922805760461373e-08,non-significant
0.05,betweeness,0.0632657872240871,1000,partial_correlation_p_value,1000.0,0.1,,0.0015273578790529936,0.0003334243871842,-0.04847264212094701,0.0,significant
0.05,betweeness,0.0632657872240871,1000,partial_correlation_p_value,1000.0,0.2,,1.6849007397872172e-10,7.042041229332659e-11,-0.04999999983150993,0.0,significant
0.05,betweeness,0.0632657872240871,1000,partial_correlation_p_value,1000.0,0.3,,2.761398881915165e-22,1.7554688380139046e-22,-0.05,0.0,significant
0.05,betweeness,0.0632657872240871,1000,partial_correlation_p_value,1000.0,0.4,,8.653026414338422e-40,7.598380681527789e-40,-0.05,0.0,significant
0.05,betweeness,0.0632657872240871,1000,partial_correlation_p_value,1000.0,0.5,,1.706877942166305e-64,1.978421050592644e-64,-0.05,0.0,significant
0.1,betweeness,0.0687082826684218,30,partial_correlation_p_value,30.0,0.05,,0.7858069815820645,0.0533248258045263,0.7358069815820645,6.582896997927001e-49,non-significant
0.1,betweeness,0.0687082826684218,30,partial_correlation_p_value,30.0,0.1,,0.5860649647763356,0.0477972217758188,0.5360649647763356,2.3003933578565094e-52,non-significant
0.1,betweeness,0.0687082826684218,30,partial_correlation_p_value,30.0,0.2,,0.27242589732757794,0.0305932215148116,0.22242589732757795,1.6817642376682995e-26,non-significant
0.1,betweeness,0.0687082826684218,30,partial_correlation_p_value,30.0,0.3,,0.09527344416868826,0.0140861568792337,0.045273444168688254,6.711429403630756e-05,non-significant
0.1,betweeness,0.0687082826684218,30,partial_correlation_p_value,30.0,0.4,,0.023307657869861772,0.0044130818263952,-0.02669234213013823,1.234709981257076e-06,significant
0.1,betweeness,0.0687082826684218,30,partial_correlation_p_value,30.0,0.5,,0.0035685233088176825,0.0008532585551401,-0.04643147669118232,0.0,significant
0.1,betweeness,0.0687082826684218,50,partial_correlation_p_value,50.0,0.05,,0.724830244916418,0.0518240018778417,0.674830244916418,4.652861369671601e-53,non-significant
0.1,betweeness,0.0687082826684218,50,partial_correlation_p_value,50.0,0.1,,0.4805913120761051,0.0430751756680944,0.4305913120761051,5.202108023817512e-47,non-significant
0.1,betweeness,0.0687082826684218,50,partial_correlation_p_value,50.0,0.2,,0.15515112469544967,0.0202679581597557,0.10515112469544967,1.997264918686832e-12,non-significant
0.1,betweeness,0.0687082826684218,50,partial_correlation_p_value,50.0,0.3,,0.030712033725595562,0.0054661167247059,-0.01928796627440444,0.0011364385551384526,significant
0.1,betweeness,0.0687082826684218,50,partial_correlation_p_value,50.0,0.4,,0.003302727162238229,0.0007691433652954,-0.046697272837761775,0.0,significant
0.1,betweeness,0.0687082826684218,50,partial_correlation_p_value,50.0,0.5,,0.0001605349566003264,4.788127899873094e-05,-0.04983946504339968,0.0,significant
0.1,betweeness,0.0687082826684218,75,partial_correlation_p_value,75.0,0.05,,0.6658561263349685,0.0501410914068586,0.6158561263349684,1.866232069702725e-54,non-significant
0.1,betweeness,0.0687082826684218,75,partial_correlation_p_value,75.0,0.1,,0.3868655898413166,0.0379243828112406,0.3368655898413166,2.5960159271951945e-39,non-significant
0.1,betweeness,0.0687082826684218,75,partial_correlation_p_value,75.0,0.2,,0.08116706380718447,0.0121465220830765,0.031167063807184467,0.0018075643699100865,non-significant
0.1,betweeness,0.0687082826684218,75,partial_correlation_p_value,75.0,0.3,,0.008030434893107933,0.0016786023914194,-0.04196956510689207,0.0,significant
0.1,betweeness,0.0687082826684218,75,partial_correlation_p_value,75.0,0.4,,0.00031301084080057913,8.684601712348518e-05,-0.049686989159199425,0.0,significant
0.1,betweeness,0.0687082826684218,75,partial_correlation_p_value,75.0,0.5,,3.657912410473166e-06,1.3112426508453276e-06,-0.04999634208758953,0.0,significant
0.1,betweeness,0.0687082826684218,100,partial_correlation_p_value,100.0,0.05,,0.6177343076882446,0.0485550723431606,0.5677343076882445,4.360509401848497e-54,non-significant
0.1,betweeness,0.0687082826684218,100,partial_correlation_p_value,100.0,0.1,,0.3173043978741975,0.033418578472049,0.2673043978741975,2.9104040274149164e-32,non-significant
0.1,betweeness,0.0687082826684218,100,partial_correlation_p_value,100.0,0.2,,0.043860884260170395,0.0072857099094958,-0.006139115739829608,0.19502585769315095,significant
0.1,betweeness,0.0687082826684218,100,partial_correlation_p_value,100.0,0.3,,0.0021883947254214523,0.000515934725711,-0.04781160527457855,0.0,significant
0.1,betweeness,0.0687082826684218,100,partial_correlation_p_value,100.0,0.4,,3.109559952288662e-05,9.814552439837094e-06,-0.04996890440047712,0.0,significant
0.1,betweeness,0.0687082826684218,100,partial_correlation_p_value,100.0,0.5,,8.769694091866885e-08,3.5940025230238644e-08,-0.049999912303059085,0.0,significant
0.1,betweeness,0.0687082826684218,300,partial_correlation_p_value,300.0,0.05,,0.3865747744849377,0.0377390947591747,0.3365747744849377,1.276993730243584e-39,non-significant
0.1,betweeness,0.0687082826684218,300,partial_correlation_p_value,300.0,0.1,,0.0827480032540806,0.0122116365280148,0.0327480032540806,0.0011050965056411076,non-significant
0.1,betweeness,0.0687082826684218,300,partial_correlation_p_value,300.0,0.2,,0.00047121211121644706,0.0001227048182174,-0.04952878788878356,0.0,significant
0.1,betweeness,0.0687082826684218,300,partial_correlation_p_value,300.0,0.3,,1.0680987893806553e-07,4.130479099794335e-08,-0.04999989319012106,0.0,significant
0.1,betweeness,0.0687082826684218,300,partial_correlation_p_value,300.0,0.4,,4.961369134212258e-13,2.624614617315249e-13,-0.049999999999503865,0.0,significant
0.1,betweeness,0.0687082826684218,300,partial_correlation_p_value,300.0,0.5,,1.6558627351112573e-20,1.1507239549791832e-20,-0.05,0.0,significant
0.1,betweeness,0.0687082826684218,500,partial_correlation_p_value,500.0,0.05,,0.2634924310858535,0.0293721931166681,0.21349243108585353,2.396018538374559e-26,non-significant
0.1,betweeness,0.0687082826684218,500,partial_correlation_p_value,500.0,0.1,,0.025054006060311104,0.0044683562352796,-0.0249459939396889,4.014950439668041e-06,significant
0.1,betweeness,0.0687082826684218,500,partial_correlation_p_value,500.0,0.2,,6.313699919191115e-06,2.06937587059319e-06,-0.04999368630008081,0.0,significant
0.1,betweeness,0.0687082826684218,500,partial_correlation_p_value,500.0,0.3,,6.716109043816408e-12,3.3112663944095392e-12,-0.049999999993283896,0.0,significant
0.1,betweeness,0.0687082826684218,500,partial_correlation_p_value,500.0,0.4,,1.0365018011564428e-20,7.02827279563944e-21,-0.05,0.0,significant
0.1,betweeness,0.0687082826684218,500,partial_correlation_p_value,500.0,0.5,,4.1307211551450724e-33,3.689367805480282e-33,-0.05,0.0,significant
0.1,betweeness,0.0687082826684218,1000,partial_correlation_p_value,1000.0,0.05,,0.11371053994288459,0.0157055650044929,0.06371053994288459,2.157803580367324e-07,non-significant
0.1,betweeness,0.0687082826684218,1000,partial_correlation_p_value,1000.0,0.1,,0.0015273578790529936,0.0003621075157423,-0.04847264212094701,0.0,significant
0.1,betweeness,0.0687082826684218,1000,partial_correlation_p_value,1000.0,0.2,,1.6849007397872172e-10,7.647839070331756e-11,-0.04999999983150993,0.0,significant
0.1,betweeness,0.0687082826684218,1000,partial_correlation_p_value,1000.0,0.3,,2.761398881915165e-22,1.9064846013951697e-22,-0.05,0.0,significant
0.1,betweeness,0.0687082826684218,1000,partial_correlation_p_value,1000.0,0.4,,8.653026414338422e-40,8.252038117213522e-40,-0.05,0.0,significant
0.1,betweeness,0.0687082826684218,1000,partial_correlation_p_value,1000.0,0.5,,1.706877942166305e-64,2.1486164757548684e-64,-0.05,0.0,significant
0.2,betweeness,0.0962807955891718,30,partial_correlation_p_value,30.0,0.05,,0.7858069815820645,0.0747239845578827,0.7358069815820645,1.76890306196606e-25,non-significant
0.2,betweeness,0.0962807955891718,30,partial_correlation_p_value,30.0,0.1,,0.5860649647763356,0.0669781627600332,0.5360649647763356,2.359867317973074e-27,non-significant
0.2,betweeness,0.0962807955891718,30,partial_correlation_p_value,30.0,0.2,,0.27242589732757794,0.0428702274701969,0.22242589732757795,2.863906459907304e-14,non-significant
0.2,betweeness,0.0962807955891718,30,partial_correlation_p_value,30.0,0.3,,0.09527344416868826,0.0197389068457947,0.045273444168688254,0.0035860343502680655,non-significant
0.2,betweeness,0.0962807955891718,30,partial_correlation_p_value,30.0,0.4,,0.023307657869861772,0.0061840437971058,-0.02669234213013823,0.00033807027811005863,significant
0.2,betweeness,0.0962807955891718,30,partial_correlation_p_value,30.0,0.5,,0.0035685233088176825,0.0011956697117379,-0.04643147669118232,0.0,significant
0.2,betweeness,0.0962807955891718,50,partial_correlation_p_value,50.0,0.05,,0.724830244916418,0.0726208826305969,0.674830244916418,1.2413420210329649e-27,non-significant
0.2,betweeness,0.0962807955891718,50,partial_correlation_p_value,50.0,0.1,,0.4805913120761051,0.0603611678592217,0.4305913120761051,1.1337465167873575e-24,non-significant
0.2,betweeness,0.0962807955891718,50,partial_correlation_p_value,50.0,0.2,,0.15515112469544967,0.0284014541013436,0.10515112469544967,4.4702903997821724e-07,non-significant
0.2,betweeness,0.0962807955891718,50,partial_correlation_p_value,50.0,0.3,,0.030712033725595562,0.0076596597469585,-0.01928796627440444,0.013400106019635594,significant
0.2,betweeness,0.0962807955891718,50,partial_correlation_p_value,50.0,0.4,,0.003302727162238229,0.001077799244236,-0.046697272837761775,0.0,significant
0.2,betweeness,0.0962807955891718,50,partial_correlation_p_value,50.0,0.5,,0.0001605349566003264,6.709595199857452e-05,-0.04983946504339968,0.0,significant
0.2,betweeness,0.0962807955891718,75,partial_correlation_p_value,75.0,0.05,,0.6658561263349685,0.0702626231492248,0.6158561263349684,2.227055157145504e-28,non-significant
0.2,betweeness,0.0962807955891718,75,partial_correlation_p_value,75.0,0.1,,0.3868655898413166,0.0531433708933717,0.3368655898413166,8.828746685672908e-21,non-significant
0.2,betweeness,0.0962807955891718,75,partial_correlation_p_value,75.0,0.2,,0.08116706380718447,0.0170209000193443,0.031167063807184467,0.02061819936962986,non-significant
0.2,betweeness,0.0962807955891718,75,partial_correlation_p_value,75.0,0.3,,0.008030434893107933,0.002352222577061,-0.04196956510689207,0.0,significant
0.2,betweeness,0.0962807955891718,75,partial_correlation_p_value,75.0,0.4,,0.00031301084080057913,0.0001216971709619,-0.049686989159199425,0.0,significant
0.2,betweeness,0.0962807955891718,75,partial_correlation_p_value,75.0,0.5,,3.657912410473166e-06,1.83744201908085e-06,-0.04999634208758953,0.0,significant
0.2,betweeness,0.0962807955891718,100,partial_correlation_p_value,100.0,0.05,,0.6177343076882446,0.06804013742637,0.5677343076882445,3.2334723163861753e-28,non-significant
0.2,betweeness,0.0962807955891718,100,partial_correlation_p_value,100.0,0.1,,0.3173043978741975,0.046829395202259,0.2673043978741975,3.334077111025612e-17,non-significant
0.2,betweeness,0.0962807955891718,100,partial_correlation_p_value,100.0,0.2,,0.043860884260170395,0.0102094524746515,-0.006139115739829608,0.25818742685100193,significant
0.2,betweeness,0.0962807955891718,100,partial_correlation_p_value,100.0,0.3,,0.0021883947254214523,0.0007229784231875,-0.04781160527457855,0.0,significant
0.2,betweeness,0.0962807955891718,100,partial_correlation_p_value,100.0,0.4,,3.109559952288662e-05,1.3753115062115525e-05,-0.04996890440047712,0.0,significant
0.2,betweeness,0.0962807955891718,100,partial_correlation_p_value,100.0,0.5,,8.769694091866885e-08,5.03626941072222e-08,-0.049999912303059085,0.0,significant
0.2,betweeness,0.0962807955891718,300,partial_correlation_p_value,300.0,0.05,,0.3865747744849377,0.052883727072085,0.3365747744849377,6.137280296488635e-21,non-significant
0.2,betweeness,0.0962807955891718,300,partial_correlation_p_value,300.0,0.1,,0.0827480032540806,0.0171121447764466,0.0327480032540806,0.015821042764162487,non-significant
0.2,betweeness,0.0962807955891718,300,partial_correlation_p_value,300.0,0.2,,0.00047121211121644706,0.0001719460458299,-0.04952878788878356,0.0,significant
0.2,betweeness,0.0962807955891718,300,partial_correlation_p_value,300.0,0.3,,1.0680987893806553e-07,5.788033093649426e-08,-0.04999989319012106,0.0,significant
0.2,betweeness,0.0962807955891718,300,partial_correlation_p_value,300.0,0.4,,4.961369134212258e-13,3.6778678443992363e-13,-0.049999999999503865,0.0,significant
0.2,betweeness,0.0962807955891718,300,partial_correlation_p_value,300.0,0.5,,1.6558627351112573e-20,1.612507453047348e-20,-0.05,0.0,significant
0.2,betweeness,0.0962807955891718,500,partial_correlation_p_value,500.0,0.05,,0.2634924310858535,0.0411592025246664,0.21349243108585353,3.400134867756066e-14,non-significant
0.2,betweeness,0.0962807955891718,500,partial_correlation_p_value,500.0,0.1,,0.025054006060311104,0.0062614997290026,-0.0249459939396889,0.0006376876360493222,significant
0.2,betweeness,0.0962807955891718,500,partial_correlation_p_value,500.0,0.2,,6.313699919191115e-06,2.8998127657368765e-06,-0.04999368630008081,0.0,significant
0.2,betweeness,0.0962807955891718,500,partial_correlation_p_value,500.0,0.3,,6.716109043816408e-12,4.640071771259157e-12,-0.049999999993283896,0.0,significant
0.2,betweeness,0.0962807955891718,500,partial_correlation_p_value,500.0,0.4,,1.0365018011564428e-20,9.84870630004703e-21,-0.05,0.0,significant
0.2,betweeness,0.0962807955891718,500,partial_correlation_p_value,500.0,0.5,,4.1307211551450724e-33,5.169904613202837e-33,-0.05,0.0,significant
0.2,betweeness,0.0962807955891718,1000,partial_correlation_p_value,1000.0,0.05,,0.11371053994288459,0.0220081806018565,0.06371053994288459,0.00017742799685431981,non-significant
0.2,betweeness,0.0962807955891718,1000,partial_correlation_p_value,1000.0,0.1,,0.0015273578790529936,0.0005074206245664,-0.04847264212094701,0.0,significant
0.2,betweeness,0.0962807955891718,1000,partial_correlation_p_value,1000.0,0.2,,1.6849007397872172e-10,1.0716903430449352e-10,-0.04999999983150993,0.0,significant
0.2,betweeness,0.0962807955891718,1000,partial_correlation_p_value,1000.0,0.3,,2.761398881915165e-22,2.6715535168687146e-22,-0.05,0.0,significant
0.2,betweeness,0.0962807955891718,1000,partial_correlation_p_value,1000.0,0.4,,8.653026414338422e-40,1.1563566491564278e-39,-0.05,0.0,significant
0.2,betweeness,0.0962807955891718,1000,partial_correlation_p_value,1000.0,0.5,,1.706877942166305e-64,3.0108524863008766e-64,-0.05,0.0,significant
0.3,betweeness,0.1244059329453957,30,partial_correlation_p_value,30.0,0.05,,0.7858069815820645,0.0965520377707206,0.7358069815820645,1.1184332824604565e-15,non-significant
0.3,betweeness,0.1244059329453957,30,partial_correlation_p_value,30.0,0.1,,0.5860649647763356,0.0865435393854141,0.5360649647763356,6.799735818659153e-17,non-significant
0.3,betweeness,0.1244059329453957,30,partial_correlation_p_value,30.0,0.2,,0.27242589732757794,0.0553932963616993,0.22242589732757795,3.947605696881335e-09,non-significant
0.3,betweeness,0.1244059329453957,30,partial_correlation_p_value,30.0,0.3,,0.09527344416868826,0.0255049525343715,0.045273444168688254,0.020553349855285823,non-significant
0.3,betweeness,0.1244059329453957,30,partial_correlation_p_value,30.0,0.4,,0.023307657869861772,0.0079905004237487,-0.02669234213013823,0.0037888991139586325,significant
0.3,betweeness,0.1244059329453957,30,partial_correlation_p_value,30.0,0.5,,0.0035685233088176825,0.0015449436730666,-0.04643147669118232,0.0,significant
0.3,betweeness,0.1244059329453957,50,partial_correlation_p_value,50.0,0.05,,0.724830244916418,0.093834586634778,0.674830244916418,5.3240966407422607e-17,non-significant
0.3,betweeness,0.1244059329453957,50,partial_correlation_p_value,50.0,0.1,,0.4805913120761051,0.0779936160191498,0.4305913120761051,2.5206570534545493e-15,non-significant
0.3,betweeness,0.1244059329453957,50,partial_correlation_p_value,50.0,0.2,,0.15515112469544967,0.0366979663271589,0.10515112469544967,8.377027710475285e-05,non-significant
0.3,betweeness,0.1244059329453957,50,partial_correlation_p_value,50.0,0.3,,0.030712033725595562,0.0098971670418129,-0.01928796627440444,0.03985564285515131,significant
0.3,betweeness,0.1244059329453957,50,partial_correlation_p_value,50.0,0.4,,0.003302727162238229,0.0013926413848838,-0.046697272837761775,0.0,significant
0.3,betweeness,0.1244059329453957,50,partial_correlation_p_value,50.0,0.5,,0.0001605349566003264,8.669573671637699e-05,-0.04983946504339968,0.0,significant
0.3,betweeness,0.1244059329453957,75,partial_correlation_p_value,75.0,0.05,,0.6658561263349685,0.0907874424030324,0.6158561263349684,1.7820544759808257e-17,non-significant
0.3,betweeness,0.1244059329453957,75,partial_correlation_p_value,75.0,0.1,,0.3868655898413166,0.0686673868386339,0.3368655898413166,5.107800771122989e-13,non-significant
0.3,betweeness,0.1244059329453957,75,partial_correlation_p_value,75.0,0.2,,0.08116706380718447,0.021992973090004,0.031167063807184467,0.06151998652039594,non-significant
0.3,betweeness,0.1244059329453957,75,partial_correlation_p_value,75.0,0.3,,0.008030434893107933,0.00303934385257,-0.04196956510689207,7.851497230149107e-13,significant
0.3,betweeness,0.1244059329453957,75,partial_correlation_p_value,75.0,0.4,,0.00031301084080057913,0.0001572468320155,-0.049686989159199425,0.0,significant
0.3,betweeness,0.1244059329453957,75,partial_correlation_p_value,75.0,0.5,,3.657912410473166e-06,2.374187782911641e-06,-0.04999634208758953,0.0,significant
0.3,betweeness,0.1244059329453957,100,partial_correlation_p_value,100.0,0.05,,0.6177343076882446,0.0879157335838682,0.5677343076882445,2.1224141438310188e-17,non-significant
0.3,betweeness,0.1244059329453957,100,partial_correlation_p_value,100.0,0.1,,0.3173043978741975,0.06050899936748,0.2673043978741975,6.913070208796539e-11,non-significant
0.3,betweeness,0.1244059329453957,100,partial_correlation_p_value,100.0,0.2,,0.043860884260170395,0.0131917943988566,-0.006139115739829608,0.29462871141184843,significant
0.3,betweeness,0.1244059329453957,100,partial_correlation_p_value,100.0,0.3,,0.0021883947254214523,0.0009341718115814,-0.04781160527457855,0.0,significant
0.3,betweeness,0.1244059329453957,100,partial_correlation_p_value,100.0,0.4,,3.109559952288662e-05,1.777061666075679e-05,-0.04996890440047712,0.0,significant
0.3,betweeness,0.1244059329453957,100,partial_correlation_p_value,100.0,0.5,,8.769694091866885e-08,6.507443055193448e-08,-0.049999912303059085,0.0,significant
0.3,betweeness,0.1244059329453957,300,partial_correlation_p_value,300.0,0.05,,0.3865747744849377,0.0683318969662972,0.3365747744849377,4.1003346245259943e-13,non-significant
0.3,betweeness,0.1244059329453957,300,partial_correlation_p_value,300.0,0.1,,0.0827480032540806,0.0221108718782746,0.0327480032540806,0.051984022291557574,non-significant
0.3,betweeness,0.1244059329453957,300,partial_correlation_p_value,300.0,0.2,,0.00047121211121644706,0.0002221741949352,-0.04952878788878356,0.0,significant
0.3,betweeness,0.1244059329453957,300,partial_correlation_p_value,300.0,0.3,,1.0680987893806553e-07,7.478808754414404e-08,-0.04999989319012106,0.0,significant
0.3,betweeness,0.1244059329453957,300,partial_correlation_p_value,300.0,0.4,,4.961369134212258e-13,4.75223098887455e-13,-0.049999999999503865,0.0,significant
0.3,betweeness,0.1244059329453957,300,partial_correlation_p_value,300.0,0.5,,1.6558627351112573e-20,2.0835462861538734e-20,-0.05,0.0,significant
0.3,betweeness,0.1244059329453957,500,partial_correlation_p_value,500.0,0.05,,0.2634924310858535,0.0531824540713027,0.21349243108585353,4.343589429083579e-09,non-significant
0.3,betweeness,0.1244059329453957,500,partial_correlation_p_value,500.0,0.1,,0.025054006060311104,0.0080905824537196,-0.0249459939396889,0.005689163575812284,significant
0.3,betweeness,0.1244059329453957,500,partial_correlation_p_value,500.0,0.2,,6.313699919191115e-06,3.746893762986691e-06,-0.04999368630008081,0.0,significant
0.3,betweeness,0.1244059329453957,500,partial_correlation_p_value,500.0,0.3,,6.716109043816408e-12,5.9955098428996655e-12,-0.049999999993283896,0.0,significant
0.3,betweeness,0.1244059329453957,500,partial_correlation_p_value,500.0,0.4,,1.0365018011564428e-20,1.272566858286683e-20,-0.05,0.0,significant
0.3,betweeness,0.1244059329453957,500,partial_correlation_p_value,500.0,0.5,,4.1307211551450724e-33,6.680115205825508e-33,-0.05,0.0,significant
0.3,betweeness,0.1244059329453957,1000,partial_correlation_p_value,1000.0,0.05,,0.11371053994288459,0.0284371169084174,0.06371053994288459,0.003199730512349504,non-significant
0.3,betweeness,0.1244059329453957,1000,partial_correlation_p_value,1000.0,0.1,,0.0015273578790529936,0.000655646183734,-0.04847264212094701,0.0,significant
0.3,betweeness,0.1244059329453957,1000,partial_correlation_p_value,1000.0,0.2,,1.6849007397872172e-10,1.3847479774052748e-10,-0.04999999983150993,0.0,significant
0.3,betweeness,0.1244059329453957,1000,partial_correlation_p_value,1000.0,0.3,,2.761398881915165e-22,3.4519563911557853e-22,-0.05,0.0,significant
0.3,betweeness,0.1244059329453957,1000,partial_correlation_p_value,1000.0,0.4,,8.653026414338422e-40,1.4941466455029582e-39,-0.05,0.0,significant
0.3,betweeness,0.1244059329453957,1000,partial_correlation_p_value,1000.0,0.5,,1.706877942166305e-64,3.8903699354282294e-64,-0.05,0.0,significant
0.4,betweeness,0.1697657738772356,30,partial_correlation_p_value,30.0,0.05,,0.7858069815820645,0.1317560266097993,0.7358069815820645,7.647151585380214e-09,non-significant
0.4,betweeness,0.1697657738772356,30,partial_correlation_p_value,30.0,0.1,,0.5860649647763356,0.1180983140433385,0.5360649647763356,1.3300503157706292e-09,non-significant
0.4,betweeness,0.1697657738772356,30,partial_correlation_p_value,30.0,0.2,,0.27242589732757794,0.0755903324046651,0.22242589732757795,1.6063744210152534e-05,non-significant
0.4,betweeness,0.1697657738772356,30,partial_correlation_p_value,30.0,0.3,,0.09527344416868826,0.0348043529933593,0.045273444168688254,0.07552868081030654,non-significant
0.4,betweeness,0.1697657738772356,30,partial_correlation_p_value,30.0,0.4,,0.023307657869861772,0.0109039292257828,-0.02669234213013823,0.021702458152383364,significant
0.4,betweeness,0.1697657738772356,30,partial_correlation_p_value,30.0,0.5,,0.0035685233088176825,0.0021082479914363,-0.04643147669118232,9.992007221626409e-16,significant
0.4,betweeness,0.1697657738772356,50,partial_correlation_p_value,50.0,0.05,,0.724830244916418,0.1280477613836597,0.674830244916418,1.3708912964531995e-09,non-significant
0.4,betweeness,0.1697657738772356,50,partial_correlation_p_value,50.0,0.1,,0.4805913120761051,0.1064309898048553,0.4305913120761051,8.375151775707025e-09,non-significant
0.4,betweeness,0.1697657738772356,50,partial_correlation_p_value,50.0,0.2,,0.15515112469544967,0.0500784689745091,0.10515112469544967,0.0035121843480775696,non-significant
0.4,betweeness,0.1697657738772356,50,partial_correlation_p_value,50.0,0.3,,0.030712033725595562,0.0135057885284547,-0.01928796627440444,0.08926606306066975,significant
0.4,betweeness,0.1697657738772356,50,partial_correlation_p_value,50.0,0.4,,0.003302727162238229,0.0019004145287994,-0.046697272837761775,0.0,significant
0.4,betweeness,0.1697657738772356,50,partial_correlation_p_value,50.0,0.5,,0.0001605349566003264,0.0001183060042801,-0.04983946504339968,0.0,significant
0.4,betweeness,0.1697657738772356,75,partial_correlation_p_value,75.0,0.05,,0.6658561263349685,0.1238895931486696,0.6158561263349684,7.065750094877592e-10,non-significant
0.4,betweeness,0.1697657738772356,75,partial_correlation_p_value,75.0,0.1,,0.3868655898413166,0.0937043096803497,0.3368655898413166,1.358848434497019e-07,non-significant
0.4,betweeness,0.1697657738772356,75,partial_correlation_p_value,75.0,0.2,,0.08116706380718447,0.0300118652550479,0.031167063807184467,0.14217733330525262,non-significant
0.4,betweeness,0.1697657738772356,75,partial_correlation_p_value,75.0,0.3,,0.008030434893107933,0.0041475237474167,-0.04196956510689207,8.028455111830368e-08,significant
0.4,betweeness,0.1697657738772356,75,partial_correlation_p_value,75.0,0.4,,0.00031301084080057913,0.000214580844296,-0.049686989159199425,0.0,significant
0.4,betweeness,0.1697657738772356,75,partial_correlation_p_value,75.0,0.5,,3.657912410473166e-06,3.239844087442216e-06,-0.04999634208758953,0.0,significant
0.4,betweeness,0.1697657738772356,100,partial_correlation_p_value,100.0,0.05,,0.6177343076882446,0.1199708261052242,0.5677343076882445,7.337189892216283e-10,non-significant
0.4,betweeness,0.1697657738772356,100,partial_correlation_p_value,100.0,0.1,,0.3173043978741975,0.0825712798493794,0.2673043978741975,1.837032661436194e-06,non-significant
0.4,betweeness,0.1697657738772356,100,partial_correlation_p_value,100.0,0.2,,0.043860884260170395,0.0180016750964301,-0.006139115739829608,0.3244276590275066,significant
0.4,betweeness,0.1697657738772356,100,partial_correlation_p_value,100.0,0.3,,0.0021883947254214523,0.0012747816504622,-0.04781160527457855,0.0,significant
0.4,betweeness,0.1697657738772356,100,partial_correlation_p_value,100.0,0.4,,3.109559952288662e-05,2.4249988873225412e-05,-0.04996890440047712,0.0,significant
0.4,betweeness,0.1697657738772356,100,partial_correlation_p_value,100.0,0.5,,8.769694091866885e-08,8.880132000712954e-08,-0.049999912303059085,0.0,significant
0.4,betweeness,0.1697657738772356,300,partial_correlation_p_value,300.0,0.05,,0.3865747744849377,0.0932464963232472,0.3365747744849377,1.2049804722239346e-07,non-significant
0.4,betweeness,0.1697657738772356,300,partial_correlation_p_value,300.0,0.1,,0.0827480032540806,0.0301727513040979,0.0327480032540806,0.12869420296710854,non-significant
0.4,betweeness,0.1697657738772356,300,partial_correlation_p_value,300.0,0.2,,0.00047121211121644706,0.0003031814741125,-0.04952878788878356,0.0,significant
0.4,betweeness,0.1697657738772356,300,partial_correlation_p_value,300.0,0.3,,1.0680987893806553e-07,1.0205668860103956e-07,-0.04999989319012106,0.0,significant
0.4,betweeness,0.1697657738772356,300,partial_correlation_p_value,300.0,0.4,,4.961369134212258e-13,6.484949329737954e-13,-0.049999999999503865,0.0,significant
0.4,betweeness,0.1697657738772356,300,partial_correlation_p_value,300.0,0.5,,1.6558627351112573e-20,2.843231341974705e-20,-0.05,0.0,significant
0.4,betweeness,0.1697657738772356,500,partial_correlation_p_value,500.0,0.05,,0.2634924310858535,0.0725733914641198,0.21349243108585353,1.6764722237957087e-05,non-significant
0.4,betweeness,0.1697657738772356,500,partial_correlation_p_value,500.0,0.1,,0.025054006060311104,0.0110405023205457,-0.0249459939396889,0.02778637752786306,significant
0.4,betweeness,0.1697657738772356,500,partial_correlation_p_value,500.0,0.2,,6.313699919191115e-06,5.113054532442739e-06,-0.04999368630008081,0.0,significant
0.4,betweeness,0.1697657738772356,500,partial_correlation_p_value,500.0,0.3,,6.716109043816408e-12,8.181542022720027e-12,-0.049999999993283896,0.0,significant
0.4,betweeness,0.1697657738772356,500,partial_correlation_p_value,500.0,0.4,,1.0365018011564428e-20,1.7365594420837212e-20,-0.05,0.0,significant
0.4,betweeness,0.1697657738772356,500,partial_correlation_p_value,500.0,0.5,,4.1307211551450724e-33,9.115762413066071e-33,-0.05,0.0,significant
0.4,betweeness,0.1697657738772356,1000,partial_correlation_p_value,1000.0,0.05,,0.11371053994288459,0.0388056183856912,0.06371053994288459,0.026276895788370475,non-significant
0.4,betweeness,0.1697657738772356,1000,partial_correlation_p_value,1000.0,0.1,,0.0015273578790529936,0.0008947023597349,-0.04847264212094701,0.0,significant
0.4,betweeness,0.1697657738772356,1000,partial_correlation_p_value,1000.0,0.2,,1.6849007397872172e-10,1.889643093728704e-10,-0.04999999983150993,0.0,significant
0.4,betweeness,0.1697657738772356,1000,partial_correlation_p_value,1000.0,0.3,,2.761398881915165e-22,4.710579586202287e-22,-0.05,0.0,significant
0.4,betweeness,0.1697657738772356,1000,partial_correlation_p_value,1000.0,0.4,,8.653026414338422e-40,2.0389297805533084e-39,-0.05,0.0,significant
0.4,betweeness,0.1697657738772356,1000,partial_correlation_p_value,1000.0,0.5,,1.706877942166305e-64,5.308843775534324e-64,-0.05,0.0,significant
0.5,betweeness,0.1872463464167704,30,partial_correlation_p_value,30.0,0.05,,0.7858069815820645,0.1453227823113283,0.7358069815820645,2.0375656819895333e-07,non-significant
0.5,betweeness,0.1872463464167704,30,partial_correlation_p_value,30.0,0.1,,0.5860649647763356,0.1302587519118349,0.5360649647763356,4.4073381186046425e-08,non-significant
0.5,betweeness,0.1872463464167704,30,partial_correlation_p_value,30.0,0.2,,0.27242589732757794,0.0833737757849712,0.22242589732757795,9.22460396817452e-05,non-significant
0.5,betweeness,0.1872463464167704,30,partial_correlation_p_value,30.0,0.3,,0.09527344416868826,0.038388114332862,0.045273444168688254,0.10101685220429024,non-significant
0.5,betweeness,0.1872463464167704,30,partial_correlation_p_value,30.0,0.4,,0.023307657869861772,0.0120266933816196,-0.02669234213013823,0.03157770005454741,significant
0.5,betweeness,0.1872463464167704,30,partial_correlation_p_value,30.0,0.5,,0.0035685233088176825,0.002325331689192,-0.04643147669118232,2.5068835896036035e-13,significant
0.5,betweeness,0.1872463464167704,50,partial_correlation_p_value,50.0,0.05,,0.724830244916418,0.1412326815844225,0.674830244916418,4.807288181727134e-08,non-significant
0.5,betweeness,0.1872463464167704,50,partial_correlation_p_value,50.0,0.1,,0.4805913120761051,0.117390057673763,0.4305913120761051,1.9237696869684206e-07,non-significant
0.5,betweeness,0.1872463464167704,50,partial_correlation_p_value,50.0,0.2,,0.15515112469544967,0.0552349872148158,0.10515112469544967,0.007814588682183335,non-significant
0.5,betweeness,0.1872463464167704,50,partial_correlation_p_value,50.0,0.3,,0.030712033725595562,0.0148964629305047,-0.01928796627440444,0.10642363900507412,significant
0.5,betweeness,0.1872463464167704,50,partial_correlation_p_value,50.0,0.4,,0.003302727162238229,0.0020960978710135,-0.046697272837761775,3.9968028886505635e-15,significant
0.5,betweeness,0.1872463464167704,50,partial_correlation_p_value,50.0,0.5,,0.0001605349566003264,0.0001304878277563,-0.04983946504339968,0.0,significant
0.5,betweeness,0.1872463464167704,75,partial_correlation_p_value,75.0,0.05,,0.6658561263349685,0.1366463518902452,0.6158561263349684,2.7092977261388778e-08,non-significant
0.5,betweeness,0.1872463464167704,75,partial_correlation_p_value,75.0,0.1,,0.3868655898413166,0.1033529269794933,0.3368655898413166,1.8521007605956442e-06,non-significant
0.5,betweeness,0.1872463464167704,75,partial_correlation_p_value,75.0,0.2,,0.08116706380718447,0.0331021500377568,0.031167063807184467,0.1722610340164949,non-significant
0.5,betweeness,0.1872463464167704,75,partial_correlation_p_value,75.0,0.3,,0.008030434893107933,0.0045745891568354,-0.04196956510689207,8.913047545577868e-07,significant
0.5,betweeness,0.1872463464167704,75,partial_correlation_p_value,75.0,0.4,,0.00031301084080057913,0.0002366759694125,-0.049686989159199425,0.0,significant
0.5,betweeness,0.1872463464167704,75,partial_correlation_p_value,75.0,0.5,,3.657912410473166e-06,3.573446840776178e-06,-0.04999634208758953,0.0,significant
0.5,betweeness,0.1872463464167704,100,partial_correlation_p_value,100.0,0.05,,0.6177343076882446,0.1323240742332999,0.5677343076882445,2.7347975631412323e-08,non-significant
0.5,betweeness,0.1872463464167704,100,partial_correlation_p_value,100.0,0.1,,0.3173043978741975,0.091073542785683,0.2673043978741975,1.555073682571753e-05,non-significant
0.5,betweeness,0.1872463464167704,100,partial_correlation_p_value,100.0,0.2,,0.043860884260170395,0.019855285398256,-0.006139115739829608,0.33058540007997483,significant
0.5,betweeness,0.1872463464167704,100,partial_correlation_p_value,100.0,0.3,,0.0021883947254214523,0.0014060443461401,-0.04781160527457855,0.0,significant
0.5,betweeness,0.1872463464167704,100,partial_correlation_p_value,100.0,0.4,,3.109559952288662e-05,2.6746980345062783e-05,-0.04996890440047712,0.0,significant
0.5,betweeness,0.1872463464167704,100,partial_correlation_p_value,100.0,0.5,,8.769694091866885e-08,9.794508250140945e-08,-0.049999912303059085,0.0,significant
0.5,betweeness,0.1872463464167704,300,partial_correlation_p_value,300.0,0.05,,0.3865747744849377,0.1028479731451578,0.3365747744849377,1.6764736803745995e-06,non-significant
0.5,betweeness,0.1872463464167704,300,partial_correlation_p_value,300.0,0.1,,0.0827480032540806,0.033279602325023,0.0327480032540806,0.15823503340249248,non-significant
0.5,betweeness,0.1872463464167704,300,partial_correlation_p_value,300.0,0.2,,0.00047121211121644706,0.0003343996969017,-0.04952878788878356,0.0,significant
0.5,betweeness,0.1872463464167704,300,partial_correlation_p_value,300.0,0.3,,1.0680987893806553e-07,1.1256534006529333e-07,-0.04999989319012106,0.0,significant
0.5,betweeness,0.1872463464167704,300,partial_correlation_p_value,300.0,0.4,,4.961369134212258e-13,7.152696571038003e-13,-0.049999999999503865,0.0,significant
0.5,betweeness,0.1872463464167704,300,partial_correlation_p_value,300.0,0.5,,1.6558627351112573e-20,3.1359953696403093e-20,-0.05,0.0,significant
0.5,betweeness,0.1872463464167704,500,partial_correlation_p_value,500.0,0.05,,0.2634924310858535,0.0800461841534519,0.21349243108585353,9.521563259472221e-05,non-significant
0.5,betweeness,0.1872463464167704,500,partial_correlation_p_value,500.0,0.1,,0.025054006060311104,0.0121773292396558,-0.0249459939396889,0.03910842228853828,significant
0.5,betweeness,0.1872463464167704,500,partial_correlation_p_value,500.0,0.2,,6.313699919191115e-06,5.639539457004719e-06,-0.04999368630008081,0.0,significant
0.5,betweeness,0.1872463464167704,500,partial_correlation_p_value,500.0,0.3,,6.716109043816408e-12,9.023985322962818e-12,-0.049999999993283896,0.0,significant
0.5,betweeness,0.1872463464167704,500,partial_correlation_p_value,500.0,0.4,,1.0365018011564428e-20,1.915370827931791e-20,-0.05,0.0,significant
0.5,betweeness,0.1872463464167704,500,partial_correlation_p_value,500.0,0.5,,4.1307211551450724e-33,1.00544012356947e-32,-0.05,0.0,significant
0.5,betweeness,0.1872463464167704,1000,partial_correlation_p_value,1000.0,0.05,,0.11371053994288459,0.0428013850920187,0.06371053994288459,0.04161730283581607,non-significant
0.5,betweeness,0.1872463464167704,1000,partial_correlation_p_value,1000.0,0.1,,0.0015273578790529936,0.0009868287592054,-0.04847264212094701,0.0,significant
0.5,betweeness,0.1872463464167704,1000,partial_correlation_p_value,1000.0,0.2,,1.6849007397872172e-10,2.0842173145468667e-10,-0.04999999983150993,0.0,significant
0.5,betweeness,0.1872463464167704,1000,partial_correlation_p_value,1000.0,0.3,,2.761398881915165e-22,5.195622161506109e-22,-0.05,0.0,significant
0.5,betweeness,0.1872463464167704,1000,partial_correlation_p_value,1000.0,0.4,,8.653026414338422e-40,2.2488758675528817e-39,-0.05,0.0,significant
0.5,betweeness,0.1872463464167704,1000,partial_correlation_p_value,1000.0,0.5,,1.706877942166305e-64,5.855488877193001e-64,-0.05,0.0,significant
0.05,clusteringcoef,0.0471926535794536,30,partial_correlation_p_value,30.0,0.05,,0.7858069815820645,0.0366264434743952,0.7358069815820645,3.413542307534833e-102,non-significant
0.05,clusteringcoef,0.0471926535794536,30,partial_correlation_p_value,30.0,0.1,,0.5860649647763356,0.0328297789105307,0.5360649647763356,2.938871014336713e-109,non-significant
0.05,clusteringcoef,0.0471926535794536,30,partial_correlation_p_value,30.0,0.2,,0.27242589732757794,0.0210131187792232,0.22242589732757795,3.0743996265693615e-54,non-significant
0.05,clusteringcoef,0.0471926535794536,30,partial_correlation_p_value,30.0,0.3,,0.09527344416868826,0.0096751526315333,0.045273444168688254,1.0719553478235779e-08,non-significant
0.05,clusteringcoef,0.0471926535794536,30,partial_correlation_p_value,30.0,0.4,,0.023307657869861772,0.0030311489934323,-0.02669234213013823,4.664491015660133e-12,significant
0.05,clusteringcoef,0.0471926535794536,30,partial_correlation_p_value,30.0,0.5,,0.0035685233088176825,0.0005860652288569,-0.04643147669118232,0.0,significant
0.05,clusteringcoef,0.0471926535794536,50,partial_correlation_p_value,50.0,0.05,,0.724830244916418,0.0355955944863978,0.674830244916418,6.71551052649963e-111,non-significant
0.05,clusteringcoef,0.0471926535794536,50,partial_correlation_p_value,50.0,0.1,,0.4805913120761051,0.029586416138338,0.4305913120761051,8.321187571347181e-98,non-significant
0.05,clusteringcoef,0.0471926535794536,50,partial_correlation_p_value,50.0,0.2,,0.15515112469544967,0.0139211560971792,0.10515112469544967,1.8069490770016844e-24,non-significant
0.05,clusteringcoef,0.0471926535794536,50,partial_correlation_p_value,50.0,0.3,,0.030712033725595562,0.0037544316783289,-0.01928796627440444,5.340932058950365e-06,significant
0.05,clusteringcoef,0.0471926535794536,50,partial_correlation_p_value,50.0,0.4,,0.003302727162238229,0.0005282902581992,-0.046697272837761775,0.0,significant
0.05,clusteringcoef,0.0471926535794536,50,partial_correlation_p_value,50.0,0.5,,0.0001605349566003264,3.2887514066288905e-05,-0.04983946504339968,0.0,significant
0.05,clusteringcoef,0.0471926535794536,75,partial_correlation_p_value,75.0,0.05,,0.6658561263349685,0.0344396783758814,0.6158561263349684,8.83166102218692e-114,non-significant
0.05,clusteringcoef,0.0471926535794536,75,partial_correlation_p_value,75.0,0.1,,0.3868655898413166,0.0260485663549852,0.3368655898413166,2.0093051621215995e-81,non-significant
0.05,clusteringcoef,0.0471926535794536,75,partial_correlation_p_value,75.0,0.2,,0.08116706380718447,0.0083429040371761,0.031167063807184467,9.507580895823248e-06,non-significant
0.05,clusteringcoef,0.0471926535794536,75,partial_correlation_p_value,75.0,0.3,,0.008030434893107933,0.0011529570828919,-0.04196956510689207,0.0,significant
0.05,clusteringcoef,0.0471926535794536,75,partial_correlation_p_value,75.0,0.4,,0.00031301084080057913,5.965065406514071e-05,-0.049686989159199425,0.0,significant
0.05,clusteringcoef,0.0471926535794536,75,partial_correlation_p_value,75.0,0.5,,3.657912410473166e-06,9.006340688003888e-07,-0.04999634208758953,0.0,significant
0.05,clusteringcoef,0.0471926535794536,100,partial_correlation_p_value,100.0,0.05,,0.6177343076882446,0.0333503126497037,0.5677343076882445,6.109395093179112e-113,non-significant
0.05,clusteringcoef,0.0471926535794536,100,partial_correlation_p_value,100.0,0.1,,0.3173043978741975,0.022953730404821,0.2673043978741975,1.8830270342747574e-66,non-significant
0.05,clusteringcoef,0.0471926535794536,100,partial_correlation_p_value,100.0,0.2,,0.043860884260170395,0.0050042290461329,-0.006139115739829608,0.11281363390051913,significant
0.05,clusteringcoef,0.0471926535794536,100,partial_correlation_p_value,100.0,0.3,,0.0021883947254214523,0.0003543725419189,-0.04781160527457855,0.0,significant
0.05,clusteringcoef,0.0471926535794536,100,partial_correlation_p_value,100.0,0.4,,3.109559952288662e-05,6.741178142464146e-06,-0.04996890440047712,0.0,significant
0.05,clusteringcoef,0.0471926535794536,100,partial_correlation_p_value,100.0,0.5,,8.769694091866885e-08,2.4685599675263038e-08,-0.049999912303059085,0.0,significant
0.05,clusteringcoef,0.0471926535794536,300,partial_correlation_p_value,300.0,0.05,,0.3865747744849377,0.025921300259633,0.3365747744849377,4.489971991596908e-82,non-significant
0.05,clusteringcoef,0.0471926535794536,300,partial_correlation_p_value,300.0,0.1,,0.0827480032540806,0.0083876282439769,0.0327480032540806,3.480533002295108e-06,non-significant
0.05,clusteringcoef,0.0471926535794536,300,partial_correlation_p_value,300.0,0.2,,0.00047121211121644706,8.428046450546933e-05,-0.04952878788878356,0.0,significant
0.05,clusteringcoef,0.0471926535794536,300,partial_correlation_p_value,300.0,0.3,,1.0680987893806553e-07,2.8370417903539897e-08,-0.04999989319012106,0.0,significant
0.05,clusteringcoef,0.0471926535794536,300,partial_correlation_p_value,300.0,0.4,,4.961369134212258e-13,1.802730669492569e-13,-0.049999999999503865,0.0,significant
0.05,clusteringcoef,0.0471926535794536,300,partial_correlation_p_value,300.0,0.5,,1.6558627351112573e-20,7.903809390053372e-21,-0.05,0.0,significant
0.05,clusteringcoef,0.0471926535794536,500,partial_correlation_p_value,500.0,0.05,,0.2634924310858535,0.020174448855215,0.21349243108585353,6.637950759657023e-54,non-significant
0.05,clusteringcoef,0.0471926535794536,500,partial_correlation_p_value,500.0,0.1,,0.025054006060311104,0.0030691145185333,-0.0249459939396889,5.233247168945354e-11,significant
0.05,clusteringcoef,0.0471926535794536,500,partial_correlation_p_value,500.0,0.2,,6.313699919191115e-06,1.421361949299144e-06,-0.04999368630008081,0.0,significant
0.05,clusteringcoef,0.0471926535794536,500,partial_correlation_p_value,500.0,0.3,,6.716109043816408e-12,2.274361136557354e-12,-0.049999999993283896,0.0,significant
0.05,clusteringcoef,0.0471926535794536,500,partial_correlation_p_value,500.0,0.4,,1.0365018011564428e-20,4.8274069795511105e-21,-0.05,0.0,significant
0.05,clusteringcoef,0.0471926535794536,500,partial_correlation_p_value,500.0,0.5,,4.1307211551450724e-33,2.5340621248163e-33,-0.05,0.0,significant
0.05,clusteringcoef,0.0471926535794536,1000,partial_correlation_p_value,1000.0,0.05,,0.11371053994288459,0.0107874518142668,0.06371053994288459,6.890923767387174e-14,non-significant
0.05,clusteringcoef,0.0471926535794536,1000,partial_correlation_p_value,1000.0,0.1,,0.0015273578790529936,0.0002487154952106,-0.04847264212094701,0.0,significant
0.05,clusteringcoef,0.0471926535794536,1000,partial_correlation_p_value,1000.0,0.2,,1.6849007397872172e-10,5.252959408392491e-11,-0.04999999983150993,0.0,significant
0.05,clusteringcoef,0.0471926535794536,1000,partial_correlation_p_value,1000.0,0.3,,2.761398881915165e-22,1.3094792047474053e-22,-0.05,0.0,significant
0.05,clusteringcoef,0.0471926535794536,1000,partial_correlation_p_value,1000.0,0.4,,8.653026414338422e-40,5.667956774141411e-40,-0.05,0.0,significant
0.05,clusteringcoef,0.0471926535794536,1000,partial_correlation_p_value,1000.0,0.5,,1.706877942166305e-64,1.4757887852436274e-64,-0.05,0.0,significant
0.1,clusteringcoef,0.0456400476459608,30,partial_correlation_p_value,30.0,0.05,,0.7858069815820645,0.0354214586060333,0.7358069815820645,3.6313596534515275e-109,non-significant
0.1,clusteringcoef,0.0456400476459608,30,partial_correlation_p_value,30.0,0.1,,0.5860649647763356,0.0317497017022014,0.5360649647763356,1.052888137238434e-116,non-significant
0.1,clusteringcoef,0.0456400476459608,30,partial_correlation_p_value,30.0,0.2,,0.27242589732757794,0.0203218015842093,0.22242589732757795,7.262135386812306e-58,non-significant
0.1,clusteringcoef,0.0456400476459608,30,partial_correlation_p_value,30.0,0.3,,0.09527344416868826,0.0093568467461082,0.045273444168688254,3.4593190513690465e-09,non-significant
0.1,clusteringcoef,0.0456400476459608,30,partial_correlation_p_value,30.0,0.4,,0.023307657869861772,0.0029314262706026,-0.02669234213013823,9.2148511043888e-13,significant
0.1,clusteringcoef,0.0456400476459608,30,partial_correlation_p_value,30.0,0.5,,0.0035685233088176825,0.0005667840848075,-0.04643147669118232,0.0,significant
0.1,clusteringcoef,0.0456400476459608,50,partial_correlation_p_value,50.0,0.05,,0.724830244916418,0.0344245238426854,0.674830244916418,1.8081293658456375e-118,non-significant
0.1,clusteringcoef,0.0456400476459608,50,partial_correlation_p_value,50.0,0.1,,0.4805913120761051,0.028613043340603,0.4305913120761051,1.875511200542624e-104,non-significant
0.1,clusteringcoef,0.0456400476459608,50,partial_correlation_p_value,50.0,0.2,,0.15515112469544967,0.0134631596100528,0.10515112469544967,4.8525533439298475e-26,non-significant
0.1,clusteringcoef,0.0456400476459608,50,partial_correlation_p_value,50.0,0.3,,0.030712033725595562,0.0036309134512631,-0.01928796627440444,2.6791898009026482e-06,significant
0.1,clusteringcoef,0.0456400476459608,50,partial_correlation_p_value,50.0,0.4,,0.003302727162238229,0.0005109098710568,-0.046697272837761775,0.0,significant
0.1,clusteringcoef,0.0456400476459608,50,partial_correlation_p_value,50.0,0.5,,0.0001605349566003264,3.180553741093553e-05,-0.04983946504339968,0.0,significant
0.1,clusteringcoef,0.0456400476459608,75,partial_correlation_p_value,75.0,0.05,,0.6658561263349685,0.0333066365793664,0.6158561263349684,1.5197250772847174e-121,non-significant
0.1,clusteringcoef,0.0456400476459608,75,partial_correlation_p_value,75.0,0.1,,0.3868655898413166,0.0251915863885241,0.3368655898413166,6.217267769645728e-87,non-significant
0.1,clusteringcoef,0.0456400476459608,75,partial_correlation_p_value,75.0,0.2,,0.08116706380718447,0.0080684282167208,0.031167063807184467,4.8448982039473914e-06,non-significant
0.1,clusteringcoef,0.0456400476459608,75,partial_correlation_p_value,75.0,0.3,,0.008030434893107933,0.0011150255856739,-0.04196956510689207,0.0,significant
0.1,clusteringcoef,0.0456400476459608,75,partial_correlation_p_value,75.0,0.4,,0.00031301084080057913,5.76881884605665e-05,-0.049686989159199425,0.0,significant
0.1,clusteringcoef,0.0456400476459608,75,partial_correlation_p_value,75.0,0.5,,3.657912410473166e-06,8.710038256785221e-07,-0.04999634208758953,0.0,significant
0.1,clusteringcoef,0.0456400476459608,100,partial_correlation_p_value,100.0,0.05,,0.6177343076882446,0.0322531102383878,0.5677343076882445,1.2119005893179082e-120,non-significant
0.1,clusteringcoef,0.0456400476459608,100,partial_correlation_p_value,100.0,0.1,,0.3173043978741975,0.0221985684183835,0.2673043978741975,6.3552969493885635e-71,non-significant
0.1,clusteringcoef,0.0456400476459608,100,partial_correlation_p_value,100.0,0.2,,0.043860884260170395,0.0048395933428978,-0.006139115739829608,0.10554934548304551,significant
0.1,clusteringcoef,0.0456400476459608,100,partial_correlation_p_value,100.0,0.3,,0.0021883947254214523,0.0003427139283526,-0.04781160527457855,0.0,significant
0.1,clusteringcoef,0.0456400476459608,100,partial_correlation_p_value,100.0,0.4,,3.109559952288662e-05,6.5193980053269e-06,-0.04996890440047712,0.0,significant
0.1,clusteringcoef,0.0456400476459608,100,partial_correlation_p_value,100.0,0.5,,8.769694091866885e-08,2.3873460377710853e-08,-0.049999912303059085,0.0,significant
0.1,clusteringcoef,0.0456400476459608,300,partial_correlation_p_value,300.0,0.05,,0.3865747744849377,0.0250685072604177,0.3365747744849377,1.2528766213231232e-87,non-significant
0.1,clusteringcoef,0.0456400476459608,300,partial_correlation_p_value,300.0,0.1,,0.0827480032540806,0.008111681027794,0.0327480032540806,1.6586844975559883e-06,non-significant
0.1,clusteringcoef,0.0456400476459608,300,partial_correlation_p_value,300.0,0.2,,0.00047121211121644706,8.150769503090664e-05,-0.04952878788878356,0.0,significant
0.1,clusteringcoef,0.0456400476459608,300,partial_correlation_p_value,300.0,0.3,,1.0680987893806553e-07,2.743705061368096e-08,-0.04999989319012106,0.0,significant
0.1,clusteringcoef,0.0456400476459608,300,partial_correlation_p_value,300.0,0.4,,4.961369134212258e-13,1.7434220669527414e-13,-0.049999999999503865,0.0,significant
0.1,clusteringcoef,0.0456400476459608,300,partial_correlation_p_value,300.0,0.5,,1.6558627351112573e-20,7.643779482315028e-21,-0.05,0.0,significant
0.1,clusteringcoef,0.0456400476459608,500,partial_correlation_p_value,500.0,0.05,,0.2634924310858535,0.0195107233254602,0.21349243108585353,1.6557151327251224e-57,non-significant
0.1,clusteringcoef,0.0456400476459608,500,partial_correlation_p_value,500.0,0.1,,0.025054006060311104,0.0029681427559681,-0.0249459939396889,1.2157053141947927e-11,significant
0.1,clusteringcoef,0.0456400476459608,500,partial_correlation_p_value,500.0,0.2,,6.313699919191115e-06,1.3746001160742472e-06,-0.04999368630008081,0.0,significant
0.1,clusteringcoef,0.0456400476459608,500,partial_correlation_p_value,500.0,0.3,,6.716109043816408e-12,2.1995362151407345e-12,-0.049999999993283896,0.0,significant
0.1,clusteringcoef,0.0456400476459608,500,partial_correlation_p_value,500.0,0.4,,1.0365018011564428e-20,4.66858860102495e-21,-0.05,0.0,significant
0.1,clusteringcoef,0.0456400476459608,500,partial_correlation_p_value,500.0,0.5,,4.1307211551450724e-33,2.4506932190139346e-33,-0.05,0.0,significant
0.1,clusteringcoef,0.0456400476459608,1000,partial_correlation_p_value,1000.0,0.05,,0.11371053994288459,0.0104325520486518,0.06371053994288459,9.85849265933987e-15,non-significant
0.1,clusteringcoef,0.0456400476459608,1000,partial_correlation_p_value,1000.0,0.1,,0.0015273578790529936,0.0002405329260112,-0.04847264212094701,0.0,significant
0.1,clusteringcoef,0.0456400476459608,1000,partial_correlation_p_value,1000.0,0.2,,1.6849007397872172e-10,5.080140646842329e-11,-0.04999999983150993,0.0,significant
0.1,clusteringcoef,0.0456400476459608,1000,partial_correlation_p_value,1000.0,0.3,,2.761398881915165e-22,1.2663982370782891e-22,-0.05,0.0,significant
0.1,clusteringcoef,0.0456400476459608,1000,partial_correlation_p_value,1000.0,0.4,,8.653026414338422e-40,5.481484883903309e-40,-0.05,0.0,significant
0.1,clusteringcoef,0.0456400476459608,1000,partial_correlation_p_value,1000.0,0.5,,1.706877942166305e-64,1.4272363464473278e-64,-0.05,0.0,significant
0.2,clusteringcoef,0.0540284967317034,30,partial_correlation_p_value,30.0,0.05,,0.7858069815820645,0.0419317739405912,0.7358069815820645,2.6912696432578e-78,non-significant
0.2,clusteringcoef,0.0540284967317034,30,partial_correlation_p_value,30.0,0.1,,0.5860649647763356,0.0375851635378772,0.5360649647763356,9.64137425973729e-84,non-significant
0.2,clusteringcoef,0.0540284967317034,30,partial_correlation_p_value,30.0,0.2,,0.27242589732757794,0.0240568633712184,0.22242589732757795,8.329041995717096e-42,non-significant
0.2,clusteringcoef,0.0540284967317034,30,partial_correlation_p_value,30.0,0.3,,0.09527344416868826,0.0110765958826929,0.045273444168688254,5.260362069127089e-07,non-significant
0.2,clusteringcoef,0.0540284967317034,30,partial_correlation_p_value,30.0,0.4,,0.023307657869861772,0.0034702101082162,-0.02669234213013823,1.2294185669503577e-09,significant
0.2,clusteringcoef,0.0540284967317034,30,partial_correlation_p_value,30.0,0.5,,0.0035685233088176825,0.0006709566193083,-0.04643147669118232,0.0,significant
0.2,clusteringcoef,0.0540284967317034,50,partial_correlation_p_value,50.0,0.05,,0.724830244916418,0.040751606754503,0.674830244916418,5.861378097592086e-85,non-significant
0.2,clusteringcoef,0.0540284967317034,50,partial_correlation_p_value,50.0,0.1,,0.4805913120761051,0.0338720005422403,0.4305913120761051,5.010985375247834e-75,non-significant
0.2,clusteringcoef,0.0540284967317034,50,partial_correlation_p_value,50.0,0.2,,0.15515112469544967,0.0159376318060114,0.10515112469544967,4.439815778964028e-19,non-significant
0.2,clusteringcoef,0.0540284967317034,50,partial_correlation_p_value,50.0,0.3,,0.030712033725595562,0.0042982600950905,-0.01928796627440444,5.770868132470852e-05,significant
0.2,clusteringcoef,0.0540284967317034,50,partial_correlation_p_value,50.0,0.4,,0.003302727162238229,0.0006048129597216,-0.046697272837761775,0.0,significant
0.2,clusteringcoef,0.0540284967317034,50,partial_correlation_p_value,50.0,0.5,,0.0001605349566003264,3.765126161538706e-05,-0.04983946504339968,0.0,significant
0.2,clusteringcoef,0.0540284967317034,75,partial_correlation_p_value,75.0,0.05,,0.6658561263349685,0.0394282565069055,0.6158561263349684,3.5728456494479807e-87,non-significant
0.2,clusteringcoef,0.0540284967317034,75,partial_correlation_p_value,75.0,0.1,,0.3868655898413166,0.0298216941712429,0.3368655898413166,1.533338350661044e-62,non-significant
0.2,clusteringcoef,0.0540284967317034,75,partial_correlation_p_value,75.0,0.2,,0.08116706380718447,0.0095513714384929,0.031167063807184467,9.744940405602522e-05,non-significant
0.2,clusteringcoef,0.0540284967317034,75,partial_correlation_p_value,75.0,0.3,,0.008030434893107933,0.0013199626056192,-0.04196956510689207,0.0,significant
0.2,clusteringcoef,0.0540284967317034,75,partial_correlation_p_value,75.0,0.4,,0.00031301084080057913,6.82910352302283e-05,-0.049686989159199425,0.0,significant
0.2,clusteringcoef,0.0540284967317034,75,partial_correlation_p_value,75.0,0.5,,3.657912410473166e-06,1.031090670939253e-06,-0.04999634208758953,0.0,significant
0.2,clusteringcoef,0.0540284967317034,100,partial_correlation_p_value,100.0,0.05,,0.6177343076882446,0.0381810964488822,0.5677343076882445,1.5186063676068712e-86,non-significant
0.2,clusteringcoef,0.0540284967317034,100,partial_correlation_p_value,100.0,0.1,,0.3173043978741975,0.0262785720677763,0.2673043978741975,4.004093537994465e-51,non-significant
0.2,clusteringcoef,0.0540284967317034,100,partial_correlation_p_value,100.0,0.2,,0.043860884260170395,0.0057290902747923,-0.006139115739829608,0.14275886834538098,significant
0.2,clusteringcoef,0.0540284967317034,100,partial_correlation_p_value,100.0,0.3,,0.0021883947254214523,0.0004057033091101,-0.04781160527457855,0.0,significant
0.2,clusteringcoef,0.0540284967317034,100,partial_correlation_p_value,100.0,0.4,,3.109559952288662e-05,7.717635979607728e-06,-0.04996890440047712,0.0,significant
0.2,clusteringcoef,0.0540284967317034,100,partial_correlation_p_value,100.0,0.5,,8.769694091866885e-08,2.8261302135291578e-08,-0.049999912303059085,0.0,significant
0.2,clusteringcoef,0.0540284967317034,300,partial_correlation_p_value,300.0,0.05,,0.3865747744849377,0.0296759936162781,0.3365747744849377,4.882153475229322e-63,non-significant
0.2,clusteringcoef,0.0540284967317034,300,partial_correlation_p_value,300.0,0.1,,0.0827480032540806,0.0096025739345953,0.0327480032540806,4.4887628071799856e-05,non-significant
0.2,clusteringcoef,0.0540284967317034,300,partial_correlation_p_value,300.0,0.2,,0.00047121211121644706,9.648846707494076e-05,-0.04952878788878356,0.0,significant
0.2,clusteringcoef,0.0540284967317034,300,partial_correlation_p_value,300.0,0.3,,1.0680987893806553e-07,3.2479865290851325e-08,-0.04999989319012106,0.0,significant
0.2,clusteringcoef,0.0540284967317034,300,partial_correlation_p_value,300.0,0.4,,4.961369134212258e-13,2.063855721120661e-13,-0.049999999999503865,0.0,significant
0.2,clusteringcoef,0.0540284967317034,300,partial_correlation_p_value,300.0,0.5,,1.6558627351112573e-20,9.048674050073398e-21,-0.05,0.0,significant
0.2,clusteringcoef,0.0540284967317034,500,partial_correlation_p_value,500.0,0.05,,0.2634924310858535,0.0230967123347447,0.21349243108585353,1.4923007063759063e-41,non-significant
0.2,clusteringcoef,0.0540284967317034,500,partial_correlation_p_value,500.0,0.1,,0.025054006060311104,0.003513674929396,-0.0249459939396889,7.914643829209922e-09,significant
0.2,clusteringcoef,0.0540284967317034,500,partial_correlation_p_value,500.0,0.2,,6.313699919191115e-06,1.6272458445886254e-06,-0.04999368630008081,0.0,significant
0.2,clusteringcoef,0.0540284967317034,500,partial_correlation_p_value,500.0,0.3,,6.716109043816408e-12,2.6038017342322323e-12,-0.049999999993283896,0.0,significant
0.2,clusteringcoef,0.0540284967317034,500,partial_correlation_p_value,500.0,0.4,,1.0365018011564428e-20,5.5266555795207964e-21,-0.05,0.0,significant
0.2,clusteringcoef,0.0540284967317034,500,partial_correlation_p_value,500.0,0.5,,4.1307211551450724e-33,2.9011203406493426e-33,-0.05,0.0,significant
0.2,clusteringcoef,0.0540284967317034,1000,partial_correlation_p_value,1000.0,0.05,,0.11371053994288459,0.0123500113022733,0.06371053994288459,5.491255739550624e-11,non-significant
0.2,clusteringcoef,0.0540284967317034,1000,partial_correlation_p_value,1000.0,0.1,,0.0015273578790529936,0.0002847418676613,-0.04847264212094701,0.0,significant
0.2,clusteringcoef,0.0540284967317034,1000,partial_correlation_p_value,1000.0,0.2,,1.6849007397872172e-10,6.013849162990641e-11,-0.04999999983150993,0.0,significant
0.2,clusteringcoef,0.0540284967317034,1000,partial_correlation_p_value,1000.0,0.3,,2.761398881915165e-22,1.4991569146417112e-22,-0.05,0.0,significant
0.2,clusteringcoef,0.0540284967317034,1000,partial_correlation_p_value,1000.0,0.4,,8.653026414338422e-40,6.4889587853237425e-40,-0.05,0.0,significant
0.2,clusteringcoef,0.0540284967317034,1000,partial_correlation_p_value,1000.0,0.5,,1.706877942166305e-64,1.6895563930512724e-64,-0.05,0.0,significant
0.3,clusteringcoef,0.0633084833648889,30,partial_correlation_p_value,30.0,0.05,,0.7858069815820645,0.049134015816888,0.7358069815820645,2.2098489105559958e-57,non-significant
0.3,clusteringcoef,0.0633084833648889,30,partial_correlation_p_value,30.0,0.1,,0.5860649647763356,0.0440408274252074,0.5360649647763356,2.063115695698401e-61,non-significant
0.3,clusteringcoef,0.0633084833648889,30,partial_correlation_p_value,30.0,0.2,,0.27242589732757794,0.0281888933928917,0.22242589732757795,6.45679819954296e-31,non-significant
0.3,clusteringcoef,0.0633084833648889,30,partial_correlation_p_value,30.0,0.3,,0.09527344416868826,0.0129791226593128,0.045273444168688254,1.6414632135568905e-05,non-significant
0.3,clusteringcoef,0.0633084833648889,30,partial_correlation_p_value,30.0,0.4,,0.023307657869861772,0.0040662567385437,-0.02669234213013823,1.6669941860225634e-07,significant
0.3,clusteringcoef,0.0633084833648889,30,partial_correlation_p_value,30.0,0.5,,0.0035685233088176825,0.0007862007744353,-0.04643147669118232,0.0,significant
0.3,clusteringcoef,0.0633084833648889,50,partial_correlation_p_value,50.0,0.05,,0.724830244916418,0.0477511419783049,0.674830244916418,2.9512368343610387e-62,non-significant
0.3,clusteringcoef,0.0633084833648889,50,partial_correlation_p_value,50.0,0.1,,0.4805913120761051,0.039689887977313,0.4305913120761051,4.340482515753713e-55,non-significant
0.3,clusteringcoef,0.0633084833648889,50,partial_correlation_p_value,50.0,0.2,,0.15515112469544967,0.0186750947944575,0.10515112469544967,2.3879818935783816e-14,non-significant
0.3,clusteringcoef,0.0633084833648889,50,partial_correlation_p_value,50.0,0.3,,0.030712033725595562,0.005036533388654,-0.01928796627440444,0.00047708149947123246,significant
0.3,clusteringcoef,0.0633084833648889,50,partial_correlation_p_value,50.0,0.4,,0.003302727162238229,0.0007086962161754,-0.046697272837761775,0.0,significant
0.3,clusteringcoef,0.0633084833648889,50,partial_correlation_p_value,50.0,0.5,,0.0001605349566003264,4.411827857216897e-05,-0.04983946504339968,0.0,significant
0.3,clusteringcoef,0.0633084833648889,75,partial_correlation_p_value,75.0,0.05,,0.6658561263349685,0.0462004918176686,0.6158561263349684,6.87804862750204e-64,non-significant
0.3,clusteringcoef,0.0633084833648889,75,partial_correlation_p_value,75.0,0.1,,0.3868655898413166,0.0349438970832053,0.3368655898413166,5.1913133755357475e-46,non-significant
0.3,clusteringcoef,0.0633084833648889,75,partial_correlation_p_value,75.0,0.2,,0.08116706380718447,0.0111919241956418,0.031167063807184467,0.000771269313166456,non-significant
0.3,clusteringcoef,0.0633084833648889,75,partial_correlation_p_value,75.0,0.3,,0.008030434893107933,0.0015466806540091,-0.04196956510689207,0.0,significant
0.3,clusteringcoef,0.0633084833648889,75,partial_correlation_p_value,75.0,0.4,,0.00031301084080057913,8.002076921209282e-05,-0.049686989159199425,0.0,significant
0.3,clusteringcoef,0.0633084833648889,75,partial_correlation_p_value,75.0,0.5,,3.657912410473166e-06,1.2081917976175346e-06,-0.04999634208758953,0.0,significant
0.3,clusteringcoef,0.0633084833648889,100,partial_correlation_p_value,100.0,0.05,,0.6177343076882446,0.0447391183469462,0.5677343076882445,1.9095006869451723e-63,non-significant
0.3,clusteringcoef,0.0633084833648889,100,partial_correlation_p_value,100.0,0.1,,0.3173043978741975,0.0307922049148859,0.2673043978741975,1.055369061210853e-37,non-significant
0.3,clusteringcoef,0.0633084833648889,100,partial_correlation_p_value,100.0,0.2,,0.043860884260170395,0.0067131243380459,-0.006139115739829608,0.1776461018008899,significant
0.3,clusteringcoef,0.0633084833648889,100,partial_correlation_p_value,100.0,0.3,,0.0021883947254214523,0.0004753873002134,-0.04781160527457855,0.0,significant
0.3,clusteringcoef,0.0633084833648889,100,partial_correlation_p_value,100.0,0.4,,3.109559952288662e-05,9.043224568277924e-06,-0.04996890440047712,0.0,significant
0.3,clusteringcoef,0.0633084833648889,100,partial_correlation_p_value,100.0,0.5,,8.769694091866885e-08,3.3115490608353945e-08,-0.049999912303059085,0.0,significant
0.3,clusteringcoef,0.0633084833648889,300,partial_correlation_p_value,300.0,0.05,,0.3865747744849377,0.0347731708605963,0.3365747744849377,2.2528008066998546e-46,non-significant
0.3,clusteringcoef,0.0633084833648889,300,partial_correlation_p_value,300.0,0.1,,0.0827480032540806,0.0112519212817876,0.0327480032540806,0.0004345187516267775,non-significant
0.3,clusteringcoef,0.0633084833648889,300,partial_correlation_p_value,300.0,0.2,,0.00047121211121644706,0.0001130614191072,-0.04952878788878356,0.0,significant
0.3,clusteringcoef,0.0633084833648889,300,partial_correlation_p_value,300.0,0.3,,1.0680987893806553e-07,3.80586382343876e-08,-0.04999989319012106,0.0,significant
0.3,clusteringcoef,0.0633084833648889,300,partial_correlation_p_value,300.0,0.4,,4.961369134212258e-13,2.4183455674684433e-13,-0.049999999999503865,0.0,significant
0.3,clusteringcoef,0.0633084833648889,300,partial_correlation_p_value,300.0,0.5,,1.6558627351112573e-20,1.0602883019642227e-20,-0.05,0.0,significant
0.3,clusteringcoef,0.0633084833648889,500,partial_correlation_p_value,500.0,0.05,,0.2634924310858535,0.0270638258896771,0.21349243108585353,9.827155245335697e-31,non-significant
0.3,clusteringcoef,0.0633084833648889,500,partial_correlation_p_value,500.0,0.1,,0.025054006060311104,0.0041171871192701,-0.0249459939396889,6.600452187033312e-07,significant
0.3,clusteringcoef,0.0633084833648889,500,partial_correlation_p_value,500.0,0.2,,6.313699919191115e-06,1.9067431580466929e-06,-0.04999368630008081,0.0,significant
0.3,clusteringcoef,0.0633084833648889,500,partial_correlation_p_value,500.0,0.3,,6.716109043816408e-12,3.0510332278110934e-12,-0.049999999993283896,0.0,significant
0.3,clusteringcoef,0.0633084833648889,500,partial_correlation_p_value,500.0,0.4,,1.0365018011564428e-20,6.475919264550888e-21,-0.05,0.0,significant
0.3,clusteringcoef,0.0633084833648889,500,partial_correlation_p_value,500.0,0.5,,4.1307211551450724e-33,3.399419564412322e-33,-0.05,0.0,significant
0.3,clusteringcoef,0.0633084833648889,1000,partial_correlation_p_value,1000.0,0.05,,0.11371053994288459,0.0144712611377798,0.06371053994288459,1.96434980202166e-08,non-significant
0.3,clusteringcoef,0.0633084833648889,1000,partial_correlation_p_value,1000.0,0.1,,0.0015273578790529936,0.0003336494050842,-0.04847264212094701,0.0,significant
0.3,clusteringcoef,0.0633084833648889,1000,partial_correlation_p_value,1000.0,0.2,,1.6849007397872172e-10,7.046793687130976e-11,-0.04999999983150993,0.0,significant
0.3,clusteringcoef,0.0633084833648889,1000,partial_correlation_p_value,1000.0,0.3,,2.761398881915165e-22,1.756653550130353e-22,-0.05,0.0,significant
0.3,clusteringcoef,0.0633084833648889,1000,partial_correlation_p_value,1000.0,0.4,,8.653026414338422e-40,7.603508595771474e-40,-0.05,0.0,significant
0.3,clusteringcoef,0.0633084833648889,1000,partial_correlation_p_value,1000.0,0.5,,1.706877942166305e-64,1.9797562263242312e-64,-0.05,0.0,significant
0.4,clusteringcoef,0.087738264937062,30,partial_correlation_p_value,30.0,0.05,,0.7858069815820645,0.0680940857849515,0.7358069815820645,1.876893100237746e-30,non-significant
0.4,clusteringcoef,0.087738264937062,30,partial_correlation_p_value,30.0,0.1,,0.5860649647763356,0.0610355133988772,0.5360649647763356,1.1570918592438429e-32,non-significant
0.4,clusteringcoef,0.087738264937062,30,partial_correlation_p_value,30.0,0.2,,0.27242589732757794,0.0390665589401847,0.22242589732757795,7.176185005266167e-17,non-significant
0.4,clusteringcoef,0.087738264937062,30,partial_correlation_p_value,30.0,0.3,,0.09527344416868826,0.017987568837654,0.045273444168688254,0.0015168502405169739,non-significant
0.4,clusteringcoef,0.087738264937062,30,partial_correlation_p_value,30.0,0.4,,0.023307657869861772,0.0056353634152342,-0.02669234213013823,0.00010127857289299325,significant
0.4,clusteringcoef,0.087738264937062,30,partial_correlation_p_value,30.0,0.5,,0.0035685233088176825,0.0010895837046602,-0.04643147669118232,0.0,significant
0.4,clusteringcoef,0.087738264937062,50,partial_correlation_p_value,50.0,0.05,,0.724830244916418,0.0661775819488884,0.674830244916418,4.9705858267187125e-33,non-significant
0.4,clusteringcoef,0.087738264937062,50,partial_correlation_p_value,50.0,0.1,,0.4805913120761051,0.0550056125433438,0.4305913120761051,2.0484560372259588e-29,non-significant
0.4,clusteringcoef,0.087738264937062,50,partial_correlation_p_value,50.0,0.2,,0.15515112469544967,0.0258815300527257,0.10515112469544967,3.2205692968808226e-08,non-significant
0.4,clusteringcoef,0.087738264937062,50,partial_correlation_p_value,50.0,0.3,,0.030712033725595562,0.0069800550784188,-0.01928796627440444,0.007841680382294935,significant
0.4,clusteringcoef,0.087738264937062,50,partial_correlation_p_value,50.0,0.4,,0.003302727162238229,0.0009821713152771,-0.046697272837761775,0.0,significant
0.4,clusteringcoef,0.087738264937062,50,partial_correlation_p_value,50.0,0.5,,0.0001605349566003264,6.114285176635362e-05,-0.04983946504339968,0.0,significant
0.4,clusteringcoef,0.087738264937062,75,partial_correlation_p_value,75.0,0.05,,0.6658561263349685,0.064028559457946,0.6158561263349684,6.491844520815089e-34,non-significant
0.4,clusteringcoef,0.087738264937062,75,partial_correlation_p_value,75.0,0.1,,0.3868655898413166,0.0484282158924701,0.3368655898413166,1.02227012995708e-24,non-significant
0.4,clusteringcoef,0.087738264937062,75,partial_correlation_p_value,75.0,0.2,,0.08116706380718447,0.0155107176485819,0.031167063807184467,0.012119074171355533,non-significant
0.4,clusteringcoef,0.087738264937062,75,partial_correlation_p_value,75.0,0.3,,0.008030434893107933,0.0021435212120362,-0.04196956510689207,0.0,significant
0.4,clusteringcoef,0.087738264937062,75,partial_correlation_p_value,75.0,0.4,,0.00031301084080057913,0.0001108995679004,-0.049686989159199425,0.0,significant
0.4,clusteringcoef,0.087738264937062,75,partial_correlation_p_value,75.0,0.5,,3.657912410473166e-06,1.6744146502953977e-06,-0.04999634208758953,0.0,significant
0.4,clusteringcoef,0.087738264937062,100,partial_correlation_p_value,100.0,0.05,,0.6177343076882446,0.0620032641747337,0.5677343076882445,1.0425569409800537e-33,non-significant
0.4,clusteringcoef,0.087738264937062,100,partial_correlation_p_value,100.0,0.1,,0.3173043978741975,0.042674448813552,0.2673043978741975,2.101793507855649e-20,non-significant
0.4,clusteringcoef,0.087738264937062,100,partial_correlation_p_value,100.0,0.2,,0.043860884260170395,0.0093036169944576,-0.006139115739829608,0.24239230984457305,significant
0.4,clusteringcoef,0.087738264937062,100,partial_correlation_p_value,100.0,0.3,,0.0021883947254214523,0.0006588320344596,-0.04781160527457855,0.0,significant
0.4,clusteringcoef,0.087738264937062,100,partial_correlation_p_value,100.0,0.4,,3.109559952288662e-05,1.2532867490819714e-05,-0.04996890440047712,0.0,significant
0.4,clusteringcoef,0.087738264937062,100,partial_correlation_p_value,100.0,0.5,,8.769694091866885e-08,4.5894255146979955e-08,-0.049999912303059085,0.0,significant
0.4,clusteringcoef,0.087738264937062,300,partial_correlation_p_value,300.0,0.05,,0.3865747744849377,0.0481916090152427,0.3365747744849377,6.604105422520724e-25,non-significant
0.4,clusteringcoef,0.087738264937062,300,partial_correlation_p_value,300.0,0.1,,0.0827480032540806,0.0155938666984394,0.0327480032540806,0.008859277861499275,non-significant
0.4,clusteringcoef,0.087738264937062,300,partial_correlation_p_value,300.0,0.2,,0.00047121211121644706,0.0001566901024404,-0.04952878788878356,0.0,significant
0.4,clusteringcoef,0.087738264937062,300,partial_correlation_p_value,300.0,0.3,,1.0680987893806553e-07,5.2744888316254135e-08,-0.04999989319012106,0.0,significant
0.4,clusteringcoef,0.087738264937062,300,partial_correlation_p_value,300.0,0.4,,4.961369134212258e-13,3.3515483680910977e-13,-0.049999999999503865,0.0,significant
0.4,clusteringcoef,0.087738264937062,300,partial_correlation_p_value,300.0,0.5,,1.6558627351112573e-20,1.469437443497472e-20,-0.05,0.0,significant
0.4,clusteringcoef,0.087738264937062,500,partial_correlation_p_value,500.0,0.05,,0.2634924310858535,0.0375073449861844,0.21349243108585353,8.855670249698775e-17,non-significant
0.4,clusteringcoef,0.087738264937062,500,partial_correlation_p_value,500.0,0.1,,0.025054006060311104,0.0057059470558463,-0.0249459939396889,0.00021446236822031395,significant
0.4,clusteringcoef,0.087738264937062,500,partial_correlation_p_value,500.0,0.2,,6.313699919191115e-06,2.642526364174648e-06,-0.04999368630008081,0.0,significant
0.4,clusteringcoef,0.087738264937062,500,partial_correlation_p_value,500.0,0.3,,6.716109043816408e-12,4.228380581012817e-12,-0.049999999993283896,0.0,significant
0.4,clusteringcoef,0.087738264937062,500,partial_correlation_p_value,500.0,0.4,,1.0365018011564428e-20,8.974878088128508e-21,-0.05,0.0,significant
0.4,clusteringcoef,0.087738264937062,500,partial_correlation_p_value,500.0,0.5,,4.1307211551450724e-33,4.711203910154886e-33,-0.05,0.0,significant
0.4,clusteringcoef,0.087738264937062,1000,partial_correlation_p_value,1000.0,0.05,,0.11371053994288459,0.0200555008775349,0.06371053994288459,4.198901368376227e-05,non-significant
0.4,clusteringcoef,0.087738264937062,1000,partial_correlation_p_value,1000.0,0.1,,0.0015273578790529936,0.0004623996397236,-0.04847264212094701,0.0,significant
0.4,clusteringcoef,0.087738264937062,1000,partial_correlation_p_value,1000.0,0.2,,1.6849007397872172e-10,9.76604427426878e-11,-0.04999999983150993,0.0,significant
0.4,clusteringcoef,0.087738264937062,1000,partial_correlation_p_value,1000.0,0.3,,2.761398881915165e-22,2.434519457615787e-22,-0.05,0.0,significant
0.4,clusteringcoef,0.087738264937062,1000,partial_correlation_p_value,1000.0,0.4,,8.653026414338422e-40,1.0537587005235574e-39,-0.05,0.0,significant
0.4,clusteringcoef,0.087738264937062,1000,partial_correlation_p_value,1000.0,0.5,,1.706877942166305e-64,2.743714065852481e-64,-0.05,0.0,significant
0.5,clusteringcoef,0.1190471512246693,30,partial_correlation_p_value,30.0,0.05,,0.7858069815820645,0.0923930617246849,0.7358069815820645,4.981208779449979e-17,non-significant
0.5,clusteringcoef,0.1190471512246693,30,partial_correlation_p_value,30.0,0.1,,0.5860649647763356,0.0828156790983241,0.5360649647763356,2.458166381401742e-18,non-significant
0.5,clusteringcoef,0.1190471512246693,30,partial_correlation_p_value,30.0,0.2,,0.27242589732757794,0.0530072318311263,0.22242589732757795,7.692313601451559e-10,non-significant
0.5,clusteringcoef,0.1190471512246693,30,partial_correlation_p_value,30.0,0.3,,0.09527344416868826,0.0244063274913908,0.045273444168688254,0.016062716999006865,non-significant
0.5,clusteringcoef,0.1190471512246693,30,partial_correlation_p_value,30.0,0.4,,0.023307657869861772,0.0076463098646936,-0.02669234213013823,0.002702983863162034,significant
0.5,clusteringcoef,0.1190471512246693,30,partial_correlation_p_value,30.0,0.5,,0.0035685233088176825,0.0014783952720476,-0.04643147669118232,0.0,significant
0.5,clusteringcoef,0.1190471512246693,50,partial_correlation_p_value,50.0,0.05,,0.724830244916418,0.0897926647125247,0.674830244916418,1.822284355763777e-18,non-significant
0.5,clusteringcoef,0.1190471512246693,50,partial_correlation_p_value,50.0,0.1,,0.4805913120761051,0.0746340434170921,0.4305913120761051,1.2960651365463932e-16,non-significant
0.5,clusteringcoef,0.1190471512246693,50,partial_correlation_p_value,50.0,0.2,,0.15515112469544967,0.0351172025606259,0.10515112469544967,4.04758101496038e-05,non-significant
0.5,clusteringcoef,0.1190471512246693,50,partial_correlation_p_value,50.0,0.3,,0.030712033725595562,0.0094708468770509,-0.01928796627440444,0.03416998253847414,significant
0.5,clusteringcoef,0.1190471512246693,50,partial_correlation_p_value,50.0,0.4,,0.003302727162238229,0.0013326534002262,-0.046697272837761775,0.0,significant
0.5,clusteringcoef,0.1190471512246693,50,partial_correlation_p_value,50.0,0.5,,0.0001605349566003264,8.296132053395469e-05,-0.04983946504339968,0.0,significant
0.5,clusteringcoef,0.1190471512246693,75,partial_correlation_p_value,75.0,0.05,,0.6658561263349685,0.0868767761244843,0.6158561263349684,5.598180841466358e-19,non-significant
0.5,clusteringcoef,0.1190471512246693,75,partial_correlation_p_value,75.0,0.1,,0.3868655898413166,0.0657095412705899,0.3368655898413166,4.3376323737571775e-14,non-significant
0.5,clusteringcoef,0.1190471512246693,75,partial_correlation_p_value,75.0,0.2,,0.08116706380718447,0.0210456264531609,0.031167063807184467,0.05263580045315837,non-significant
0.5,clusteringcoef,0.1190471512246693,75,partial_correlation_p_value,75.0,0.3,,0.008030434893107933,0.0029084242099569,-0.04196956510689207,8.038014698286133e-14,significant
0.5,clusteringcoef,0.1190471512246693,75,partial_correlation_p_value,75.0,0.4,,0.00031301084080057913,0.0001504734295813,-0.049686989159199425,0.0,significant
0.5,clusteringcoef,0.1190471512246693,75,partial_correlation_p_value,75.0,0.5,,3.657912410473166e-06,2.2719197174631623e-06,-0.04999634208758953,0.0,significant
0.5,clusteringcoef,0.1190471512246693,100,partial_correlation_p_value,100.0,0.05,,0.6177343076882446,0.0841287660740447,0.5677343076882445,6.851517774198039e-19,non-significant
0.5,clusteringcoef,0.1190471512246693,100,partial_correlation_p_value,100.0,0.1,,0.3173043978741975,0.0579025760878747,0.2673043978741975,9.278693649134546e-12,non-significant
0.5,clusteringcoef,0.1190471512246693,100,partial_correlation_p_value,100.0,0.2,,0.043860884260170395,0.012623558262408,-0.006139115739829608,0.289130160849393,significant
0.5,clusteringcoef,0.1190471512246693,100,partial_correlation_p_value,100.0,0.3,,0.0021883947254214523,0.0008939323896391,-0.04781160527457855,0.0,significant
0.5,clusteringcoef,0.1190471512246693,100,partial_correlation_p_value,100.0,0.4,,3.109559952288662e-05,1.700514789674296e-05,-0.04996890440047712,0.0,significant
0.5,clusteringcoef,0.1190471512246693,100,partial_correlation_p_value,100.0,0.5,,8.769694091866885e-08,6.227135146501147e-08,-0.049999912303059085,0.0,significant
0.5,clusteringcoef,0.1190471512246693,300,partial_correlation_p_value,300.0,0.05,,0.3865747744849377,0.0653885026141462,0.3365747744849377,3.4138475901141665e-14,non-significant
0.5,clusteringcoef,0.1190471512246693,300,partial_correlation_p_value,300.0,0.1,,0.0827480032540806,0.0211584467547668,0.0327480032540806,0.043885040330189265,non-significant
0.5,clusteringcoef,0.1190471512246693,300,partial_correlation_p_value,300.0,0.2,,0.00047121211121644706,0.0002126040483478,-0.04952878788878356,0.0,significant
0.5,clusteringcoef,0.1190471512246693,300,partial_correlation_p_value,300.0,0.3,,1.0680987893806553e-07,7.156659298218008e-08,-0.04999989319012106,0.0,significant
0.5,clusteringcoef,0.1190471512246693,300,partial_correlation_p_value,300.0,0.4,,4.961369134212258e-13,4.547528785748691e-13,-0.049999999999503865,0.0,significant
0.5,clusteringcoef,0.1190471512246693,300,partial_correlation_p_value,300.0,0.5,,1.6558627351112573e-20,1.9937975942049988e-20,-0.05,0.0,significant
0.5,clusteringcoef,0.1190471512246693,500,partial_correlation_p_value,500.0,0.05,,0.2634924310858535,0.0508916215041312,0.21349243108585353,8.553006156745221e-10,non-significant
0.5,clusteringcoef,0.1190471512246693,500,partial_correlation_p_value,500.0,0.1,,0.025054006060311104,0.0077420808643134,-0.0249459939396889,0.004188402220615006,significant
0.5,clusteringcoef,0.1190471512246693,500,partial_correlation_p_value,500.0,0.2,,6.313699919191115e-06,3.585496429827269e-06,-0.04999368630008081,0.0,significant
0.5,clusteringcoef,0.1190471512246693,500,partial_correlation_p_value,500.0,0.3,,6.716109043816408e-12,5.737253441521542e-12,-0.049999999993283896,0.0,significant
0.5,clusteringcoef,0.1190471512246693,500,partial_correlation_p_value,500.0,0.4,,1.0365018011564428e-20,1.217751080155088e-20,-0.05,0.0,significant
0.5,clusteringcoef,0.1190471512246693,500,partial_correlation_p_value,500.0,0.5,,4.1307211551450724e-33,6.392369449575793e-33,-0.05,0.0,significant
0.5,clusteringcoef,0.1190471512246693,1000,partial_correlation_p_value,1000.0,0.05,,0.11371053994288459,0.0272121889755521,0.06371053994288459,0.0021344818686734775,non-significant
0.5,clusteringcoef,0.1190471512246693,1000,partial_correlation_p_value,1000.0,0.1,,0.0015273578790529936,0.000627404244612,-0.04847264212094701,0.0,significant
0.5,clusteringcoef,0.1190471512246693,1000,partial_correlation_p_value,1000.0,0.2,,1.6849007397872172e-10,1.3251000010311152e-10,-0.04999999983150993,0.0,significant
0.5,clusteringcoef,0.1190471512246693,1000,partial_correlation_p_value,1000.0,0.3,,2.761398881915165e-22,3.303263476182112e-22,-0.05,0.0,significant
0.5,clusteringcoef,0.1190471512246693,1000,partial_correlation_p_value,1000.0,0.4,,8.653026414338422e-40,1.4297863248780548e-39,-0.05,0.0,significant
0.5,clusteringcoef,0.1190471512246693,1000,partial_correlation_p_value,1000.0,0.5,,1.706877942166305e-64,3.7227923705705565e-64,-0.05,0.0,significant
0.05,degree,0.118121404749048,30,partial_correlation_p_value,30.0,0.05,,0.7858069815820645,0.0916745854706663,0.7358069815820645,2.7877906560442876e-17,non-significant
0.05,degree,0.118121404749048,30,partial_correlation_p_value,30.0,0.1,,0.5860649647763356,0.0821716794539583,0.5360649647763356,1.3231989532073697e-18,non-significant
0.05,degree,0.118121404749048,30,partial_correlation_p_value,30.0,0.2,,0.27242589732757794,0.052595031643677,0.22242589732757795,5.67070236706391e-10,non-significant
0.05,degree,0.118121404749048,30,partial_correlation_p_value,30.0,0.3,,0.09527344416868826,0.0242165365436396,0.045273444168688254,0.015344816776516295,non-significant
0.05,degree,0.118121404749048,30,partial_correlation_p_value,30.0,0.4,,0.023307657869861772,0.0075868498579994,-0.02669234213013823,0.002538455137789275,significant
0.05,degree,0.118121404749048,30,partial_correlation_p_value,30.0,0.5,,0.0035685233088176825,0.0014668988254835,-0.04643147669118232,0.0,significant
0.05,degree,0.118121404749048,50,partial_correlation_p_value,50.0,0.05,,0.724830244916418,0.0890944099282721,0.674830244916418,9.709491694196776e-19,non-significant
0.05,degree,0.118121404749048,50,partial_correlation_p_value,50.0,0.1,,0.4805913120761051,0.0740536666340782,0.4305913120761051,7.450746251778358e-17,non-significant
0.05,degree,0.118121404749048,50,partial_correlation_p_value,50.0,0.2,,0.15515112469544967,0.0348441206248572,0.10515112469544967,3.534957524234219e-05,non-significant
0.05,degree,0.118121404749048,50,partial_correlation_p_value,50.0,0.3,,0.030712033725595562,0.0093971987214472,-0.01928796627440444,0.03320802283886792,significant
0.05,degree,0.118121404749048,50,partial_correlation_p_value,50.0,0.4,,0.003302727162238229,0.0013222902863189,-0.046697272837761775,0.0,significant
0.05,degree,0.118121404749048,50,partial_correlation_p_value,50.0,0.5,,0.0001605349566003264,8.231618833795401e-05,-0.04983946504339968,0.0,significant
0.05,degree,0.118121404749048,75,partial_correlation_p_value,75.0,0.05,,0.6658561263349685,0.0862011961674402,0.6158561263349684,2.9354526500620034e-19,non-significant
0.05,degree,0.118121404749048,75,partial_correlation_p_value,75.0,0.1,,0.3868655898413166,0.0651985641021304,0.3368655898413166,2.7384306941444865e-14,non-significant
0.05,degree,0.118121404749048,75,partial_correlation_p_value,75.0,0.2,,0.08116706380718447,0.0208819693280989,0.031167063807184467,0.051138625100190724,non-significant
0.05,degree,0.118121404749048,75,partial_correlation_p_value,75.0,0.3,,0.008030434893107933,0.0028858074279988,-0.04196956510689207,5.2513549064769904e-14,significant
0.05,degree,0.118121404749048,75,partial_correlation_p_value,75.0,0.4,,0.00031301084080057913,0.0001493033029073,-0.049686989159199425,0.0,significant
0.05,degree,0.118121404749048,75,partial_correlation_p_value,75.0,0.5,,3.657912410473166e-06,2.254252585997187e-06,-0.04999634208758953,0.0,significant
0.05,degree,0.118121404749048,100,partial_correlation_p_value,100.0,0.05,,0.6177343076882446,0.0834745554701771,0.5677343076882445,3.6109653529269948e-19,non-significant
0.05,degree,0.118121404749048,100,partial_correlation_p_value,100.0,0.1,,0.3173043978741975,0.0574523082302123,0.2673043978741975,6.3803501508956274e-12,non-significant
0.05,degree,0.118121404749048,100,partial_correlation_p_value,100.0,0.2,,0.043860884260170395,0.0125253936742511,-0.006139115739829608,0.2881220132384198,significant
0.05,degree,0.118121404749048,100,partial_correlation_p_value,100.0,0.3,,0.0021883947254214523,0.0008869809023448,-0.04781160527457855,0.0,significant
0.05,degree,0.118121404749048,100,partial_correlation_p_value,100.0,0.4,,3.109559952288662e-05,1.687291074893319e-05,-0.04996890440047712,0.0,significant
0.05,degree,0.118121404749048,100,partial_correlation_p_value,100.0,0.5,,8.769694091866885e-08,6.178711069521669e-08,-0.049999912303059085,0.0,significant
0.05,degree,0.118121404749048,300,partial_correlation_p_value,300.0,0.05,,0.3865747744849377,0.0648800219388971,0.3365747744849377,2.1472807962767878e-14,non-significant
0.05,degree,0.118121404749048,300,partial_correlation_p_value,300.0,0.1,,0.0827480032540806,0.0209939123050858,0.0327480032540806,0.04253055557791328,non-significant
0.05,degree,0.118121404749048,300,partial_correlation_p_value,300.0,0.2,,0.00047121211121644706,0.0002109507752838,-0.04952878788878356,0.0,significant
0.05,degree,0.118121404749048,300,partial_correlation_p_value,300.0,0.3,,1.0680987893806553e-07,7.10100696169091e-08,-0.04999989319012106,0.0,significant
0.05,degree,0.118121404749048,300,partial_correlation_p_value,300.0,0.4,,4.961369134212258e-13,4.512165833314422e-13,-0.049999999999503865,0.0,significant
0.05,degree,0.118121404749048,300,partial_correlation_p_value,300.0,0.5,,1.6558627351112573e-20,1.9782932240714023e-20,-0.05,0.0,significant
0.05,degree,0.118121404749048,500,partial_correlation_p_value,500.0,0.05,,0.2634924310858535,0.0504958729392857,0.21349243108585353,6.317526742077753e-10,non-significant
0.05,degree,0.118121404749048,500,partial_correlation_p_value,500.0,0.1,,0.025054006060311104,0.0076818761135035,-0.0249459939396889,0.003956616123537704,significant
0.05,degree,0.118121404749048,500,partial_correlation_p_value,500.0,0.2,,6.313699919191115e-06,3.557614530519984e-06,-0.04999368630008081,0.0,significant
0.05,degree,0.118121404749048,500,partial_correlation_p_value,500.0,0.3,,6.716109043816408e-12,5.69263883211177e-12,-0.049999999993283896,0.0,significant
0.05,degree,0.118121404749048,500,partial_correlation_p_value,500.0,0.4,,1.0365018011564428e-20,1.2082814812689288e-20,-0.05,0.0,significant
0.05,degree,0.118121404749048,500,partial_correlation_p_value,500.0,0.5,,4.1307211551450724e-33,6.342660460927708e-33,-0.05,0.0,significant
0.05,degree,0.118121404749048,1000,partial_correlation_p_value,1000.0,0.05,,0.11371053994288459,0.0270005788044652,0.06371053994288459,0.0019797707723701536,non-significant
0.05,degree,0.118121404749048,1000,partial_correlation_p_value,1000.0,0.1,,0.0015273578790529936,0.0006225253603862,-0.04847264212094701,0.0,significant
0.05,degree,0.118121404749048,1000,partial_correlation_p_value,1000.0,0.2,,1.6849007397872172e-10,1.3147956246291528e-10,-0.04999999983150993,0.0,significant
0.05,degree,0.118121404749048,1000,partial_correlation_p_value,1000.0,0.3,,2.761398881915165e-22,3.277576305261465e-22,-0.05,0.0,significant
0.05,degree,0.118121404749048,1000,partial_correlation_p_value,1000.0,0.4,,8.653026414338422e-40,1.4186678761161064e-39,-0.05,0.0,significant
0.05,degree,0.118121404749048,1000,partial_correlation_p_value,1000.0,0.5,,1.706877942166305e-64,3.693842816708309e-64,-0.05,0.0,significant
0.1,degree,0.0754399300930147,30,partial_correlation_p_value,30.0,0.05,,0.7858069815820645,0.0585492894696454,0.7358069815820645,8.877776048617505e-41,non-significant
0.1,degree,0.0754399300930147,30,partial_correlation_p_value,30.0,0.1,,0.5860649647763356,0.0524801221827848,0.5360649647763356,1.0995472692952556e-43,non-significant
0.1,degree,0.0754399300930147,30,partial_correlation_p_value,30.0,0.2,,0.27242589732757794,0.0335905716569195,0.22242589732757795,2.918782951955549e-22,non-significant
0.1,degree,0.0754399300930147,30,partial_correlation_p_value,30.0,0.3,,0.09527344416868826,0.0154662385520083,0.045273444168688254,0.0002622064615079423,non-significant
0.1,degree,0.0754399300930147,30,partial_correlation_p_value,30.0,0.4,,0.023307657869861772,0.0048454505271898,-0.02669234213013823,8.521371360981078e-06,significant
0.1,degree,0.0754399300930147,30,partial_correlation_p_value,30.0,0.5,,0.0035685233088176825,0.0009368559837491,-0.04643147669118232,0.0,significant
0.1,degree,0.0754399300930147,50,partial_correlation_p_value,50.0,0.05,,0.724830244916418,0.0569014233359887,0.674830244916418,3.0998851233337023e-44,non-significant
0.1,degree,0.0754399300930147,50,partial_correlation_p_value,50.0,0.1,,0.4805913120761051,0.0472954368082157,0.4305913120761051,2.931027376790805e-39,non-significant
0.1,degree,0.0754399300930147,50,partial_correlation_p_value,50.0,0.2,,0.15515112469544967,0.0222536976230211,0.10515112469544967,1.410891600553974e-10,non-significant
0.1,degree,0.0754399300930147,50,partial_correlation_p_value,50.0,0.3,,0.030712033725595562,0.006001655805925,-0.01928796627440444,0.002638628062838544,significant
0.1,degree,0.0754399300930147,50,partial_correlation_p_value,50.0,0.4,,0.003302727162238229,0.0008444996651919,-0.046697272837761775,0.0,significant
0.1,degree,0.0754399300930147,50,partial_correlation_p_value,50.0,0.5,,0.0001605349566003264,5.257241485513853e-05,-0.04983946504339968,0.0,significant
0.1,degree,0.0754399300930147,75,partial_correlation_p_value,75.0,0.05,,0.6658561263349685,0.0550536308522723,0.6158561263349684,2.0922911494123506e-45,non-significant
0.1,degree,0.0754399300930147,75,partial_correlation_p_value,75.0,0.1,,0.3868655898413166,0.0416399985123721,0.3368655898413166,6.9598776582521e-33,non-significant
0.1,degree,0.0754399300930147,75,partial_correlation_p_value,75.0,0.2,,0.08116706380718447,0.0133365693513643,0.031167063807184467,0.0041376101348264294,non-significant
0.1,degree,0.0754399300930147,75,partial_correlation_p_value,75.0,0.3,,0.008030434893107933,0.0018430623229774,-0.04196956510689207,0.0,significant
0.1,degree,0.0754399300930147,75,partial_correlation_p_value,75.0,0.4,,0.00031301084080057913,9.535469678772236e-05,-0.049686989159199425,0.0,significant
0.1,degree,0.0754399300930147,75,partial_correlation_p_value,75.0,0.5,,3.657912410473166e-06,1.4397107608136194e-06,-0.04999634208758953,0.0,significant
0.1,degree,0.0754399300930147,100,partial_correlation_p_value,100.0,0.05,,0.6177343076882446,0.0533122226457977,0.5677343076882445,4.143877785714246e-45,non-significant
0.1,degree,0.0754399300930147,100,partial_correlation_p_value,100.0,0.1,,0.3173043978741975,0.036692741047041,0.2673043978741975,4.8508122691021776e-27,non-significant
0.1,degree,0.0754399300930147,100,partial_correlation_p_value,100.0,0.2,,0.043860884260170395,0.0079995223996911,-0.006139115739829608,0.2140350508921962,significant
0.1,degree,0.0754399300930147,100,partial_correlation_p_value,100.0,0.3,,0.0021883947254214523,0.0005664830807667,-0.04781160527457855,0.0,significant
0.1,degree,0.0754399300930147,100,partial_correlation_p_value,100.0,0.4,,3.109559952288662e-05,1.0776126562916234e-05,-0.04996890440047712,0.0,significant
0.1,degree,0.0754399300930147,100,partial_correlation_p_value,100.0,0.5,,8.769694091866885e-08,3.94612248423508e-08,-0.049999912303059085,0.0,significant
0.1,degree,0.0754399300930147,300,partial_correlation_p_value,300.0,0.05,,0.3865747744849377,0.0414365569889915,0.3365747744849377,3.86070194947746e-33,non-significant
0.1,degree,0.0754399300930147,300,partial_correlation_p_value,300.0,0.1,,0.0827480032540806,0.0134080633399114,0.0327480032540806,0.0027364229743851655,non-significant
0.1,degree,0.0754399300930147,300,partial_correlation_p_value,300.0,0.2,,0.00047121211121644706,0.0001347267396141,-0.04952878788878356,0.0,significant
0.1,degree,0.0754399300930147,300,partial_correlation_p_value,300.0,0.3,,1.0680987893806553e-07,4.53515998999572e-08,-0.04999989319012106,0.0,significant
0.1,degree,0.0754399300930147,300,partial_correlation_p_value,300.0,0.4,,4.961369134212258e-13,2.8817594555069224e-13,-0.049999999999503865,0.0,significant
0.1,degree,0.0754399300930147,300,partial_correlation_p_value,300.0,0.5,,1.6558627351112573e-20,1.2634653545180944e-20,-0.05,0.0,significant
0.1,degree,0.0754399300930147,500,partial_correlation_p_value,500.0,0.05,,0.2634924310858535,0.0322499138290697,0.21349243108585353,3.9032268006663355e-22,non-significant
0.1,degree,0.0754399300930147,500,partial_correlation_p_value,500.0,0.1,,0.025054006060311104,0.0049061404088201,-0.0249459939396889,2.29388397776642e-05,significant
0.1,degree,0.0754399300930147,500,partial_correlation_p_value,500.0,0.2,,6.313699919191115e-06,2.272121568910515e-06,-0.04999368630008081,0.0,significant
0.1,degree,0.0754399300930147,500,partial_correlation_p_value,500.0,0.3,,6.716109043816408e-12,3.6356854750557297e-12,-0.049999999993283896,0.0,significant
0.1,degree,0.0754399300930147,500,partial_correlation_p_value,500.0,0.4,,1.0365018011564428e-20,7.71686305909318e-21,-0.05,0.0,significant
0.1,degree,0.0754399300930147,500,partial_correlation_p_value,500.0,0.5,,4.1307211551450724e-33,4.0508311156024495e-33,-0.05,0.0,significant
0.1,degree,0.0754399300930147,1000,partial_correlation_p_value,1000.0,0.05,,0.11371053994288459,0.0172443070907198,0.06371053994288459,2.175972299486787e-06,non-significant
0.1,degree,0.0754399300930147,1000,partial_correlation_p_value,1000.0,0.1,,0.0015273578790529936,0.000397584754164,-0.04847264212094701,0.0,significant
0.1,degree,0.0754399300930147,1000,partial_correlation_p_value,1000.0,0.2,,1.6849007397872172e-10,8.397130919612117e-11,-0.04999999983150993,0.0,significant
0.1,degree,0.0754399300930147,1000,partial_correlation_p_value,1000.0,0.3,,2.761398881915165e-22,2.0932711380190312e-22,-0.05,0.0,significant
0.1,degree,0.0754399300930147,1000,partial_correlation_p_value,1000.0,0.4,,8.653026414338422e-40,9.060525958591536e-40,-0.05,0.0,significant
0.1,degree,0.0754399300930147,1000,partial_correlation_p_value,1000.0,0.5,,1.706877942166305e-64,2.3591257186543516e-64,-0.05,0.0,significant
0.2,degree,0.0560885901804366,30,partial_correlation_p_value,30.0,0.05,,0.7858069815820645,0.0435306222894123,0.7358069815820645,9.528968108845657e-73,non-significant
0.2,degree,0.0560885901804366,30,partial_correlation_p_value,30.0,0.1,,0.5860649647763356,0.0390182766884882,0.5360649647763356,8.11059443566475e-78,non-significant
0.2,degree,0.0560885901804366,30,partial_correlation_p_value,30.0,0.2,,0.27242589732757794,0.0249741457245332,0.22242589732757795,6.439755958798146e-39,non-significant
0.2,degree,0.0560885901804366,30,partial_correlation_p_value,30.0,0.3,,0.09527344416868826,0.0114989437915291,0.045273444168688254,1.3056337998745333e-06,non-significant
0.2,degree,0.0560885901804366,30,partial_correlation_p_value,30.0,0.4,,0.023307657869861772,0.0036025283762066,-0.02669234213013823,4.507126338815226e-09,significant
0.2,degree,0.0560885901804366,30,partial_correlation_p_value,30.0,0.5,,0.0035685233088176825,0.0006965400321263,-0.04643147669118232,0.0,significant
0.2,degree,0.0560885901804366,50,partial_correlation_p_value,50.0,0.05,,0.724830244916418,0.0423054556153587,0.674830244916418,6.187973206027542e-79,non-significant
0.2,degree,0.0560885901804366,50,partial_correlation_p_value,50.0,0.1,,0.4805913120761051,0.0351635316903134,0.4305913120761051,9.76677938746707e-70,non-significant
0.2,degree,0.0560885901804366,50,partial_correlation_p_value,50.0,0.2,,0.15515112469544967,0.0165453298331272,0.10515112469544967,7.962140973123563e-18,non-significant
0.2,degree,0.0560885901804366,50,partial_correlation_p_value,50.0,0.3,,0.030712033725595562,0.0044621517078226,-0.01928796627440444,0.00010074013614413957,significant
0.2,degree,0.0560885901804366,50,partial_correlation_p_value,50.0,0.4,,0.003302727162238229,0.0006278743308757,-0.046697272837761775,0.0,significant
0.2,degree,0.0560885901804366,50,partial_correlation_p_value,50.0,0.5,,0.0001605349566003264,3.908689506962832e-05,-0.04983946504339968,0.0,significant
0.2,degree,0.0560885901804366,75,partial_correlation_p_value,75.0,0.05,,0.6658561263349685,0.040931646344461,0.6158561263349684,5.384622888889447e-81,non-significant
0.2,degree,0.0560885901804366,75,partial_correlation_p_value,75.0,0.1,,0.3868655898413166,0.0309587881218183,0.3368655898413166,3.723285081299207e-58,non-significant
0.2,degree,0.0560885901804366,75,partial_correlation_p_value,75.0,0.2,,0.08116706380718447,0.0099155629099782,0.031167063807184467,0.00016810372526644736,non-significant
0.2,degree,0.0560885901804366,75,partial_correlation_p_value,75.0,0.3,,0.008030434893107933,0.0013702924589541,-0.04196956510689207,0.0,significant
0.2,degree,0.0560885901804366,75,partial_correlation_p_value,75.0,0.4,,0.00031301084080057913,7.089495580539484e-05,-0.049686989159199425,0.0,significant
0.2,degree,0.0560885901804366,75,partial_correlation_p_value,75.0,0.5,,3.657912410473166e-06,1.0704059076151872e-06,-0.04999634208758953,0.0,significant
0.2,degree,0.0560885901804366,100,partial_correlation_p_value,100.0,0.05,,0.6177343076882446,0.0396369323765481,0.5677343076882445,2.044044574567896e-80,non-significant
0.2,degree,0.0560885901804366,100,partial_correlation_p_value,100.0,0.1,,0.3173043978741975,0.0272805676337037,0.2673043978741975,1.4543768759916761e-47,non-significant
0.2,degree,0.0560885901804366,100,partial_correlation_p_value,100.0,0.2,,0.043860884260170395,0.0059475390945125,-0.006139115739829608,0.1510791276150446,significant
0.2,degree,0.0560885901804366,100,partial_correlation_p_value,100.0,0.3,,0.0021883947254214523,0.0004211726776801,-0.04781160527457855,0.0,significant
0.2,degree,0.0560885901804366,100,partial_correlation_p_value,100.0,0.4,,3.109559952288662e-05,8.011907563735815e-06,-0.04996890440047712,0.0,significant
0.2,degree,0.0560885901804366,100,partial_correlation_p_value,100.0,0.5,,8.769694091866885e-08,2.9338898716790024e-08,-0.049999912303059085,0.0,significant
0.2,degree,0.0560885901804366,300,partial_correlation_p_value,300.0,0.05,,0.3865747744849377,0.0308075320401052,0.3365747744849377,1.287037867702024e-58,non-significant
0.2,degree,0.0560885901804366,300,partial_correlation_p_value,300.0,0.1,,0.0827480032540806,0.0099687177448122,0.0327480032540806,8.167928342395163e-05,non-significant
0.2,degree,0.0560885901804366,300,partial_correlation_p_value,300.0,0.2,,0.00047121211121644706,0.0001001675488729,-0.04952878788878356,0.0,significant
0.2,degree,0.0560885901804366,300,partial_correlation_p_value,300.0,0.3,,1.0680987893806553e-07,3.3718314660147885e-08,-0.04999989319012106,0.0,significant
0.2,degree,0.0560885901804366,300,partial_correlation_p_value,300.0,0.4,,4.961369134212258e-13,2.1425500381460754e-13,-0.049999999999503865,0.0,significant
0.2,degree,0.0560885901804366,300,partial_correlation_p_value,300.0,0.5,,1.6558627351112573e-20,9.393697792319032e-21,-0.05,0.0,significant
0.2,degree,0.0560885901804366,500,partial_correlation_p_value,500.0,0.05,,0.2634924310858535,0.0239773843624038,0.21349243108585353,1.1049089882609989e-38,non-significant
0.2,degree,0.0560885901804366,500,partial_correlation_p_value,500.0,0.1,,0.025054006060311104,0.0036476505004539,-0.0249459939396889,2.5504733547343506e-08,significant
0.2,degree,0.0560885901804366,500,partial_correlation_p_value,500.0,0.2,,6.313699919191115e-06,1.6892923331400689e-06,-0.04999368630008081,0.0,significant
0.2,degree,0.0560885901804366,500,partial_correlation_p_value,500.0,0.3,,6.716109043816408e-12,2.703084061503507e-12,-0.049999999993283896,0.0,significant
0.2,degree,0.0560885901804366,500,partial_correlation_p_value,500.0,0.4,,1.0365018011564428e-20,5.737385613512187e-21,-0.05,0.0,significant
0.2,degree,0.0560885901804366,500,partial_correlation_p_value,500.0,0.5,,4.1307211551450724e-33,3.0117393541199008e-33,-0.05,0.0,significant
0.2,degree,0.0560885901804366,1000,partial_correlation_p_value,1000.0,0.05,,0.11371053994288459,0.0128209142315541,0.06371053994288459,2.603476922521935e-10,non-significant
0.2,degree,0.0560885901804366,1000,partial_correlation_p_value,1000.0,0.1,,0.0015273578790529936,0.0002955990058687,-0.04847264212094701,0.0,significant
0.2,degree,0.0560885901804366,1000,partial_correlation_p_value,1000.0,0.2,,1.6849007397872172e-10,6.243155769907152e-11,-0.04999999983150993,0.0,significant
0.2,degree,0.0560885901804366,1000,partial_correlation_p_value,1000.0,0.3,,2.761398881915165e-22,1.556319403426342e-22,-0.05,0.0,significant
0.2,degree,0.0560885901804366,1000,partial_correlation_p_value,1000.0,0.4,,8.653026414338422e-40,6.736381206664238e-40,-0.05,0.0,significant
0.2,degree,0.0560885901804366,1000,partial_correlation_p_value,1000.0,0.5,,1.706877942166305e-64,1.7539787676709942e-64,-0.05,0.0,significant
0.3,degree,0.0468746316869209,30,partial_correlation_p_value,30.0,0.05,,0.7858069815820645,0.0363796251671589,0.7358069815820645,1.4489454710016529e-103,non-significant
0.3,degree,0.0468746316869209,30,partial_correlation_p_value,30.0,0.1,,0.5860649647763356,0.032608545569562,0.5360649647763356,1.0069858106116154e-110,non-significant
0.3,degree,0.0468746316869209,30,partial_correlation_p_value,30.0,0.2,,0.27242589732757794,0.0208715155572104,0.22242589732757795,5.943918915417156e-55,non-significant
0.3,degree,0.0468746316869209,30,partial_correlation_p_value,30.0,0.3,,0.09527344416868826,0.0096099537050681,0.045273444168688254,8.579391474703837e-09,non-significant
0.3,degree,0.0468746316869209,30,partial_correlation_p_value,30.0,0.4,,0.023307657869861772,0.0030107226841167,-0.02669234213013823,3.3896219164830654e-12,significant
0.3,degree,0.0468746316869209,30,partial_correlation_p_value,30.0,0.5,,0.0035685233088176825,0.0005821158520134,-0.04643147669118232,0.0,significant
0.3,degree,0.0468746316869209,50,partial_correlation_p_value,50.0,0.05,,0.724830244916418,0.0353557228651648,0.674830244916418,2.175268102130712e-112,non-significant
0.3,degree,0.0468746316869209,50,partial_correlation_p_value,50.0,0.1,,0.4805913120761051,0.0293870391730709,0.4305913120761051,4.094412476769344e-99,non-significant
0.3,degree,0.0468746316869209,50,partial_correlation_p_value,50.0,0.2,,0.15515112469544967,0.0138273441990876,0.10515112469544967,8.866565777472397e-25,non-significant
0.3,degree,0.0468746316869209,50,partial_correlation_p_value,50.0,0.3,,0.030712033725595562,0.0037291313110648,-0.01928796627440444,4.662291653856343e-06,significant
0.3,degree,0.0468746316869209,50,partial_correlation_p_value,50.0,0.4,,0.003302727162238229,0.0005247302153752,-0.046697272837761775,0.0,significant
0.3,degree,0.0468746316869209,50,partial_correlation_p_value,50.0,0.5,,0.0001605349566003264,3.266589165960546e-05,-0.04983946504339968,0.0,significant
0.3,degree,0.0468746316869209,75,partial_correlation_p_value,75.0,0.05,,0.6658561263349685,0.0342075962430792,0.6158561263349684,2.6195057898667864e-115,non-significant
0.3,degree,0.0468746316869209,75,partial_correlation_p_value,75.0,0.1,,0.3868655898413166,0.0258730302547312,0.3368655898413166,1.6553774079476655e-82,non-significant
0.3,degree,0.0468746316869209,75,partial_correlation_p_value,75.0,0.2,,0.08116706380718447,0.008286682868628,0.031167063807184467,8.325151920907367e-06,non-significant
0.3,degree,0.0468746316869209,75,partial_correlation_p_value,75.0,0.3,,0.008030434893107933,0.0011451875347589,-0.04196956510689207,0.0,significant
0.3,degree,0.0468746316869209,75,partial_correlation_p_value,75.0,0.4,,0.00031301084080057913,5.924868018874762e-05,-0.049686989159199425,0.0,significant
0.3,degree,0.0468746316869209,75,partial_correlation_p_value,75.0,0.5,,3.657912410473166e-06,8.945648752010694e-07,-0.04999634208758953,0.0,significant
0.3,degree,0.0468746316869209,100,partial_correlation_p_value,100.0,0.05,,0.6177343076882446,0.0331255715355479,0.5677343076882445,1.863479993878119e-114,non-significant
0.3,degree,0.0468746316869209,100,partial_correlation_p_value,100.0,0.1,,0.3173043978741975,0.0227990497875988,0.2673043978741975,2.482543534983595e-67,non-significant
0.3,degree,0.0468746316869209,100,partial_correlation_p_value,100.0,0.2,,0.043860884260170395,0.0049705065433447,-0.006139115739829608,0.11133828795992273,significant
0.3,degree,0.0468746316869209,100,partial_correlation_p_value,100.0,0.3,,0.0021883947254214523,0.0003519844959436,-0.04781160527457855,0.0,significant
0.3,degree,0.0468746316869209,100,partial_correlation_p_value,100.0,0.4,,3.109559952288662e-05,6.695750685685155e-06,-0.04996890440047712,0.0,significant
0.3,degree,0.0468746316869209,100,partial_correlation_p_value,100.0,0.5,,8.769694091866885e-08,2.451924833598489e-08,-0.049999912303059085,0.0,significant
0.3,degree,0.0468746316869209,300,partial_correlation_p_value,300.0,0.05,,0.3865747744849377,0.0257466217802465,0.3365747744849377,3.624617063599388e-83,non-significant
0.3,degree,0.0468746316869209,300,partial_correlation_p_value,300.0,0.1,,0.0827480032540806,0.0083311056879074,0.0327480032540806,3.0077510431925024e-06,non-significant
0.3,degree,0.0468746316869209,300,partial_correlation_p_value,300.0,0.2,,0.00047121211121644706,8.371251524234009e-05,-0.04952878788878356,0.0,significant
0.3,degree,0.0468746316869209,300,partial_correlation_p_value,300.0,0.3,,1.0680987893806553e-07,2.8179235308171808e-08,-0.04999989319012106,0.0,significant
0.3,degree,0.0468746316869209,300,partial_correlation_p_value,300.0,0.4,,4.961369134212258e-13,1.790582426582822e-13,-0.049999999999503865,0.0,significant
0.3,degree,0.0468746316869209,300,partial_correlation_p_value,300.0,0.5,,1.6558627351112573e-20,7.850547192872394e-21,-0.05,0.0,significant
0.3,degree,0.0468746316869209,500,partial_correlation_p_value,500.0,0.05,,0.2634924310858535,0.0200384972627719,0.21349243108585353,1.2971782110029097e-54,non-significant
0.3,degree,0.0468746316869209,500,partial_correlation_p_value,500.0,0.1,,0.025054006060311104,0.003048432367106,-0.0249459939396889,3.92611498867268e-11,significant
0.3,degree,0.0468746316869209,500,partial_correlation_p_value,500.0,0.2,,6.313699919191115e-06,1.411783674232898e-06,-0.04999368630008081,0.0,significant
0.3,degree,0.0468746316869209,500,partial_correlation_p_value,500.0,0.3,,6.716109043816408e-12,2.259034669870478e-12,-0.049999999993283896,0.0,significant
0.3,degree,0.0468746316869209,500,partial_correlation_p_value,500.0,0.4,,1.0365018011564428e-20,4.794876045449731e-21,-0.05,0.0,significant
0.3,degree,0.0468746316869209,500,partial_correlation_p_value,500.0,0.5,,4.1307211551450724e-33,2.516985584897376e-33,-0.05,0.0,significant
0.3,degree,0.0468746316869209,1000,partial_correlation_p_value,1000.0,0.05,,0.11371053994288459,0.0107147573251595,0.06371053994288459,4.699384463935732e-14,non-significant
0.3,degree,0.0468746316869209,1000,partial_correlation_p_value,1000.0,0.1,,0.0015273578790529936,0.0002470394510281,-0.04847264212094701,0.0,significant
0.3,degree,0.0468746316869209,1000,partial_correlation_p_value,1000.0,0.2,,1.6849007397872172e-10,5.217560761235644e-11,-0.04999999983150993,0.0,significant
0.3,degree,0.0468746316869209,1000,partial_correlation_p_value,1000.0,0.3,,2.761398881915165e-22,1.3006548852116356e-22,-0.05,0.0,significant
0.3,degree,0.0468746316869209,1000,partial_correlation_p_value,1000.0,0.4,,8.653026414338422e-40,5.629761542396893e-40,-0.05,0.0,significant
0.3,degree,0.0468746316869209,1000,partial_correlation_p_value,1000.0,0.5,,1.706877942166305e-64,1.4658437385708112e-64,-0.05,0.0,significant
0.4,degree,0.0439159853319729,30,partial_correlation_p_value,30.0,0.05,,0.7858069815820645,0.0340834056232041,0.7358069815820645,8.613174545605452e-118,non-significant
0.4,degree,0.0439159853319729,30,partial_correlation_p_value,30.0,0.1,,0.5860649647763356,0.0305503501018319,0.5360649647763356,6.497832763848838e-126,non-significant
0.4,degree,0.0439159853319729,30,partial_correlation_p_value,30.0,0.2,,0.27242589732757794,0.0195541412930664,0.22242589732757795,2.37619354265569e-62,non-significant
0.4,degree,0.0439159853319729,30,partial_correlation_p_value,30.0,0.3,,0.09527344416868826,0.009003389909738,0.045273444168688254,8.560859491630673e-10,non-significant
0.4,degree,0.0439159853319729,30,partial_correlation_p_value,30.0,0.4,,0.023307657869861772,0.002820691032143,-0.02669234213013823,1.2423395645555502e-13,significant
0.4,degree,0.0439159853319729,30,partial_correlation_p_value,30.0,0.5,,0.0035685233088176825,0.0005453736978516,-0.04643147669118232,0.0,significant
0.4,degree,0.0439159853319729,50,partial_correlation_p_value,50.0,0.05,,0.724830244916418,0.0331241302783635,0.674830244916418,7.837142904683705e-128,non-significant
0.4,degree,0.0439159853319729,50,partial_correlation_p_value,50.0,0.1,,0.4805913120761051,0.0275321796637133,0.4305913120761051,1.1261098921097615e-112,non-significant
0.4,degree,0.0439159853319729,50,partial_correlation_p_value,50.0,0.2,,0.15515112469544967,0.0129545859492418,0.10515112469544967,5.543800670329973e-28,non-significant
0.4,degree,0.0439159853319729,50,partial_correlation_p_value,50.0,0.3,,0.030712033725595562,0.0034937549387384,-0.01928796627440444,1.1439234133270304e-06,significant
0.4,degree,0.0439159853319729,50,partial_correlation_p_value,50.0,0.4,,0.003302727162238229,0.0004916101441729,-0.046697272837761775,0.0,significant
0.4,degree,0.0439159853319729,50,partial_correlation_p_value,50.0,0.5,,0.0001605349566003264,3.060407660502904e-05,-0.04983946504339968,0.0,significant
0.4,degree,0.0439159853319729,75,partial_correlation_p_value,75.0,0.05,,0.6658561263349685,0.032048471439452,0.6158561263349684,3.785956506399478e-131,non-significant
0.4,degree,0.0439159853319729,75,partial_correlation_p_value,75.0,0.1,,0.3868655898413166,0.0242399689612388,0.3368655898413166,9.535782809603232e-94,non-significant
0.4,degree,0.0439159853319729,75,partial_correlation_p_value,75.0,0.2,,0.08116706380718447,0.0077636416588831,0.031167063807184467,2.109520881760947e-06,non-significant
0.4,degree,0.0439159853319729,75,partial_correlation_p_value,75.0,0.3,,0.008030434893107933,0.0010729052617359,-0.04196956510689207,0.0,significant
0.4,degree,0.0439159853319729,75,partial_correlation_p_value,75.0,0.4,,0.00031301084080057913,5.550900511574156e-05,-0.049686989159199425,0.0,significant
0.4,degree,0.0439159853319729,75,partial_correlation_p_value,75.0,0.5,,3.657912410473166e-06,8.381014745933447e-07,-0.04999634208758953,0.0,significant
0.4,degree,0.0439159853319729,100,partial_correlation_p_value,100.0,0.05,,0.6177343076882446,0.031034742275623,0.5677343076882445,3.5996539004126593e-130,non-significant
0.4,degree,0.0439159853319729,100,partial_correlation_p_value,100.0,0.1,,0.3173043978741975,0.0213600128688473,0.2673043978741975,1.8733282215664132e-76,non-significant
0.4,degree,0.0439159853319729,100,partial_correlation_p_value,100.0,0.2,,0.043860884260170395,0.0046567766955043,-0.006139115739829608,0.09731456217661083,significant
0.4,degree,0.0439159853319729,100,partial_correlation_p_value,100.0,0.3,,0.0021883947254214523,0.0003297678382666,-0.04781160527457855,0.0,significant
0.4,degree,0.0439159853319729,100,partial_correlation_p_value,100.0,0.4,,3.109559952288662e-05,6.273126386636625e-06,-0.04996890440047712,0.0,significant
0.4,degree,0.0439159853319729,100,partial_correlation_p_value,100.0,0.5,,8.769694091866885e-08,2.2971635435261712e-08,-0.049999912303059085,0.0,significant
0.4,degree,0.0439159853319729,300,partial_correlation_p_value,300.0,0.05,,0.3865747744849377,0.0241215391728538,0.3365747744849377,1.6909661797165777e-94,non-significant
0.4,degree,0.0439159853319729,300,partial_correlation_p_value,300.0,0.1,,0.0827480032540806,0.0078052605860015,0.0327480032540806,6.64785025800993e-07,non-significant
0.4,degree,0.0439159853319729,300,partial_correlation_p_value,300.0,0.2,,0.00047121211121644706,7.842872485995323e-05,-0.04952878788878356,0.0,significant
0.4,degree,0.0439159853319729,300,partial_correlation_p_value,300.0,0.3,,1.0680987893806553e-07,2.6400610307199108e-08,-0.04999989319012106,0.0,significant
0.4,degree,0.0439159853319729,300,partial_correlation_p_value,300.0,0.4,,4.961369134212258e-13,1.6775639349384088e-13,-0.049999999999503865,0.0,significant
0.4,degree,0.0439159853319729,300,partial_correlation_p_value,300.0,0.5,,1.6558627351112573e-20,7.355034118942043e-21,-0.05,0.0,significant
0.4,degree,0.0439159853319729,500,partial_correlation_p_value,500.0,0.05,,0.2634924310858535,0.0187737016846196,0.21349243108585353,5.79503472938668e-62,non-significant
0.4,degree,0.0439159853319729,500,partial_correlation_p_value,500.0,0.1,,0.025054006060311104,0.00285602054462,-0.0249459939396889,2.0032864256336325e-12,significant
0.4,degree,0.0439159853319729,500,partial_correlation_p_value,500.0,0.2,,6.313699919191115e-06,1.322674310139276e-06,-0.04999368630008081,0.0,significant
0.4,degree,0.0439159853319729,500,partial_correlation_p_value,500.0,0.3,,6.716109043816408e-12,2.1164482760966708e-12,-0.049999999993283896,0.0,significant
0.4,degree,0.0439159853319729,500,partial_correlation_p_value,500.0,0.4,,1.0365018011564428e-20,4.492231693403427e-21,-0.05,0.0,significant
0.4,degree,0.0439159853319729,500,partial_correlation_p_value,500.0,0.5,,4.1307211551450724e-33,2.358117771792166e-33,-0.05,0.0,significant
0.4,degree,0.0439159853319729,1000,partial_correlation_p_value,1000.0,0.05,,0.11371053994288459,0.0100384602202356,0.06371053994288459,8.919699832217527e-16,non-significant
0.4,degree,0.0439159853319729,1000,partial_correlation_p_value,1000.0,0.1,,0.0015273578790529936,0.0002314467445894,-0.04847264212094701,0.0,significant
0.4,degree,0.0439159853319729,1000,partial_correlation_p_value,1000.0,0.2,,1.6849007397872172e-10,4.8882372748975774e-11,-0.04999999983150993,0.0,significant
0.4,degree,0.0439159853319729,1000,partial_correlation_p_value,1000.0,0.3,,2.761398881915165e-22,1.2185597796782421e-22,-0.05,0.0,significant
0.4,degree,0.0439159853319729,1000,partial_correlation_p_value,1000.0,0.4,,8.653026414338422e-40,5.27442064973903e-40,-0.05,0.0,significant
0.4,degree,0.0439159853319729,1000,partial_correlation_p_value,1000.0,0.5,,1.706877942166305e-64,1.3733221959374215e-64,-0.05,0.0,significant
0.5,degree,0.0427972110693432,30,partial_correlation_p_value,30.0,0.05,,0.7858069815820645,0.033215119583263,0.7358069815820645,5.927331071946364e-124,non-significant
0.5,degree,0.0427972110693432,30,partial_correlation_p_value,30.0,0.1,,0.5860649647763356,0.0297720698207477,0.5360649647763356,1.708654924290915e-132,non-significant
0.5,degree,0.0427972110693432,30,partial_correlation_p_value,30.0,0.2,,0.27242589732757794,0.0190559930711573,0.22242589732757795,1.4848086139484898e-65,non-significant
0.5,degree,0.0427972110693432,30,partial_correlation_p_value,30.0,0.3,,0.09527344416868826,0.0087740255716435,0.045273444168688254,3.161121469073083e-10,non-significant
0.5,degree,0.0427972110693432,30,partial_correlation_p_value,30.0,0.4,,0.023307657869861772,0.0027488329944436,-0.02669234213013823,2.9753977059954195e-14,significant
0.5,degree,0.0427972110693432,30,partial_correlation_p_value,30.0,0.5,,0.0035685233088176825,0.0005314801223788,-0.04643147669118232,0.0,significant
0.5,degree,0.0427972110693432,50,partial_correlation_p_value,50.0,0.05,,0.724830244916418,0.0322802820953547,0.674830244916418,1.6009882497947497e-134,non-significant
0.5,degree,0.0427972110693432,50,partial_correlation_p_value,50.0,0.1,,0.4805913120761051,0.0268307882735619,0.4305913120761051,1.5049023948670854e-118,non-significant
0.5,degree,0.0427972110693432,50,partial_correlation_p_value,50.0,0.2,,0.15515112469544967,0.0126245635841855,0.10515112469544967,2.2737115366286628e-29,non-significant
0.5,degree,0.0427972110693432,50,partial_correlation_p_value,50.0,0.3,,0.030712033725595562,0.0034047503752327,-0.01928796627440444,6.236051389718611e-07,significant
0.5,degree,0.0427972110693432,50,partial_correlation_p_value,50.0,0.4,,0.003302727162238229,0.000479086213026,-0.046697272837761775,0.0,significant
0.5,degree,0.0427972110693432,50,partial_correlation_p_value,50.0,0.5,,0.0001605349566003264,2.9824427623492325e-05,-0.04983946504339968,0.0,significant
0.5,degree,0.0427972110693432,75,partial_correlation_p_value,75.0,0.05,,0.6658561263349685,0.0312320260214102,0.6158561263349684,5.2064404378449697e-138,non-significant
0.5,degree,0.0427972110693432,75,partial_correlation_p_value,75.0,0.1,,0.3868655898413166,0.0236224477284627,0.3368655898413166,1.2908784453283701e-98,non-significant
0.5,degree,0.0427972110693432,75,partial_correlation_p_value,75.0,0.2,,0.08116706380718447,0.0075658603178388,0.031167063807184467,1.1662926913557954e-06,non-significant
0.5,degree,0.0427972110693432,75,partial_correlation_p_value,75.0,0.3,,0.008030434893107933,0.0010455726450589,-0.04196956510689207,0.0,significant
0.5,degree,0.0427972110693432,75,partial_correlation_p_value,75.0,0.4,,0.00031301084080057913,5.409489483680268e-05,-0.049686989159199425,0.0,significant
0.5,degree,0.0427972110693432,75,partial_correlation_p_value,75.0,0.5,,3.657912410473166e-06,8.167505621144578e-07,-0.04999634208758953,0.0,significant
0.5,degree,0.0427972110693432,100,partial_correlation_p_value,100.0,0.05,,0.6177343076882446,0.0302441219435765,0.5677343076882445,5.613148710268771e-137,non-significant
0.5,degree,0.0427972110693432,100,partial_correlation_p_value,100.0,0.1,,0.3173043978741975,0.0208158594707973,0.2673043978741975,2.096246128483148e-80,non-significant
0.5,degree,0.0427972110693432,100,partial_correlation_p_value,100.0,0.2,,0.043860884260170395,0.0045381437677819,-0.006139115739829608,0.09188927220647791,significant
0.5,degree,0.0427972110693432,100,partial_correlation_p_value,100.0,0.3,,0.0021883947254214523,0.0003213668934328,-0.04781160527457855,0.0,significant
0.5,degree,0.0427972110693432,100,partial_correlation_p_value,100.0,0.4,,3.109559952288662e-05,6.113316415517003e-06,-0.04996890440047712,0.0,significant
0.5,degree,0.0427972110693432,100,partial_correlation_p_value,100.0,0.5,,8.769694091866885e-08,2.2386425418881356e-08,-0.049999912303059085,0.0,significant
0.5,degree,0.0427972110693432,300,partial_correlation_p_value,300.0,0.05,,0.3865747744849377,0.0235070349781374,0.3365747744849377,2.089219516938269e-99,non-significant
0.5,degree,0.0427972110693432,300,partial_correlation_p_value,300.0,0.1,,0.0827480032540806,0.0076064189890129,0.0327480032540806,3.4641827670262536e-07,non-significant
0.5,degree,0.0427972110693432,300,partial_correlation_p_value,300.0,0.2,,0.00047121211121644706,7.643072713404771e-05,-0.04952878788878356,0.0,significant
0.5,degree,0.0427972110693432,300,partial_correlation_p_value,300.0,0.3,,1.0680987893806553e-07,2.5728046020957152e-08,-0.04999989319012106,0.0,significant
0.5,degree,0.0427972110693432,300,partial_correlation_p_value,300.0,0.4,,4.961369134212258e-13,1.6348274384181204e-13,-0.049999999999503865,0.0,significant
0.5,degree,0.0427972110693432,300,partial_correlation_p_value,300.0,0.5,,1.6558627351112573e-20,7.167662190227858e-21,-0.05,0.0,significant
0.5,degree,0.0427972110693432,500,partial_correlation_p_value,500.0,0.05,,0.2634924310858535,0.0182954354200631,0.21349243108585353,3.7996850121733754e-65,non-significant
0.5,degree,0.0427972110693432,500,partial_correlation_p_value,500.0,0.1,,0.025054006060311104,0.002783262475896,-0.0249459939396889,5.53113110868253e-13,significant
0.5,degree,0.0427972110693432,500,partial_correlation_p_value,500.0,0.2,,6.313699919191115e-06,1.288978744280072e-06,-0.04999368630008081,0.0,significant
0.5,degree,0.0427972110693432,500,partial_correlation_p_value,500.0,0.3,,6.716109043816408e-12,2.0625310557135945e-12,-0.049999999993283896,0.0,significant
0.5,degree,0.0427972110693432,500,partial_correlation_p_value,500.0,0.4,,1.0365018011564428e-20,4.377790604074386e-21,-0.05,0.0,significant
0.5,degree,0.0427972110693432,500,partial_correlation_p_value,500.0,0.5,,4.1307211551450724e-33,2.298043941013057e-33,-0.05,0.0,significant
0.5,degree,0.0427972110693432,1000,partial_correlation_p_value,1000.0,0.05,,0.11371053994288459,0.0097827271233704,0.06371053994288459,1.6048781254822802e-16,non-significant
0.5,degree,0.0427972110693432,1000,partial_correlation_p_value,1000.0,0.1,,0.0015273578790529936,0.0002255505621616,-0.04847264212094701,0.0,significant
0.5,degree,0.0427972110693432,1000,partial_correlation_p_value,1000.0,0.2,,1.6849007397872172e-10,4.763707812301165e-11,-0.04999999983150993,0.0,significant
0.5,degree,0.0427972110693432,1000,partial_correlation_p_value,1000.0,0.3,,2.761398881915165e-22,1.1875165659446957e-22,-0.05,0.0,significant
0.5,degree,0.0427972110693432,1000,partial_correlation_p_value,1000.0,0.4,,8.653026414338422e-40,5.140053037840897e-40,-0.05,0.0,significant
0.5,degree,0.0427972110693432,1000,partial_correlation_p_value,1000.0,0.5,,1.706877942166305e-64,1.3383363584229372e-64,-0.05,0.0,significant
0.05,eigenvec,0.1691496371041488,30,partial_correlation_p_value,30.0,0.05,,0.7858069815820645,0.131277839922247,0.7358069815820645,6.686658700946258e-09,non-significant
0.05,eigenvec,0.1691496371041488,30,partial_correlation_p_value,30.0,0.1,,0.5860649647763356,0.1176696957626344,0.5360649647763356,1.1526600097492343e-09,non-significant
0.05,eigenvec,0.1691496371041488,30,partial_correlation_p_value,30.0,0.2,,0.27242589732757794,0.0753159898065037,0.22242589732757795,1.4958142272482591e-05,non-significant
0.05,eigenvec,0.1691496371041488,30,partial_correlation_p_value,30.0,0.3,,0.09527344416868826,0.0346780363557182,0.045273444168688254,0.07465155837639982,non-significant
0.05,eigenvec,0.1691496371041488,30,partial_correlation_p_value,30.0,0.4,,0.023307657869861772,0.0108643552197055,-0.02669234213013823,0.02137436544111926,significant
0.05,eigenvec,0.1691496371041488,30,partial_correlation_p_value,30.0,0.5,,0.0035685233088176825,0.0021005964543529,-0.04643147669118232,7.771561172376096e-16,significant
0.05,eigenvec,0.1691496371041488,50,partial_correlation_p_value,50.0,0.05,,0.724830244916418,0.1275830332308756,0.674830244916418,1.1852964501550022e-09,non-significant
0.05,eigenvec,0.1691496371041488,50,partial_correlation_p_value,50.0,0.1,,0.4805913120761051,0.106044716146054,0.4305913120761051,7.367985074056341e-09,non-significant
0.05,eigenvec,0.1691496371041488,50,partial_correlation_p_value,50.0,0.2,,0.15515112469544967,0.0498967174614073,0.10515112469544967,0.0033999527668287,non-significant
0.05,eigenvec,0.1691496371041488,50,partial_correlation_p_value,50.0,0.3,,0.030712033725595562,0.0134567715047528,-0.01928796627440444,0.08863242092606238,significant
0.05,eigenvec,0.1691496371041488,50,partial_correlation_p_value,50.0,0.4,,0.003302727162238229,0.0018935172888637,-0.046697272837761775,0.0,significant
0.05,eigenvec,0.1691496371041488,50,partial_correlation_p_value,50.0,0.5,,0.0001605349566003264,0.0001178766322221,-0.04983946504339968,0.0,significant
0.05,eigenvec,0.1691496371041488,75,partial_correlation_p_value,75.0,0.05,,0.6658561263349685,0.123439956379147,0.6158561263349684,6.086851053132835e-10,non-significant
0.05,eigenvec,0.1691496371041488,75,partial_correlation_p_value,75.0,0.1,,0.3868655898413166,0.0933642254002726,0.3368655898413166,1.2212859364590167e-07,non-significant
0.05,eigenvec,0.1691496371041488,75,partial_correlation_p_value,75.0,0.2,,0.08116706380718447,0.0299029421582998,0.031167063807184467,0.14109203329099443,non-significant
0.05,eigenvec,0.1691496371041488,75,partial_correlation_p_value,75.0,0.3,,0.008030434893107933,0.0041324709965608,-0.04196956510689207,7.275902702552628e-08,significant
0.05,eigenvec,0.1691496371041488,75,partial_correlation_p_value,75.0,0.4,,0.00031301084080057913,0.0002138020586436,-0.049686989159199425,0.0,significant
0.05,eigenvec,0.1691496371041488,75,partial_correlation_p_value,75.0,0.5,,3.657912410473166e-06,3.228085609653963e-06,-0.04999634208758953,0.0,significant
0.05,eigenvec,0.1691496371041488,100,partial_correlation_p_value,100.0,0.05,,0.6177343076882446,0.1195354118519691,0.5677343076882445,6.328029894470751e-10,non-significant
0.05,eigenvec,0.1691496371041488,100,partial_correlation_p_value,100.0,0.1,,0.3173043978741975,0.0822716010581006,0.2673043978741975,1.6836084217141394e-06,non-significant
0.05,eigenvec,0.1691496371041488,100,partial_correlation_p_value,100.0,0.2,,0.043860884260170395,0.0179363409966834,-0.006139115739829608,0.32416965456269664,significant
0.05,eigenvec,0.1691496371041488,100,partial_correlation_p_value,100.0,0.3,,0.0021883947254214523,0.0012701550414905,-0.04781160527457855,0.0,significant
0.05,eigenvec,0.1691496371041488,100,partial_correlation_p_value,100.0,0.4,,3.109559952288662e-05,2.4161977552978115e-05,-0.04996890440047712,0.0,significant
0.05,eigenvec,0.1691496371041488,100,partial_correlation_p_value,100.0,0.5,,8.769694091866885e-08,8.84790303164254e-08,-0.049999912303059085,0.0,significant
0.05,eigenvec,0.1691496371041488,300,partial_correlation_p_value,300.0,0.05,,0.3865747744849377,0.0929080736009628,0.3365747744849377,1.0820827192523678e-07,non-significant
0.05,eigenvec,0.1691496371041488,300,partial_correlation_p_value,300.0,0.1,,0.0827480032540806,0.0300632442980679,0.0327480032540806,0.12763553518472223,non-significant
0.05,eigenvec,0.1691496371041488,300,partial_correlation_p_value,300.0,0.2,,0.00047121211121644706,0.0003020811271412,-0.04952878788878356,0.0,significant
0.05,eigenvec,0.1691496371041488,300,partial_correlation_p_value,300.0,0.3,,1.0680987893806553e-07,1.0168629074433116e-07,-0.04999989319012106,0.0,significant
0.05,eigenvec,0.1691496371041488,300,partial_correlation_p_value,300.0,0.4,,4.961369134212258e-13,6.461413279670844e-13,-0.049999999999503865,0.0,significant
0.05,eigenvec,0.1691496371041488,300,partial_correlation_p_value,300.0,0.5,,1.6558627351112573e-20,2.8329123044904456e-20,-0.05,0.0,significant
0.05,eigenvec,0.1691496371041488,500,partial_correlation_p_value,500.0,0.05,,0.2634924310858535,0.0723099983536746,0.21349243108585353,1.56179122445676e-05,non-significant
0.05,eigenvec,0.1691496371041488,500,partial_correlation_p_value,500.0,0.1,,0.025054006060311104,0.0110004326450293,-0.0249459939396889,0.027403541234992446,significant
0.05,eigenvec,0.1691496371041488,500,partial_correlation_p_value,500.0,0.2,,6.313699919191115e-06,5.09449754743754e-06,-0.04999368630008081,0.0,significant
0.05,eigenvec,0.1691496371041488,500,partial_correlation_p_value,500.0,0.3,,6.716109043816408e-12,8.151848470329437e-12,-0.049999999993283896,0.0,significant
0.05,eigenvec,0.1691496371041488,500,partial_correlation_p_value,500.0,0.4,,1.0365018011564428e-20,1.7302568870605124e-20,-0.05,0.0,significant
0.05,eigenvec,0.1691496371041488,500,partial_correlation_p_value,500.0,0.5,,4.1307211551450724e-33,9.082678262420524e-33,-0.05,0.0,significant
0.05,eigenvec,0.1691496371041488,1000,partial_correlation_p_value,1000.0,0.05,,0.11371053994288459,0.0386647798176822,0.06371053994288459,0.025793224906498234,non-significant
0.05,eigenvec,0.1691496371041488,1000,partial_correlation_p_value,1000.0,0.1,,0.0015273578790529936,0.0008914551856302,-0.04847264212094701,0.0,significant
0.05,eigenvec,0.1691496371041488,1000,partial_correlation_p_value,1000.0,0.2,,1.6849007397872172e-10,1.8827849469334743e-10,-0.04999999983150993,0.0,significant
0.05,eigenvec,0.1691496371041488,1000,partial_correlation_p_value,1000.0,0.3,,2.761398881915165e-22,4.693483317388348e-22,-0.05,0.0,significant
0.05,eigenvec,0.1691496371041488,1000,partial_correlation_p_value,1000.0,0.4,,8.653026414338422e-40,2.0315298224413208e-39,-0.05,0.0,significant
0.05,eigenvec,0.1691496371041488,1000,partial_correlation_p_value,1000.0,0.5,,1.706877942166305e-64,5.289576205882474e-64,-0.05,0.0,significant
0.1,eigenvec,0.109858656964734,30,partial_correlation_p_value,30.0,0.05,,0.7858069815820645,0.0852618275155357,0.7358069815820645,8.096251621168125e-20,non-significant
0.1,eigenvec,0.109858656964734,30,partial_correlation_p_value,30.0,0.1,,0.5860649647763356,0.0764236622865022,0.5360649647763356,2.5959700671808834e-21,non-significant
0.1,eigenvec,0.109858656964734,30,partial_correlation_p_value,30.0,0.2,,0.27242589732757794,0.0489159399320352,0.22242589732757795,2.6429471385865252e-11,non-significant
0.1,eigenvec,0.109858656964734,30,partial_correlation_p_value,30.0,0.3,,0.09527344416868826,0.0225225579282072,0.045273444168688254,0.009724050012615337,non-significant
0.1,eigenvec,0.109858656964734,30,partial_correlation_p_value,30.0,0.4,,0.023307657869861772,0.0070561397213625,-0.02669234213013823,0.001353369164226681,significant
0.1,eigenvec,0.109858656964734,30,partial_correlation_p_value,30.0,0.5,,0.0035685233088176825,0.0013642873212787,-0.04643147669118232,0.0,significant
0.1,eigenvec,0.109858656964734,50,partial_correlation_p_value,50.0,0.05,,0.724830244916418,0.0828621386494671,0.674830244916418,1.718709548397262e-21,non-significant
0.1,eigenvec,0.109858656964734,50,partial_correlation_p_value,50.0,0.1,,0.4805913120761051,0.0688735151517874,0.4305913120761051,2.8352027264830637e-19,non-significant
0.1,eigenvec,0.109858656964734,50,partial_correlation_p_value,50.0,0.2,,0.15515112469544967,0.0324067285103537,0.10515112469544967,9.0833415281256e-06,non-significant
0.1,eigenvec,0.109858656964734,50,partial_correlation_p_value,50.0,0.3,,0.030712033725595562,0.0087398522982535,-0.01928796627440444,0.02497432880872119,significant
0.1,eigenvec,0.109858656964734,50,partial_correlation_p_value,50.0,0.4,,0.003302727162238229,0.0012297943398246,-0.046697272837761775,0.0,significant
0.1,eigenvec,0.109858656964734,50,partial_correlation_p_value,50.0,0.5,,0.0001605349566003264,7.655806258379778e-05,-0.04983946504339968,0.0,significant
0.1,eigenvec,0.109858656964734,75,partial_correlation_p_value,75.0,0.05,,0.6658561263349685,0.0801713090004958,0.6158561263349684,4.422264806464239e-22,non-significant
0.1,eigenvec,0.109858656964734,75,partial_correlation_p_value,75.0,0.1,,0.3868655898413166,0.060637838700838,0.3368655898413166,2.677103573294171e-16,non-significant
0.1,eigenvec,0.109858656964734,75,partial_correlation_p_value,75.0,0.2,,0.08116706380718447,0.019421248079783,0.031167063807184467,0.03838734558693678,non-significant
0.1,eigenvec,0.109858656964734,75,partial_correlation_p_value,75.0,0.3,,0.008030434893107933,0.0026839413988713,-0.04196956510689207,7.771561172376096e-16,significant
0.1,eigenvec,0.109858656964734,75,partial_correlation_p_value,75.0,0.4,,0.00031301084080057913,0.0001388593402918,-0.049686989159199425,0.0,significant
0.1,eigenvec,0.109858656964734,75,partial_correlation_p_value,75.0,0.5,,3.657912410473166e-06,2.096564649591381e-06,-0.04999634208758953,0.0,significant
0.1,eigenvec,0.109858656964734,100,partial_correlation_p_value,100.0,0.05,,0.6177343076882446,0.0776354004099816,0.5677343076882445,5.725850281341103e-22,non-significant
0.1,eigenvec,0.109858656964734,100,partial_correlation_p_value,100.0,0.1,,0.3173043978741975,0.0534334436261089,0.2673043978741975,1.4751706326952907e-13,non-significant
0.1,eigenvec,0.109858656964734,100,partial_correlation_p_value,100.0,0.2,,0.043860884260170395,0.0116492258954353,-0.006139115739829608,0.2782797391269589,significant
0.1,eigenvec,0.109858656964734,100,partial_correlation_p_value,100.0,0.3,,0.0021883947254214523,0.0008249354204007,-0.04781160527457855,0.0,significant
0.1,eigenvec,0.109858656964734,100,partial_correlation_p_value,100.0,0.4,,3.109559952288662e-05,1.5692628426674412e-05,-0.04996890440047712,0.0,significant
0.1,eigenvec,0.109858656964734,100,partial_correlation_p_value,100.0,0.5,,8.769694091866885e-08,5.746502095135779e-08,-0.049999912303059085,0.0,significant
0.1,eigenvec,0.109858656964734,300,partial_correlation_p_value,300.0,0.05,,0.3865747744849377,0.0603415789813248,0.3365747744849377,2.0225026454218813e-16,non-significant
0.1,eigenvec,0.109858656964734,300,partial_correlation_p_value,300.0,0.1,,0.0827480032540806,0.0195253604981422,0.0327480032540806,0.031136485115910984,non-significant
0.1,eigenvec,0.109858656964734,300,partial_correlation_p_value,300.0,0.2,,0.00047121211121644706,0.0001961944908087,-0.04952878788878356,0.0,significant
0.1,eigenvec,0.109858656964734,300,partial_correlation_p_value,300.0,0.3,,1.0680987893806553e-07,6.604282175325866e-08,-0.04999989319012106,0.0,significant
0.1,eigenvec,0.109858656964734,300,partial_correlation_p_value,300.0,0.4,,4.961369134212258e-13,4.1965338924237384e-13,-0.049999999999503865,0.0,significant
0.1,eigenvec,0.109858656964734,300,partial_correlation_p_value,300.0,0.5,,1.6558627351112573e-20,1.8399090083685228e-20,-0.05,0.0,significant
0.1,eigenvec,0.109858656964734,500,partial_correlation_p_value,500.0,0.05,,0.2634924310858535,0.0469636201428302,0.21349243108585353,3.002905696252529e-11,non-significant
0.1,eigenvec,0.109858656964734,500,partial_correlation_p_value,500.0,0.1,,0.025054006060311104,0.0071445187651798,-0.0249459939396889,0.0022378040531050303,significant
0.1,eigenvec,0.109858656964734,500,partial_correlation_p_value,500.0,0.2,,6.313699919191115e-06,3.3087547100501107e-06,-0.04999368630008081,0.0,significant
0.1,eigenvec,0.109858656964734,500,partial_correlation_p_value,500.0,0.3,,6.716109043816408e-12,5.294431250709718e-12,-0.049999999993283896,0.0,significant
0.1,eigenvec,0.109858656964734,500,partial_correlation_p_value,500.0,0.4,,1.0365018011564428e-20,1.123760600795206e-20,-0.05,0.0,significant
0.1,eigenvec,0.109858656964734,500,partial_correlation_p_value,500.0,0.5,,4.1307211551450724e-33,5.8989830107523707e-33,-0.05,0.0,significant
0.1,eigenvec,0.109858656964734,1000,partial_correlation_p_value,1000.0,0.05,,0.11371053994288459,0.0251118527673361,0.06371053994288459,0.0009323080077967127,non-significant
0.1,eigenvec,0.109858656964734,1000,partial_correlation_p_value,1000.0,0.1,,0.0015273578790529936,0.000578978891792,-0.04847264212094701,0.0,significant
0.1,eigenvec,0.109858656964734,1000,partial_correlation_p_value,1000.0,0.2,,1.6849007397872172e-10,1.2228239395877266e-10,-0.04999999983150993,0.0,significant
0.1,eigenvec,0.109858656964734,1000,partial_correlation_p_value,1000.0,0.3,,2.761398881915165e-22,3.0483055273549947e-22,-0.05,0.0,significant
0.1,eigenvec,0.109858656964734,1000,partial_correlation_p_value,1000.0,0.4,,8.653026414338422e-40,1.3194301903219039e-39,-0.05,0.0,significant
0.1,eigenvec,0.109858656964734,1000,partial_correlation_p_value,1000.0,0.5,,1.706877942166305e-64,3.435453648257392e-64,-0.05,0.0,significant
0.2,eigenvec,0.0834215094528374,30,partial_correlation_p_value,30.0,0.05,,0.7858069815820645,0.0647438312698171,0.7358069815820645,1.4537075672087552e-33,non-significant
0.2,eigenvec,0.0834215094528374,30,partial_correlation_p_value,30.0,0.1,,0.5860649647763356,0.0580325432878764,0.5360649647763356,5.527495677873961e-36,non-significant
0.2,eigenvec,0.0834215094528374,30,partial_correlation_p_value,30.0,0.2,,0.27242589732757794,0.0371444696137568,0.22242589732757795,1.7009246162914023e-18,non-significant
0.2,eigenvec,0.0834215094528374,30,partial_correlation_p_value,30.0,0.3,,0.09527344416868826,0.0171025737162721,0.045273444168688254,0.0008905520844149466,non-significant
0.2,eigenvec,0.0834215094528374,30,partial_correlation_p_value,30.0,0.4,,0.023307657869861772,0.0053581014253173,-0.02669234213013823,4.788559859292274e-05,significant
0.2,eigenvec,0.0834215094528374,30,partial_correlation_p_value,30.0,0.5,,0.0035685233088176825,0.0010359757784493,-0.04643147669118232,0.0,significant
0.2,eigenvec,0.0834215094528374,50,partial_correlation_p_value,50.0,0.05,,0.724830244916418,0.0629216201400299,0.674830244916418,2.091682467800798e-36,non-significant
0.2,eigenvec,0.0834215094528374,50,partial_correlation_p_value,50.0,0.1,,0.4805913120761051,0.052299315812038,0.4305913120761051,2.214137809110663e-32,non-significant
0.2,eigenvec,0.0834215094528374,50,partial_correlation_p_value,50.0,0.2,,0.15515112469544967,0.0246081490840529,0.10515112469544967,6.2488824934323464e-09,non-significant
0.2,eigenvec,0.0834215094528374,50,partial_correlation_p_value,50.0,0.3,,0.030712033725595562,0.0066366337552188,-0.01928796627440444,0.005631903683158024,significant
0.2,eigenvec,0.0834215094528374,50,partial_correlation_p_value,50.0,0.4,,0.003302727162238229,0.0009338481188392,-0.046697272837761775,0.0,significant
0.2,eigenvec,0.0834215094528374,50,partial_correlation_p_value,50.0,0.5,,0.0001605349566003264,5.813460056748536e-05,-0.04983946504339968,0.0,significant
0.2,eigenvec,0.0834215094528374,75,partial_correlation_p_value,75.0,0.05,,0.6658561263349685,0.0608783303602386,0.6158561263349684,2.2394241188752373e-37,non-significant
0.2,eigenvec,0.0834215094528374,75,partial_correlation_p_value,75.0,0.1,,0.3868655898413166,0.0460455295389732,0.3368655898413166,3.535236488035204e-27,non-significant
0.2,eigenvec,0.0834215094528374,75,partial_correlation_p_value,75.0,0.2,,0.08116706380718447,0.0147475845330387,0.031167063807184467,0.008736958759876314,non-significant
0.2,eigenvec,0.0834215094528374,75,partial_correlation_p_value,75.0,0.3,,0.008030434893107933,0.0020380591658669,-0.04196956510689207,0.0,significant
0.2,eigenvec,0.0834215094528374,75,partial_correlation_p_value,75.0,0.4,,0.00031301084080057913,0.0001054432676387,-0.049686989159199425,0.0,significant
0.2,eigenvec,0.0834215094528374,75,partial_correlation_p_value,75.0,0.5,,3.657912410473166e-06,1.5920328225978289e-06,-0.04999634208758953,0.0,significant
0.2,eigenvec,0.0834215094528374,100,partial_correlation_p_value,100.0,0.05,,0.6177343076882446,0.0589526803632336,0.5677343076882445,3.8307554787480125e-37,non-significant
0.2,eigenvec,0.0834215094528374,100,partial_correlation_p_value,100.0,0.1,,0.3173043978741975,0.0405748499545558,0.2673043978741975,2.0998225630853952e-22,non-significant
0.2,eigenvec,0.0834215094528374,100,partial_correlation_p_value,100.0,0.2,,0.043860884260170395,0.0088458755550439,-0.006139115739829608,0.23327287166647293,significant
0.2,eigenvec,0.0834215094528374,100,partial_correlation_p_value,100.0,0.3,,0.0021883947254214523,0.0006264172516966,-0.04781160527457855,0.0,significant
0.2,eigenvec,0.0834215094528374,100,partial_correlation_p_value,100.0,0.4,,3.109559952288662e-05,1.1916245717949405e-05,-0.04996890440047712,0.0,significant
0.2,eigenvec,0.0834215094528374,100,partial_correlation_p_value,100.0,0.5,,8.769694091866885e-08,4.3636240610879386e-08,-0.049999912303059085,0.0,significant
0.2,eigenvec,0.0834215094528374,300,partial_correlation_p_value,300.0,0.05,,0.3865747744849377,0.0458205638086913,0.3365747744849377,2.1814209519969258e-27,non-significant
0.2,eigenvec,0.0834215094528374,300,partial_correlation_p_value,300.0,0.1,,0.0827480032540806,0.0148266426185121,0.0327480032540806,0.00619668981336726,non-significant
0.2,eigenvec,0.0834215094528374,300,partial_correlation_p_value,300.0,0.2,,0.00047121211121644706,0.0001489808907353,-0.04952878788878356,0.0,significant
0.2,eigenvec,0.0834215094528374,300,partial_correlation_p_value,300.0,0.3,,1.0680987893806553e-07,5.0149820063339256e-08,-0.04999989319012106,0.0,significant
0.2,eigenvec,0.0834215094528374,300,partial_correlation_p_value,300.0,0.4,,4.961369134212258e-13,3.186650933556923e-13,-0.049999999999503865,0.0,significant
0.2,eigenvec,0.0834215094528374,300,partial_correlation_p_value,300.0,0.5,,1.6558627351112573e-20,1.3971405711180955e-20,-0.05,0.0,significant
0.2,eigenvec,0.0834215094528374,500,partial_correlation_p_value,500.0,0.05,,0.2634924310858535,0.0356619695700652,0.21349243108585353,2.150410205143327e-18,non-significant
0.2,eigenvec,0.0834215094528374,500,partial_correlation_p_value,500.0,0.1,,0.025054006060311104,0.0054252123243846,-0.0249459939396889,0.00010900501165422849,significant
0.2,eigenvec,0.0834215094528374,500,partial_correlation_p_value,500.0,0.2,,6.313699919191115e-06,2.512513077691928e-06,-0.04999368630008081,0.0,significant
0.2,eigenvec,0.0834215094528374,500,partial_correlation_p_value,500.0,0.3,,6.716109043816408e-12,4.020342673315767e-12,-0.049999999993283896,0.0,significant
0.2,eigenvec,0.0834215094528374,500,partial_correlation_p_value,500.0,0.4,,1.0365018011564428e-20,8.53331072598649e-21,-0.05,0.0,significant
0.2,eigenvec,0.0834215094528374,500,partial_correlation_p_value,500.0,0.5,,4.1307211551450724e-33,4.47941091389436e-33,-0.05,0.0,significant
0.2,eigenvec,0.0834215094528374,1000,partial_correlation_p_value,1000.0,0.05,,0.11371053994288459,0.0190687627255544,0.06371053994288459,1.7146794093565885e-05,non-significant
0.2,eigenvec,0.0834215094528374,1000,partial_correlation_p_value,1000.0,0.1,,0.0015273578790529936,0.0004396494043262,-0.04847264212094701,0.0,significant
0.2,eigenvec,0.0834215094528374,1000,partial_correlation_p_value,1000.0,0.2,,1.6849007397872172e-10,9.285551239555005e-11,-0.04999999983150993,0.0,significant
0.2,eigenvec,0.0834215094528374,1000,partial_correlation_p_value,1000.0,0.3,,2.761398881915165e-22,2.314740188813821e-22,-0.05,0.0,significant
0.2,eigenvec,0.0834215094528374,1000,partial_correlation_p_value,1000.0,0.4,,8.653026414338422e-40,1.0019133779291626e-39,-0.05,0.0,significant
0.2,eigenvec,0.0834215094528374,1000,partial_correlation_p_value,1000.0,0.5,,1.706877942166305e-64,2.608722306562404e-64,-0.05,0.0,significant
0.3,eigenvec,0.0743370254964216,30,partial_correlation_p_value,30.0,0.05,,0.7858069815820645,0.0576933199531876,0.7358069815820645,5.827275035362661e-42,non-significant
0.3,eigenvec,0.0743370254964216,30,partial_correlation_p_value,30.0,0.1,,0.5860649647763356,0.051712881705311,0.5360649647763356,6.004195530816796e-45,non-significant
0.3,eigenvec,0.0743370254964216,30,partial_correlation_p_value,30.0,0.2,,0.27242589732757794,0.0330994896021386,0.22242589732757795,7.049635417205502e-23,non-significant
0.3,eigenvec,0.0743370254964216,30,partial_correlation_p_value,30.0,0.3,,0.09527344416868826,0.0152401277169375,0.045273444168688254,0.0002148612118936059,non-significant
0.3,eigenvec,0.0743370254964216,30,partial_correlation_p_value,30.0,0.4,,0.023307657869861772,0.0047746117863212,-0.02669234213013823,6.428460961549476e-06,significant
0.3,eigenvec,0.0743370254964216,30,partial_correlation_p_value,30.0,0.5,,0.0035685233088176825,0.0009231594868204,-0.04643147669118232,0.0,significant
0.3,eigenvec,0.0743370254964216,50,partial_correlation_p_value,50.0,0.05,,0.724830244916418,0.0560695450286708,0.674830244916418,1.6129210139428597e-45,non-significant
0.3,eigenvec,0.0743370254964216,50,partial_correlation_p_value,50.0,0.1,,0.4805913120761051,0.0466039945628512,0.4305913120761051,2.1842705441986597e-40,non-significant
0.3,eigenvec,0.0743370254964216,50,partial_correlation_p_value,50.0,0.2,,0.15515112469544967,0.0219283565818859,0.10515112469544967,7.587769081062005e-11,non-significant
0.3,eigenvec,0.0743370254964216,50,partial_correlation_p_value,50.0,0.3,,0.030712033725595562,0.0059139137604676,-0.01928796627440444,0.0023326323600165733,significant
0.3,eigenvec,0.0743370254964216,50,partial_correlation_p_value,50.0,0.4,,0.003302727162238229,0.0008321533843641,-0.046697272837761775,0.0,significant
0.3,eigenvec,0.0743370254964216,50,partial_correlation_p_value,50.0,0.5,,0.0001605349566003264,5.180382509204832e-05,-0.04983946504339968,0.0,significant
0.3,eigenvec,0.0743370254964216,75,partial_correlation_p_value,75.0,0.05,,0.6658561263349685,0.054248766605298,0.6158561263349684,1.009292668218171e-46,non-significant
0.3,eigenvec,0.0743370254964216,75,partial_correlation_p_value,75.0,0.1,,0.3868655898413166,0.0410312367372113,0.3368655898413166,8.076646276339829e-34,non-significant
0.3,eigenvec,0.0743370254964216,75,partial_correlation_p_value,75.0,0.2,,0.08116706380718447,0.013141593512677,0.031167063807184467,0.00366494236706771,non-significant
0.3,eigenvec,0.0743370254964216,75,partial_correlation_p_value,75.0,0.3,,0.008030434893107933,0.0018161174158796,-0.04196956510689207,0.0,significant
0.3,eigenvec,0.0743370254964216,75,partial_correlation_p_value,75.0,0.4,,0.00031301084080057913,9.396064547743808e-05,-0.049686989159199425,0.0,significant
0.3,eigenvec,0.0743370254964216,75,partial_correlation_p_value,75.0,0.5,,3.657912410473166e-06,1.418662708225181e-06,-0.04999634208758953,0.0,significant
0.3,eigenvec,0.0743370254964216,100,partial_correlation_p_value,100.0,0.05,,0.6177343076882446,0.0525328171593643,0.5677343076882445,2.0475864760754184e-46,non-significant
0.3,eigenvec,0.0743370254964216,100,partial_correlation_p_value,100.0,0.1,,0.3173043978741975,0.036156306393503,0.2673043978741975,8.431417421841732e-28,non-significant
0.3,eigenvec,0.0743370254964216,100,partial_correlation_p_value,100.0,0.2,,0.043860884260170395,0.0078825722644737,-0.006139115739829608,0.21110730716004023,significant
0.3,eigenvec,0.0743370254964216,100,partial_correlation_p_value,100.0,0.3,,0.0021883947254214523,0.0005582013022325,-0.04781160527457855,0.0,significant
0.3,eigenvec,0.0743370254964216,100,partial_correlation_p_value,100.0,0.4,,3.109559952288662e-05,1.0618583475256218e-05,-0.04996890440047712,0.0,significant
0.3,eigenvec,0.0743370254964216,100,partial_correlation_p_value,100.0,0.5,,8.769694091866885e-08,3.888431595322324e-08,-0.049999912303059085,0.0,significant
0.3,eigenvec,0.0743370254964216,300,partial_correlation_p_value,300.0,0.05,,0.3865747744849377,0.0408307694556016,0.3365747744849377,4.402573401722163e-34,non-significant
0.3,eigenvec,0.0743370254964216,300,partial_correlation_p_value,300.0,0.1,,0.0827480032540806,0.0132120422848711,0.0327480032540806,0.002396240518517457,non-significant
0.3,eigenvec,0.0743370254964216,300,partial_correlation_p_value,300.0,0.2,,0.00047121211121644706,0.0001327570832236,-0.04952878788878356,0.0,significant
0.3,eigenvec,0.0743370254964216,300,partial_correlation_p_value,300.0,0.3,,1.0680987893806553e-07,4.468857584981767e-08,-0.04999989319012106,0.0,significant
0.3,eigenvec,0.0743370254964216,300,partial_correlation_p_value,300.0,0.4,,4.961369134212258e-13,2.839629170579093e-13,-0.049999999999503865,0.0,significant
0.3,eigenvec,0.0743370254964216,300,partial_correlation_p_value,300.0,0.5,,1.6558627351112573e-20,1.2449939462676355e-20,-0.05,0.0,significant
0.3,eigenvec,0.0743370254964216,500,partial_correlation_p_value,500.0,0.05,,0.2634924310858535,0.0317784317086866,0.21349243108585353,9.514563260761328e-23,non-significant
0.3,eigenvec,0.0743370254964216,500,partial_correlation_p_value,500.0,0.1,,0.025054006060311104,0.004834414403749,-0.0249459939396889,1.778719792155936e-05,significant
0.3,eigenvec,0.0743370254964216,500,partial_correlation_p_value,500.0,0.2,,6.313699919191115e-06,2.238903970229285e-06,-0.04999368630008081,0.0,significant
0.3,eigenvec,0.0743370254964216,500,partial_correlation_p_value,500.0,0.3,,6.716109043816408e-12,3.5825330633652396e-12,-0.049999999993283896,0.0,significant
0.3,eigenvec,0.0743370254964216,500,partial_correlation_p_value,500.0,0.4,,1.0365018011564428e-20,7.604045301591819e-21,-0.05,0.0,significant
0.3,eigenvec,0.0743370254964216,500,partial_correlation_p_value,500.0,0.5,,4.1307211551450724e-33,3.9916094242261207e-33,-0.05,0.0,significant
0.3,eigenvec,0.0743370254964216,1000,partial_correlation_p_value,1000.0,0.05,,0.11371053994288459,0.0169922015342596,0.06371053994288459,1.5532735081061513e-06,non-significant
0.3,eigenvec,0.0743370254964216,1000,partial_correlation_p_value,1000.0,0.1,,0.0015273578790529936,0.0003917722083099,-0.04847264212094701,0.0,significant
0.3,eigenvec,0.0743370254964216,1000,partial_correlation_p_value,1000.0,0.2,,1.6849007397872172e-10,8.274367891093727e-11,-0.04999999983150993,0.0,significant
0.3,eigenvec,0.0743370254964216,1000,partial_correlation_p_value,1000.0,0.3,,2.761398881915165e-22,2.0626682681967724e-22,-0.05,0.0,significant
0.3,eigenvec,0.0743370254964216,1000,partial_correlation_p_value,1000.0,0.4,,8.653026414338422e-40,8.928064333627663e-40,-0.05,0.0,significant
0.3,eigenvec,0.0743370254964216,1000,partial_correlation_p_value,1000.0,0.5,,1.706877942166305e-64,2.3246361506518777e-64,-0.05,0.0,significant
0.4,eigenvec,0.0727259140905399,30,partial_correlation_p_value,30.0,0.05,,0.7858069815820645,0.0564429287087298,0.7358069815820645,8.714915835327266e-44,non-significant
0.4,eigenvec,0.0727259140905399,30,partial_correlation_p_value,30.0,0.1,,0.5860649647763356,0.0505921049054584,0.5360649647763356,6.759385001258255e-47,non-significant
0.4,eigenvec,0.0727259140905399,30,partial_correlation_p_value,30.0,0.2,,0.27242589732757794,0.0323821221143927,0.22242589732757795,7.874138779283221e-24,non-significant
0.4,eigenvec,0.0727259140905399,30,partial_correlation_p_value,30.0,0.3,,0.09527344416868826,0.0149098273931367,0.045273444168688254,0.00015811637900902631,non-significant
0.4,eigenvec,0.0727259140905399,30,partial_correlation_p_value,30.0,0.4,,0.023307657869861772,0.0046711313005709,-0.02669234213013823,4.163669745649301e-06,significant
0.4,eigenvec,0.0727259140905399,30,partial_correlation_p_value,30.0,0.5,,0.0035685233088176825,0.0009031517885202,-0.04643147669118232,0.0,significant
0.4,eigenvec,0.0727259140905399,50,partial_correlation_p_value,50.0,0.05,,0.724830244916418,0.0548543459685115,0.674830244916418,1.685372096850962e-47,non-significant
0.4,eigenvec,0.0727259140905399,50,partial_correlation_p_value,50.0,0.1,,0.4805913120761051,0.0455939430212614,0.4305913120761051,3.973589185240871e-42,non-significant
0.4,eigenvec,0.0727259140905399,50,partial_correlation_p_value,50.0,0.2,,0.15515112469544967,0.0214531018193313,0.10515112469544967,2.9154017719533663e-11,non-significant
0.4,eigenvec,0.0727259140905399,50,partial_correlation_p_value,50.0,0.3,,0.030712033725595562,0.0057857411055993,-0.01928796627440444,0.001929571529708518,significant
0.4,eigenvec,0.0727259140905399,50,partial_correlation_p_value,50.0,0.4,,0.003302727162238229,0.0008141180675076,-0.046697272837761775,0.0,significant
0.4,eigenvec,0.0727259140905399,50,partial_correlation_p_value,50.0,0.5,,0.0001605349566003264,5.068107726999406e-05,-0.04983946504339968,0.0,significant
0.4,eigenvec,0.0727259140905399,75,partial_correlation_p_value,75.0,0.05,,0.6658561263349685,0.0530730293996572,0.6158561263349684,9.383517143058173e-49,non-significant
0.4,eigenvec,0.0727259140905399,75,partial_correlation_p_value,75.0,0.1,,0.3868655898413166,0.0401419639547278,0.3368655898413166,2.9104635014736663e-35,non-significant
0.4,eigenvec,0.0727259140905399,75,partial_correlation_p_value,75.0,0.2,,0.08116706380718447,0.0128567748633115,0.031167063807184467,0.0030410877286309364,non-significant
0.4,eigenvec,0.0727259140905399,75,partial_correlation_p_value,75.0,0.3,,0.008030434893107933,0.0017767565796933,-0.04196956510689207,0.0,significant
0.4,eigenvec,0.0727259140905399,75,partial_correlation_p_value,75.0,0.4,,0.00031301084080057913,9.19242300219933e-05,-0.049686989159199425,0.0,significant
0.4,eigenvec,0.0727259140905399,75,partial_correlation_p_value,75.0,0.5,,3.657912410473166e-06,1.387915934930753e-06,-0.04999634208758953,0.0,significant
0.4,eigenvec,0.0727259140905399,100,partial_correlation_p_value,100.0,0.05,,0.6177343076882446,0.0513942698426894,0.5677343076882445,1.9756221671987364e-48,non-significant
0.4,eigenvec,0.0727259140905399,100,partial_correlation_p_value,100.0,0.1,,0.3173043978741975,0.0353726883076821,0.2673043978741975,5.667927388504504e-29,non-significant
0.4,eigenvec,0.0727259140905399,100,partial_correlation_p_value,100.0,0.2,,0.043860884260170395,0.0077117327400487,-0.006139115739829608,0.20670290633183064,significant
0.4,eigenvec,0.0727259140905399,100,partial_correlation_p_value,100.0,0.3,,0.0021883947254214523,0.0005461033674712,-0.04781160527457855,0.0,significant
0.4,eigenvec,0.0727259140905399,100,partial_correlation_p_value,100.0,0.4,,3.109559952288662e-05,1.0388446193907562e-05,-0.04996890440047712,0.0,significant
0.4,eigenvec,0.0727259140905399,100,partial_correlation_p_value,100.0,0.5,,8.769694091866885e-08,3.804157353080601e-08,-0.049999912303059085,0.0,significant
0.4,eigenvec,0.0727259140905399,300,partial_correlation_p_value,300.0,0.05,,0.3865747744849377,0.0399458414141371,0.3365747744849377,1.544275834672929e-35,non-significant
0.4,eigenvec,0.0727259140905399,300,partial_correlation_p_value,300.0,0.1,,0.0827480032540806,0.0129256967944779,0.0327480032540806,0.0019535579127672254,non-significant
0.4,eigenvec,0.0727259140905399,300,partial_correlation_p_value,300.0,0.2,,0.00047121211121644706,0.0001298798299361,-0.04952878788878356,0.0,significant
0.4,eigenvec,0.0727259140905399,300,partial_correlation_p_value,300.0,0.3,,1.0680987893806553e-07,4.3720037308176446e-08,-0.04999989319012106,0.0,significant
0.4,eigenvec,0.0727259140905399,300,partial_correlation_p_value,300.0,0.4,,4.961369134212258e-13,2.778085694570431e-13,-0.049999999999503865,0.0,significant
0.4,eigenvec,0.0727259140905399,300,partial_correlation_p_value,300.0,0.5,,1.6558627351112573e-20,1.2180111078544682e-20,-0.05,0.0,significant
0.4,eigenvec,0.0727259140905399,500,partial_correlation_p_value,500.0,0.05,,0.2634924310858535,0.0310896955984509,0.21349243108585353,1.0779504254656118e-23,non-significant
0.4,eigenvec,0.0727259140905399,500,partial_correlation_p_value,500.0,0.1,,0.025054006060311104,0.0047296378118067,-0.0249459939396889,1.2019834307208654e-05,significant
0.4,eigenvec,0.0727259140905399,500,partial_correlation_p_value,500.0,0.2,,6.313699919191115e-06,2.1903800523159457e-06,-0.04999368630008081,0.0,significant
0.4,eigenvec,0.0727259140905399,500,partial_correlation_p_value,500.0,0.3,,6.716109043816408e-12,3.5048885807969415e-12,-0.049999999993283896,0.0,significant
0.4,eigenvec,0.0727259140905399,500,partial_correlation_p_value,500.0,0.4,,1.0365018011564428e-20,7.43924231096334e-21,-0.05,0.0,significant
0.4,eigenvec,0.0727259140905399,500,partial_correlation_p_value,500.0,0.5,,4.1307211551450724e-33,3.9050990018861097e-33,-0.05,0.0,significant
0.4,eigenvec,0.0727259140905399,1000,partial_correlation_p_value,1000.0,0.05,,0.11371053994288459,0.0166239283955367,0.06371053994288459,9.238669938297519e-07,non-significant
0.4,eigenvec,0.0727259140905399,1000,partial_correlation_p_value,1000.0,0.1,,0.0015273578790529936,0.0003832813026124,-0.04847264212094701,0.0,significant
0.4,eigenvec,0.0727259140905399,1000,partial_correlation_p_value,1000.0,0.2,,1.6849007397872172e-10,8.095036953424662e-11,-0.04999999983150993,0.0,significant
0.4,eigenvec,0.0727259140905399,1000,partial_correlation_p_value,1000.0,0.3,,2.761398881915165e-22,2.017963918631399e-22,-0.05,0.0,significant
0.4,eigenvec,0.0727259140905399,1000,partial_correlation_p_value,1000.0,0.4,,8.653026414338422e-40,8.734565788531242e-40,-0.05,0.0,significant
0.4,eigenvec,0.0727259140905399,1000,partial_correlation_p_value,1000.0,0.5,,1.706877942166305e-64,2.2742541533654723e-64,-0.05,0.0,significant
0.5,eigenvec,0.0752492995573936,30,partial_correlation_p_value,30.0,0.05,,0.7858069815820645,0.0584013402019556,0.7358069815820645,5.591856610304623e-41,non-significant
0.5,eigenvec,0.0752492995573936,30,partial_correlation_p_value,30.0,0.1,,0.5860649647763356,0.0523475092046335,0.5360649647763356,6.712784697846687e-44,non-significant
0.5,eigenvec,0.0752492995573936,30,partial_correlation_p_value,30.0,0.2,,0.27242589732757794,0.0335056910285986,0.22242589732757795,2.2933698457778707e-22,non-significant
0.5,eigenvec,0.0752492995573936,30,partial_correlation_p_value,30.0,0.3,,0.09527344416868826,0.0154271566316569,0.045273444168688254,0.00025348668356048055,non-significant
0.5,eigenvec,0.0752492995573936,30,partial_correlation_p_value,30.0,0.4,,0.023307657869861772,0.0048332064698559,-0.02669234213013823,8.123188417474836e-06,significant
0.5,eigenvec,0.0752492995573936,30,partial_correlation_p_value,30.0,0.5,,0.0035685233088176825,0.0009344886252725,-0.04643147669118232,0.0,significant
0.5,eigenvec,0.0752492995573936,50,partial_correlation_p_value,50.0,0.05,,0.724830244916418,0.0567576380912944,0.674830244916418,1.8770467735047654e-44,non-significant
0.5,eigenvec,0.0752492995573936,50,partial_correlation_p_value,50.0,0.1,,0.4805913120761051,0.0471759251061229,0.4305913120761051,1.8863695921831098e-39,non-significant
0.5,eigenvec,0.0752492995573936,50,partial_correlation_p_value,50.0,0.2,,0.15515112469544967,0.0221974643485178,0.10515112469544967,1.2698887985874251e-10,non-significant
0.5,eigenvec,0.0752492995573936,50,partial_correlation_p_value,50.0,0.3,,0.030712033725595562,0.0059864901123793,-0.01928796627440444,0.0025839539181869986,significant
0.5,eigenvec,0.0752492995573936,50,partial_correlation_p_value,50.0,0.4,,0.003302727162238229,0.0008423656835815,-0.046697272837761775,0.0,significant
0.5,eigenvec,0.0752492995573936,50,partial_correlation_p_value,50.0,0.5,,0.0001605349566003264,5.243956866094968e-05,-0.04983946504339968,0.0,significant
0.5,eigenvec,0.0752492995573936,75,partial_correlation_p_value,75.0,0.05,,0.6658561263349685,0.0549145148281149,0.6158561263349684,1.2507570012683743e-45,non-significant
0.5,eigenvec,0.0752492995573936,75,partial_correlation_p_value,75.0,0.1,,0.3868655898413166,0.0415347776404825,0.3368655898413166,4.828923505602469e-33,non-significant
0.5,eigenvec,0.0752492995573936,75,partial_correlation_p_value,75.0,0.2,,0.08116706380718447,0.0133028689309681,0.031167063807184467,0.004053208373249293,non-significant
0.5,eigenvec,0.0752492995573936,75,partial_correlation_p_value,75.0,0.3,,0.008030434893107933,0.00183840505517,-0.04196956510689207,0.0,significant
0.5,eigenvec,0.0752492995573936,75,partial_correlation_p_value,75.0,0.4,,0.00031301084080057913,9.511374326483046e-05,-0.049686989159199425,0.0,significant
0.5,eigenvec,0.0752492995573936,75,partial_correlation_p_value,75.0,0.5,,3.657912410473166e-06,1.4360727294271248e-06,-0.04999634208758953,0.0,significant
0.5,eigenvec,0.0752492995573936,100,partial_correlation_p_value,100.0,0.05,,0.6177343076882446,0.0531775070178061,0.5677343076882445,2.487307921336246e-45,non-significant
0.5,eigenvec,0.0752492995573936,100,partial_correlation_p_value,100.0,0.1,,0.3173043978741975,0.0366000214902947,0.2673043978741975,3.604452526340277e-27,non-significant
0.5,eigenvec,0.0752492995573936,100,partial_correlation_p_value,100.0,0.2,,0.043860884260170395,0.0079793082606021,-0.006139115739829608,0.21353398546764935,significant
0.5,eigenvec,0.0752492995573936,100,partial_correlation_p_value,100.0,0.3,,0.0021883947254214523,0.0005650516243354,-0.04781160527457855,0.0,significant
0.5,eigenvec,0.0752492995573936,100,partial_correlation_p_value,100.0,0.4,,3.109559952288662e-05,1.0748896172112894e-05,-0.04996890440047712,0.0,significant
0.5,eigenvec,0.0752492995573936,100,partial_correlation_p_value,100.0,0.5,,8.769694091866885e-08,3.936150955339591e-08,-0.049999912303059085,0.0,significant
0.5,eigenvec,0.0752492995573936,300,partial_correlation_p_value,300.0,0.05,,0.3865747744849377,0.0413318501971988,0.3365747744849377,2.670712103648799e-33,non-significant
0.5,eigenvec,0.0752492995573936,300,partial_correlation_p_value,300.0,0.1,,0.0827480032540806,0.0133741822600512,0.0327480032540806,0.0026754010085819077,non-significant
0.5,eigenvec,0.0752492995573936,300,partial_correlation_p_value,300.0,0.2,,0.00047121211121644706,0.0001343862961579,-0.04952878788878356,0.0,significant
0.5,eigenvec,0.0752492995573936,300,partial_correlation_p_value,300.0,0.3,,1.0680987893806553e-07,4.5237000114809695e-08,-0.04999989319012106,0.0,significant
0.5,eigenvec,0.0752492995573936,300,partial_correlation_p_value,300.0,0.4,,4.961369134212258e-13,2.87447748496616e-13,-0.049999999999503865,0.0,significant
0.5,eigenvec,0.0752492995573936,300,partial_correlation_p_value,300.0,0.5,,1.6558627351112573e-20,1.2602726808640555e-20,-0.05,0.0,significant
0.5,eigenvec,0.0752492995573936,500,partial_correlation_p_value,500.0,0.05,,0.2634924310858535,0.032168420933472,0.21349243108585353,3.071672824586582e-22,non-significant
0.5,eigenvec,0.0752492995573936,500,partial_correlation_p_value,500.0,0.1,,0.025054006060311104,0.0048937429931172,-0.0249459939396889,2.196922209729557e-05,significant
0.5,eigenvec,0.0752492995573936,500,partial_correlation_p_value,500.0,0.2,,6.313699919191115e-06,2.2663801034671666e-06,-0.04999368630008081,0.0,significant
0.5,eigenvec,0.0752492995573936,500,partial_correlation_p_value,500.0,0.3,,6.716109043816408e-12,3.626498395102114e-12,-0.049999999993283896,0.0,significant
0.5,eigenvec,0.0752492995573936,500,partial_correlation_p_value,500.0,0.4,,1.0365018011564428e-20,7.69736317704854e-21,-0.05,0.0,significant
0.5,eigenvec,0.0752492995573936,500,partial_correlation_p_value,500.0,0.5,,4.1307211551450724e-33,4.040594996556133e-33,-0.05,0.0,significant
0.5,eigenvec,0.0752492995573936,1000,partial_correlation_p_value,1000.0,0.05,,0.11371053994288459,0.0172007321365401,0.06371053994288459,2.0549228078709322e-06,non-significant
0.5,eigenvec,0.0752492995573936,1000,partial_correlation_p_value,1000.0,0.1,,0.0015273578790529936,0.0003965800899955,-0.04847264212094701,0.0,significant
0.5,eigenvec,0.0752492995573936,1000,partial_correlation_p_value,1000.0,0.2,,1.6849007397872172e-10,8.375912056300442e-11,-0.04999999983150993,0.0,significant
0.5,eigenvec,0.0752492995573936,1000,partial_correlation_p_value,1000.0,0.3,,2.761398881915165e-22,2.0879816129923145e-22,-0.05,0.0,significant
0.5,eigenvec,0.0752492995573936,1000,partial_correlation_p_value,1000.0,0.4,,8.653026414338422e-40,9.037630750253383e-40,-0.05,0.0,significant
0.5,eigenvec,0.0752492995573936,1000,partial_correlation_p_value,1000.0,0.5,,1.706877942166305e-64,2.353164400837777e-64,-0.05,0.0,significant
0.05,smallworldness,0.1790140496046574,30,partial_correlation_p_value,30.0,0.05,,0.7858069815820645,0.1389336575009241,0.7358069815820645,4.8826463767600774e-08,non-significant
0.05,smallworldness,0.1790140496046574,30,partial_correlation_p_value,30.0,0.1,,0.5860649647763356,0.1245319180983364,0.5360649647763356,9.60574298027087e-09,non-significant
0.05,smallworldness,0.1790140496046574,30,partial_correlation_p_value,30.0,0.2,,0.27242589732757794,0.0797082427492517,0.22242589732757795,4.306681367216269e-05,non-significant
0.05,smallworldness,0.1790140496046574,30,partial_correlation_p_value,30.0,0.3,,0.09527344416868826,0.036700378591722,0.045273444168688254,0.08889464785222495,non-significant
0.05,smallworldness,0.1790140496046574,30,partial_correlation_p_value,30.0,0.4,,0.023307657869861772,0.0114979390882493,-0.02669234213013823,0.02680621701133601,significant
0.05,smallworldness,0.1790140496046574,30,partial_correlation_p_value,30.0,0.5,,0.0035685233088176825,0.0022230983424893,-0.04643147669118232,2.275957200481571e-14,significant
0.05,smallworldness,0.1790140496046574,50,partial_correlation_p_value,50.0,0.05,,0.724830244916418,0.135023378296946,0.674830244916418,1.022297527593401e-08,non-significant
0.05,smallworldness,0.1790140496046574,50,partial_correlation_p_value,50.0,0.1,,0.4805913120761051,0.1122289967716159,0.4305913120761051,4.916721703279778e-08,non-significant
0.05,smallworldness,0.1790140496046574,50,partial_correlation_p_value,50.0,0.2,,0.15515112469544967,0.0528065777004665,0.10515112469544967,0.005509861299578313,non-significant
0.05,smallworldness,0.1790140496046574,50,partial_correlation_p_value,50.0,0.3,,0.030712033725595562,0.0142415390473887,-0.01928796627440444,0.09854732680215439,significant
0.05,smallworldness,0.1790140496046574,50,partial_correlation_p_value,50.0,0.4,,0.003302727162238229,0.0020039428028286,-0.046697272837761775,2.220446049250313e-16,significant
0.05,smallworldness,0.1790140496046574,50,partial_correlation_p_value,50.0,0.5,,0.0001605349566003264,0.0001247509226096,-0.04983946504339968,0.0,significant
0.05,smallworldness,0.1790140496046574,75,partial_correlation_p_value,75.0,0.05,,0.6658561263349685,0.1306386868619027,0.6158561263349684,5.541982453433542e-09,non-significant
0.05,smallworldness,0.1790140496046574,75,partial_correlation_p_value,75.0,0.1,,0.3868655898413166,0.098809009367333,0.3368655898413166,5.938811931485948e-07,non-significant
0.05,smallworldness,0.1790140496046574,75,partial_correlation_p_value,75.0,0.2,,0.08116706380718447,0.0316468120327985,0.031167063807184467,0.15827502519904071,non-significant
0.05,smallworldness,0.1790140496046574,75,partial_correlation_p_value,75.0,0.3,,0.008030434893107933,0.0043734670711274,-0.04196956510689207,3.1265331978946875e-07,significant
0.05,smallworldness,0.1790140496046574,75,partial_correlation_p_value,75.0,0.4,,0.00031301084080057913,0.0002262704962709,-0.049686989159199425,0.0,significant
0.05,smallworldness,0.1790140496046574,75,partial_correlation_p_value,75.0,0.5,,3.657912410473166e-06,3.416340036832994e-06,-0.04999634208758953,0.0,significant
0.05,smallworldness,0.1790140496046574,100,partial_correlation_p_value,100.0,0.05,,0.6177343076882446,0.1265064384004918,0.5677343076882445,5.663434966885737e-09,non-significant
0.05,smallworldness,0.1790140496046574,100,partial_correlation_p_value,100.0,0.1,,0.3173043978741975,0.0870694890335545,0.2673043978741975,6.133289725900153e-06,non-significant
0.05,smallworldness,0.1790140496046574,100,partial_correlation_p_value,100.0,0.2,,0.043860884260170395,0.0189823465889515,-0.006139115739829608,0.32795090192310006,significant
0.05,smallworldness,0.1790140496046574,100,partial_correlation_p_value,100.0,0.3,,0.0021883947254214523,0.0013442275224214,-0.04781160527457855,0.0,significant
0.05,smallworldness,0.1790140496046574,100,partial_correlation_p_value,100.0,0.4,,3.109559952288662e-05,2.5571047755498577e-05,-0.04996890440047712,0.0,significant
0.05,smallworldness,0.1790140496046574,100,partial_correlation_p_value,100.0,0.5,,8.769694091866885e-08,9.363892109496032e-08,-0.049999912303059085,0.0,significant
0.05,smallworldness,0.1790140496046574,300,partial_correlation_p_value,300.0,0.05,,0.3865747744849377,0.0983262558585056,0.3365747744849377,5.327881969821461e-07,non-significant
0.05,smallworldness,0.1790140496046574,300,partial_correlation_p_value,300.0,0.1,,0.0827480032540806,0.0318164626196485,0.0327480032540806,0.14445686257429513,non-significant
0.05,smallworldness,0.1790140496046574,300,partial_correlation_p_value,300.0,0.2,,0.00047121211121644706,0.00031969779424,-0.04952878788878356,0.0,significant
0.05,smallworldness,0.1790140496046574,300,partial_correlation_p_value,300.0,0.3,,1.0680987893806553e-07,1.0761639816118079e-07,-0.04999989319012106,0.0,significant
0.05,smallworldness,0.1790140496046574,300,partial_correlation_p_value,300.0,0.4,,4.961369134212258e-13,6.838227838768553e-13,-0.049999999999503865,0.0,significant
0.05,smallworldness,0.1790140496046574,300,partial_correlation_p_value,300.0,0.5,,1.6558627351112573e-20,2.998121145772522e-20,-0.05,0.0,significant
0.05,smallworldness,0.1790140496046574,500,partial_correlation_p_value,500.0,0.05,,0.2634924310858535,0.0765269488827056,0.21349243108585353,4.466714384953389e-05,non-significant
0.05,smallworldness,0.1790140496046574,500,partial_correlation_p_value,500.0,0.1,,0.025054006060311104,0.0116419522317833,-0.0249459939396889,0.033682524522088086,significant
0.05,smallworldness,0.1790140496046574,500,partial_correlation_p_value,500.0,0.2,,6.313699919191115e-06,5.391596767696645e-06,-0.04999368630008081,0.0,significant
0.05,smallworldness,0.1790140496046574,500,partial_correlation_p_value,500.0,0.3,,6.716109043816408e-12,8.627245268866212e-12,-0.049999999993283896,0.0,significant
0.05,smallworldness,0.1790140496046574,500,partial_correlation_p_value,500.0,0.4,,1.0365018011564428e-20,1.831161434998157e-20,-0.05,0.0,significant
0.05,smallworldness,0.1790140496046574,500,partial_correlation_p_value,500.0,0.5,,4.1307211551450724e-33,9.612358884405856e-33,-0.05,0.0,significant
0.05,smallworldness,0.1790140496046574,1000,partial_correlation_p_value,1000.0,0.05,,0.11371053994288459,0.0409196196381669,0.06371053994288459,0.03402218443004037,non-significant
0.05,smallworldness,0.1790140496046574,1000,partial_correlation_p_value,1000.0,0.1,,0.0015273578790529936,0.0009434427738232,-0.04847264212094701,0.0,significant
0.05,smallworldness,0.1790140496046574,1000,partial_correlation_p_value,1000.0,0.2,,1.6849007397872172e-10,1.9925845757370794e-10,-0.04999999983150993,0.0,significant
0.05,smallworldness,0.1790140496046574,1000,partial_correlation_p_value,1000.0,0.3,,2.761398881915165e-22,4.967196322628006e-22,-0.05,0.0,significant
0.05,smallworldness,0.1790140496046574,1000,partial_correlation_p_value,1000.0,0.4,,8.653026414338422e-40,2.15000390561838e-39,-0.05,0.0,significant
0.05,smallworldness,0.1790140496046574,1000,partial_correlation_p_value,1000.0,0.5,,1.706877942166305e-64,5.5980519587188384e-64,-0.05,0.0,significant
0.1,smallworldness,0.1097978345696025,30,partial_correlation_p_value,30.0,0.05,,0.7858069815820645,0.0852146229646513,0.7358069815820645,7.717516451402861e-20,non-significant
0.1,smallworldness,0.1097978345696025,30,partial_correlation_p_value,30.0,0.1,,0.5860649647763356,0.0763813509173902,0.5360649647763356,2.466579791241373e-21,non-significant
0.1,smallworldness,0.1097978345696025,30,partial_correlation_p_value,30.0,0.2,,0.27242589732757794,0.0488888580004972,0.22242589732757795,2.577365946892506e-11,non-significant
0.1,smallworldness,0.1097978345696025,30,partial_correlation_p_value,30.0,0.3,,0.09527344416868826,0.022510088488333,0.045273444168688254,0.009688003108314905,non-significant
0.1,smallworldness,0.1097978345696025,30,partial_correlation_p_value,30.0,0.4,,0.023307657869861772,0.0070522331442197,-0.02669234213013823,0.0013464350009688708,significant
0.1,smallworldness,0.1097978345696025,30,partial_correlation_p_value,30.0,0.5,,0.0035685233088176825,0.0013635319941628,-0.04643147669118232,0.0,significant
0.1,smallworldness,0.1097978345696025,50,partial_correlation_p_value,50.0,0.05,,0.724830244916418,0.08281626266775,0.674830244916418,1.631666201684516e-21,non-significant
0.1,smallworldness,0.1097978345696025,50,partial_correlation_p_value,50.0,0.1,,0.4805913120761051,0.068835383863199,0.4305913120761051,2.708576441705199e-19,non-significant
0.1,smallworldness,0.1097978345696025,50,partial_correlation_p_value,50.0,0.2,,0.15515112469544967,0.0323887867759394,0.10515112469544967,8.982924441361829e-06,non-significant
0.1,smallworldness,0.1097978345696025,50,partial_correlation_p_value,50.0,0.3,,0.030712033725595562,0.0087350135466743,-0.01928796627440444,0.024916462922856764,significant
0.1,smallworldness,0.1097978345696025,50,partial_correlation_p_value,50.0,0.4,,0.003302727162238229,0.0012291134737069,-0.046697272837761775,0.0,significant
0.1,smallworldness,0.1097978345696025,50,partial_correlation_p_value,50.0,0.5,,0.0001605349566003264,7.651567680500141e-05,-0.04983946504339968,0.0,significant
0.1,smallworldness,0.1097978345696025,75,partial_correlation_p_value,75.0,0.05,,0.6658561263349685,0.080126922775787,0.6158561263349684,4.1927477091808026e-22,non-significant
0.1,smallworldness,0.1097978345696025,75,partial_correlation_p_value,75.0,0.1,,0.3868655898413166,0.0606042670307732,0.3368655898413166,2.577422262529908e-16,non-significant
0.1,smallworldness,0.1097978345696025,75,partial_correlation_p_value,75.0,0.2,,0.08116706380718447,0.0194104956561025,0.031167063807184467,0.03829810299022312,non-significant
0.1,smallworldness,0.1097978345696025,75,partial_correlation_p_value,75.0,0.3,,0.008030434893107933,0.0026824554554893,-0.04196956510689207,6.661338147750939e-16,significant
0.1,smallworldness,0.1097978345696025,75,partial_correlation_p_value,75.0,0.4,,0.00031301084080057913,0.0001387824618928,-0.049686989159199425,0.0,significant
0.1,smallworldness,0.1097978345696025,75,partial_correlation_p_value,75.0,0.5,,3.657912410473166e-06,2.0954039028003736e-06,-0.04999634208758953,0.0,significant
0.1,smallworldness,0.1097978345696025,100,partial_correlation_p_value,100.0,0.05,,0.6177343076882446,0.0775924181714362,0.5677343076882445,5.430959574616725e-22,non-significant
0.1,smallworldness,0.1097978345696025,100,partial_correlation_p_value,100.0,0.1,,0.3173043978741975,0.0534038606136158,0.2673043978741975,1.4303127586771267e-13,non-significant
0.1,smallworldness,0.1097978345696025,100,partial_correlation_p_value,100.0,0.2,,0.043860884260170395,0.0116427763916823,-0.006139115739829608,0.2782012697635512,significant
0.1,smallworldness,0.1097978345696025,100,partial_correlation_p_value,100.0,0.3,,0.0021883947254214523,0.0008244787012901,-0.04781160527457855,0.0,significant
0.1,smallworldness,0.1097978345696025,100,partial_correlation_p_value,100.0,0.4,,3.109559952288662e-05,1.5683940324405643e-05,-0.04996890440047712,0.0,significant
0.1,smallworldness,0.1097978345696025,100,partial_correlation_p_value,100.0,0.5,,8.769694091866885e-08,5.7433205887282634e-08,-0.049999912303059085,0.0,significant
0.1,smallworldness,0.1097978345696025,300,partial_correlation_p_value,300.0,0.05,,0.3865747744849377,0.0603081713331607,0.3365747744849377,1.9466004858385459e-16,non-significant
0.1,smallworldness,0.1097978345696025,300,partial_correlation_p_value,300.0,0.1,,0.0827480032540806,0.0195145504334271,0.0327480032540806,0.031057738522577916,non-significant
0.1,smallworldness,0.1097978345696025,300,partial_correlation_p_value,300.0,0.2,,0.00047121211121644706,0.0001960858692474,-0.04952878788878356,0.0,significant
0.1,smallworldness,0.1097978345696025,300,partial_correlation_p_value,300.0,0.3,,1.0680987893806553e-07,6.600625765616099e-08,-0.04999989319012106,0.0,significant
0.1,smallworldness,0.1097978345696025,300,partial_correlation_p_value,300.0,0.4,,4.961369134212258e-13,4.194210513915026e-13,-0.049999999999503865,0.0,significant
0.1,smallworldness,0.1097978345696025,300,partial_correlation_p_value,300.0,0.5,,1.6558627351112573e-20,1.8388903569867848e-20,-0.05,0.0,significant
0.1,smallworldness,0.1097978345696025,500,partial_correlation_p_value,500.0,0.05,,0.2634924310858535,0.0469376190980327,0.21349243108585353,2.928865276190223e-11,non-significant
0.1,smallworldness,0.1097978345696025,500,partial_correlation_p_value,500.0,0.1,,0.025054006060311104,0.0071405632576634,-0.0249459939396889,0.0022274168061341415,significant
0.1,smallworldness,0.1097978345696025,500,partial_correlation_p_value,500.0,0.2,,6.313699919191115e-06,3.3069228436143822e-06,-0.04999368630008081,0.0,significant
0.1,smallworldness,0.1097978345696025,500,partial_correlation_p_value,500.0,0.3,,6.716109043816408e-12,5.291500029826227e-12,-0.049999999993283896,0.0,significant
0.1,smallworldness,0.1097978345696025,500,partial_correlation_p_value,500.0,0.4,,1.0365018011564428e-20,1.123138439436391e-20,-0.05,0.0,significant
0.1,smallworldness,0.1097978345696025,500,partial_correlation_p_value,500.0,0.5,,4.1307211551450724e-33,5.895717084466115e-33,-0.05,0.0,significant
0.1,smallworldness,0.1097978345696025,1000,partial_correlation_p_value,1000.0,0.05,,0.11371053994288459,0.0250979497844152,0.06371053994288459,0.0009265942283194776,non-significant
0.1,smallworldness,0.1097978345696025,1000,partial_correlation_p_value,1000.0,0.1,,0.0015273578790529936,0.0005786583446098,-0.04847264212094701,0.0,significant
0.1,smallworldness,0.1097978345696025,1000,partial_correlation_p_value,1000.0,0.2,,1.6849007397872172e-10,1.222146932578131e-10,-0.04999999983150993,0.0,significant
0.1,smallworldness,0.1097978345696025,1000,partial_correlation_p_value,1000.0,0.3,,2.761398881915165e-22,3.0466178565934103e-22,-0.05,0.0,significant
0.1,smallworldness,0.1097978345696025,1000,partial_correlation_p_value,1000.0,0.4,,8.653026414338422e-40,1.3186996980093144e-39,-0.05,0.0,significant
0.1,smallworldness,0.1097978345696025,1000,partial_correlation_p_value,1000.0,0.5,,1.706877942166305e-64,3.4335516359351645e-64,-0.05,0.0,significant
0.2,smallworldness,0.0410164400931538,30,partial_correlation_p_value,30.0,0.05,,0.7858069815820645,0.0318330547372922,0.7358069815820645,8.048544762062184e-135,non-significant
0.2,smallworldness,0.0410164400931538,30,partial_correlation_p_value,30.0,0.1,,0.5860649647763356,0.0285332685878363,0.5360649647763356,4.2522886059249015e-144,non-significant
0.2,smallworldness,0.0410164400931538,30,partial_correlation_p_value,30.0,0.2,,0.27242589732757794,0.0182630825394734,0.22242589732757795,3.3243518785628597e-71,non-significant
0.2,smallworldness,0.0410164400931538,30,partial_correlation_p_value,30.0,0.3,,0.09527344416868826,0.0084089426680634,0.045273444168688254,5.469501142402297e-11,non-significant
0.2,smallworldness,0.0410164400931538,30,partial_correlation_p_value,30.0,0.4,,0.023307657869861772,0.0026344554008438,-0.02669234213013823,2.4424906541753444e-15,significant
0.2,smallworldness,0.0410164400931538,30,partial_correlation_p_value,30.0,0.5,,0.0035685233088176825,0.0005093654949836,-0.04643147669118232,0.0,significant
0.2,smallworldness,0.0410164400931538,50,partial_correlation_p_value,50.0,0.05,,0.724830244916418,0.0309371153790593,0.674830244916418,2.5524514318714873e-146,non-significant
0.2,smallworldness,0.0410164400931538,50,partial_correlation_p_value,50.0,0.1,,0.4805913120761051,0.0257143723242042,0.4305913120761051,6.587496446053938e-129,non-significant
0.2,smallworldness,0.0410164400931538,50,partial_correlation_p_value,50.0,0.2,,0.15515112469544967,0.0120992616811865,0.10515112469544967,8.159059199052964e-32,non-significant
0.2,smallworldness,0.0410164400931538,50,partial_correlation_p_value,50.0,0.3,,0.030712033725595562,0.0032630803809062,-0.01928796627440444,2.1443803932541528e-07,significant
0.2,smallworldness,0.0410164400931538,50,partial_correlation_p_value,50.0,0.4,,0.003302727162238229,0.0004591516705188,-0.046697272837761775,0.0,significant
0.2,smallworldness,0.0410164400931538,50,partial_correlation_p_value,50.0,0.5,,0.0001605349566003264,2.8583447808071105e-05,-0.04983946504339968,0.0,significant
0.2,smallworldness,0.0410164400931538,75,partial_correlation_p_value,75.0,0.05,,0.6658561263349685,0.0299324767265647,0.6158561263349684,4.130400795986024e-150,non-significant
0.2,smallworldness,0.0410164400931538,75,partial_correlation_p_value,75.0,0.1,,0.3868655898413166,0.022639529256667,0.3368655898413166,3.354854241562107e-107,non-significant
0.2,smallworldness,0.0410164400931538,75,partial_correlation_p_value,75.0,0.2,,0.08116706380718447,0.0072510485783056,0.031167063807184467,4.111805412217738e-07,non-significant
0.2,smallworldness,0.0410164400931538,75,partial_correlation_p_value,75.0,0.3,,0.008030434893107933,0.0010020668797697,-0.04196956510689207,0.0,significant
0.2,smallworldness,0.0410164400931538,75,partial_correlation_p_value,75.0,0.4,,0.00031301084080057913,5.184403277643819e-05,-0.049686989159199425,0.0,significant
0.2,smallworldness,0.0410164400931538,75,partial_correlation_p_value,75.0,0.5,,3.657912410473166e-06,7.827659715428151e-07,-0.04999634208758953,0.0,significant
0.2,smallworldness,0.0410164400931538,100,partial_correlation_p_value,100.0,0.05,,0.6177343076882446,0.0289856788532034,0.5677343076882445,5.558034426381271e-149,non-significant
0.2,smallworldness,0.0410164400931538,100,partial_correlation_p_value,100.0,0.1,,0.3173043978741975,0.0199497217607962,0.2673043978741975,2.25979082559449e-87,non-significant
0.2,smallworldness,0.0410164400931538,100,partial_correlation_p_value,100.0,0.2,,0.043860884260170395,0.0043493138299071,-0.006139115739829608,0.0831502622847986,significant
0.2,smallworldness,0.0410164400931538,100,partial_correlation_p_value,100.0,0.3,,0.0021883947254214523,0.0003079949745102,-0.04781160527457855,0.0,significant
0.2,smallworldness,0.0410164400931538,100,partial_correlation_p_value,100.0,0.4,,3.109559952288662e-05,5.858944315816957e-06,-0.04996890440047712,0.0,significant
0.2,smallworldness,0.0410164400931538,100,partial_correlation_p_value,100.0,0.5,,8.769694091866885e-08,2.145493722956967e-08,-0.049999912303059085,0.0,significant
0.2,smallworldness,0.0410164400931538,300,partial_correlation_p_value,300.0,0.05,,0.3865747744849377,0.0225289187743149,0.3365747744849377,4.6215651773692566e-108,non-significant
0.2,smallworldness,0.0410164400931538,300,partial_correlation_p_value,300.0,0.1,,0.0827480032540806,0.0072899196230513,0.0327480032540806,1.1002803945222492e-07,non-significant
0.2,smallworldness,0.0410164400931538,300,partial_correlation_p_value,300.0,0.2,,0.00047121211121644706,7.325048203936537e-05,-0.04952878788878356,0.0,significant
0.2,smallworldness,0.0410164400931538,300,partial_correlation_p_value,300.0,0.3,,1.0680987893806553e-07,2.4657514636237905e-08,-0.04999989319012106,0.0,significant
0.2,smallworldness,0.0410164400931538,300,partial_correlation_p_value,300.0,0.4,,4.961369134212258e-13,1.5668030699914952e-13,-0.049999999999503865,0.0,significant
0.2,smallworldness,0.0410164400931538,300,partial_correlation_p_value,300.0,0.5,,1.6558627351112573e-20,6.869419279613732e-21,-0.05,0.0,significant
0.2,smallworldness,0.0410164400931538,500,partial_correlation_p_value,500.0,0.05,,0.2634924310858535,0.0175341713194654,0.21349243108585353,9.260834925231007e-71,non-significant
0.2,smallworldness,0.0410164400931538,500,partial_correlation_p_value,500.0,0.1,,0.025054006060311104,0.002667452288448,-0.0249459939396889,5.728750807065808e-14,significant
0.2,smallworldness,0.0410164400931538,500,partial_correlation_p_value,500.0,0.2,,6.313699919191115e-06,1.2353449705040224e-06,-0.04999368630008081,0.0,significant
0.2,smallworldness,0.0410164400931538,500,partial_correlation_p_value,500.0,0.3,,6.716109043816408e-12,1.9767101494037664e-12,-0.049999999993283896,0.0,significant
0.2,smallworldness,0.0410164400931538,500,partial_correlation_p_value,500.0,0.4,,1.0365018011564428e-20,4.1956328827467286e-21,-0.05,0.0,significant
0.2,smallworldness,0.0410164400931538,500,partial_correlation_p_value,500.0,0.5,,4.1307211551450724e-33,2.2024234589789978e-33,-0.05,0.0,significant
0.2,smallworldness,0.0410164400931538,1000,partial_correlation_p_value,1000.0,0.05,,0.11371053994288459,0.0093756726426228,0.06371053994288459,7.814549786204597e-18,non-significant
0.2,smallworldness,0.0410164400931538,1000,partial_correlation_p_value,1000.0,0.1,,0.0015273578790529936,0.0002161655138202,-0.04847264212094701,0.0,significant
0.2,smallworldness,0.0410164400931538,1000,partial_correlation_p_value,1000.0,0.2,,1.6849007397872172e-10,4.5654922650906766e-11,-0.04999999983150993,0.0,significant
0.2,smallworldness,0.0410164400931538,1000,partial_correlation_p_value,1000.0,0.3,,2.761398881915165e-22,1.1381045836790281e-22,-0.05,0.0,significant
0.2,smallworldness,0.0410164400931538,1000,partial_correlation_p_value,1000.0,0.4,,8.653026414338422e-40,4.9261779502556235e-40,-0.05,0.0,significant
0.2,smallworldness,0.0410164400931538,1000,partial_correlation_p_value,1000.0,0.5,,1.706877942166305e-64,1.2826488385142909e-64,-0.05,0.0,significant
0.3,smallworldness,0.0304150351242991,30,partial_correlation_p_value,30.0,0.05,,0.7858069815820645,0.0236052537896891,0.7358069815820645,6.196381093718957e-244,non-significant
0.3,smallworldness,0.0304150351242991,30,partial_correlation_p_value,30.0,0.1,,0.5860649647763356,0.0211583541706477,0.5360649647763356,1.2955278329875093e-260,non-significant
0.3,smallworldness,0.0304150351242991,30,partial_correlation_p_value,30.0,0.2,,0.27242589732757794,0.0135426744898997,0.22242589732757795,6.585780715806736e-128,non-significant
0.3,smallworldness,0.0304150351242991,30,partial_correlation_p_value,30.0,0.3,,0.09527344416868826,0.006235506690159,0.045273444168688254,1.3692124683002122e-18,non-significant
0.3,smallworldness,0.0304150351242991,30,partial_correlation_p_value,30.0,0.4,,0.023307657869861772,0.0019535350549215,-0.02669234213013823,0.0,significant
0.3,smallworldness,0.0304150351242991,30,partial_correlation_p_value,30.0,0.5,,0.0035685233088176825,0.0003777112149627,-0.04643147669118232,0.0,significant
0.3,smallworldness,0.0304150351242991,50,partial_correlation_p_value,50.0,0.05,,0.724830244916418,0.0229408853806315,0.674830244916418,8.870350291593215e-265,non-significant
0.3,smallworldness,0.0304150351242991,50,partial_correlation_p_value,50.0,0.1,,0.4805913120761051,0.0190680501687546,0.4305913120761051,6.485779529375416e-233,non-significant
0.3,smallworldness,0.0304150351242991,50,partial_correlation_p_value,50.0,0.2,,0.15515112469544967,0.0089719992319079,0.10515112469544967,2.531453010018574e-56,non-significant
0.3,smallworldness,0.0304150351242991,50,partial_correlation_p_value,50.0,0.3,,0.030712033725595562,0.0024196810881995,-0.01928796627440444,5.276223902228594e-12,significant
0.3,smallworldness,0.0304150351242991,50,partial_correlation_p_value,50.0,0.4,,0.003302727162238229,0.0003404760177747,-0.046697272837761775,0.0,significant
0.3,smallworldness,0.0304150351242991,50,partial_correlation_p_value,50.0,0.5,,0.0001605349566003264,2.1195563707664663e-05,-0.04983946504339968,0.0,significant
0.3,smallworldness,0.0304150351242991,75,partial_correlation_p_value,75.0,0.05,,0.6658561263349685,0.0221959128809837,0.6158561263349684,1.2939610296008663e-271,non-significant
0.3,smallworldness,0.0304150351242991,75,partial_correlation_p_value,75.0,0.1,,0.3868655898413166,0.0167879532201054,0.3368655898413166,2.1668761941039985e-193,non-significant
0.3,smallworldness,0.0304150351242991,75,partial_correlation_p_value,75.0,0.2,,0.08116706380718447,0.0053768902590348,0.031167063807184467,1.3055621132301906e-11,non-significant
0.3,smallworldness,0.0304150351242991,75,partial_correlation_p_value,75.0,0.3,,0.008030434893107933,0.0007430654458522,-0.04196956510689207,0.0,significant
0.3,smallworldness,0.0304150351242991,75,partial_correlation_p_value,75.0,0.4,,0.00031301084080057913,3.844405010038589e-05,-0.049686989159199425,0.0,significant
0.3,smallworldness,0.0304150351242991,75,partial_correlation_p_value,75.0,0.5,,3.657912410473166e-06,5.804466322408776e-07,-0.04999634208758953,0.0,significant
0.3,smallworldness,0.0304150351242991,100,partial_correlation_p_value,100.0,0.05,,0.6177343076882446,0.0214938312154736,0.5677343076882445,1.6139328509095616e-269,non-significant
0.3,smallworldness,0.0304150351242991,100,partial_correlation_p_value,100.0,0.1,,0.3173043978741975,0.0147933727719069,0.2673043978741975,2.6098554960640253e-157,non-significant
0.3,smallworldness,0.0304150351242991,100,partial_correlation_p_value,100.0,0.2,,0.043860884260170395,0.0032251588046839,-0.006139115739829608,0.03230236739853498,significant
0.3,smallworldness,0.0304150351242991,100,partial_correlation_p_value,100.0,0.3,,0.0021883947254214523,0.0002283883717495,-0.04781160527457855,0.0,significant
0.3,smallworldness,0.0304150351242991,100,partial_correlation_p_value,100.0,0.4,,3.109559952288662e-05,4.344599305843447e-06,-0.04996890440047712,0.0,significant
0.3,smallworldness,0.0304150351242991,100,partial_correlation_p_value,100.0,0.5,,8.769694091866885e-08,1.5909539393105784e-08,-0.049999912303059085,0.0,significant
0.3,smallworldness,0.0304150351242991,300,partial_correlation_p_value,300.0,0.05,,0.3865747744849377,0.0167059319208846,0.3365747744849377,5.91441352138783e-195,non-significant
0.3,smallworldness,0.0304150351242991,300,partial_correlation_p_value,300.0,0.1,,0.0827480032540806,0.0054057144131685,0.0327480032540806,1.2257684151963883e-12,non-significant
0.3,smallworldness,0.0304150351242991,300,partial_correlation_p_value,300.0,0.2,,0.00047121211121644706,5.431763407646407e-05,-0.04952878788878356,0.0,significant
0.3,smallworldness,0.0304150351242991,300,partial_correlation_p_value,300.0,0.3,,1.0680987893806553e-07,1.8284355542212773e-08,-0.04999989319012106,0.0,significant
0.3,smallworldness,0.0304150351242991,300,partial_correlation_p_value,300.0,0.4,,4.961369134212258e-13,1.1618358467585576e-13,-0.049999999999503865,0.0,significant
0.3,smallworldness,0.0304150351242991,300,partial_correlation_p_value,300.0,0.5,,1.6558627351112573e-20,5.093899621675431e-21,-0.05,0.0,significant
0.3,smallworldness,0.0304150351242991,500,partial_correlation_p_value,500.0,0.05,,0.2634924310858535,0.0130021629216435,0.21349243108585353,4.304144893271604e-127,non-significant
0.3,smallworldness,0.0304150351242991,500,partial_correlation_p_value,500.0,0.1,,0.025054006060311104,0.0019780033289403,-0.0249459939396889,0.0,significant
0.3,smallworldness,0.0304150351242991,500,partial_correlation_p_value,500.0,0.2,,6.313699919191115e-06,9.1604879855913e-07,-0.04999368630008081,0.0,significant
0.3,smallworldness,0.0304150351242991,500,partial_correlation_p_value,500.0,0.3,,6.716109043816408e-12,1.4657953856582792e-12,-0.049999999993283896,0.0,significant
0.3,smallworldness,0.0304150351242991,500,partial_correlation_p_value,500.0,0.4,,1.0365018011564428e-20,3.1111993436677097e-21,-0.05,0.0,significant
0.3,smallworldness,0.0304150351242991,500,partial_correlation_p_value,500.0,0.5,,4.1307211551450724e-33,1.6331692051111853e-33,-0.05,0.0,significant
0.3,smallworldness,0.0304150351242991,1000,partial_correlation_p_value,1000.0,0.05,,0.11371053994288459,0.006952368662216,0.06371053994288459,5.76945156894066e-31,non-significant
0.3,smallworldness,0.0304150351242991,1000,partial_correlation_p_value,1000.0,0.1,,0.0015273578790529936,0.0001602938158595,-0.04847264212094701,0.0,significant
0.3,smallworldness,0.0304150351242991,1000,partial_correlation_p_value,1000.0,0.2,,1.6849007397872172e-10,3.3854622021579666e-11,-0.04999999983150993,0.0,significant
0.3,smallworldness,0.0304150351242991,1000,partial_correlation_p_value,1000.0,0.3,,2.761398881915165e-22,8.439418635334283e-23,-0.05,0.0,significant
0.3,smallworldness,0.0304150351242991,1000,partial_correlation_p_value,1000.0,0.4,,8.653026414338422e-40,3.6529224634143997e-40,-0.05,0.0,significant
0.3,smallworldness,0.0304150351242991,1000,partial_correlation_p_value,1000.0,0.5,,1.706877942166305e-64,9.51126167628214e-65,-0.05,0.0,significant
0.4,smallworldness,0.0353798665861407,30,partial_correlation_p_value,30.0,0.05,,0.7858069815820645,0.0274584831613092,0.7358069815820645,1.1016845256918428e-180,non-significant
0.4,smallworldness,0.0353798665861407,30,partial_correlation_p_value,30.0,0.1,,0.5860649647763356,0.0246121612117349,0.5360649647763356,4.508976393425732e-193,non-significant
0.4,smallworldness,0.0353798665861407,30,partial_correlation_p_value,30.0,0.2,,0.27242589732757794,0.0157533277444547,0.22242589732757795,4.8209652722341374e-95,non-significant
0.4,smallworldness,0.0353798665861407,30,partial_correlation_p_value,30.0,0.3,,0.09527344416868826,0.0072533664318725,0.045273444168688254,3.422635631189816e-14,non-significant
0.4,smallworldness,0.0353798665861407,30,partial_correlation_p_value,30.0,0.4,,0.023307657869861772,0.0022724224822365,-0.02669234213013823,0.0,significant
0.4,smallworldness,0.0353798665861407,30,partial_correlation_p_value,30.0,0.5,,0.0035685233088176825,0.000439367317475,-0.04643147669118232,0.0,significant
0.4,smallworldness,0.0353798665861407,50,partial_correlation_p_value,50.0,0.05,,0.724830244916418,0.0266856658497248,0.674830244916418,4.129996161909398e-196,non-significant
0.4,smallworldness,0.0353798665861407,50,partial_correlation_p_value,50.0,0.1,,0.4805913120761051,0.0221806441541607,0.4305913120761051,1.2622855694697074e-172,non-significant
0.4,smallworldness,0.0353798665861407,50,partial_correlation_p_value,50.0,0.2,,0.15515112469544967,0.0104365533210337,0.10515112469544967,4.00646791361604e-42,non-significant
0.4,smallworldness,0.0353798665861407,50,partial_correlation_p_value,50.0,0.3,,0.030712033725595562,0.0028146603721366,-0.01928796627440444,2.43171471847603e-09,significant
0.4,smallworldness,0.0353798665861407,50,partial_correlation_p_value,50.0,0.4,,0.003302727162238229,0.0003960539922252,-0.046697272837761775,0.0,significant
0.4,smallworldness,0.0353798665861407,50,partial_correlation_p_value,50.0,0.5,,0.0001605349566003264,2.465544468814756e-05,-0.04983946504339968,0.0,significant
0.4,smallworldness,0.0353798665861407,75,partial_correlation_p_value,75.0,0.05,,0.6658561263349685,0.0258190869508293,0.6158561263349684,3.5101475830703386e-201,non-significant
0.4,smallworldness,0.0353798665861407,75,partial_correlation_p_value,75.0,0.1,,0.3868655898413166,0.0195283530909744,0.3368655898413166,1.9748195981572268e-143,non-significant
0.4,smallworldness,0.0353798665861407,75,partial_correlation_p_value,75.0,0.2,,0.08116706380718447,0.0062545928102838,0.031167063807184467,5.186647150824747e-09,non-significant
0.4,smallworldness,0.0353798665861407,75,partial_correlation_p_value,75.0,0.3,,0.008030434893107933,0.0008643605450917,-0.04196956510689207,0.0,significant
0.4,smallworldness,0.0353798665861407,75,partial_correlation_p_value,75.0,0.4,,0.00031301084080057913,4.471950658692214e-05,-0.049686989159199425,0.0,significant
0.4,smallworldness,0.0353798665861407,75,partial_correlation_p_value,75.0,0.5,,3.657912410473166e-06,6.751964719136641e-07,-0.04999634208758953,0.0,significant
0.4,smallworldness,0.0353798665861407,100,partial_correlation_p_value,100.0,0.05,,0.6177343076882446,0.0250024002182049,0.5677343076882445,1.2040477878493543e-199,non-significant
0.4,smallworldness,0.0353798665861407,100,partial_correlation_p_value,100.0,0.1,,0.3173043978741975,0.017208185125881,0.2673043978741975,8.992074678876933e-117,non-significant
0.4,smallworldness,0.0353798665861407,100,partial_correlation_p_value,100.0,0.2,,0.043860884260170395,0.0037516211229909,-0.006139115739829608,0.055291077519440734,significant
0.4,smallworldness,0.0353798665861407,100,partial_correlation_p_value,100.0,0.3,,0.0021883947254214523,0.0002656695969378,-0.04781160527457855,0.0,significant
0.4,smallworldness,0.0353798665861407,100,partial_correlation_p_value,100.0,0.4,,3.109559952288662e-05,5.0537947164222736e-06,-0.04996890440047712,0.0,significant
0.4,smallworldness,0.0353798665861407,100,partial_correlation_p_value,100.0,0.5,,8.769694091866885e-08,1.8506550423982253e-08,-0.049999912303059085,0.0,significant
0.4,smallworldness,0.0353798665861407,300,partial_correlation_p_value,300.0,0.05,,0.3865747744849377,0.0194329429554347,0.3365747744849377,1.3778351101502405e-144,non-significant
0.4,smallworldness,0.0353798665861407,300,partial_correlation_p_value,300.0,0.1,,0.0827480032540806,0.0062881221066841,0.0327480032540806,8.935869616259713e-10,non-significant
0.4,smallworldness,0.0353798665861407,300,partial_correlation_p_value,300.0,0.2,,0.00047121211121644706,6.318423237212666e-05,-0.04952878788878356,0.0,significant
0.4,smallworldness,0.0353798665861407,300,partial_correlation_p_value,300.0,0.3,,1.0680987893806553e-07,2.126902227971561e-08,-0.04999989319012106,0.0,significant
0.4,smallworldness,0.0353798665861407,300,partial_correlation_p_value,300.0,0.4,,4.961369134212258e-13,1.3514893895510776e-13,-0.049999999999503865,0.0,significant
0.4,smallworldness,0.0353798665861407,300,partial_correlation_p_value,300.0,0.5,,1.6558627351112573e-20,5.925407887301346e-21,-0.05,0.0,significant
0.4,smallworldness,0.0353798665861407,500,partial_correlation_p_value,500.0,0.05,,0.2634924310858535,0.0151245851802913,0.21349243108585353,1.921806780934508e-94,non-significant
0.4,smallworldness,0.0353798665861407,500,partial_correlation_p_value,500.0,0.1,,0.025054006060311104,0.0023008848616762,-0.0249459939396889,0.0,significant
0.4,smallworldness,0.0353798665861407,500,partial_correlation_p_value,500.0,0.2,,6.313699919191115e-06,1.0655810242192962e-06,-0.04999368630008081,0.0,significant
0.4,smallworldness,0.0353798665861407,500,partial_correlation_p_value,500.0,0.3,,6.716109043816408e-12,1.705066095608057e-12,-0.049999999993283896,0.0,significant
0.4,smallworldness,0.0353798665861407,500,partial_correlation_p_value,500.0,0.4,,1.0365018011564428e-20,3.619059364949153e-21,-0.05,0.0,significant
0.4,smallworldness,0.0353798665861407,500,partial_correlation_p_value,500.0,0.5,,4.1307211551450724e-33,1.899761363197135e-33,-0.05,0.0,significant
0.4,smallworldness,0.0353798665861407,1000,partial_correlation_p_value,1000.0,0.05,,0.11371053994288459,0.0080872461505183,0.06371053994288459,2.3176406492948212e-23,non-significant
0.4,smallworldness,0.0353798665861407,1000,partial_correlation_p_value,1000.0,0.1,,0.0015273578790529936,0.00018645955188,-0.04847264212094701,0.0,significant
0.4,smallworldness,0.0353798665861407,1000,partial_correlation_p_value,1000.0,0.2,,1.6849007397872172e-10,3.938091820550912e-11,-0.04999999983150993,0.0,significant
0.4,smallworldness,0.0353798665861407,1000,partial_correlation_p_value,1000.0,0.3,,2.761398881915165e-22,9.81703634937352e-23,-0.05,0.0,significant
0.4,smallworldness,0.0353798665861407,1000,partial_correlation_p_value,1000.0,0.4,,8.653026414338422e-40,4.249211249533159e-40,-0.05,0.0,significant
0.4,smallworldness,0.0353798665861407,1000,partial_correlation_p_value,1000.0,0.5,,1.706877942166305e-64,1.106384285921451e-64,-0.05,0.0,significant
0.5,smallworldness,0.0391182300346708,30,partial_correlation_p_value,30.0,0.05,,0.7858069815820645,0.0303598448595618,0.7358069815820645,4.478441361790679e-148,non-significant
0.5,smallworldness,0.0391182300346708,30,partial_correlation_p_value,30.0,0.1,,0.5860649647763356,0.0272127703361153,0.5360649647763356,2.9862262561848437e-158,non-significant
0.5,smallworldness,0.0391182300346708,30,partial_correlation_p_value,30.0,0.2,,0.27242589732757794,0.0174178807887461,0.22242589732757795,4.279557877419443e-78,non-significant
0.5,smallworldness,0.0391182300346708,30,partial_correlation_p_value,30.0,0.3,,0.09527344416868826,0.0080197831135659,0.045273444168688254,6.461674376819653e-12,non-significant
0.5,smallworldness,0.0391182300346708,30,partial_correlation_p_value,30.0,0.4,,0.023307657869861772,0.0025125347824491,-0.02669234213013823,1.1102230246251565e-16,significant
0.5,smallworldness,0.0391182300346708,30,partial_correlation_p_value,30.0,0.5,,0.0035685233088176825,0.0004857924422314,-0.04643147669118232,0.0,significant
0.5,smallworldness,0.0391182300346708,50,partial_correlation_p_value,50.0,0.05,,0.724830244916418,0.0295053689022903,0.674830244916418,1.041203430764049e-160,non-significant
0.5,smallworldness,0.0391182300346708,50,partial_correlation_p_value,50.0,0.1,,0.4805913120761051,0.0245243304755571,0.4305913120761051,1.5284697784731378e-141,non-significant
0.5,smallworldness,0.0391182300346708,50,partial_correlation_p_value,50.0,0.2,,0.15515112469544967,0.011539316932903,0.10515112469544967,8.527803634619961e-35,non-significant
0.5,smallworldness,0.0391182300346708,50,partial_correlation_p_value,50.0,0.3,,0.030712033725595562,0.0031120674703121,-0.01928796627440444,5.8534530000819984e-08,significant
0.5,smallworldness,0.0391182300346708,50,partial_correlation_p_value,50.0,0.4,,0.003302727162238229,0.0004379024758698,-0.046697272837761775,0.0,significant
0.5,smallworldness,0.0391182300346708,50,partial_correlation_p_value,50.0,0.5,,0.0001605349566003264,2.726062729970473e-05,-0.04983946504339968,0.0,significant
0.5,smallworldness,0.0391182300346708,75,partial_correlation_p_value,75.0,0.05,,0.6658561263349685,0.0285472241725002,0.6158561263349684,7.191264923601371e-165,non-significant
0.5,smallworldness,0.0391182300346708,75,partial_correlation_p_value,75.0,0.1,,0.3868655898413166,0.0215917888370517,0.3368655898413166,1.1343421483488621e-117,non-significant
0.5,smallworldness,0.0391182300346708,75,partial_correlation_p_value,75.0,0.2,,0.08116706380718447,0.0069154754931078,0.031167063807184467,1.157267266152205e-07,non-significant
0.5,smallworldness,0.0391182300346708,75,partial_correlation_p_value,75.0,0.3,,0.008030434893107933,0.0009556919767763,-0.04196956510689207,0.0,significant
0.5,smallworldness,0.0391182300346708,75,partial_correlation_p_value,75.0,0.4,,0.00031301084080057913,4.94447298563151e-05,-0.049686989159199425,0.0,significant
0.5,smallworldness,0.0391182300346708,75,partial_correlation_p_value,75.0,0.5,,3.657912410473166e-06,7.465401499638039e-07,-0.04999634208758953,0.0,significant
0.5,smallworldness,0.0391182300346708,100,partial_correlation_p_value,100.0,0.05,,0.6177343076882446,0.0276442433940034,0.5677343076882445,1.2681279907476042e-163,non-significant
0.5,smallworldness,0.0391182300346708,100,partial_correlation_p_value,100.0,0.1,,0.3173043978741975,0.0190264636129834,0.2673043978741975,7.189371022527379e-96,non-significant
0.5,smallworldness,0.0391182300346708,100,partial_correlation_p_value,100.0,0.2,,0.043860884260170395,0.0041480308506754,-0.006139115739829608,0.07374707618729814,significant
0.5,smallworldness,0.0391182300346708,100,partial_correlation_p_value,100.0,0.3,,0.0021883947254214523,0.0002937411982866,-0.04781160527457855,0.0,significant
0.5,smallworldness,0.0391182300346708,100,partial_correlation_p_value,100.0,0.4,,3.109559952288662e-05,5.587796770902842e-06,-0.04996890440047712,0.0,significant
0.5,smallworldness,0.0391182300346708,100,partial_correlation_p_value,100.0,0.5,,8.769694091866885e-08,2.0462018839753378e-08,-0.049999912303059085,0.0,significant
0.5,smallworldness,0.0391182300346708,300,partial_correlation_p_value,300.0,0.05,,0.3865747744849377,0.021486297324793,0.3365747744849377,1.2837746860327623e-118,non-significant
0.5,smallworldness,0.0391182300346708,300,partial_correlation_p_value,300.0,0.1,,0.0827480032540806,0.0069525476150813,0.0327480032540806,2.7266778727547777e-08,non-significant
0.5,smallworldness,0.0391182300346708,300,partial_correlation_p_value,300.0,0.2,,0.00047121211121644706,6.986050471612467e-05,-0.04952878788878356,0.0,significant
0.5,smallworldness,0.0391182300346708,300,partial_correlation_p_value,300.0,0.3,,1.0680987893806553e-07,2.3516383368058662e-08,-0.04999989319012106,0.0,significant
0.5,smallworldness,0.0391182300346708,300,partial_correlation_p_value,300.0,0.4,,4.961369134212258e-13,1.494292600034442e-13,-0.049999999999503865,0.0,significant
0.5,smallworldness,0.0391182300346708,300,partial_correlation_p_value,300.0,0.5,,1.6558627351112573e-20,6.5515077118890545e-21,-0.05,0.0,significant
0.5,smallworldness,0.0391182300346708,500,partial_correlation_p_value,500.0,0.05,,0.2634924310858535,0.0167227030328422,0.21349243108585353,1.3222495508545707e-77,non-significant
0.5,smallworldness,0.0391182300346708,500,partial_correlation_p_value,500.0,0.1,,0.025054006060311104,0.0025440045988641,-0.0249459939396889,3.6637359812630166e-15,significant
0.5,smallworldness,0.0391182300346708,500,partial_correlation_p_value,500.0,0.2,,6.313699919191115e-06,1.1781741325819247e-06,-0.04999368630008081,0.0,significant
0.5,smallworldness,0.0391182300346708,500,partial_correlation_p_value,500.0,0.3,,6.716109043816408e-12,1.885229487508636e-12,-0.049999999993283896,0.0,significant
0.5,smallworldness,0.0391182300346708,500,partial_correlation_p_value,500.0,0.4,,1.0365018011564428e-20,4.0014621423888585e-21,-0.05,0.0,significant
0.5,smallworldness,0.0391182300346708,500,partial_correlation_p_value,500.0,0.5,,4.1307211551450724e-33,2.100496954548628e-33,-0.05,0.0,significant
0.5,smallworldness,0.0391182300346708,1000,partial_correlation_p_value,1000.0,0.05,,0.11371053994288459,0.0089417735505794,0.06371053994288459,1.9662512860941496e-19,non-significant
0.5,smallworldness,0.0391182300346708,1000,partial_correlation_p_value,1000.0,0.1,,0.0015273578790529936,0.0002061615361055,-0.04847264212094701,0.0,significant
0.5,smallworldness,0.0391182300346708,1000,partial_correlation_p_value,1000.0,0.2,,1.6849007397872172e-10,4.3542047101532114e-11,-0.04999999983150993,0.0,significant
0.5,smallworldness,0.0391182300346708,1000,partial_correlation_p_value,1000.0,0.3,,2.761398881915165e-22,1.085433957865606e-22,-0.05,0.0,significant
0.5,smallworldness,0.0391182300346708,1000,partial_correlation_p_value,1000.0,0.4,,8.653026414338422e-40,4.6981981325577635e-40,-0.05,0.0,significant
0.5,smallworldness,0.0391182300346708,1000,partial_correlation_p_value,1000.0,0.5,,1.706877942166305e-64,1.2232888130893698e-64,-0.05,0.0,significant
0.05,avg_shortestPathLength,0.0369821457609369,30,ancova_p_value,,0.5,30.0,0.4849569686830381,0.022648823865585,0.4349569686830381,2.168304973179869e-168,non-significant
0.05,avg_shortestPathLength,0.0369821457609369,30,ancova_p_value,,1.0,30.0,0.3253086154260302,0.0176030089518345,0.2753086154260302,1.5388733285829715e-118,non-significant
0.05,avg_shortestPathLength,0.0369821457609369,30,ancova_p_value,,2.0,30.0,0.167594108019346,0.010761393208848,0.11759410801934599,1.249904656298422e-50,non-significant
0.05,avg_shortestPathLength,0.0369821457609369,30,ancova_p_value,,4.0,30.0,0.054625044962983094,0.0042050382452726,0.004625044962983091,0.13435076950568137,non-significant
0.05,avg_shortestPathLength,0.0369821457609369,30,ancova_p_value,,6.0,30.0,0.0203613903722062,0.0017338215731169,-0.029638609627793803,0.0,significant
0.05,avg_shortestPathLength,0.0369821457609369,30,ancova_p_value,,8.0,30.0,0.008257335914631373,0.0007499760879936,-0.04174266408536863,0.0,significant
0.05,avg_shortestPathLength,0.0369821457609369,30,ancova_p_value,,10.0,30.0,0.0035685233088176825,0.000338659527943,-0.04643147669118232,0.0,significant
0.05,avg_shortestPathLength,0.0369821457609369,30,ancova_p_value,,15.0,30.0,0.0005407062921313466,5.456312060101163e-05,-0.049459293707868654,0.0,significant
0.05,avg_shortestPathLength,0.0369821457609369,50,ancova_p_value,,0.5,50.0,0.48278284379668057,0.0227806340886038,0.4327828437966806,4.09070289125916e-165,non-significant
0.05,avg_shortestPathLength,0.0369821457609369,50,ancova_p_value,,1.0,50.0,0.32212564510024433,0.017719703874314,0.27212564510024434,2.6885842710808614e-114,non-significant
0.05,avg_shortestPathLength,0.0369821457609369,50,ancova_p_value,,2.0,50.0,0.16349617189550622,0.0107996750347164,0.11349617189550622,1.4790722755906185e-46,non-significant
0.05,avg_shortestPathLength,0.0369821457609369,50,ancova_p_value,,4.0,50.0,0.05094706873769324,0.004125295612011,0.0009470687376932352,0.4186737903370809,non-significant
0.05,avg_shortestPathLength,0.0369821457609369,50,ancova_p_value,,6.0,50.0,0.01785224137520709,0.001631929006015,-0.03214775862479291,0.0,significant
0.05,avg_shortestPathLength,0.0369821457609369,50,ancova_p_value,,8.0,50.0,0.006713432842279582,0.000666932857996,-0.04328656715772042,0.0,significant
0.05,avg_shortestPathLength,0.0369821457609369,50,ancova_p_value,,10.0,50.0,0.0026605541904910716,0.0002809564880212,-0.04733944580950893,0.0,significant
0.05,avg_shortestPathLength,0.0369821457609369,50,ancova_p_value,,15.0,50.0,0.00031306556427201346,3.649264614350769e-05,-0.04968693443572799,0.0,significant
0.05,avg_shortestPathLength,0.0369821457609369,75,ancova_p_value,,0.5,75.0,0.4816914470000123,0.022846959353939,0.43169144700001233,1.7166289166806815e-163,non-significant
0.05,avg_shortestPathLength,0.0369821457609369,75,ancova_p_value,,1.0,75.0,0.3205260061237414,0.0177785388171274,0.2705260061237414,3.2825276816998384e-112,non-significant
0.05,avg_shortestPathLength,0.0369821457609369,75,ancova_p_value,,2.0,75.0,0.16143714082856858,0.0108184493072242,0.11143714082856858,1.3519247988989023e-44,non-significant
0.05,avg_shortestPathLength,0.0369821457609369,75,ancova_p_value,,4.0,75.0,0.04912138289485513,0.0040830349924442,-0.0008786171051448702,0.4050973389867347,significant
0.05,avg_shortestPathLength,0.0369821457609369,75,ancova_p_value,,6.0,75.0,0.016639791628428848,0.0015789989949654,-0.03336020837157115,0.0,significant
0.05,avg_shortestPathLength,0.0369821457609369,75,ancova_p_value,,8.0,75.0,0.005996484169924953,0.0006249496953372,-0.04400351583007505,0.0,significant
0.05,avg_shortestPathLength,0.0369821457609369,75,ancova_p_value,,10.0,75.0,0.0022598459055359287,0.0002528677206395,-0.047740154094464075,0.0,significant
0.05,avg_shortestPathLength,0.0369821457609369,75,ancova_p_value,,15.0,75.0,0.0002280430925145892,2.8813579394108686e-05,-0.04977195690748541,0.0,significant
0.05,avg_shortestPathLength,0.0369821457609369,100,ancova_p_value,,0.5,100.0,0.48114467698573943,0.0228802270937556,0.43114467698573944,1.1024662499482759e-162,non-significant
0.05,avg_shortestPathLength,0.0369821457609369,100,ancova_p_value,,1.0,100.0,0.31972415578412333,0.0178080789889484,0.26972415578412334,3.5558177356045366e-111,non-significant
0.05,avg_shortestPathLength,0.0369821457609369,100,ancova_p_value,,2.0,100.0,0.16040513148560548,0.0108277389182718,0.11040513148560548,1.2378160486603875e-43,non-significant
0.05,avg_shortestPathLength,0.0369821457609369,100,ancova_p_value,,4.0,100.0,0.04821217873113365,0.0040612788997722,-0.0017878212688663547,0.32217368318755313,significant
0.05,avg_shortestPathLength,0.0369821457609369,100,ancova_p_value,,6.0,100.0,0.016044679166962617,0.0015520305066824,-0.033955320833037386,0.0,significant
0.05,avg_shortestPathLength,0.0369821457609369,100,ancova_p_value,,8.0,100.0,0.005652215916228005,0.0006038746478982,-0.044347784083772,0.0,significant
0.05,avg_shortestPathLength,0.0369821457609369,100,ancova_p_value,,10.0,100.0,0.00207287258086666,0.0002390649176606,-0.047927127419133346,0.0,significant
0.05,avg_shortestPathLength,0.0369821457609369,100,ancova_p_value,,15.0,100.0,0.0001920508540141487,2.5328269088486247e-05,-0.04980794914598585,0.0,significant
0.05,avg_shortestPathLength,0.0369821457609369,300,ancova_p_value,,0.5,300.0,0.4800490110787622,0.0229469728816613,0.4300490110787622,4.469186105869167e-161,non-significant
0.05,avg_shortestPathLength,0.0369821457609369,300,ancova_p_value,,1.0,300.0,0.31811640443062633,0.0178674059400968,0.26811640443062634,4.0104403684320065e-109,non-significant
0.05,avg_shortestPathLength,0.0369821457609369,300,ancova_p_value,,2.0,300.0,0.15833615787546532,0.0108461142867041,0.10833615787546531,9.521091534135774e-42,non-significant
0.05,avg_shortestPathLength,0.0369821457609369,300,ancova_p_value,,4.0,300.0,0.0464015209831491,0.0040164721345617,-0.0035984790168509043,0.1835510747262996,significant
0.05,avg_shortestPathLength,0.0369821457609369,300,ancova_p_value,,6.0,300.0,0.014877544674688336,0.0014970779227221,-0.03512245532531166,0.0,significant
0.05,avg_shortestPathLength,0.0369821457609369,300,ancova_p_value,,8.0,300.0,0.004992719858471545,0.0005616118438478,-0.04500728014152846,0.0,significant
0.05,avg_shortestPathLength,0.0369821457609369,300,ancova_p_value,,10.0,300.0,0.0017256705948826214,0.0002120235829607,-0.04827432940511738,0.0,significant
0.05,avg_shortestPathLength,0.0369821457609369,300,ancova_p_value,,15.0,300.0,0.00013201666015390175,1.9080104371832957e-05,-0.0498679833398461,0.0,significant
0.05,avg_shortestPathLength,0.0369821457609369,500,ancova_p_value,,0.5,500.0,0.47982953965954955,0.0229603556985969,0.42982953965954956,9.345386570520268e-161,non-significant
0.05,avg_shortestPathLength,0.0369821457609369,500,ancova_p_value,,1.0,500.0,0.3177942072606085,0.0178793109202785,0.2677942072606085,1.0253935484706046e-108,non-significant
0.05,avg_shortestPathLength,0.0369821457609369,500,ancova_p_value,,2.0,500.0,0.15792157401181234,0.0108497557569043,0.10792157401181234,2.238374009825589e-41,non-significant
0.05,avg_shortestPathLength,0.0369821457609369,500,ancova_p_value,,4.0,500.0,0.046040682769031456,0.0040072988054974,-0.003959317230968547,0.16119836328812664,significant
0.05,avg_shortestPathLength,0.0369821457609369,500,ancova_p_value,,6.0,500.0,0.01464790875937049,0.0014859241398847,-0.03535209124062951,0.0,significant
0.05,avg_shortestPathLength,0.0369821457609369,500,ancova_p_value,,8.0,500.0,0.004865533464805003,0.0005531477872486,-0.045134466535195,0.0,significant
0.05,avg_shortestPathLength,0.0369821457609369,500,ancova_p_value,,10.0,500.0,0.0016604995248597615,0.000206715001067,-0.04833950047514024,0.0,significant
0.05,avg_shortestPathLength,0.0369821457609369,500,ancova_p_value,,15.0,500.0,0.0001217965039979378,1.794693259650725e-05,-0.04987820349600206,0.0,significant
0.05,avg_shortestPathLength,0.0369821457609369,1000,ancova_p_value,,0.5,1000.0,0.4796648624377731,0.0229704001759972,0.42966486243777313,1.6240908382899756e-160,non-significant
0.05,avg_shortestPathLength,0.0369821457609369,1000,ancova_p_value,,1.0,1000.0,0.31755241808467255,0.0178882483389424,0.26755241808467256,2.0704404948795736e-108,non-significant
0.05,avg_shortestPathLength,0.0369821457609369,1000,ancova_p_value,,2.0,1000.0,0.1576104641334238,0.0108524793337771,0.1076104641334238,4.2370816555367917e-41,non-significant
0.05,avg_shortestPathLength,0.0369821457609369,1000,ancova_p_value,,4.0,1000.0,0.04577034649325166,0.0040003715774661,-0.0042296535067483446,0.14567326613321296,significant
0.05,avg_shortestPathLength,0.0369821457609369,1000,ancova_p_value,,6.0,1000.0,0.014476528145859816,0.0014775229777637,-0.03552347185414019,0.0,significant
0.05,avg_shortestPathLength,0.0369821457609369,1000,ancova_p_value,,8.0,1000.0,0.00477118583723039,0.0005467984477982,-0.04522881416276961,0.0,significant
0.05,avg_shortestPathLength,0.0369821457609369,1000,ancova_p_value,,10.0,1000.0,0.0016125523948250528,0.0002027570741827,-0.04838744760517495,0.0,significant
0.05,avg_shortestPathLength,0.0369821457609369,1000,ancova_p_value,,15.0,1000.0,0.00011449967420285442,1.7122589625314864e-05,-0.049885500325797145,0.0,significant
0.1,avg_shortestPathLength,0.0315639250336682,30,ancova_p_value,,0.5,30.0,0.4849569686830381,0.0193305651655614,0.4349569686830381,1.839831838295435e-230,non-significant
0.1,avg_shortestPathLength,0.0315639250336682,30,ancova_p_value,,1.0,30.0,0.3253086154260302,0.0150240080311829,0.2753086154260302,5.402013496383323e-162,non-significant
0.1,avg_shortestPathLength,0.0315639250336682,30,ancova_p_value,,2.0,30.0,0.167594108019346,0.0091847512228641,0.11759410801934599,8.844751349415145e-69,non-significant
0.1,avg_shortestPathLength,0.0315639250336682,30,ancova_p_value,,4.0,30.0,0.054625044962983094,0.0035889618951664,0.004625044962983091,0.0961570647495726,non-significant
0.1,avg_shortestPathLength,0.0315639250336682,30,ancova_p_value,,6.0,30.0,0.0203613903722062,0.0014798009425787,-0.029638609627793803,0.0,significant
0.1,avg_shortestPathLength,0.0315639250336682,30,ancova_p_value,,8.0,30.0,0.008257335914631373,0.0006400977696507,-0.04174266408536863,0.0,significant
0.1,avg_shortestPathLength,0.0315639250336682,30,ancova_p_value,,10.0,30.0,0.0035685233088176825,0.0002890428268016,-0.04643147669118232,0.0,significant
0.1,avg_shortestPathLength,0.0315639250336682,30,ancova_p_value,,15.0,30.0,0.0005407062921313466,4.656912715087675e-05,-0.049459293707868654,0.0,significant
0.1,avg_shortestPathLength,0.0315639250336682,50,ancova_p_value,,0.5,50.0,0.48278284379668057,0.0194430639920203,0.4327828437966806,5.765544119055583e-226,non-significant
0.1,avg_shortestPathLength,0.0315639250336682,50,ancova_p_value,,1.0,50.0,0.32212564510024433,0.0151236060861137,0.27212564510024434,3.5854249940784553e-156,non-significant
0.1,avg_shortestPathLength,0.0315639250336682,50,ancova_p_value,,2.0,50.0,0.16349617189550622,0.0092174244130482,0.11349617189550622,3.4106303649403403e-63,non-significant
0.1,avg_shortestPathLength,0.0315639250336682,50,ancova_p_value,,4.0,50.0,0.05094706873769324,0.0035209022829815,0.0009470687376932352,0.40180033323406983,non-significant
0.1,avg_shortestPathLength,0.0315639250336682,50,ancova_p_value,,6.0,50.0,0.01785224137520709,0.0013928365633271,-0.03214775862479291,0.0,significant
0.1,avg_shortestPathLength,0.0315639250336682,50,ancova_p_value,,8.0,50.0,0.006713432842279582,0.0005692211281724,-0.04328656715772042,0.0,significant
0.1,avg_shortestPathLength,0.0315639250336682,50,ancova_p_value,,10.0,50.0,0.0026605541904910716,0.0002397938070698,-0.04733944580950893,0.0,significant
0.1,avg_shortestPathLength,0.0315639250336682,50,ancova_p_value,,15.0,50.0,0.00031306556427201346,3.1146141562465055e-05,-0.04968693443572799,0.0,significant
0.1,avg_shortestPathLength,0.0315639250336682,75,ancova_p_value,,0.5,75.0,0.4816914470000123,0.0194996720027184,0.43169144700001233,9.734887161269672e-224,non-significant
0.1,avg_shortestPathLength,0.0315639250336682,75,ancova_p_value,,1.0,75.0,0.3205260061237414,0.0151738211746681,0.2705260061237414,2.619333939787704e-153,non-significant
0.1,avg_shortestPathLength,0.0315639250336682,75,ancova_p_value,,2.0,75.0,0.16143714082856858,0.0092334480838711,0.11143714082856858,1.6674334190401524e-60,non-significant
0.1,avg_shortestPathLength,0.0315639250336682,75,ancova_p_value,,4.0,75.0,0.04912138289485513,0.0034848332285651,-0.0008786171051448702,0.3924007224729049,significant
0.1,avg_shortestPathLength,0.0315639250336682,75,ancova_p_value,,6.0,75.0,0.016639791628428848,0.0013476612803243,-0.03336020837157115,0.0,significant
0.1,avg_shortestPathLength,0.0315639250336682,75,ancova_p_value,,8.0,75.0,0.005996484169924953,0.0005333888807034,-0.04400351583007505,0.0,significant
0.1,avg_shortestPathLength,0.0315639250336682,75,ancova_p_value,,10.0,75.0,0.0022598459055359287,0.0002158202995925,-0.047740154094464075,0.0,significant
0.1,avg_shortestPathLength,0.0315639250336682,75,ancova_p_value,,15.0,75.0,0.0002280430925145892,2.4592127937258255e-05,-0.04977195690748541,0.0,significant
0.1,avg_shortestPathLength,0.0315639250336682,100,ancova_p_value,,0.5,100.0,0.48114467698573943,0.0195280657160633,0.43114467698573944,1.2500488557609553e-222,non-significant
0.1,avg_shortestPathLength,0.0315639250336682,100,ancova_p_value,,1.0,100.0,0.31972415578412333,0.015199033442633,0.26972415578412334,6.88954974770792e-152,non-significant
0.1,avg_shortestPathLength,0.0315639250336682,100,ancova_p_value,,2.0,100.0,0.16040513148560548,0.009241376682406,0.11040513148560548,3.4741972833398075e-59,non-significant
0.1,avg_shortestPathLength,0.0315639250336682,100,ancova_p_value,,4.0,100.0,0.04821217873113365,0.0034662646013534,-0.0017878212688663547,0.2972083703639591,significant
0.1,avg_shortestPathLength,0.0315639250336682,100,ancova_p_value,,6.0,100.0,0.016044679166962617,0.0013246439208683,-0.033955320833037386,0.0,significant
0.1,avg_shortestPathLength,0.0315639250336682,100,ancova_p_value,,8.0,100.0,0.005652215916228005,0.0005154015194036,-0.044347784083772,0.0,significant
0.1,avg_shortestPathLength,0.0315639250336682,100,ancova_p_value,,10.0,100.0,0.00207287258086666,0.0002040397327942,-0.047927127419133346,0.0,significant
0.1,avg_shortestPathLength,0.0315639250336682,100,ancova_p_value,,15.0,100.0,0.0001920508540141487,2.161744729225528e-05,-0.04980794914598585,0.0,significant
0.1,avg_shortestPathLength,0.0315639250336682,300,ancova_p_value,,0.5,300.0,0.4800490110787622,0.0195850326389505,0.4300490110787622,2.012804260509645e-220,non-significant
0.1,avg_shortestPathLength,0.0315639250336682,300,ancova_p_value,,1.0,300.0,0.31811640443062633,0.0152496684558264,0.26811640443062634,4.513964761550464e-149,non-significant
0.1,avg_shortestPathLength,0.0315639250336682,300,ancova_p_value,,2.0,300.0,0.15833615787546532,0.0092570598922287,0.10833615787546531,1.3400145972424083e-56,non-significant
0.1,avg_shortestPathLength,0.0315639250336682,300,ancova_p_value,,4.0,300.0,0.0464015209831491,0.0034280224347889,-0.0035984790168509043,0.14729040173596752,significant
0.1,avg_shortestPathLength,0.0315639250336682,300,ancova_p_value,,6.0,300.0,0.014877544674688336,0.0012777423902826,-0.03512245532531166,0.0,significant
0.1,avg_shortestPathLength,0.0315639250336682,300,ancova_p_value,,8.0,300.0,0.004992719858471545,0.0004793306005504,-0.04500728014152846,0.0,significant
0.1,avg_shortestPathLength,0.0315639250336682,300,ancova_p_value,,10.0,300.0,0.0017256705948826214,0.0001809601995839,-0.04827432940511738,0.0,significant
0.1,avg_shortestPathLength,0.0315639250336682,300,ancova_p_value,,15.0,300.0,0.00013201666015390175,1.628469553714298e-05,-0.0498679833398461,0.0,significant
0.1,avg_shortestPathLength,0.0315639250336682,500,ancova_p_value,,0.5,500.0,0.47982953965954955,0.0195964547514808,0.42982953965954956,5.540177014629037e-220,non-significant
0.1,avg_shortestPathLength,0.0315639250336682,500,ancova_p_value,,1.0,500.0,0.3177942072606085,0.015259829248129,0.2677942072606085,1.6370144685977398e-148,non-significant
0.1,avg_shortestPathLength,0.0315639250336682,500,ancova_p_value,,2.0,500.0,0.15792157401181234,0.0092601678539234,0.10792157401181234,4.3268394358866365e-56,non-significant
0.1,avg_shortestPathLength,0.0315639250336682,500,ancova_p_value,,4.0,500.0,0.046040682769031456,0.003420193081869,-0.003959317230968547,0.12491558598531483,significant
0.1,avg_shortestPathLength,0.0315639250336682,500,ancova_p_value,,6.0,500.0,0.01464790875937049,0.0012682227380808,-0.03535209124062951,0.0,significant
0.1,avg_shortestPathLength,0.0315639250336682,500,ancova_p_value,,8.0,500.0,0.004865533464805003,0.0004721066052283,-0.045134466535195,0.0,significant
0.1,avg_shortestPathLength,0.0315639250336682,500,ancova_p_value,,10.0,500.0,0.0016604995248597615,0.0001764293732222,-0.04833950047514024,0.0,significant
0.1,avg_shortestPathLength,0.0315639250336682,500,ancova_p_value,,15.0,500.0,0.0001217965039979378,1.5317543733733313e-05,-0.04987820349600206,0.0,significant
0.1,avg_shortestPathLength,0.0315639250336682,1000,ancova_p_value,,0.5,1000.0,0.4796648624377731,0.0196050276215818,0.42966486243777313,1.1829144120442999e-219,non-significant
0.1,avg_shortestPathLength,0.0315639250336682,1000,ancova_p_value,,1.0,1000.0,0.31755241808467255,0.0152674572536678,0.26755241808467256,4.293851201148695e-148,non-significant
0.1,avg_shortestPathLength,0.0315639250336682,1000,ancova_p_value,,2.0,1000.0,0.1576104641334238,0.0092624924020119,0.1076104641334238,1.0379586171077637e-55,non-significant
0.1,avg_shortestPathLength,0.0315639250336682,1000,ancova_p_value,,4.0,1000.0,0.04577034649325166,0.0034142807557513,-0.0042296535067483446,0.10979411692184093,significant
0.1,avg_shortestPathLength,0.0315639250336682,1000,ancova_p_value,,6.0,1000.0,0.014476528145859816,0.0012610524226237,-0.03552347185414019,0.0,significant
0.1,avg_shortestPathLength,0.0315639250336682,1000,ancova_p_value,,8.0,1000.0,0.00477118583723039,0.0004666875017582,-0.04522881416276961,0.0,significant
0.1,avg_shortestPathLength,0.0315639250336682,1000,ancova_p_value,,10.0,1000.0,0.0016125523948250528,0.000173051318626,-0.04838744760517495,0.0,significant
0.1,avg_shortestPathLength,0.0315639250336682,1000,ancova_p_value,,15.0,1000.0,0.00011449967420285442,1.4613974505680806e-05,-0.049885500325797145,0.0,significant
0.2,avg_shortestPathLength,0.0314671525049664,30,ancova_p_value,,0.5,30.0,0.4849569686830381,0.0192712991626701,0.4349569686830381,7.193215595266437e-232,non-significant
0.2,avg_shortestPathLength,0.0314671525049664,30,ancova_p_value,,1.0,30.0,0.3253086154260302,0.0149779455960814,0.2753086154260302,5.584934169923047e-163,non-significant
0.2,avg_shortestPathLength,0.0314671525049664,30,ancova_p_value,,2.0,30.0,0.167594108019346,0.0091565914930337,0.11759410801934599,3.4290630951483954e-69,non-significant
0.2,avg_shortestPathLength,0.0314671525049664,30,ancova_p_value,,4.0,30.0,0.054625044962983094,0.0035779584183289,0.004625044962983091,0.0954531904577851,non-significant
0.2,avg_shortestPathLength,0.0314671525049664,30,ancova_p_value,,6.0,30.0,0.0203613903722062,0.0014752639884757,-0.029638609627793803,0.0,significant
0.2,avg_shortestPathLength,0.0314671525049664,30,ancova_p_value,,8.0,30.0,0.008257335914631373,0.0006381352798868,-0.04174266408536863,0.0,significant
0.2,avg_shortestPathLength,0.0314671525049664,30,ancova_p_value,,10.0,30.0,0.0035685233088176825,0.0002881566440717,-0.04643147669118232,0.0,significant
0.2,avg_shortestPathLength,0.0314671525049664,30,ancova_p_value,,15.0,30.0,0.0005407062921313466,4.642634984453672e-05,-0.049459293707868654,0.0,significant
0.2,avg_shortestPathLength,0.0314671525049664,50,ancova_p_value,,0.5,50.0,0.48278284379668057,0.0193834530765143,0.4327828437966806,2.402534023060969e-227,non-significant
0.2,avg_shortestPathLength,0.0314671525049664,50,ancova_p_value,,1.0,50.0,0.32212564510024433,0.0150772382911553,0.27212564510024434,4.0256641080041187e-157,non-significant
0.2,avg_shortestPathLength,0.0314671525049664,50,ancova_p_value,,2.0,50.0,0.16349617189550622,0.0091891645097689,0.11349617189550622,1.4310255032799394e-63,non-significant
0.2,avg_shortestPathLength,0.0314671525049664,50,ancova_p_value,,4.0,50.0,0.05094706873769324,0.0035101074715988,0.0009470687376932352,0.4014525375916153,non-significant
0.2,avg_shortestPathLength,0.0314671525049664,50,ancova_p_value,,6.0,50.0,0.01785224137520709,0.0013885662352181,-0.03214775862479291,0.0,significant
0.2,avg_shortestPathLength,0.0314671525049664,50,ancova_p_value,,8.0,50.0,0.006713432842279582,0.0005674759406551,-0.04328656715772042,0.0,significant
0.2,avg_shortestPathLength,0.0314671525049664,50,ancova_p_value,,10.0,50.0,0.0026605541904910716,0.0002390586179875,-0.04733944580950893,0.0,significant
0.2,avg_shortestPathLength,0.0314671525049664,50,ancova_p_value,,15.0,50.0,0.00031306556427201346,3.105064992525299e-05,-0.04968693443572799,0.0,significant
0.2,avg_shortestPathLength,0.0314671525049664,75,ancova_p_value,,0.5,75.0,0.4816914470000123,0.0194398875314733,0.43169144700001233,4.186737506097975e-225,non-significant
0.2,avg_shortestPathLength,0.0314671525049664,75,ancova_p_value,,1.0,75.0,0.3205260061237414,0.0151272994241705,0.2705260061237414,3.0627611951187905e-154,non-significant
0.2,avg_shortestPathLength,0.0314671525049664,75,ancova_p_value,,2.0,75.0,0.16143714082856858,0.0092051390532686,0.11143714082856858,7.267439068024463e-61,non-significant
0.2,avg_shortestPathLength,0.0314671525049664,75,ancova_p_value,,4.0,75.0,0.04912138289485513,0.0034741490020859,-0.0008786171051448702,0.3921307592301202,significant
0.2,avg_shortestPathLength,0.0314671525049664,75,ancova_p_value,,6.0,75.0,0.016639791628428848,0.0013435294561044,-0.03336020837157115,0.0,significant
0.2,avg_shortestPathLength,0.0314671525049664,75,ancova_p_value,,8.0,75.0,0.005996484169924953,0.0005317535520581,-0.04400351583007505,0.0,significant
0.2,avg_shortestPathLength,0.0314671525049664,75,ancova_p_value,,10.0,75.0,0.0022598459055359287,0.0002151586114117,-0.047740154094464075,0.0,significant
0.2,avg_shortestPathLength,0.0314671525049664,75,ancova_p_value,,15.0,75.0,0.0002280430925145892,2.4516730393888475e-05,-0.04977195690748541,0.0,significant
0.2,avg_shortestPathLength,0.0314671525049664,100,ancova_p_value,,0.5,100.0,0.48114467698573943,0.0194681941919108,0.43114467698573944,5.46132279589931e-224,non-significant
0.2,avg_shortestPathLength,0.0314671525049664,100,ancova_p_value,,1.0,100.0,0.31972415578412333,0.0151524343932912,0.26972415578412334,8.219641677720124e-153,non-significant
0.2,avg_shortestPathLength,0.0314671525049664,100,ancova_p_value,,2.0,100.0,0.16040513148560548,0.0092130433433397,0.11040513148560548,1.542723678364049e-59,non-significant
0.2,avg_shortestPathLength,0.0314671525049664,100,ancova_p_value,,4.0,100.0,0.04821217873113365,0.0034556373048349,-0.0017878212688663547,0.29668970858848276,significant
0.2,avg_shortestPathLength,0.0314671525049664,100,ancova_p_value,,6.0,100.0,0.016044679166962617,0.0013205826660746,-0.033955320833037386,0.0,significant
0.2,avg_shortestPathLength,0.0314671525049664,100,ancova_p_value,,8.0,100.0,0.005652215916228005,0.000513821338603,-0.044347784083772,0.0,significant
0.2,avg_shortestPathLength,0.0314671525049664,100,ancova_p_value,,10.0,100.0,0.00207287258086666,0.000203414162911,-0.047927127419133346,0.0,significant
0.2,avg_shortestPathLength,0.0314671525049664,100,ancova_p_value,,15.0,100.0,0.0001920508540141487,2.1551169887391407e-05,-0.04980794914598585,0.0,significant
0.2,avg_shortestPathLength,0.0314671525049664,300,ancova_p_value,,0.5,300.0,0.4800490110787622,0.0195249864586622,0.4300490110787622,9.073209008155725e-222,non-significant
0.2,avg_shortestPathLength,0.0314671525049664,300,ancova_p_value,,1.0,300.0,0.31811640443062633,0.0152029141634892,0.26811640443062634,5.604721833605209e-150,non-significant
0.2,avg_shortestPathLength,0.0314671525049664,300,ancova_p_value,,2.0,300.0,0.15833615787546532,0.0092286784696661,0.10833615787546531,6.172023781597193e-57,non-significant
0.2,avg_shortestPathLength,0.0314671525049664,300,ancova_p_value,,4.0,300.0,0.0464015209831491,0.0034175123857659,-0.0035984790168509043,0.14658176817452806,significant
0.2,avg_shortestPathLength,0.0314671525049664,300,ancova_p_value,,6.0,300.0,0.014877544674688336,0.0012738249319182,-0.03512245532531166,0.0,significant
0.2,avg_shortestPathLength,0.0314671525049664,300,ancova_p_value,,8.0,300.0,0.004992719858471545,0.0004778610103695,-0.04500728014152846,0.0,significant
0.2,avg_shortestPathLength,0.0314671525049664,300,ancova_p_value,,10.0,300.0,0.0017256705948826214,0.0001804053897468,-0.04827432940511738,0.0,significant
0.2,avg_shortestPathLength,0.0314671525049664,300,ancova_p_value,,15.0,300.0,0.00013201666015390175,1.623476793262018e-05,-0.0498679833398461,0.0,significant
0.2,avg_shortestPathLength,0.0314671525049664,500,ancova_p_value,,0.5,500.0,0.47982953965954955,0.0195363735518877,0.42982953965954956,2.5129886667565583e-221,non-significant
0.2,avg_shortestPathLength,0.0314671525049664,500,ancova_p_value,,1.0,500.0,0.3177942072606085,0.0152130438035963,0.2677942072606085,2.0487637781586108e-149,non-significant
0.2,avg_shortestPathLength,0.0314671525049664,500,ancova_p_value,,2.0,500.0,0.15792157401181234,0.009231776902593,0.10792157401181234,2.0073132029699035e-56,non-significant
0.2,avg_shortestPathLength,0.0314671525049664,500,ancova_p_value,,4.0,500.0,0.046040682769031456,0.0034097070370306,-0.003959317230968547,0.12421809542317808,significant
0.2,avg_shortestPathLength,0.0314671525049664,500,ancova_p_value,,6.0,500.0,0.01464790875937049,0.0012643344662264,-0.03535209124062951,0.0,significant
0.2,avg_shortestPathLength,0.0314671525049664,500,ancova_p_value,,8.0,500.0,0.004865533464805003,0.0004706591632528,-0.045134466535195,0.0,significant
0.2,avg_shortestPathLength,0.0314671525049664,500,ancova_p_value,,10.0,500.0,0.0016604995248597615,0.0001758884545447,-0.04833950047514024,0.0,significant
0.2,avg_shortestPathLength,0.0314671525049664,500,ancova_p_value,,15.0,500.0,0.0001217965039979378,1.527058134109575e-05,-0.04987820349600206,0.0,significant
0.2,avg_shortestPathLength,0.0314671525049664,1000,ancova_p_value,,0.5,1000.0,0.4796648624377731,0.0195449201382386,0.42966486243777313,5.3907428943144485e-221,non-significant
0.2,avg_shortestPathLength,0.0314671525049664,1000,ancova_p_value,,1.0,1000.0,0.31755241808467255,0.0152206484222659,0.26755241808467256,5.405848473201945e-149,non-significant
0.2,avg_shortestPathLength,0.0314671525049664,1000,ancova_p_value,,2.0,1000.0,0.1576104641334238,0.0092340943237986,0.1076104641334238,4.8412564787167e-56,non-significant
0.2,avg_shortestPathLength,0.0314671525049664,1000,ancova_p_value,,4.0,1000.0,0.04577034649325166,0.0034038128376429,-0.0042296535067483446,0.10911352895742066,significant
0.2,avg_shortestPathLength,0.0314671525049664,1000,ancova_p_value,,6.0,1000.0,0.014476528145859816,0.0012571861343965,-0.03552347185414019,0.0,significant
0.2,avg_shortestPathLength,0.0314671525049664,1000,ancova_p_value,,8.0,1000.0,0.00477118583723039,0.0004652566743307,-0.04522881416276961,0.0,significant
0.2,avg_shortestPathLength,0.0314671525049664,1000,ancova_p_value,,10.0,1000.0,0.0016125523948250528,0.0001725207568001,-0.04838744760517495,0.0,significant
0.2,avg_shortestPathLength,0.0314671525049664,1000,ancova_p_value,,15.0,1000.0,0.00011449967420285442,1.4569169201340809e-05,-0.049885500325797145,0.0,significant
0.3,avg_shortestPathLength,0.0247493378416399,30,ancova_p_value,,0.5,30.0,0.4849569686830381,0.0151571354779863,0.4349569686830381,0.0,non-significant
0.3,avg_shortestPathLength,0.0247493378416399,30,ancova_p_value,,1.0,30.0,0.3253086154260302,0.0117803552664199,0.2753086154260302,3.396121979084861e-262,non-significant
0.3,avg_shortestPathLength,0.0247493378416399,30,ancova_p_value,,2.0,30.0,0.167594108019346,0.0072017821219511,0.11759410801934599,1.333243652420937e-110,non-significant
0.3,avg_shortestPathLength,0.0247493378416399,30,ancova_p_value,,4.0,30.0,0.054625044962983094,0.0028141123244178,0.004625044962983091,0.047155848980733474,non-significant
0.3,avg_shortestPathLength,0.0247493378416399,30,ancova_p_value,,6.0,30.0,0.0203613903722062,0.0011603149300092,-0.029638609627793803,0.0,significant
0.3,avg_shortestPathLength,0.0247493378416399,30,ancova_p_value,,8.0,30.0,0.008257335914631373,0.0005019019635824,-0.04174266408536863,0.0,significant
0.3,avg_shortestPathLength,0.0247493378416399,30,ancova_p_value,,10.0,30.0,0.0035685233088176825,0.0002266390686071,-0.04643147669118232,0.0,significant
0.3,avg_shortestPathLength,0.0247493378416399,30,ancova_p_value,,15.0,30.0,0.0005407062921313466,3.651494735264837e-05,-0.049459293707868654,0.0,significant
0.3,avg_shortestPathLength,0.0247493378416399,50,ancova_p_value,,0.5,50.0,0.48278284379668057,0.0152453460367128,0.4327828437966806,0.0,non-significant
0.3,avg_shortestPathLength,0.0247493378416399,50,ancova_p_value,,1.0,50.0,0.32212564510024433,0.0118584503039421,0.27212564510024434,9.940767021082614e-253,non-significant
0.3,avg_shortestPathLength,0.0247493378416399,50,ancova_p_value,,2.0,50.0,0.16349617189550622,0.0072274012368543,0.11349617189550622,1.591309486562278e-101,non-significant
0.3,avg_shortestPathLength,0.0247493378416399,50,ancova_p_value,,4.0,50.0,0.05094706873769324,0.0027607466440235,0.0009470687376932352,0.3714860245351431,non-significant
0.3,avg_shortestPathLength,0.0247493378416399,50,ancova_p_value,,6.0,50.0,0.01785224137520709,0.0010921259832927,-0.03214775862479291,0.0,significant
0.3,avg_shortestPathLength,0.0247493378416399,50,ancova_p_value,,8.0,50.0,0.006713432842279582,0.0004463274447874,-0.04328656715772042,0.0,significant
0.3,avg_shortestPathLength,0.0247493378416399,50,ancova_p_value,,10.0,50.0,0.0026605541904910716,0.000188022812029,-0.04733944580950893,0.0,significant
0.3,avg_shortestPathLength,0.0247493378416399,50,ancova_p_value,,15.0,50.0,0.00031306556427201346,2.4421752971810485e-05,-0.04968693443572799,0.0,significant
0.3,avg_shortestPathLength,0.0247493378416399,75,ancova_p_value,,0.5,75.0,0.4816914470000123,0.0152897324930809,0.43169144700001233,0.0,non-significant
0.3,avg_shortestPathLength,0.0247493378416399,75,ancova_p_value,,1.0,75.0,0.3205260061237414,0.0118978240570497,0.2705260061237414,4.504132409144679e-248,non-significant
0.3,avg_shortestPathLength,0.0247493378416399,75,ancova_p_value,,2.0,75.0,0.16143714082856858,0.0072399654297496,0.11143714082856858,3.7247577171523e-97,non-significant
0.3,avg_shortestPathLength,0.0247493378416399,75,ancova_p_value,,4.0,75.0,0.04912138289485513,0.0027324648250664,-0.0008786171051448702,0.36795564585443874,significant
0.3,avg_shortestPathLength,0.0247493378416399,75,ancova_p_value,,6.0,75.0,0.016639791628428848,0.0010567039519726,-0.03336020837157115,0.0,significant
0.3,avg_shortestPathLength,0.0247493378416399,75,ancova_p_value,,8.0,75.0,0.005996484169924953,0.0004182313066395,-0.04400351583007505,0.0,significant
0.3,avg_shortestPathLength,0.0247493378416399,75,ancova_p_value,,10.0,75.0,0.0022598459055359287,0.0001692251360375,-0.047740154094464075,0.0,significant
0.3,avg_shortestPathLength,0.0247493378416399,75,ancova_p_value,,15.0,75.0,0.0002280430925145892,1.928273755291272e-05,-0.04977195690748541,0.0,significant
0.3,avg_shortestPathLength,0.0247493378416399,100,ancova_p_value,,0.5,100.0,0.48114467698573943,0.0153119960614869,0.43114467698573944,0.0,non-significant
0.3,avg_shortestPathLength,0.0247493378416399,100,ancova_p_value,,1.0,100.0,0.31972415578412333,0.0119175930476601,0.26972415578412334,9.172059428351094e-246,non-significant
0.3,avg_shortestPathLength,0.0247493378416399,100,ancova_p_value,,2.0,100.0,0.16040513148560548,0.0072461822599931,0.11040513148560548,5.1732735196657795e-95,non-significant
0.3,avg_shortestPathLength,0.0247493378416399,100,ancova_p_value,,4.0,100.0,0.04821217873113365,0.0027179051266883,-0.0017878212688663547,0.25208187743175037,significant
0.3,avg_shortestPathLength,0.0247493378416399,100,ancova_p_value,,6.0,100.0,0.016044679166962617,0.00103865599359,-0.033955320833037386,0.0,significant
0.3,avg_shortestPathLength,0.0247493378416399,100,ancova_p_value,,8.0,100.0,0.005652215916228005,0.0004041273800456,-0.044347784083772,0.0,significant
0.3,avg_shortestPathLength,0.0247493378416399,100,ancova_p_value,,10.0,100.0,0.00207287258086666,0.0001599879696411,-0.047927127419133346,0.0,significant
0.3,avg_shortestPathLength,0.0247493378416399,100,ancova_p_value,,15.0,100.0,0.0001920508540141487,1.695028440661876e-05,-0.04980794914598585,0.0,significant
0.3,avg_shortestPathLength,0.0247493378416399,300,ancova_p_value,,0.5,300.0,0.4800490110787622,0.0153566639416327,0.4300490110787622,0.0,non-significant
0.3,avg_shortestPathLength,0.0247493378416399,300,ancova_p_value,,1.0,300.0,0.31811640443062633,0.0119572960645315,0.26811640443062634,3.481184534737246e-241,non-significant
0.3,avg_shortestPathLength,0.0247493378416399,300,ancova_p_value,,2.0,300.0,0.15833615787546532,0.0072584794967255,0.10833615787546531,8.231667316870559e-91,non-significant
0.3,avg_shortestPathLength,0.0247493378416399,300,ancova_p_value,,4.0,300.0,0.0464015209831491,0.0026879193660742,-0.0035984790168509043,0.09252317840914603,significant
0.3,avg_shortestPathLength,0.0247493378416399,300,ancova_p_value,,6.0,300.0,0.014877544674688336,0.0010018804080277,-0.03512245532531166,0.0,significant
0.3,avg_shortestPathLength,0.0247493378416399,300,ancova_p_value,,8.0,300.0,0.004992719858471545,0.0003758440991798,-0.04500728014152846,0.0,significant
0.3,avg_shortestPathLength,0.0247493378416399,300,ancova_p_value,,10.0,300.0,0.0017256705948826214,0.0001418912606913,-0.04827432940511738,0.0,significant
0.3,avg_shortestPathLength,0.0247493378416399,300,ancova_p_value,,15.0,300.0,0.00013201666015390175,1.2768862904949005e-05,-0.0498679833398461,0.0,significant
0.3,avg_shortestPathLength,0.0247493378416399,500,ancova_p_value,,0.5,500.0,0.47982953965954955,0.0153656200433082,0.42982953965954956,0.0,non-significant
0.3,avg_shortestPathLength,0.0247493378416399,500,ancova_p_value,,1.0,500.0,0.3177942072606085,0.01196526316245,0.2677942072606085,2.827680233221429e-240,non-significant
0.3,avg_shortestPathLength,0.0247493378416399,500,ancova_p_value,,2.0,500.0,0.15792157401181234,0.007260916455814,0.10792157401181234,5.527114910273091e-90,non-significant
0.3,avg_shortestPathLength,0.0247493378416399,500,ancova_p_value,,4.0,500.0,0.046040682769031456,0.0026817803545194,-0.003959317230968547,0.07266594183045427,significant
0.3,avg_shortestPathLength,0.0247493378416399,500,ancova_p_value,,6.0,500.0,0.01464790875937049,0.0009944160293668,-0.03535209124062951,0.0,significant
0.3,avg_shortestPathLength,0.0247493378416399,500,ancova_p_value,,8.0,500.0,0.004865533464805003,0.0003701797497491,-0.045134466535195,0.0,significant
0.3,avg_shortestPathLength,0.0247493378416399,500,ancova_p_value,,10.0,500.0,0.0016604995248597615,0.0001383386305222,-0.04833950047514024,0.0,significant
0.3,avg_shortestPathLength,0.0247493378416399,500,ancova_p_value,,15.0,500.0,0.0001217965039979378,1.201051720804328e-05,-0.04987820349600206,0.0,significant
0.3,avg_shortestPathLength,0.0247493378416399,1000,ancova_p_value,,0.5,1000.0,0.4796648624377731,0.0153723420481975,0.42966486243777313,0.0,non-significant
0.3,avg_shortestPathLength,0.0247493378416399,1000,ancova_p_value,,1.0,1000.0,0.31755241808467255,0.0119712442971135,0.26755241808467256,1.3563235883224583e-239,non-significant
0.3,avg_shortestPathLength,0.0247493378416399,1000,ancova_p_value,,2.0,1000.0,0.1576104641334238,0.0072627391387,0.1076104641334238,2.2900636384259832e-89,non-significant
0.3,avg_shortestPathLength,0.0247493378416399,1000,ancova_p_value,,4.0,1000.0,0.04577034649325166,0.0026771444875808,-0.0042296535067483446,0.06006717065820255,significant
0.3,avg_shortestPathLength,0.0247493378416399,1000,ancova_p_value,,6.0,1000.0,0.014476528145859816,0.0009887937704275,-0.03552347185414019,0.0,significant
0.3,avg_shortestPathLength,0.0247493378416399,1000,ancova_p_value,,8.0,1000.0,0.00477118583723039,0.0003659306196921,-0.04522881416276961,0.0,significant
0.3,avg_shortestPathLength,0.0247493378416399,1000,ancova_p_value,,10.0,1000.0,0.0016125523948250528,0.0001356898910401,-0.04838744760517495,0.0,significant
0.3,avg_shortestPathLength,0.0247493378416399,1000,ancova_p_value,,15.0,1000.0,0.00011449967420285442,1.1458847144783418e-05,-0.049885500325797145,0.0,significant
0.4,avg_shortestPathLength,0.029665759311191,30,ancova_p_value,,0.5,30.0,0.4849569686830381,0.0181680793164712,0.4349569686830381,1.2139732443674396e-260,non-significant
0.4,avg_shortestPathLength,0.029665759311191,30,ancova_p_value,,1.0,30.0,0.3253086154260302,0.0141205064220328,0.2753086154260302,4.034718262752644e-183,non-significant
0.4,avg_shortestPathLength,0.029665759311191,30,ancova_p_value,,2.0,30.0,0.167594108019346,0.0086324061034873,0.11759410801934599,1.337177096732038e-77,non-significant
0.4,avg_shortestPathLength,0.029665759311191,30,ancova_p_value,,4.0,30.0,0.054625044962983094,0.0033731318156875,0.004625044962983091,0.08229543471949792,non-significant
0.4,avg_shortestPathLength,0.029665759311191,30,ancova_p_value,,6.0,30.0,0.0203613903722062,0.0013908098737463,-0.029638609627793803,0.0,significant
0.4,avg_shortestPathLength,0.029665759311191,30,ancova_p_value,,8.0,30.0,0.008257335914631373,0.0006016040891566,-0.04174266408536863,0.0,significant
0.4,avg_shortestPathLength,0.029665759311191,30,ancova_p_value,,10.0,30.0,0.0035685233088176825,0.0002716606037233,-0.04643147669118232,0.0,significant
0.4,avg_shortestPathLength,0.029665759311191,30,ancova_p_value,,15.0,30.0,0.0005407062921313466,4.3768590754050704e-05,-0.049459293707868654,0.0,significant
0.4,avg_shortestPathLength,0.029665759311191,50,ancova_p_value,,0.5,50.0,0.48278284379668057,0.0182738127797513,0.4327828437966806,1.4920369942826636e-255,non-significant
0.4,avg_shortestPathLength,0.029665759311191,50,ancova_p_value,,1.0,50.0,0.32212564510024433,0.0142141149299191,0.27212564510024434,1.570485723527809e-176,non-significant
0.4,avg_shortestPathLength,0.029665759311191,50,ancova_p_value,,2.0,50.0,0.16349617189550622,0.0086631144198611,0.11349617189550622,2.8065035990088175e-71,non-significant
0.4,avg_shortestPathLength,0.029665759311191,50,ancova_p_value,,4.0,50.0,0.05094706873769324,0.0033091651172577,0.0009470687376932352,0.3946114036326395,non-significant
0.4,avg_shortestPathLength,0.029665759311191,50,ancova_p_value,,6.0,50.0,0.01785224137520709,0.0013090752877982,-0.03214775862479291,0.0,significant
0.4,avg_shortestPathLength,0.029665759311191,50,ancova_p_value,,8.0,50.0,0.006713432842279582,0.0005349897696562,-0.04328656715772042,0.0,significant
0.4,avg_shortestPathLength,0.029665759311191,50,ancova_p_value,,10.0,50.0,0.0026605541904910716,0.0002253732815947,-0.04733944580950893,0.0,significant
0.4,avg_shortestPathLength,0.029665759311191,50,ancova_p_value,,15.0,50.0,0.00031306556427201346,2.9273100163518897e-05,-0.04968693443572799,0.0,significant
0.4,avg_shortestPathLength,0.029665759311191,75,ancova_p_value,,0.5,75.0,0.4816914470000123,0.0183270165438163,0.43169144700001233,4.958046204436704e-253,non-significant
0.4,avg_shortestPathLength,0.029665759311191,75,ancova_p_value,,1.0,75.0,0.3205260061237414,0.0142613102242071,0.2705260061237414,2.738701496292999e-173,non-significant
0.4,avg_shortestPathLength,0.029665759311191,75,ancova_p_value,,2.0,75.0,0.16143714082856858,0.0086781744721646,0.11143714082856858,3.1013133355279194e-68,non-significant
0.4,avg_shortestPathLength,0.029665759311191,75,ancova_p_value,,4.0,75.0,0.04912138289485513,0.0032752651543806,-0.0008786171051448702,0.3867634973381402,significant
0.4,avg_shortestPathLength,0.029665759311191,75,ancova_p_value,,6.0,75.0,0.016639791628428848,0.0012666167193234,-0.03336020837157115,0.0,significant
0.4,avg_shortestPathLength,0.029665759311191,75,ancova_p_value,,8.0,75.0,0.005996484169924953,0.0005013123728223,-0.04400351583007505,0.0,significant
0.4,avg_shortestPathLength,0.029665759311191,75,ancova_p_value,,10.0,75.0,0.0022598459055359287,0.0002028414734654,-0.047740154094464075,0.0,significant
0.4,avg_shortestPathLength,0.029665759311191,75,ancova_p_value,,15.0,75.0,0.0002280430925145892,2.311322649380705e-05,-0.04977195690748541,0.0,significant
0.4,avg_shortestPathLength,0.029665759311191,100,ancova_p_value,,0.5,100.0,0.48114467698573943,0.0183537027390579,0.43114467698573944,8.917569347261401e-252,non-significant
0.4,avg_shortestPathLength,0.029665759311191,100,ancova_p_value,,1.0,100.0,0.31972415578412333,0.0142850062972505,0.26972415578412334,1.1089498512033562e-171,non-significant
0.4,avg_shortestPathLength,0.029665759311191,100,ancova_p_value,,2.0,100.0,0.16040513148560548,0.0086856262670716,0.11040513148560548,9.638715703878701e-67,non-significant
0.4,avg_shortestPathLength,0.029665759311191,100,ancova_p_value,,4.0,100.0,0.04821217873113365,0.0032578131922113,-0.0017878212688663547,0.28647563001622345,significant
0.4,avg_shortestPathLength,0.029665759311191,100,ancova_p_value,,6.0,100.0,0.016044679166962617,0.0012449835591611,-0.033955320833037386,0.0,significant
0.4,avg_shortestPathLength,0.029665759311191,100,ancova_p_value,,8.0,100.0,0.005652215916228005,0.0004844067208669,-0.044347784083772,0.0,significant
0.4,avg_shortestPathLength,0.029665759311191,100,ancova_p_value,,10.0,100.0,0.00207287258086666,0.0001917693568381,-0.047927127419133346,0.0,significant
0.4,avg_shortestPathLength,0.029665759311191,100,ancova_p_value,,15.0,100.0,0.0001920508540141487,2.031743478069826e-05,-0.04980794914598585,0.0,significant
0.4,avg_shortestPathLength,0.029665759311191,300,ancova_p_value,,0.5,300.0,0.4800490110787622,0.0184072438313419,0.4300490110787622,2.808261944466929e-249,non-significant
0.4,avg_shortestPathLength,0.029665759311191,300,ancova_p_value,,1.0,300.0,0.31811640443062633,0.0143325962630901,0.26811640443062634,1.7095822786471445e-168,non-significant
0.4,avg_shortestPathLength,0.029665759311191,300,ancova_p_value,,2.0,300.0,0.15833615787546532,0.0087003663327426,0.10833615787546531,8.143480906997461e-64,non-significant
0.4,avg_shortestPathLength,0.029665759311191,300,ancova_p_value,,4.0,300.0,0.0464015209831491,0.0032218708020417,-0.0035984790168509043,0.1329996001810193,significant
0.4,avg_shortestPathLength,0.029665759311191,300,ancova_p_value,,6.0,300.0,0.014877544674688336,0.0012009025547804,-0.03512245532531166,0.0,significant
0.4,avg_shortestPathLength,0.029665759311191,300,ancova_p_value,,8.0,300.0,0.004992719858471545,0.0004505050056749,-0.04500728014152846,0.0,significant
0.4,avg_shortestPathLength,0.029665759311191,300,ancova_p_value,,10.0,300.0,0.0017256705948826214,0.0001700777618765,-0.04827432940511738,0.0,significant
0.4,avg_shortestPathLength,0.029665759311191,300,ancova_p_value,,15.0,300.0,0.00013201666015390175,1.5305379725290986e-05,-0.0498679833398461,0.0,significant
0.4,avg_shortestPathLength,0.029665759311191,500,ancova_p_value,,0.5,500.0,0.47982953965954955,0.0184179790501332,0.42982953965954956,8.83496138375254e-249,non-significant
0.4,avg_shortestPathLength,0.029665759311191,500,ancova_p_value,,1.0,500.0,0.3177942072606085,0.0143421460139065,0.2677942072606085,7.348640451217649e-168,non-significant
0.4,avg_shortestPathLength,0.029665759311191,500,ancova_p_value,,2.0,500.0,0.15792157401181234,0.0087032873903576,0.10792157401181234,3.068274287008992e-63,non-significant
0.4,avg_shortestPathLength,0.029665759311191,500,ancova_p_value,,4.0,500.0,0.046040682769031456,0.0032145122843975,-0.003959317230968547,0.11094618452494764,significant
0.4,avg_shortestPathLength,0.029665759311191,500,ancova_p_value,,6.0,500.0,0.01464790875937049,0.0011919553877014,-0.03535209124062951,0.0,significant
0.4,avg_shortestPathLength,0.029665759311191,500,ancova_p_value,,8.0,500.0,0.004865533464805003,0.0004437154411242,-0.045134466535195,0.0,significant
0.4,avg_shortestPathLength,0.029665759311191,500,ancova_p_value,,10.0,500.0,0.0016604995248597615,0.0001658194066755,-0.04833950047514024,0.0,significant
0.4,avg_shortestPathLength,0.029665759311191,500,ancova_p_value,,15.0,500.0,0.0001217965039979378,1.4396389712587195e-05,-0.04987820349600206,0.0,significant
0.4,avg_shortestPathLength,0.029665759311191,1000,ancova_p_value,,0.5,1000.0,0.4796648624377731,0.0184260363719254,0.42966486243777313,2.085068039779095e-248,non-significant
0.4,avg_shortestPathLength,0.029665759311191,1000,ancova_p_value,,1.0,1000.0,0.31755241808467255,0.0143493152926352,0.26755241808467256,2.189067894277658e-167,non-significant
0.4,avg_shortestPathLength,0.029665759311191,1000,ancova_p_value,,2.0,1000.0,0.1576104641334238,0.0087054721466587,0.1076104641334238,8.259124415838209e-63,non-significant
0.4,avg_shortestPathLength,0.029665759311191,1000,ancova_p_value,,4.0,1000.0,0.04577034649325166,0.0032089555089524,-0.0042296535067483446,0.09623884705436092,significant
0.4,avg_shortestPathLength,0.029665759311191,1000,ancova_p_value,,6.0,1000.0,0.014476528145859816,0.0011852162748595,-0.03552347185414019,0.0,significant
0.4,avg_shortestPathLength,0.029665759311191,1000,ancova_p_value,,8.0,1000.0,0.00477118583723039,0.0004386222273032,-0.04522881416276961,0.0,significant
0.4,avg_shortestPathLength,0.029665759311191,1000,ancova_p_value,,10.0,1000.0,0.0016125523948250528,0.0001626444987867,-0.04838744760517495,0.0,significant
0.4,avg_shortestPathLength,0.029665759311191,1000,ancova_p_value,,15.0,1000.0,0.00011449967420285442,1.3735131160113044e-05,-0.049885500325797145,0.0,significant
0.5,avg_shortestPathLength,0.0334959924714658,30,ancova_p_value,,0.5,30.0,0.4849569686830381,0.0205138133031351,0.4349569686830381,7.427027895997465e-205,non-significant
0.5,avg_shortestPathLength,0.0334959924714658,30,ancova_p_value,,1.0,30.0,0.3253086154260302,0.0159436464054122,0.2753086154260302,4.549397498983649e-144,non-significant
0.5,avg_shortestPathLength,0.0334959924714658,30,ancova_p_value,,2.0,30.0,0.167594108019346,0.0097469613644431,0.11759410801934599,2.7058652148782137e-61,non-significant
0.5,avg_shortestPathLength,0.0334959924714658,30,ancova_p_value,,4.0,30.0,0.054625044962983094,0.0038086467539332,0.004625044962983091,0.11008782687179476,non-significant
0.5,avg_shortestPathLength,0.0334959924714658,30,ancova_p_value,,6.0,30.0,0.0203613903722062,0.001570381414194,-0.029638609627793803,0.0,significant
0.5,avg_shortestPathLength,0.0334959924714658,30,ancova_p_value,,8.0,30.0,0.008257335914631373,0.0006792789569216,-0.04174266408536863,0.0,significant
0.5,avg_shortestPathLength,0.0334959924714658,30,ancova_p_value,,10.0,30.0,0.0035685233088176825,0.0003067355007386,-0.04643147669118232,0.0,significant
0.5,avg_shortestPathLength,0.0334959924714658,30,ancova_p_value,,15.0,30.0,0.0005407062921313466,4.941968182932349e-05,-0.049459293707868654,0.0,significant
0.5,avg_shortestPathLength,0.0334959924714658,50,ancova_p_value,,0.5,50.0,0.48278284379668057,0.0206331983238541,0.4327828437966806,7.301065000449595e-201,non-significant
0.5,avg_shortestPathLength,0.0334959924714658,50,ancova_p_value,,1.0,50.0,0.32212564510024433,0.016049340982198,0.27212564510024434,6.733192140362878e-139,non-significant
0.5,avg_shortestPathLength,0.0334959924714658,50,ancova_p_value,,2.0,50.0,0.16349617189550622,0.0097816345215761,0.11349617189550622,2.4787227612845026e-56,non-significant
0.5,avg_shortestPathLength,0.0334959924714658,50,ancova_p_value,,4.0,50.0,0.05094706873769324,0.0037364211275282,0.0009470687376932352,0.4083691911870366,non-significant
0.5,avg_shortestPathLength,0.0334959924714658,50,ancova_p_value,,6.0,50.0,0.01785224137520709,0.0014780938362204,-0.03214775862479291,0.0,significant
0.5,avg_shortestPathLength,0.0334959924714658,50,ancova_p_value,,8.0,50.0,0.006713432842279582,0.0006040638673271,-0.04328656715772042,0.0,significant
0.5,avg_shortestPathLength,0.0334959924714658,50,ancova_p_value,,10.0,50.0,0.0026605541904910716,0.0002544718867424,-0.04733944580950893,0.0,significant
0.5,avg_shortestPathLength,0.0334959924714658,50,ancova_p_value,,15.0,50.0,0.00031306556427201346,3.305263595001936e-05,-0.04968693443572799,0.0,significant
0.5,avg_shortestPathLength,0.0334959924714658,75,ancova_p_value,,0.5,75.0,0.4816914470000123,0.0206932713818831,0.43169144700001233,6.941183519914717e-199,non-significant
0.5,avg_shortestPathLength,0.0334959924714658,75,ancova_p_value,,1.0,75.0,0.3205260061237414,0.0161026297993011,0.2705260061237414,2.3513683242078686e-136,non-significant
0.5,avg_shortestPathLength,0.0334959924714658,75,ancova_p_value,,2.0,75.0,0.16143714082856858,0.0097986390213864,0.11143714082856858,6.067231782398615e-54,non-significant
0.5,avg_shortestPathLength,0.0334959924714658,75,ancova_p_value,,4.0,75.0,0.04912138289485513,0.0036981442410544,-0.0008786171051448702,0.39744153992418685,significant
0.5,avg_shortestPathLength,0.0334959924714658,75,ancova_p_value,,6.0,75.0,0.016639791628428848,0.0014301533174876,-0.03336020837157115,0.0,significant
0.5,avg_shortestPathLength,0.0334959924714658,75,ancova_p_value,,8.0,75.0,0.005996484169924953,0.0005660382830509,-0.04400351583007505,0.0,significant
0.5,avg_shortestPathLength,0.0334959924714658,75,ancova_p_value,,10.0,75.0,0.0022598459055359287,0.0002290309308057,-0.047740154094464075,0.0,significant
0.5,avg_shortestPathLength,0.0334959924714658,75,ancova_p_value,,15.0,75.0,0.0002280430925145892,2.609744293097492e-05,-0.04977195690748541,0.0,significant
0.5,avg_shortestPathLength,0.0334959924714658,100,ancova_p_value,,0.5,100.0,0.48114467698573943,0.0207234031100322,0.43114467698573944,6.697073580470391e-198,non-significant
0.5,avg_shortestPathLength,0.0334959924714658,100,ancova_p_value,,1.0,100.0,0.31972415578412333,0.0161293853418086,0.26972415578412334,4.28915050722759e-135,non-significant
0.5,avg_shortestPathLength,0.0334959924714658,100,ancova_p_value,,2.0,100.0,0.16040513148560548,0.0098070529393814,0.11040513148560548,9.004683054911302e-53,non-significant
0.5,avg_shortestPathLength,0.0334959924714658,100,ancova_p_value,,4.0,100.0,0.04821217873113365,0.0036784390048828,-0.0017878212688663547,0.30698258043711024,significant
0.5,avg_shortestPathLength,0.0334959924714658,100,ancova_p_value,,6.0,100.0,0.016044679166962617,0.0014057270365916,-0.033955320833037386,0.0,significant
0.5,avg_shortestPathLength,0.0334959924714658,100,ancova_p_value,,8.0,100.0,0.005652215916228005,0.0005469498928067,-0.044347784083772,0.0,significant
0.5,avg_shortestPathLength,0.0334959924714658,100,ancova_p_value,,10.0,100.0,0.00207287258086666,0.0002165292607388,-0.047927127419133346,0.0,significant
0.5,avg_shortestPathLength,0.0334959924714658,100,ancova_p_value,,15.0,100.0,0.0001920508540141487,2.294067835293996e-05,-0.04980794914598585,0.0,significant
0.5,avg_shortestPathLength,0.0334959924714658,300,ancova_p_value,,0.5,300.0,0.4800490110787622,0.0207838570497156,0.4300490110787622,6.104175216154164e-196,non-significant
0.5,avg_shortestPathLength,0.0334959924714658,300,ancova_p_value,,1.0,300.0,0.31811640443062633,0.0161831197876644,0.26811640443062634,1.3598463480930295e-132,non-significant
0.5,avg_shortestPathLength,0.0334959924714658,300,ancova_p_value,,2.0,300.0,0.15833615787546532,0.0098236961381468,0.10833615787546531,1.785809583978723e-50,non-significant
0.5,avg_shortestPathLength,0.0334959924714658,300,ancova_p_value,,4.0,300.0,0.0464015209831491,0.0036378559873407,-0.0035984790168509043,0.1609856499819866,significant
0.5,avg_shortestPathLength,0.0334959924714658,300,ancova_p_value,,6.0,300.0,0.014877544674688336,0.0013559546044963,-0.03512245532531166,0.0,significant
0.5,avg_shortestPathLength,0.0334959924714658,300,ancova_p_value,,8.0,300.0,0.004992719858471545,0.0005086710277715,-0.04500728014152846,0.0,significant
0.5,avg_shortestPathLength,0.0334959924714658,300,ancova_p_value,,10.0,300.0,0.0017256705948826214,0.0001920370003551,-0.04827432940511738,0.0,significant
0.5,avg_shortestPathLength,0.0334959924714658,300,ancova_p_value,,15.0,300.0,0.00013201666015390175,1.72815021747269e-05,-0.0498679833398461,0.0,significant
0.5,avg_shortestPathLength,0.0334959924714658,500,ancova_p_value,,0.5,500.0,0.47982953965954955,0.0207959783240791,0.42982953965954956,1.5000571727276001e-195,non-significant
0.5,avg_shortestPathLength,0.0334959924714658,500,ancova_p_value,,1.0,500.0,0.3177942072606085,0.0161939025348072,0.2677942072606085,4.269314942012006e-132,non-significant
0.5,avg_shortestPathLength,0.0334959924714658,500,ancova_p_value,,2.0,500.0,0.15792157401181234,0.0098269943420747,0.10792157401181234,5.058696032693476e-50,non-significant
0.5,avg_shortestPathLength,0.0334959924714658,500,ancova_p_value,,4.0,500.0,0.046040682769031456,0.0036295473899093,-0.003959317230968547,0.1384871794782262,significant
0.5,avg_shortestPathLength,0.0334959924714658,500,ancova_p_value,,6.0,500.0,0.01464790875937049,0.001345852242444,-0.03535209124062951,0.0,significant
0.5,avg_shortestPathLength,0.0334959924714658,500,ancova_p_value,,8.0,500.0,0.004865533464805003,0.0005010048426356,-0.045134466535195,0.0,significant
0.5,avg_shortestPathLength,0.0334959924714658,500,ancova_p_value,,10.0,500.0,0.0016604995248597615,0.0001872288364293,-0.04833950047514024,0.0,significant
0.5,avg_shortestPathLength,0.0334959924714658,500,ancova_p_value,,15.0,500.0,0.0001217965039979378,1.6255149796459012e-05,-0.04987820349600206,0.0,significant
0.5,avg_shortestPathLength,0.0334959924714658,1000,ancova_p_value,,0.5,1000.0,0.4796648624377731,0.0208050759503108,0.42966486243777313,2.9420300017386453e-195,non-significant
0.5,avg_shortestPathLength,0.0334959924714658,1000,ancova_p_value,,1.0,1000.0,0.31755241808467255,0.0162019974601318,0.26755241808467256,1.005254022524791e-131,non-significant
0.5,avg_shortestPathLength,0.0334959924714658,1000,ancova_p_value,,2.0,1000.0,0.1576104641334238,0.0098294611786671,0.1076104641334238,1.1005383149458285e-49,non-significant
0.5,avg_shortestPathLength,0.0334959924714658,1000,ancova_p_value,,4.0,1000.0,0.04577034649325166,0.0036232731628949,-0.0042296535067483446,0.12310967806439965,significant
0.5,avg_shortestPathLength,0.0334959924714658,1000,ancova_p_value,,6.0,1000.0,0.014476528145859816,0.001338243022985,-0.03552347185414019,0.0,significant
0.5,avg_shortestPathLength,0.0334959924714658,1000,ancova_p_value,,8.0,1000.0,0.00477118583723039,0.0004952540290457,-0.04522881416276961,0.0,significant
0.5,avg_shortestPathLength,0.0334959924714658,1000,ancova_p_value,,10.0,1000.0,0.0016125523948250528,0.0001836440068746,-0.04838744760517495,0.0,significant
0.5,avg_shortestPathLength,0.0334959924714658,1000,ancova_p_value,,15.0,1000.0,0.00011449967420285442,1.550851421356291e-05,-0.049885500325797145,0.0,significant
0.05,betweeness,0.0632657872240871,30,ancova_p_value,,0.5,30.0,0.4849569686830381,0.038745606618355,0.4349569686830381,1.146911352548495e-58,non-significant
0.05,betweeness,0.0632657872240871,30,ancova_p_value,,1.0,30.0,0.3253086154260302,0.0301136723122972,0.2753086154260302,1.0840334678657455e-41,non-significant
0.05,betweeness,0.0632657872240871,30,ancova_p_value,,2.0,30.0,0.167594108019346,0.0184096406246078,0.11759410801934599,1.812434030874462e-18,non-significant
0.05,betweeness,0.0632657872240871,30,ancova_p_value,,4.0,30.0,0.054625044962983094,0.0071936078726825,0.004625044962983091,0.2680333190918381,non-significant
0.05,betweeness,0.0632657872240871,30,ancova_p_value,,6.0,30.0,0.0203613903722062,0.0029660687467521,-0.029638609627793803,9.392486788328824e-14,significant
0.05,betweeness,0.0632657872240871,30,ancova_p_value,,8.0,30.0,0.008257335914631373,0.0012829928234254,-0.04174266408536863,0.0,significant
0.05,betweeness,0.0632657872240871,30,ancova_p_value,,10.0,30.0,0.0035685233088176825,0.0005793487964369,-0.04643147669118232,0.0,significant
0.05,betweeness,0.0632657872240871,30,ancova_p_value,,15.0,30.0,0.0005407062921313466,9.334176552492053e-05,-0.049459293707868654,0.0,significant
0.05,betweeness,0.0632657872240871,50,ancova_p_value,,0.5,50.0,0.48278284379668057,0.0389710959011397,0.4327828437966806,1.5140080516588768e-57,non-significant
0.05,betweeness,0.0632657872240871,50,ancova_p_value,,1.0,50.0,0.32212564510024433,0.0303133036745076,0.27212564510024434,3.0747867268447904e-40,non-significant
0.05,betweeness,0.0632657872240871,50,ancova_p_value,,2.0,50.0,0.16349617189550622,0.0184751297897201,0.11349617189550622,4.563867168302887e-17,non-significant
0.05,betweeness,0.0632657872240871,50,ancova_p_value,,4.0,50.0,0.05094706873769324,0.0070571912217605,0.0009470687376932352,0.46371274076850677,non-significant
0.05,betweeness,0.0632657872240871,50,ancova_p_value,,6.0,50.0,0.01785224137520709,0.0027917599461851,-0.03214775862479291,3.3306690738754696e-16,significant
0.05,betweeness,0.0632657872240871,50,ancova_p_value,,8.0,50.0,0.006713432842279582,0.0011409298032484,-0.04328656715772042,0.0,significant
0.05,betweeness,0.0632657872240871,50,ancova_p_value,,10.0,50.0,0.0026605541904910716,0.0004806355343814,-0.04733944580950893,0.0,significant
0.05,betweeness,0.0632657872240871,50,ancova_p_value,,15.0,50.0,0.00031306556427201346,6.242839453079293e-05,-0.04968693443572799,0.0,significant
0.05,betweeness,0.0632657872240871,75,ancova_p_value,,0.5,75.0,0.4816914470000123,0.0390845593045722,0.43169144700001233,5.43652009578016e-57,non-significant
0.05,betweeness,0.0632657872240871,75,ancova_p_value,,1.0,75.0,0.3205260061237414,0.030413953296015,0.2705260061237414,1.59384526087579e-39,non-significant
0.05,betweeness,0.0632657872240871,75,ancova_p_value,,2.0,75.0,0.16143714082856858,0.0185072471562309,0.11143714082856858,2.1586609357087494e-16,non-significant
0.05,betweeness,0.0632657872240871,75,ancova_p_value,,4.0,75.0,0.04912138289485513,0.0069848954879554,-0.0008786171051448702,0.43253512064936284,significant
0.05,betweeness,0.0632657872240871,75,ancova_p_value,,6.0,75.0,0.016639791628428848,0.0027012119601791,-0.03336020837157115,0.0,significant
0.05,betweeness,0.0632657872240871,75,ancova_p_value,,8.0,75.0,0.005996484169924953,0.0010691087182055,-0.04400351583007505,0.0,significant
0.05,betweeness,0.0632657872240871,75,ancova_p_value,,10.0,75.0,0.0022598459055359287,0.0004325837530693,-0.047740154094464075,0.0,significant
0.05,betweeness,0.0632657872240871,75,ancova_p_value,,15.0,75.0,0.0002280430925145892,4.929172565853408e-05,-0.04977195690748541,0.0,significant
0.05,betweeness,0.0632657872240871,100,ancova_p_value,,0.5,100.0,0.48114467698573943,0.0391414708143118,0.43114467698573944,1.0271581347645121e-56,non-significant
0.05,betweeness,0.0632657872240871,100,ancova_p_value,,1.0,100.0,0.31972415578412333,0.0304644880117958,0.26972415578412334,3.604339527329658e-39,non-significant
0.05,betweeness,0.0632657872240871,100,ancova_p_value,,2.0,100.0,0.16040513148560548,0.0185231390019808,0.11040513148560548,4.626277340036187e-16,non-significant
0.05,betweeness,0.0632657872240871,100,ancova_p_value,,4.0,100.0,0.04821217873113365,0.0069476770869813,-0.0017878212688663547,0.38220586919685373,significant
0.05,betweeness,0.0632657872240871,100,ancova_p_value,,6.0,100.0,0.016044679166962617,0.0026550766533612,-0.033955320833037386,0.0,significant
0.05,betweeness,0.0632657872240871,100,ancova_p_value,,8.0,100.0,0.005652215916228005,0.0010330553892388,-0.044347784083772,0.0,significant
0.05,betweeness,0.0632657872240871,100,ancova_p_value,,10.0,100.0,0.00207287258086666,0.0004089711373491,-0.047927127419133346,0.0,significant
0.05,betweeness,0.0632657872240871,100,ancova_p_value,,15.0,100.0,0.0001920508540141487,4.3329364749818624e-05,-0.04980794914598585,0.0,significant
0.05,betweeness,0.0632657872240871,300,ancova_p_value,,0.5,300.0,0.4800490110787622,0.0392556536106007,0.4300490110787622,3.645062780538411e-56,non-significant
0.05,betweeness,0.0632657872240871,300,ancova_p_value,,1.0,300.0,0.31811640443062633,0.030565979317689,0.26811640443062634,1.8185165599215974e-38,non-significant
0.05,betweeness,0.0632657872240871,300,ancova_p_value,,2.0,300.0,0.15833615787546532,0.0185545739586466,0.10833615787546531,2.0636336042299157e-15,non-significant
0.05,betweeness,0.0632657872240871,300,ancova_p_value,,4.0,300.0,0.0464015209831491,0.0068710256321866,-0.0035984790168509043,0.28851734325246103,significant
0.05,betweeness,0.0632657872240871,300,ancova_p_value,,6.0,300.0,0.014877544674688336,0.0025610686283341,-0.03512245532531166,0.0,significant
0.05,betweeness,0.0632657872240871,300,ancova_p_value,,8.0,300.0,0.004992719858471545,0.0009607559184122,-0.04500728014152846,0.0,significant
0.05,betweeness,0.0632657872240871,300,ancova_p_value,,10.0,300.0,0.0017256705948826214,0.0003627112113179,-0.04827432940511738,0.0,significant
0.05,betweeness,0.0632657872240871,300,ancova_p_value,,15.0,300.0,0.00013201666015390175,3.264055664062627e-05,-0.0498679833398461,0.0,significant
0.05,betweeness,0.0632657872240871,500,ancova_p_value,,0.5,500.0,0.47982953965954955,0.0392785477513079,0.42982953965954956,4.691456236949398e-56,non-significant
0.05,betweeness,0.0632657872240871,500,ancova_p_value,,1.0,500.0,0.3177942072606085,0.0305863453058593,0.2677942072606085,2.508171994444001e-38,non-significant
0.05,betweeness,0.0632657872240871,500,ancova_p_value,,2.0,500.0,0.15792157401181234,0.0185608034641046,0.10792157401181234,2.7700581869552997e-15,non-significant
0.05,betweeness,0.0632657872240871,500,ancova_p_value,,4.0,500.0,0.046040682769031456,0.0068553327113791,-0.003959317230968547,0.2712352504815776,significant
0.05,betweeness,0.0632657872240871,500,ancova_p_value,,6.0,500.0,0.01464790875937049,0.0025419877222046,-0.03535209124062951,0.0,significant
0.05,betweeness,0.0632657872240871,500,ancova_p_value,,8.0,500.0,0.004865533464805003,0.0009462763582666,-0.045134466535195,0.0,significant
0.05,betweeness,0.0632657872240871,500,ancova_p_value,,10.0,500.0,0.0016604995248597615,0.0003536297584806,-0.04833950047514024,0.0,significant
0.05,betweeness,0.0632657872240871,500,ancova_p_value,,15.0,500.0,0.0001217965039979378,3.070202649449771e-05,-0.04987820349600206,0.0,significant
0.05,betweeness,0.0632657872240871,1000,ancova_p_value,,0.5,1000.0,0.4796648624377731,0.0392957309557139,0.42966486243777313,5.667867606156786e-56,non-significant
0.05,betweeness,0.0632657872240871,1000,ancova_p_value,,1.0,1000.0,0.31755241808467255,0.0306016346519988,0.26755241808467256,3.1906723628388616e-38,non-significant
0.05,betweeness,0.0632657872240871,1000,ancova_p_value,,2.0,1000.0,0.1576104641334238,0.0185654627187634,0.1076104641334238,3.4509577638982875e-15,non-significant
0.05,betweeness,0.0632657872240871,1000,ancova_p_value,,4.0,1000.0,0.04577034649325166,0.0068434822217533,-0.0042296535067483446,0.2586390263873036,significant
0.05,betweeness,0.0632657872240871,1000,ancova_p_value,,6.0,1000.0,0.014476528145859816,0.0025276157563749,-0.03552347185414019,0.0,significant
0.05,betweeness,0.0632657872240871,1000,ancova_p_value,,8.0,1000.0,0.00477118583723039,0.0009354144693628,-0.04522881416276961,0.0,significant
0.05,betweeness,0.0632657872240871,1000,ancova_p_value,,10.0,1000.0,0.0016125523948250528,0.0003468588868895,-0.04838744760517495,0.0,significant
0.05,betweeness,0.0632657872240871,1000,ancova_p_value,,15.0,1000.0,0.00011449967420285442,2.929181337835623e-05,-0.049885500325797145,0.0,significant
0.1,betweeness,0.0687082826684218,30,ancova_p_value,,0.5,30.0,0.4849569686830381,0.0420787317838014,0.4349569686830381,5.5259233003591695e-50,non-significant
0.1,betweeness,0.0687082826684218,30,ancova_p_value,,1.0,30.0,0.3253086154260302,0.0327042276750457,0.2753086154260302,1.322707858270805e-35,non-significant
0.1,betweeness,0.0687082826684218,30,ancova_p_value,,2.0,30.0,0.167594108019346,0.0199933462833453,0.11759410801934599,6.534610802108436e-16,non-significant
0.1,betweeness,0.0687082826684218,30,ancova_p_value,,4.0,30.0,0.054625044962983094,0.0078124443685714,0.004625044962983091,0.2867922975099224,non-significant
0.1,betweeness,0.0687082826684218,30,ancova_p_value,,6.0,30.0,0.0203613903722062,0.0032212274407332,-0.029638609627793803,5.958566973163215e-12,significant
0.1,betweeness,0.0687082826684218,30,ancova_p_value,,8.0,30.0,0.008257335914631373,0.0013933634187027,-0.04174266408536863,0.0,significant
0.1,betweeness,0.0687082826684218,30,ancova_p_value,,10.0,30.0,0.0035685233088176825,0.0006291877903646,-0.04643147669118232,0.0,significant
0.1,betweeness,0.0687082826684218,30,ancova_p_value,,15.0,30.0,0.0005407062921313466,0.0001013715736712,-0.049459293707868654,0.0,significant
0.1,betweeness,0.0687082826684218,50,ancova_p_value,,0.5,50.0,0.48278284379668057,0.0423236189820811,0.4327828437966806,4.929514828963887e-49,non-significant
0.1,betweeness,0.0687082826684218,50,ancova_p_value,,1.0,50.0,0.32212564510024433,0.0329210325022053,0.27212564510024434,2.2590473361385185e-34,non-significant
0.1,betweeness,0.0687082826684218,50,ancova_p_value,,2.0,50.0,0.16349617189550622,0.0200644692119562,0.11349617189550622,1.012099323750055e-14,non-significant
0.1,betweeness,0.0687082826684218,50,ancova_p_value,,4.0,50.0,0.05094706873769324,0.0076642923542918,0.0009470687376932352,0.469468993728936,non-significant
0.1,betweeness,0.0687082826684218,50,ancova_p_value,,6.0,50.0,0.01785224137520709,0.0030319235710361,-0.03214775862479291,5.3179682879545e-14,significant
0.1,betweeness,0.0687082826684218,50,ancova_p_value,,8.0,50.0,0.006713432842279582,0.0012390793012463,-0.04328656715772042,0.0,significant
0.1,betweeness,0.0687082826684218,50,ancova_p_value,,10.0,50.0,0.0026605541904910716,0.0005219826324107,-0.04733944580950893,0.0,significant
0.1,betweeness,0.0687082826684218,50,ancova_p_value,,15.0,50.0,0.00031306556427201346,6.779885252616284e-05,-0.04968693443572799,0.0,significant
0.1,betweeness,0.0687082826684218,75,ancova_p_value,,0.5,75.0,0.4816914470000123,0.042446843175403,0.43169144700001233,1.457725297802212e-48,non-significant
0.1,betweeness,0.0687082826684218,75,ancova_p_value,,1.0,75.0,0.3205260061237414,0.0330303405966499,0.2705260061237414,9.12421028545183e-34,non-significant
0.1,betweeness,0.0687082826684218,75,ancova_p_value,,2.0,75.0,0.16143714082856858,0.0200993495033999,0.11143714082856858,3.7886151418253814e-14,non-significant
0.1,betweeness,0.0687082826684218,75,ancova_p_value,,4.0,75.0,0.04912138289485513,0.0075857773158808,-0.0008786171051448702,0.4349118260621311,significant
0.1,betweeness,0.0687082826684218,75,ancova_p_value,,6.0,75.0,0.016639791628428848,0.0029335861142442,-0.03336020837157115,4.3298697960381105e-15,significant
0.1,betweeness,0.0687082826684218,75,ancova_p_value,,8.0,75.0,0.005996484169924953,0.0011610797436781,-0.04400351583007505,0.0,significant
0.1,betweeness,0.0687082826684218,75,ancova_p_value,,10.0,75.0,0.0022598459055359287,0.0004697971540032,-0.047740154094464075,0.0,significant
0.1,betweeness,0.0687082826684218,75,ancova_p_value,,15.0,75.0,0.0002280430925145892,5.353209006575716e-05,-0.04977195690748541,0.0,significant
0.1,betweeness,0.0687082826684218,100,ancova_p_value,,0.5,100.0,0.48114467698573943,0.042508650548232,0.43114467698573944,2.5004975880381266e-48,non-significant
0.1,betweeness,0.0687082826684218,100,ancova_p_value,,1.0,100.0,0.31972415578412333,0.0330852226061654,0.26972415578412334,1.823233937606652e-33,non-significant
0.1,betweeness,0.0687082826684218,100,ancova_p_value,,2.0,100.0,0.16040513148560548,0.0201166084592719,0.11040513148560548,7.239513752553213e-14,non-significant
0.1,betweeness,0.0687082826684218,100,ancova_p_value,,4.0,100.0,0.04821217873113365,0.0075453571689611,-0.0017878212688663547,0.38841515284873296,significant
0.1,betweeness,0.0687082826684218,100,ancova_p_value,,6.0,100.0,0.016044679166962617,0.0028834819767486,-0.033955320833037386,1.2212453270876722e-15,significant
0.1,betweeness,0.0687082826684218,100,ancova_p_value,,8.0,100.0,0.005652215916228005,0.0011219248951182,-0.044347784083772,0.0,significant
0.1,betweeness,0.0687082826684218,100,ancova_p_value,,10.0,100.0,0.00207287258086666,0.0004441532420782,-0.047927127419133346,0.0,significant
0.1,betweeness,0.0687082826684218,100,ancova_p_value,,15.0,100.0,0.0001920508540141487,4.705681177298664e-05,-0.04980794914598585,0.0,significant
0.1,betweeness,0.0687082826684218,300,ancova_p_value,,0.5,300.0,0.4800490110787622,0.0426326560208186,0.4300490110787622,7.32072197511156e-48,non-significant
0.1,betweeness,0.0687082826684218,300,ancova_p_value,,1.0,300.0,0.31811640443062633,0.0331954447916414,0.26811640443062634,7.197220141571265e-33,non-significant
0.1,betweeness,0.0687082826684218,300,ancova_p_value,,2.0,300.0,0.15833615787546532,0.0201507476359586,0.10833615787546531,2.5788249798244957e-13,non-significant
0.1,betweeness,0.0687082826684218,300,ancova_p_value,,4.0,300.0,0.0464015209831491,0.0074621117048001,-0.0035984790168509043,0.30111096120111513,significant
0.1,betweeness,0.0687082826684218,300,ancova_p_value,,6.0,300.0,0.014877544674688336,0.0027813868280108,-0.03512245532531166,1.1102230246251565e-16,significant
0.1,betweeness,0.0687082826684218,300,ancova_p_value,,8.0,300.0,0.004992719858471545,0.0010434057982051,-0.04500728014152846,0.0,significant
0.1,betweeness,0.0687082826684218,300,ancova_p_value,,10.0,300.0,0.0017256705948826214,0.000393913764891,-0.04827432940511738,0.0,significant
0.1,betweeness,0.0687082826684218,300,ancova_p_value,,15.0,300.0,0.00013201666015390175,3.544848946833196e-05,-0.0498679833398461,0.0,significant
0.1,betweeness,0.0687082826684218,500,ancova_p_value,,0.5,500.0,0.47982953965954955,0.0426575196502806,0.42982953965954956,9.06799232493983e-48,non-significant
0.1,betweeness,0.0687082826684218,500,ancova_p_value,,1.0,500.0,0.3177942072606085,0.0332175627820027,0.2677942072606085,9.45440573031675e-33,non-significant
0.1,betweeness,0.0687082826684218,500,ancova_p_value,,2.0,500.0,0.15792157401181234,0.0201575130401474,0.10792157401181234,3.311701296979419e-13,non-significant
0.1,betweeness,0.0687082826684218,500,ancova_p_value,,4.0,500.0,0.046040682769031456,0.007445068786565,-0.003959317230968547,0.28483626035752274,significant
0.1,betweeness,0.0687082826684218,500,ancova_p_value,,6.0,500.0,0.01464790875937049,0.0027606644700122,-0.03535209124062951,0.0,significant
0.1,betweeness,0.0687082826684218,500,ancova_p_value,,8.0,500.0,0.004865533464805003,0.0010276806210589,-0.045134466535195,0.0,significant
0.1,betweeness,0.0687082826684218,500,ancova_p_value,,10.0,500.0,0.0016604995248597615,0.0003840510720208,-0.04833950047514024,0.0,significant
0.1,betweeness,0.0687082826684218,500,ancova_p_value,,15.0,500.0,0.0001217965039979378,3.334319554746934e-05,-0.04987820349600206,0.0,significant
0.1,betweeness,0.0687082826684218,1000,ancova_p_value,,0.5,1000.0,0.4796648624377731,0.0426761810550821,0.42966486243777313,1.0645175175849248e-47,non-significant
0.1,betweeness,0.0687082826684218,1000,ancova_p_value,,1.0,1000.0,0.31755241808467255,0.0332341674077011,0.26755241808467256,1.1596114513060999e-32,non-significant
0.1,betweeness,0.0687082826684218,1000,ancova_p_value,,2.0,1000.0,0.1576104641334238,0.0201625731113196,0.1076104641334238,3.9916222195047877e-13,non-significant
0.1,betweeness,0.0687082826684218,1000,ancova_p_value,,4.0,1000.0,0.04577034649325166,0.0074321988480612,-0.0042296535067483446,0.2729290231140199,significant
0.1,betweeness,0.0687082826684218,1000,ancova_p_value,,6.0,1000.0,0.014476528145859816,0.0027450561430782,-0.03552347185414019,0.0,significant
0.1,betweeness,0.0687082826684218,1000,ancova_p_value,,8.0,1000.0,0.00477118583723039,0.0010158843285308,-0.04522881416276961,0.0,significant
0.1,betweeness,0.0687082826684218,1000,ancova_p_value,,10.0,1000.0,0.0016125523948250528,0.0003766977301972,-0.04838744760517495,0.0,significant
0.1,betweeness,0.0687082826684218,1000,ancova_p_value,,15.0,1000.0,0.00011449967420285442,3.1811667597562244e-05,-0.049885500325797145,0.0,significant
0.2,betweeness,0.0962807955891718,30,ancova_p_value,,0.5,30.0,0.4849569686830381,0.0589648527977221,0.4349569686830381,3.432832151433397e-26,non-significant
0.2,betweeness,0.0962807955891718,30,ancova_p_value,,1.0,30.0,0.3253086154260302,0.0458283766875458,0.2753086154260302,6.513790850997539e-19,non-significant
0.2,betweeness,0.0962807955891718,30,ancova_p_value,,2.0,30.0,0.167594108019346,0.0280166409621967,0.11759410801934599,7.147005979566293e-09,non-significant
0.2,betweeness,0.0962807955891718,30,ancova_p_value,,4.0,30.0,0.054625044962983094,0.0109475645451972,0.004625044962983091,0.3556782086698282,non-significant
0.2,betweeness,0.0962807955891718,30,ancova_p_value,,6.0,30.0,0.0203613903722062,0.0045139003439247,-0.029638609627793803,5.580923508885505e-07,significant
0.2,betweeness,0.0962807955891718,30,ancova_p_value,,8.0,30.0,0.008257335914631373,0.0019525177065618,-0.04174266408536863,0.0,significant
0.2,betweeness,0.0962807955891718,30,ancova_p_value,,10.0,30.0,0.0035685233088176825,0.0008816797433818,-0.04643147669118232,0.0,significant
0.2,betweeness,0.0962807955891718,30,ancova_p_value,,15.0,30.0,0.0005407062921313466,0.0001420518077899,-0.049459293707868654,0.0,significant
0.2,betweeness,0.0962807955891718,50,ancova_p_value,,0.5,50.0,0.48278284379668057,0.0593080127977145,0.4327828437966806,1.0486045825785763e-25,non-significant
0.2,betweeness,0.0962807955891718,50,ancova_p_value,,1.0,50.0,0.32212564510024433,0.0461321849103075,0.27212564510024434,2.778399587902471e-18,non-significant
0.2,betweeness,0.0962807955891718,50,ancova_p_value,,2.0,50.0,0.16349617189550622,0.0281163053968958,0.11349617189550622,2.9291423279197005e-08,non-significant
0.2,betweeness,0.0962807955891718,50,ancova_p_value,,4.0,50.0,0.05094706873769324,0.0107399593883078,0.0009470687376932352,0.49130916306955275,non-significant
0.2,betweeness,0.0962807955891718,50,ancova_p_value,,6.0,50.0,0.01785224137520709,0.0042486291644586,-0.03214775862479291,4.731902703003499e-08,significant
0.2,betweeness,0.0962807955891718,50,ancova_p_value,,8.0,50.0,0.006713432842279582,0.0017363196442821,-0.04328656715772042,0.0,significant
0.2,betweeness,0.0962807955891718,50,ancova_p_value,,10.0,50.0,0.0026605541904910716,0.0007314533442026,-0.04733944580950893,0.0,significant
0.2,betweeness,0.0962807955891718,50,ancova_p_value,,15.0,50.0,0.00031306556427201346,9.500641273125604e-05,-0.04968693443572799,0.0,significant
0.2,betweeness,0.0962807955891718,75,ancova_p_value,,0.5,75.0,0.4816914470000123,0.0594806866429643,0.43169144700001233,1.823439049142285e-25,non-significant
0.2,betweeness,0.0962807955891718,75,ancova_p_value,,1.0,75.0,0.3205260061237414,0.0462853581506904,0.2705260061237414,5.671794928626913e-18,non-significant
0.2,betweeness,0.0962807955891718,75,ancova_p_value,,2.0,75.0,0.16143714082856858,0.0281651830879129,0.11143714082856858,5.781884643623876e-08,non-significant
0.2,betweeness,0.0962807955891718,75,ancova_p_value,,4.0,75.0,0.04912138289485513,0.0106299364031547,-0.0008786171051448702,0.4401731082909911,significant
0.2,betweeness,0.0962807955891718,75,ancova_p_value,,6.0,75.0,0.016639791628428848,0.0041108290593121,-0.03336020837157115,1.2739616361834294e-08,significant
0.2,betweeness,0.0962807955891718,75,ancova_p_value,,8.0,75.0,0.005996484169924953,0.0016270190015269,-0.04400351583007505,0.0,significant
0.2,betweeness,0.0962807955891718,75,ancova_p_value,,10.0,75.0,0.0022598459055359287,0.0006583259251472,-0.047740154094464075,0.0,significant
0.2,betweeness,0.0962807955891718,75,ancova_p_value,,15.0,75.0,0.0002280430925145892,7.501442360239808e-05,-0.04977195690748541,0.0,significant
0.2,betweeness,0.0962807955891718,100,ancova_p_value,,0.5,100.0,0.48114467698573943,0.0595672972057398,0.43114467698573944,2.401482754372375e-25,non-significant
0.2,betweeness,0.0962807955891718,100,ancova_p_value,,1.0,100.0,0.31972415578412333,0.046362264214042,0.26972415578412334,8.080179618112664e-18,non-significant
0.2,betweeness,0.0962807955891718,100,ancova_p_value,,2.0,100.0,0.16040513148560548,0.0281893680324037,0.11040513148560548,8.072504904677776e-08,non-significant
0.2,betweeness,0.0962807955891718,100,ancova_p_value,,4.0,100.0,0.04821217873113365,0.0105732957224082,-0.0017878212688663547,0.4066306754165183,significant
0.2,betweeness,0.0962807955891718,100,ancova_p_value,,6.0,100.0,0.016044679166962617,0.0040406182196138,-0.033955320833037386,6.478973357815221e-09,significant
0.2,betweeness,0.0962807955891718,100,ancova_p_value,,8.0,100.0,0.005652215916228005,0.0015721513811453,-0.044347784083772,0.0,significant
0.2,betweeness,0.0962807955891718,100,ancova_p_value,,10.0,100.0,0.00207287258086666,0.0006223911564952,-0.047927127419133346,0.0,significant
0.2,betweeness,0.0962807955891718,100,ancova_p_value,,15.0,100.0,0.0001920508540141487,6.594062752605146e-05,-0.04980794914598585,0.0,significant
0.2,betweeness,0.0962807955891718,300,ancova_p_value,,0.5,300.0,0.4800490110787622,0.0597410658562483,0.4300490110787622,4.154806714358762e-25,non-significant
0.2,betweeness,0.0962807955891718,300,ancova_p_value,,1.0,300.0,0.31811640443062633,0.0465167183685785,0.26811640443062634,1.6304191378333977e-17,non-significant
0.2,betweeness,0.0962807955891718,300,ancova_p_value,,2.0,300.0,0.15833615787546532,0.0282372072006159,0.10833615787546531,1.5540451460496278e-07,non-significant
0.2,betweeness,0.0962807955891718,300,ancova_p_value,,4.0,300.0,0.0464015209831491,0.0104566439999762,-0.0035984790168509043,0.34213539429518025,significant
0.2,betweeness,0.0962807955891718,300,ancova_p_value,,6.0,300.0,0.014877544674688336,0.0038975524673563,-0.03512245532531166,1.6083782083953224e-09,significant
0.2,betweeness,0.0962807955891718,300,ancova_p_value,,8.0,300.0,0.004992719858471545,0.0014621227088203,-0.04500728014152846,0.0,significant
0.2,betweeness,0.0962807955891718,300,ancova_p_value,,10.0,300.0,0.0017256705948826214,0.0005519906655252,-0.04827432940511738,0.0,significant
0.2,betweeness,0.0962807955891718,300,ancova_p_value,,15.0,300.0,0.00013201666015390175,4.967390590907596e-05,-0.0498679833398461,0.0,significant
0.2,betweeness,0.0962807955891718,500,ancova_p_value,,0.5,500.0,0.47982953965954955,0.0597759072164579,0.42982953965954956,4.6343418679466015e-25,non-significant
0.2,betweeness,0.0962807955891718,500,ancova_p_value,,1.0,500.0,0.3177942072606085,0.0465477122695483,0.2677942072606085,1.8744399097956297e-17,non-significant
0.2,betweeness,0.0962807955891718,500,ancova_p_value,,2.0,500.0,0.15792157401181234,0.0282466875495998,0.10792157401181234,1.7680327237510317e-07,non-significant
0.2,betweeness,0.0962807955891718,500,ancova_p_value,,4.0,500.0,0.046040682769031456,0.0104327617886458,-0.003959317230968547,0.3297620282741267,significant
0.2,betweeness,0.0962807955891718,500,ancova_p_value,,6.0,500.0,0.01464790875937049,0.0038685142635605,-0.03535209124062951,1.209098043908341e-09,significant
0.2,betweeness,0.0962807955891718,500,ancova_p_value,,8.0,500.0,0.004865533464805003,0.0014400870457587,-0.045134466535195,0.0,significant
0.2,betweeness,0.0962807955891718,500,ancova_p_value,,10.0,500.0,0.0016604995248597615,0.0005381700913627,-0.04833950047514024,0.0,significant
0.2,betweeness,0.0962807955891718,500,ancova_p_value,,15.0,500.0,0.0001217965039979378,4.6723761242705766e-05,-0.04987820349600206,0.0,significant
0.2,betweeness,0.0962807955891718,1000,ancova_p_value,,0.5,1000.0,0.4796648624377731,0.0598020574101656,0.42966486243777313,5.029528104788607e-25,non-significant
0.2,betweeness,0.0962807955891718,1000,ancova_p_value,,1.0,1000.0,0.31755241808467255,0.0465709803023183,0.26755241808467256,2.0807146229129796e-17,non-significant
0.2,betweeness,0.0962807955891718,1000,ancova_p_value,,2.0,1000.0,0.1576104641334238,0.0282537782184286,0.1076104641334238,1.946801979041444e-07,non-significant
0.2,betweeness,0.0962807955891718,1000,ancova_p_value,,4.0,1000.0,0.04577034649325166,0.0104147271664692,-0.0042296535067483446,0.32061423606091277,significant
0.2,betweeness,0.0962807955891718,1000,ancova_p_value,,6.0,1000.0,0.014476528145859816,0.0038466423424958,-0.03552347185414019,9.747005424998179e-10,significant
0.2,betweeness,0.0962807955891718,1000,ancova_p_value,,8.0,1000.0,0.00477118583723039,0.0014235569217984,-0.04522881416276961,0.0,significant
0.2,betweeness,0.0962807955891718,1000,ancova_p_value,,10.0,1000.0,0.0016125523948250528,0.0005278658664059,-0.04838744760517495,0.0,significant
0.2,betweeness,0.0962807955891718,1000,ancova_p_value,,15.0,1000.0,0.00011449967420285442,4.457763382171175e-05,-0.049885500325797145,0.0,significant
0.3,betweeness,0.1244059329453957,30,ancova_p_value,,0.5,30.0,0.4849569686830381,0.0761894153283621,0.4349569686830381,3.07720376911738e-16,non-significant
0.3,betweeness,0.1244059329453957,30,ancova_p_value,,1.0,30.0,0.3253086154260302,0.0592155675729414,0.2753086154260302,6.4623988352900215e-12,non-significant
0.3,betweeness,0.1244059329453957,30,ancova_p_value,,2.0,30.0,0.167594108019346,0.0362007432070936,0.11759410801934599,6.772356371084219e-06,non-significant
0.3,betweeness,0.1244059329453957,30,ancova_p_value,,4.0,30.0,0.054625044962983094,0.0141455206346297,0.004625044962983091,0.4001542203598852,non-significant
0.3,betweeness,0.1244059329453957,30,ancova_p_value,,6.0,30.0,0.0203613903722062,0.0058324817537305,-0.029638609627793803,7.190626566355718e-05,significant
0.3,betweeness,0.1244059329453957,30,ancova_p_value,,8.0,30.0,0.008257335914631373,0.0025228788917958,-0.04174266408536863,0.0,significant
0.3,betweeness,0.1244059329453957,30,ancova_p_value,,10.0,30.0,0.0035685233088176825,0.0011392322878437,-0.04643147669118232,0.0,significant
0.3,betweeness,0.1244059329453957,30,ancova_p_value,,15.0,30.0,0.0005407062921313466,0.0001835473789611,-0.049459293707868654,0.0,significant
0.3,betweeness,0.1244059329453957,50,ancova_p_value,,0.5,50.0,0.48278284379668057,0.0766328177710544,0.4327828437966806,6.017356526209853e-16,non-significant
0.3,betweeness,0.1244059329453957,50,ancova_p_value,,1.0,50.0,0.32212564510024433,0.0596081229642619,0.27212564510024434,1.5472870490247268e-11,non-significant
0.3,betweeness,0.1244059329453957,50,ancova_p_value,,2.0,50.0,0.16349617189550622,0.0363295211934443,0.11349617189550622,1.5951028505170755e-05,non-significant
0.3,betweeness,0.1244059329453957,50,ancova_p_value,,4.0,50.0,0.05094706873769324,0.0138772707404628,0.0009470687376932352,0.5071630284505791,non-significant
0.3,betweeness,0.1244059329453957,50,ancova_p_value,,6.0,50.0,0.01785224137520709,0.0054897206832277,-0.03214775862479291,1.5594121726802967e-05,significant
0.3,betweeness,0.1244059329453957,50,ancova_p_value,,8.0,50.0,0.006713432842279582,0.0022435259691874,-0.04328656715772042,0.0,significant
0.3,betweeness,0.1244059329453957,50,ancova_p_value,,10.0,50.0,0.0026605541904910716,0.0009451223905527,-0.04733944580950893,0.0,significant
0.3,betweeness,0.1244059329453957,50,ancova_p_value,,15.0,50.0,0.00031306556427201346,0.0001227592827759,-0.04968693443572799,0.0,significant
0.3,betweeness,0.1244059329453957,75,ancova_p_value,,0.5,75.0,0.4816914470000123,0.0768559323670869,0.43169144700001233,8.389110990768948e-16,non-significant
0.3,betweeness,0.1244059329453957,75,ancova_p_value,,1.0,75.0,0.3205260061237414,0.0598060405215015,0.2705260061237414,2.3776383449432605e-11,non-significant
0.3,betweeness,0.1244059329453957,75,ancova_p_value,,2.0,75.0,0.16143714082856858,0.0363926768281063,0.11143714082856858,2.4115876742367646e-05,non-significant
0.3,betweeness,0.1244059329453957,75,ancova_p_value,,4.0,75.0,0.04912138289485513,0.013735108307865,-0.0008786171051448702,0.43956948562354414,significant
0.3,betweeness,0.1244059329453957,75,ancova_p_value,,6.0,75.0,0.016639791628428848,0.0053116669962404,-0.03336020837157115,6.9280754486644724e-06,significant
0.3,betweeness,0.1244059329453957,75,ancova_p_value,,8.0,75.0,0.005996484169924953,0.0021022968865829,-0.04400351583007505,0.0,significant
0.3,betweeness,0.1244059329453957,75,ancova_p_value,,10.0,75.0,0.0022598459055359287,0.0008506333002226,-0.047740154094464075,0.0,significant
0.3,betweeness,0.1244059329453957,75,ancova_p_value,,15.0,75.0,0.0002280430925145892,9.692731863618908e-05,-0.04977195690748541,0.0,significant
0.3,betweeness,0.1244059329453957,100,ancova_p_value,,0.5,100.0,0.48114467698573943,0.0769678432398532,0.43114467698573944,9.897864509175647e-16,non-significant
0.3,betweeness,0.1244059329453957,100,ancova_p_value,,1.0,100.0,0.31972415578412333,0.0599054120576617,0.26972415578412334,2.942257146910549e-11,non-significant
0.3,betweeness,0.1244059329453957,100,ancova_p_value,,2.0,100.0,0.16040513148560548,0.0364239265759319,0.11040513148560548,2.9542322267002305e-05,non-significant
0.3,betweeness,0.1244059329453957,100,ancova_p_value,,4.0,100.0,0.04821217873113365,0.0136619219918628,-0.0017878212688663547,0.4134165237020039,significant
0.3,betweeness,0.1244059329453957,100,ancova_p_value,,6.0,100.0,0.016044679166962617,0.0052209464640501,-0.033955320833037386,4.562363059568142e-06,significant
0.3,betweeness,0.1244059329453957,100,ancova_p_value,,8.0,100.0,0.005652215916228005,0.0020314015698139,-0.044347784083772,0.0,significant
0.3,betweeness,0.1244059329453957,100,ancova_p_value,,10.0,100.0,0.00207287258086666,0.0008042014194725,-0.047927127419133346,0.0,significant
0.3,betweeness,0.1244059329453957,100,ancova_p_value,,15.0,100.0,0.0001920508540141487,8.520292376256461e-05,-0.04980794914598585,0.0,significant
0.3,betweeness,0.1244059329453957,300,ancova_p_value,,0.5,300.0,0.4800490110787622,0.0771923724510099,0.4300490110787622,1.3757272977265278e-15,non-significant
0.3,betweeness,0.1244059329453957,300,ancova_p_value,,1.0,300.0,0.31811640443062633,0.0601049847042609,0.26811640443062634,4.4900001583577714e-11,non-significant
0.3,betweeness,0.1244059329453957,300,ancova_p_value,,2.0,300.0,0.15833615787546532,0.0364857403189151,0.10833615787546531,4.400624654743953e-05,non-significant
0.3,betweeness,0.1244059329453957,300,ancova_p_value,,4.0,300.0,0.0464015209831491,0.013511194463387,-0.0035984790168509043,0.3626213295418159,significant
0.3,betweeness,0.1244059329453957,300,ancova_p_value,,6.0,300.0,0.014877544674688336,0.0050360889514671,-0.03512245532531166,1.930108875947134e-06,significant
0.3,betweeness,0.1244059329453957,300,ancova_p_value,,8.0,300.0,0.004992719858471545,0.0018892317887317,-0.04500728014152846,0.0,significant
0.3,betweeness,0.1244059329453957,300,ancova_p_value,,10.0,300.0,0.0017256705948826214,0.000713235835886,-0.04827432940511738,0.0,significant
0.3,betweeness,0.1244059329453957,300,ancova_p_value,,15.0,300.0,0.00013201666015390175,6.418443646881748e-05,-0.0498679833398461,0.0,significant
0.3,betweeness,0.1244059329453957,500,ancova_p_value,,0.5,500.0,0.47982953965954955,0.0772373915214843,0.42982953965954956,1.4690100044972593e-15,non-significant
0.3,betweeness,0.1244059329453957,500,ancova_p_value,,1.0,500.0,0.3177942072606085,0.0601450324120323,0.2677942072606085,4.8833632259856034e-11,non-significant
0.3,betweeness,0.1244059329453957,500,ancova_p_value,,2.0,500.0,0.15792157401181234,0.0364979900272061,0.10792157401181234,4.760100199128481e-05,non-significant
0.3,betweeness,0.1244059329453957,500,ancova_p_value,,4.0,500.0,0.046040682769031456,0.0134803358818477,-0.003959317230968547,0.3527583470972442,significant
0.3,betweeness,0.1244059329453957,500,ancova_p_value,,6.0,500.0,0.01464790875937049,0.0049985682308273,-0.03535209124062951,1.618466667685503e-06,significant
0.3,betweeness,0.1244059329453957,500,ancova_p_value,,8.0,500.0,0.004865533464805003,0.001860759161304,-0.045134466535195,0.0,significant
0.3,betweeness,0.1244059329453957,500,ancova_p_value,,10.0,500.0,0.0016604995248597615,0.0006953780542588,-0.04833950047514024,0.0,significant
0.3,betweeness,0.1244059329453957,500,ancova_p_value,,15.0,500.0,0.0001217965039979378,6.0372508064011656e-05,-0.04987820349600206,0.0,significant
0.3,betweeness,0.1244059329453957,1000,ancova_p_value,,0.5,1000.0,0.4796648624377731,0.0772711805987868,0.42966486243777313,1.5430176491217259e-15,non-significant
0.3,betweeness,0.1244059329453957,1000,ancova_p_value,,1.0,1000.0,0.31755241808467255,0.0601750974037769,0.26755241808467256,5.200210899666162e-11,non-significant
0.3,betweeness,0.1244059329453957,1000,ancova_p_value,,2.0,1000.0,0.1576104641334238,0.0365071519921177,0.1076104641334238,5.0475511910437346e-05,non-significant
0.3,betweeness,0.1244059329453957,1000,ancova_p_value,,4.0,1000.0,0.04577034649325166,0.0134570330623864,-0.0042296535067483446,0.3454345546437584,significant
0.3,betweeness,0.1244059329453957,1000,ancova_p_value,,6.0,1000.0,0.014476528145859816,0.0049703071770137,-0.03552347185414019,1.4169491432403092e-06,significant
0.3,betweeness,0.1244059329453957,1000,ancova_p_value,,8.0,1000.0,0.00477118583723039,0.0018394003276924,-0.04522881416276961,0.0,significant
0.3,betweeness,0.1244059329453957,1000,ancova_p_value,,10.0,1000.0,0.0016125523948250528,0.0006820638028425,-0.04838744760517495,0.0,significant
0.3,betweeness,0.1244059329453957,1000,ancova_p_value,,15.0,1000.0,0.00011449967420285442,5.7599463009754914e-05,-0.049885500325797145,0.0,significant
0.4,betweeness,0.1697657738772356,30,ancova_p_value,,0.5,30.0,0.4849569686830381,0.1039689566907606,0.4349569686830381,2.6812752489801634e-09,non-significant
0.4,betweeness,0.1697657738772356,30,ancova_p_value,,1.0,30.0,0.3253086154260302,0.0808062478741468,0.2753086154260302,5.071578421002565e-07,non-significant
0.4,betweeness,0.1697657738772356,30,ancova_p_value,,2.0,30.0,0.167594108019346,0.0493999525583781,0.11759410801934599,0.0008738406472993469,non-significant
0.4,betweeness,0.1697657738772356,30,ancova_p_value,,4.0,30.0,0.054625044962983094,0.0193031409401379,0.004625044962983091,0.4473129899037322,non-significant
0.4,betweeness,0.1697657738772356,30,ancova_p_value,,6.0,30.0,0.0203613903722062,0.0079590720080972,-0.029638609627793803,0.0022749666595645035,significant
0.4,betweeness,0.1697657738772356,30,ancova_p_value,,8.0,30.0,0.008257335914631373,0.0034427496930732,-0.04174266408536863,1.4881584853299046e-10,significant
0.4,betweeness,0.1697657738772356,30,ancova_p_value,,10.0,30.0,0.0035685233088176825,0.0015546095462876,-0.04643147669118232,0.0,significant
0.4,betweeness,0.1697657738772356,30,ancova_p_value,,15.0,30.0,0.0005407062921313466,0.0002504708746178,-0.049459293707868654,0.0,significant
0.4,betweeness,0.1697657738772356,50,ancova_p_value,,0.5,50.0,0.48278284379668057,0.1045740287885339,0.4327828437966806,3.851551113257493e-09,non-significant
0.4,betweeness,0.1697657738772356,50,ancova_p_value,,1.0,50.0,0.32212564510024433,0.0813419334979704,0.27212564510024434,8.144026383019331e-07,non-significant
0.4,betweeness,0.1697657738772356,50,ancova_p_value,,2.0,50.0,0.16349617189550622,0.0495756844868608,0.11349617189550622,0.0014018117461589976,non-significant
0.4,betweeness,0.1697657738772356,50,ancova_p_value,,4.0,50.0,0.05094706873769324,0.0189370840343494,0.0009470687376932352,0.5272189783723761,non-significant
0.4,betweeness,0.1697657738772356,50,ancova_p_value,,6.0,50.0,0.01785224137520709,0.0074913362899426,-0.03214775862479291,0.0009471289052923604,significant
0.4,betweeness,0.1697657738772356,50,ancova_p_value,,8.0,50.0,0.006713432842279582,0.003061541466354,-0.04328656715772042,8.555933739273769e-12,significant
0.4,betweeness,0.1697657738772356,50,ancova_p_value,,10.0,50.0,0.0026605541904910716,0.0012897249370841,-0.04733944580950893,0.0,significant
0.4,betweeness,0.1697657738772356,50,ancova_p_value,,15.0,50.0,0.00031306556427201346,0.0001675187360254,-0.04968693443572799,0.0,significant
0.4,betweeness,0.1697657738772356,75,ancova_p_value,,0.5,75.0,0.4816914470000123,0.1048784935448522,0.43169144700001233,4.608721098626371e-09,non-significant
0.4,betweeness,0.1697657738772356,75,ancova_p_value,,1.0,75.0,0.3205260061237414,0.0816120140839455,0.2705260061237414,1.028213863550621e-06,non-significant
0.4,betweeness,0.1697657738772356,75,ancova_p_value,,2.0,75.0,0.16143714082856858,0.0496618673958207,0.11143714082856858,0.0017615030083730004,non-significant
0.4,betweeness,0.1697657738772356,75,ancova_p_value,,4.0,75.0,0.04912138289485513,0.0187430875358316,-0.0008786171051448702,0.43339229625602615,significant
0.4,betweeness,0.1697657738772356,75,ancova_p_value,,6.0,75.0,0.016639791628428848,0.0072483621708839,-0.03336020837157115,0.000595625061500904,significant
0.4,betweeness,0.1697657738772356,75,ancova_p_value,,8.0,75.0,0.005996484169924953,0.002868818628024,-0.04400351583007505,1.7826851106406139e-12,significant
0.4,betweeness,0.1697657738772356,75,ancova_p_value,,10.0,75.0,0.0022598459055359287,0.0011607840323936,-0.047740154094464075,0.0,significant
0.4,betweeness,0.1697657738772356,75,ancova_p_value,,15.0,75.0,0.0002280430925145892,0.000132268139216,-0.04977195690748541,0.0,significant
0.4,betweeness,0.1697657738772356,100,ancova_p_value,,0.5,100.0,0.48114467698573943,0.1050312084152014,0.43114467698573944,5.0393757085427494e-09,non-significant
0.4,betweeness,0.1697657738772356,100,ancova_p_value,,1.0,100.0,0.31972415578412333,0.0817476176306429,0.26972415578412334,1.15426395034195e-06,non-significant
0.4,betweeness,0.1697657738772356,100,ancova_p_value,,2.0,100.0,0.16040513148560548,0.049704511162862,0.11040513148560548,0.0019707344872543354,non-significant
0.4,betweeness,0.1697657738772356,100,ancova_p_value,,4.0,100.0,0.04821217873113365,0.0186432166431886,-0.0017878212688663547,0.4140093812119112,significant
0.4,betweeness,0.1697657738772356,100,ancova_p_value,,6.0,100.0,0.016044679166962617,0.0071245638841848,-0.033955320833037386,0.00046921724959247957,significant
0.4,betweeness,0.1697657738772356,100,ancova_p_value,,8.0,100.0,0.005652215916228005,0.0027720740594121,-0.044347784083772,7.809308755213351e-13,significant
0.4,betweeness,0.1697657738772356,100,ancova_p_value,,10.0,100.0,0.00207287258086666,0.001097422551301,-0.047927127419133346,0.0,significant
0.4,betweeness,0.1697657738772356,100,ancova_p_value,,15.0,100.0,0.0001920508540141487,0.0001162688944706,-0.04980794914598585,0.0,significant
0.4,betweeness,0.1697657738772356,300,ancova_p_value,,0.5,300.0,0.4800490110787622,0.1053376035716671,0.4300490110787622,6.020278440001869e-09,non-significant
0.4,betweeness,0.1697657738772356,300,ancova_p_value,,1.0,300.0,0.31811640443062633,0.0820199567706863,0.26811640443062634,1.4519388388749269e-06,non-significant
0.4,betweeness,0.1697657738772356,300,ancova_p_value,,2.0,300.0,0.15833615787546532,0.0497888629109286,0.10833615787546531,0.0024571021051465435,non-significant
0.4,betweeness,0.1697657738772356,300,ancova_p_value,,4.0,300.0,0.0464015209831491,0.0184375321158477,-0.0035984790168509043,0.37608953007916357,significant
0.4,betweeness,0.1697657738772356,300,ancova_p_value,,6.0,300.0,0.014877544674688336,0.0068723051860852,-0.03512245532531166,0.00028723773706740285,significant
0.4,betweeness,0.1697657738772356,300,ancova_p_value,,8.0,300.0,0.004992719858471545,0.0025780675330677,-0.04500728014152846,1.3655743202889425e-13,significant
0.4,betweeness,0.1697657738772356,300,ancova_p_value,,10.0,300.0,0.0017256705948826214,0.0009732898646346,-0.04827432940511738,0.0,significant
0.4,betweeness,0.1697657738772356,300,ancova_p_value,,15.0,300.0,0.00013201666015390175,8.75868237954992e-05,-0.0498679833398461,0.0,significant
0.4,betweeness,0.1697657738772356,500,ancova_p_value,,0.5,500.0,0.47982953965954955,0.1053990371155293,0.42982953965954956,6.2374637319599804e-09,non-significant
0.4,betweeness,0.1697657738772356,500,ancova_p_value,,1.0,500.0,0.3177942072606085,0.0820746063355492,0.2677942072606085,1.5196690706517282e-06,non-significant
0.4,betweeness,0.1697657738772356,500,ancova_p_value,,2.0,500.0,0.15792157401181234,0.0498055790044344,0.10792157401181234,0.002566328354604962,non-significant
0.4,betweeness,0.1697657738772356,500,ancova_p_value,,4.0,500.0,0.046040682769031456,0.0183954221388414,-0.003959317230968547,0.36866343599435314,significant
0.4,betweeness,0.1697657738772356,500,ancova_p_value,,6.0,500.0,0.01464790875937049,0.006821103977067,-0.03535209124062951,0.0002598025828745021,significant
0.4,betweeness,0.1697657738772356,500,ancova_p_value,,8.0,500.0,0.004865533464805003,0.002539213456617,-0.045134466535195,9.470202400052585e-14,significant
0.4,betweeness,0.1697657738772356,500,ancova_p_value,,10.0,500.0,0.0016604995248597615,0.0009489209294407,-0.04833950047514024,0.0,significant
0.4,betweeness,0.1697657738772356,500,ancova_p_value,,15.0,500.0,0.0001217965039979378,8.238502223921396e-05,-0.04987820349600206,0.0,significant
0.4,betweeness,0.1697657738772356,1000,ancova_p_value,,0.5,1000.0,0.4796648624377731,0.1054451460809223,0.42966486243777313,6.4052966991378904e-09,non-significant
0.4,betweeness,0.1697657738772356,1000,ancova_p_value,,1.0,1000.0,0.31755241808467255,0.08211563337075,0.26755241808467256,1.5724309421217866e-06,non-significant
0.4,betweeness,0.1697657738772356,1000,ancova_p_value,,2.0,1000.0,0.1576104641334238,0.0498180815276392,0.1076104641334238,0.0026510634241272524,non-significant
0.4,betweeness,0.1697657738772356,1000,ancova_p_value,,4.0,1000.0,0.04577034649325166,0.01836362284209,-0.0042296535067483446,0.36313207862826946,significant
0.4,betweeness,0.1697657738772356,1000,ancova_p_value,,6.0,1000.0,0.014476528145859816,0.0067825386164152,-0.03552347185414019,0.00024083974199395897,significant
0.4,betweeness,0.1697657738772356,1000,ancova_p_value,,8.0,1000.0,0.00477118583723039,0.002510066945423,-0.04522881416276961,7.183142969324763e-14,significant
0.4,betweeness,0.1697657738772356,1000,ancova_p_value,,10.0,1000.0,0.0016125523948250528,0.0009307521480831,-0.04838744760517495,0.0,significant
0.4,betweeness,0.1697657738772356,1000,ancova_p_value,,15.0,1000.0,0.00011449967420285442,7.860089290963474e-05,-0.049885500325797145,0.0,significant
0.5,betweeness,0.1872463464167704,30,ancova_p_value,,0.5,30.0,0.4849569686830381,0.1146745120437899,0.4349569686830381,7.515288836754762e-08,non-significant
0.5,betweeness,0.1872463464167704,30,ancova_p_value,,1.0,30.0,0.3253086154260302,0.0891267676429497,0.2753086154260302,5.3695048102258794e-06,non-significant
0.5,betweeness,0.1872463464167704,30,ancova_p_value,,2.0,30.0,0.167594108019346,0.0544866047994286,0.11759410801934599,0.0024547060879275763,non-significant
0.5,betweeness,0.1872463464167704,30,ancova_p_value,,4.0,30.0,0.054625044962983094,0.0212907615761381,0.004625044962983091,0.46114401146606776,non-significant
0.5,betweeness,0.1872463464167704,30,ancova_p_value,,6.0,30.0,0.0203613903722062,0.0087786078450765,-0.029638609627793803,0.004738622200439968,significant
0.5,betweeness,0.1872463464167704,30,ancova_p_value,,8.0,30.0,0.008257335914631373,0.0037972453865853,-0.04174266408536863,4.944882392443617e-09,significant
0.5,betweeness,0.1872463464167704,30,ancova_p_value,,10.0,30.0,0.0035685233088176825,0.0017146857755762,-0.04643147669118232,0.0,significant
0.5,betweeness,0.1872463464167704,30,ancova_p_value,,15.0,30.0,0.0005407062921313466,0.0002762615519305,-0.049459293707868654,0.0,significant
0.5,betweeness,0.1872463464167704,50,ancova_p_value,,0.5,50.0,0.48278284379668057,0.115341887669861,0.4327828437966806,1.0129364098491552e-07,non-significant
0.5,betweeness,0.1872463464167704,50,ancova_p_value,,1.0,50.0,0.32212564510024433,0.0897176121553511,0.27212564510024434,7.93947976427671e-06,non-significant
0.5,betweeness,0.1872463464167704,50,ancova_p_value,,2.0,50.0,0.16349617189550622,0.0546804316280386,0.11349617189550622,0.0036365373730984705,non-significant
0.5,betweeness,0.1872463464167704,50,ancova_p_value,,4.0,50.0,0.05094706873769324,0.0208870122418401,0.0009470687376932352,0.5340252941820107,non-significant
0.5,betweeness,0.1872463464167704,50,ancova_p_value,,6.0,50.0,0.01785224137520709,0.0082627099563984,-0.03214775862479291,0.002258874510926323,significant
0.5,betweeness,0.1872463464167704,50,ancova_p_value,,8.0,50.0,0.006713432842279582,0.0033767846185108,-0.04328656715772042,4.602161984834652e-10,significant
0.5,betweeness,0.1872463464167704,50,ancova_p_value,,10.0,50.0,0.0026605541904910716,0.0014225263245714,-0.04733944580950893,0.0,significant
0.5,betweeness,0.1872463464167704,50,ancova_p_value,,15.0,50.0,0.00031306556427201346,0.0001847679338463,-0.04968693443572799,0.0,significant
0.5,betweeness,0.1872463464167704,75,ancova_p_value,,0.5,75.0,0.4816914470000123,0.1156777027869558,0.43169144700001233,1.1744226072981717e-07,non-significant
0.5,betweeness,0.1872463464167704,75,ancova_p_value,,1.0,75.0,0.3205260061237414,0.090015502606453,0.2705260061237414,9.625158545273945e-06,non-significant
0.5,betweeness,0.1872463464167704,75,ancova_p_value,,2.0,75.0,0.16143714082856858,0.0547754886849339,0.11143714082856858,0.004397726010465975,non-significant
0.5,betweeness,0.1872463464167704,75,ancova_p_value,,4.0,75.0,0.04912138289485513,0.0206730401629253,-0.0008786171051448702,0.43011495979531533,significant
0.5,betweeness,0.1872463464167704,75,ancova_p_value,,6.0,75.0,0.016639791628428848,0.007994717091709,-0.03336020837157115,0.00152667337635648,significant
0.5,betweeness,0.1872463464167704,75,ancova_p_value,,8.0,75.0,0.005996484169924953,0.0031642173470037,-0.04400351583007505,1.2496714774101747e-10,significant
0.5,betweeness,0.1872463464167704,75,ancova_p_value,,10.0,75.0,0.0022598459055359287,0.0012803085338144,-0.047740154094464075,0.0,significant
0.5,betweeness,0.1872463464167704,75,ancova_p_value,,15.0,75.0,0.0002280430925145892,0.0001458876265215,-0.04977195690748541,0.0,significant
0.5,betweeness,0.1872463464167704,100,ancova_p_value,,0.5,100.0,0.48114467698573943,0.1158461425193196,0.43114467698573944,1.2641572938579755e-07,non-significant
0.5,betweeness,0.1872463464167704,100,ancova_p_value,,1.0,100.0,0.31972415578412333,0.0901650690832542,0.26972415578412334,1.0589804622568307e-05,non-significant
0.5,betweeness,0.1872463464167704,100,ancova_p_value,,2.0,100.0,0.16040513148560548,0.0548225234281189,0.11040513148560548,0.004828393841206472,non-significant
0.5,betweeness,0.1872463464167704,100,ancova_p_value,,4.0,100.0,0.04821217873113365,0.0205628856875343,-0.0017878212688663547,0.41245858142670744,significant
0.5,betweeness,0.1872463464167704,100,ancova_p_value,,6.0,100.0,0.016044679166962617,0.0078581714479809,-0.033955320833037386,0.001248169149334788,significant
0.5,betweeness,0.1872463464167704,100,ancova_p_value,,8.0,100.0,0.005652215916228005,0.003057511109377,-0.044347784083772,6.293643384225334e-11,significant
0.5,betweeness,0.1872463464167704,100,ancova_p_value,,10.0,100.0,0.00207287258086666,0.0012104227990919,-0.047927127419133346,0.0,significant
0.5,betweeness,0.1872463464167704,100,ancova_p_value,,15.0,100.0,0.0001920508540141487,0.0001282409592601,-0.04980794914598585,0.0,significant
0.5,betweeness,0.1872463464167704,300,ancova_p_value,,0.5,300.0,0.4800490110787622,0.1161840868074862,0.4300490110787622,1.4637442980564777e-07,non-significant
0.5,betweeness,0.1872463464167704,300,ancova_p_value,,1.0,300.0,0.31811640443062633,0.0904654506489535,0.26811640443062634,1.2799499080732908e-05,non-significant
0.5,betweeness,0.1872463464167704,300,ancova_p_value,,2.0,300.0,0.15833615787546532,0.0549155607717402,0.10833615787546531,0.005801881151105075,non-significant
0.5,betweeness,0.1872463464167704,300,ancova_p_value,,4.0,300.0,0.0464015209831491,0.0203360220778711,-0.0035984790168509043,0.3778610451316995,significant
0.5,betweeness,0.1872463464167704,300,ancova_p_value,,6.0,300.0,0.014877544674688336,0.0075799379825879,-0.03512245532531166,0.0008248506190724481,significant
0.5,betweeness,0.1872463464167704,300,ancova_p_value,,8.0,300.0,0.004992719858471545,0.0028435279700825,-0.04500728014152846,1.4774848011711583e-11,significant
0.5,betweeness,0.1872463464167704,300,ancova_p_value,,10.0,300.0,0.0017256705948826214,0.0010735083226439,-0.04827432940511738,0.0,significant
0.5,betweeness,0.1872463464167704,300,ancova_p_value,,15.0,300.0,0.00013201666015390175,9.660553111145e-05,-0.0498679833398461,0.0,significant
0.5,betweeness,0.1872463464167704,500,ancova_p_value,,0.5,500.0,0.47982953965954955,0.1162518460876574,0.42982953965954956,1.507133384082648e-07,non-significant
0.5,betweeness,0.1872463464167704,500,ancova_p_value,,1.0,500.0,0.3177942072606085,0.0905257274121676,0.2677942072606085,1.3290742408978166e-05,non-significant
0.5,betweeness,0.1872463464167704,500,ancova_p_value,,2.0,500.0,0.15792157401181234,0.0549339981007956,0.10792157401181234,0.006015915165211098,non-significant
0.5,betweeness,0.1872463464167704,500,ancova_p_value,,4.0,500.0,0.046040682769031456,0.0202895760884232,-0.003959317230968547,0.37107303261923685,significant
0.5,betweeness,0.1872463464167704,500,ancova_p_value,,6.0,500.0,0.01464790875937049,0.0075234646481706,-0.03535209124062951,0.0007578509191862315,significant
0.5,betweeness,0.1872463464167704,500,ancova_p_value,,8.0,500.0,0.004865533464805003,0.0028006731372582,-0.045134466535195,1.0908607350756938e-11,significant
0.5,betweeness,0.1872463464167704,500,ancova_p_value,,10.0,500.0,0.0016604995248597615,0.0010466301482222,-0.04833950047514024,0.0,significant
0.5,betweeness,0.1872463464167704,500,ancova_p_value,,15.0,500.0,0.0001217965039979378,9.086810645891767e-05,-0.04987820349600206,0.0,significant
0.5,betweeness,0.1872463464167704,1000,ancova_p_value,,0.5,1000.0,0.4796648624377731,0.1163027028363984,0.42966486243777313,1.5404811816085262e-07,non-significant
0.5,betweeness,0.1872463464167704,1000,ancova_p_value,,1.0,1000.0,0.31755241808467255,0.0905709789506268,0.26755241808467256,1.3670787855458944e-05,non-significant
0.5,betweeness,0.1872463464167704,1000,ancova_p_value,,2.0,1000.0,0.1576104641334238,0.0549477879934083,0.1076104641334238,0.006180922782505069,non-significant
0.5,betweeness,0.1872463464167704,1000,ancova_p_value,,4.0,1000.0,0.04577034649325166,0.0202545024572705,-0.0042296535067483446,0.36601358709179244,significant
0.5,betweeness,0.1872463464167704,1000,ancova_p_value,,6.0,1000.0,0.014476528145859816,0.0074809282598553,-0.03552347185414019,0.0007109004419814102,significant
0.5,betweeness,0.1872463464167704,1000,ancova_p_value,,8.0,1000.0,0.00477118583723039,0.0027685254457229,-0.04522881416276961,8.660960837403309e-12,significant
0.5,betweeness,0.1872463464167704,1000,ancova_p_value,,10.0,1000.0,0.0016125523948250528,0.001026590549837,-0.04838744760517495,0.0,significant
0.5,betweeness,0.1872463464167704,1000,ancova_p_value,,15.0,1000.0,0.00011449967420285442,8.66943299953259e-05,-0.049885500325797145,0.0,significant
0.05,clusteringcoef,0.0471926535794536,30,ancova_p_value,,0.5,30.0,0.4849569686830381,0.0289020032958611,0.4349569686830381,4.235491347419581e-104,non-significant
0.05,clusteringcoef,0.0471926535794536,30,ancova_p_value,,1.0,30.0,0.3253086154260302,0.0224630747169199,0.2753086154260302,1.6066985283923438e-73,non-significant
0.05,clusteringcoef,0.0471926535794536,30,ancova_p_value,,2.0,30.0,0.167594108019346,0.0137325374525424,0.11759410801934599,8.3207379718275e-32,non-significant
0.05,clusteringcoef,0.0471926535794536,30,ancova_p_value,,4.0,30.0,0.054625044962983094,0.0053660194430124,0.004625044962983091,0.19638287210024336,non-significant
0.05,clusteringcoef,0.0471926535794536,30,ancova_p_value,,6.0,30.0,0.0203613903722062,0.0022125173968439,-0.029638609627793803,0.0,significant
0.05,clusteringcoef,0.0471926535794536,30,ancova_p_value,,8.0,30.0,0.008257335914631373,0.0009570391599867,-0.04174266408536863,0.0,significant
0.05,clusteringcoef,0.0471926535794536,30,ancova_p_value,,10.0,30.0,0.0035685233088176825,0.0004321610186415,-0.04643147669118232,0.0,significant
0.05,clusteringcoef,0.0471926535794536,30,ancova_p_value,,15.0,30.0,0.0005407062921313466,6.962761072283048e-05,-0.049459293707868654,0.0,significant
0.05,clusteringcoef,0.0471926535794536,50,ancova_p_value,,0.5,50.0,0.48278284379668057,0.0290702053854145,0.4327828437966806,4.357536205750647e-102,non-significant
0.05,clusteringcoef,0.0471926535794536,50,ancova_p_value,,1.0,50.0,0.32212564510024433,0.0226119882787953,0.27212564510024434,6.5010725524936376e-71,non-significant
0.05,clusteringcoef,0.0471926535794536,50,ancova_p_value,,2.0,50.0,0.16349617189550622,0.0137813886186775,0.11349617189550622,2.672635279068087e-29,non-significant
0.05,clusteringcoef,0.0471926535794536,50,ancova_p_value,,4.0,50.0,0.05094706873769324,0.0052642604349939,0.0009470687376932352,0.44107943539913813,non-significant
0.05,clusteringcoef,0.0471926535794536,50,ancova_p_value,,6.0,50.0,0.01785224137520709,0.002082493015548,-0.03214775862479291,0.0,significant
0.05,clusteringcoef,0.0471926535794536,50,ancova_p_value,,8.0,50.0,0.006713432842279582,0.0008510682839125,-0.04328656715772042,0.0,significant
0.05,clusteringcoef,0.0471926535794536,50,ancova_p_value,,10.0,50.0,0.0026605541904910716,0.0003585265791714,-0.04733944580950893,0.0,significant
0.05,clusteringcoef,0.0471926535794536,50,ancova_p_value,,15.0,50.0,0.00031306556427201346,4.65680065937989e-05,-0.04968693443572799,0.0,significant
0.05,clusteringcoef,0.0471926535794536,75,ancova_p_value,,0.5,75.0,0.4816914470000123,0.0291548425855045,0.43169144700001233,4.327388294537533e-101,non-significant
0.05,clusteringcoef,0.0471926535794536,75,ancova_p_value,,1.0,75.0,0.3205260061237414,0.0226870671315072,0.2705260061237414,1.245529578170279e-69,non-significant
0.05,clusteringcoef,0.0471926535794536,75,ancova_p_value,,2.0,75.0,0.16143714082856858,0.0138053463345004,0.11143714082856858,4.305225282931488e-28,non-significant
0.05,clusteringcoef,0.0471926535794536,75,ancova_p_value,,4.0,75.0,0.04912138289485513,0.0052103319584754,-0.0008786171051448702,0.4203034542287556,significant
0.05,clusteringcoef,0.0471926535794536,75,ancova_p_value,,6.0,75.0,0.016639791628428848,0.0020149494043263,-0.03336020837157115,0.0,significant
0.05,clusteringcoef,0.0471926535794536,75,ancova_p_value,,8.0,75.0,0.005996484169924953,0.000797493868184,-0.04400351583007505,0.0,significant
0.05,clusteringcoef,0.0471926535794536,75,ancova_p_value,,10.0,75.0,0.0022598459055359287,0.000322682702586,-0.047740154094464075,0.0,significant
0.05,clusteringcoef,0.0471926535794536,75,ancova_p_value,,15.0,75.0,0.0002280430925145892,3.676880404723723e-05,-0.04977195690748541,0.0,significant
0.05,clusteringcoef,0.0471926535794536,100,ancova_p_value,,0.5,100.0,0.48114467698573943,0.0291972953120361,0.43114467698573944,1.356488290500541e-100,non-significant
0.05,clusteringcoef,0.0471926535794536,100,ancova_p_value,,1.0,100.0,0.31972415578412333,0.0227247631349906,0.26972415578412334,5.385849848486126e-69,non-significant
0.05,clusteringcoef,0.0471926535794536,100,ancova_p_value,,2.0,100.0,0.16040513148560548,0.0138172007411888,0.11040513148560548,1.6827342860940537e-27,non-significant
0.05,clusteringcoef,0.0471926535794536,100,ancova_p_value,,4.0,100.0,0.04821217873113365,0.0051825691631161,-0.0017878212688663547,0.3539058717036072,significant
0.05,clusteringcoef,0.0471926535794536,100,ancova_p_value,,6.0,100.0,0.016044679166962617,0.0019805351079432,-0.033955320833037386,0.0,significant
0.05,clusteringcoef,0.0471926535794536,100,ancova_p_value,,8.0,100.0,0.005652215916228005,0.0007706001498101,-0.044347784083772,0.0,significant
0.05,clusteringcoef,0.0471926535794536,100,ancova_p_value,,10.0,100.0,0.00207287258086666,0.0003050690437242,-0.047927127419133346,0.0,significant
0.05,clusteringcoef,0.0471926535794536,100,ancova_p_value,,15.0,100.0,0.0001920508540141487,3.2321224316915694e-05,-0.04980794914598585,0.0,significant
0.05,clusteringcoef,0.0471926535794536,300,ancova_p_value,,0.5,300.0,0.4800490110787622,0.0292824691379921,0.4300490110787622,1.3188135377855961e-99,non-significant
0.05,clusteringcoef,0.0471926535794536,300,ancova_p_value,,1.0,300.0,0.31811640443062633,0.022800469836045,0.26811640443062634,9.828653543144068e-68,non-significant
0.05,clusteringcoef,0.0471926535794536,300,ancova_p_value,,2.0,300.0,0.15833615787546532,0.0138406494183539,0.10833615787546531,2.4386504690898005e-26,non-significant
0.05,clusteringcoef,0.0471926535794536,300,ancova_p_value,,4.0,300.0,0.0464015209831491,0.005125391568223,-0.0035984790168509043,0.23572842685157303,significant
0.05,clusteringcoef,0.0471926535794536,300,ancova_p_value,,6.0,300.0,0.014877544674688336,0.0019104105057933,-0.03512245532531166,0.0,significant
0.05,clusteringcoef,0.0471926535794536,300,ancova_p_value,,8.0,300.0,0.004992719858471545,0.0007166688856876,-0.04500728014152846,0.0,significant
0.05,clusteringcoef,0.0471926535794536,300,ancova_p_value,,10.0,300.0,0.0017256705948826214,0.0002705617885458,-0.04827432940511738,0.0,significant
0.05,clusteringcoef,0.0471926535794536,300,ancova_p_value,,15.0,300.0,0.00013201666015390175,2.43479856928918e-05,-0.0498679833398461,0.0,significant
0.05,clusteringcoef,0.0471926535794536,500,ancova_p_value,,0.5,500.0,0.47982953965954955,0.0292995468556464,0.42982953965954956,2.0749034322703056e-99,non-significant
0.05,clusteringcoef,0.0471926535794536,500,ancova_p_value,,1.0,500.0,0.3177942072606085,0.0228156616967125,0.2677942072606085,1.750061227288729e-67,non-significant
0.05,clusteringcoef,0.0471926535794536,500,ancova_p_value,,2.0,500.0,0.15792157401181234,0.0138452962726167,0.10792157401181234,4.1278505235778344e-26,non-significant
0.05,clusteringcoef,0.0471926535794536,500,ancova_p_value,,4.0,500.0,0.046040682769031456,0.0051136855481478,-0.003959317230968547,0.21510263472119506,significant
0.05,clusteringcoef,0.0471926535794536,500,ancova_p_value,,6.0,500.0,0.01464790875937049,0.0018961772427223,-0.03535209124062951,0.0,significant
0.05,clusteringcoef,0.0471926535794536,500,ancova_p_value,,8.0,500.0,0.004865533464805003,0.0007058679631683,-0.045134466535195,0.0,significant
0.05,clusteringcoef,0.0471926535794536,500,ancova_p_value,,10.0,500.0,0.0016604995248597615,0.0002637875448897,-0.04833950047514024,0.0,significant
0.05,clusteringcoef,0.0471926535794536,500,ancova_p_value,,15.0,500.0,0.0001217965039979378,2.290195323753744e-05,-0.04987820349600206,0.0,significant
0.05,clusteringcoef,0.0471926535794536,1000,ancova_p_value,,0.5,1000.0,0.4796648624377731,0.0293123645419268,0.42966486243777313,2.913714236567841e-99,non-significant
0.05,clusteringcoef,0.0471926535794536,1000,ancova_p_value,,1.0,1000.0,0.31755241808467255,0.022827066673201,0.26755241808467256,2.6952770880003558e-67,non-significant
0.05,clusteringcoef,0.0471926535794536,1000,ancova_p_value,,2.0,1000.0,0.1576104641334238,0.0138487718097229,0.1076104641334238,6.114458542074273e-26,non-significant
0.05,clusteringcoef,0.0471926535794536,1000,ancova_p_value,,4.0,1000.0,0.04577034649325166,0.0051048457616503,-0.0042296535067483446,0.20036621399591792,significant
0.05,clusteringcoef,0.0471926535794536,1000,ancova_p_value,,6.0,1000.0,0.014476528145859816,0.0018854565793999,-0.03552347185414019,0.0,significant
0.05,clusteringcoef,0.0471926535794536,1000,ancova_p_value,,8.0,1000.0,0.00477118583723039,0.000697765616185,-0.04522881416276961,0.0,significant
0.05,clusteringcoef,0.0471926535794536,1000,ancova_p_value,,10.0,1000.0,0.0016125523948250528,0.0002587368624996,-0.04838744760517495,0.0,significant
0.05,clusteringcoef,0.0471926535794536,1000,ancova_p_value,,15.0,1000.0,0.00011449967420285442,2.1850015026011823e-05,-0.049885500325797145,0.0,significant
0.1,clusteringcoef,0.0456400476459608,30,ancova_p_value,,0.5,30.0,0.4849569686830381,0.0279511472112073,0.4349569686830381,3.507578424474839e-111,non-significant
0.1,clusteringcoef,0.0456400476459608,30,ancova_p_value,,1.0,30.0,0.3253086154260302,0.0217240549660753,0.2753086154260302,1.7623142096553038e-78,non-significant
0.1,clusteringcoef,0.0456400476459608,30,ancova_p_value,,2.0,30.0,0.167594108019346,0.0132807463894517,0.11759410801934599,6.993785183952076e-34,non-significant
0.1,clusteringcoef,0.0456400476459608,30,ancova_p_value,,4.0,30.0,0.054625044962983094,0.0051894810838707,0.004625044962983091,0.18786515669457704,non-significant
0.1,clusteringcoef,0.0456400476459608,30,ancova_p_value,,6.0,30.0,0.0203613903722062,0.0021397270920454,-0.029638609627793803,0.0,significant
0.1,clusteringcoef,0.0456400476459608,30,ancova_p_value,,8.0,30.0,0.008257335914631373,0.0009255532280529,-0.04174266408536863,0.0,significant
0.1,clusteringcoef,0.0456400476459608,30,ancova_p_value,,10.0,30.0,0.0035685233088176825,0.0004179432175459,-0.04643147669118232,0.0,significant
0.1,clusteringcoef,0.0456400476459608,30,ancova_p_value,,15.0,30.0,0.0005407062921313466,6.733691008737694e-05,-0.049459293707868654,0.0,significant
0.1,clusteringcoef,0.0456400476459608,50,ancova_p_value,,0.5,50.0,0.48278284379668057,0.0281138155673836,0.4327828437966806,4.971076717293536e-109,non-significant
0.1,clusteringcoef,0.0456400476459608,50,ancova_p_value,,1.0,50.0,0.32212564510024433,0.0218680693739043,0.27212564510024434,1.0794270161871477e-75,non-significant
0.1,clusteringcoef,0.0456400476459608,50,ancova_p_value,,2.0,50.0,0.16349617189550622,0.0133279903857278,0.11349617189550622,3.341664356364408e-31,non-significant
0.1,clusteringcoef,0.0456400476459608,50,ancova_p_value,,4.0,50.0,0.05094706873769324,0.0050910698774198,0.0009470687376932352,0.4382262928608766,non-significant
0.1,clusteringcoef,0.0456400476459608,50,ancova_p_value,,6.0,50.0,0.01785224137520709,0.0020139804237109,-0.03214775862479291,0.0,significant
0.1,clusteringcoef,0.0456400476459608,50,ancova_p_value,,8.0,50.0,0.006713432842279582,0.0008230687211164,-0.04328656715772042,0.0,significant
0.1,clusteringcoef,0.0456400476459608,50,ancova_p_value,,10.0,50.0,0.0026605541904910716,0.0003467313006287,-0.04733944580950893,0.0,significant
0.1,clusteringcoef,0.0456400476459608,50,ancova_p_value,,15.0,50.0,0.00031306556427201346,4.503595111769103e-05,-0.04968693443572799,0.0,significant
0.1,clusteringcoef,0.0456400476459608,75,ancova_p_value,,0.5,75.0,0.4816914470000123,0.028195668261643,0.43169144700001233,5.785650694078141e-108,non-significant
0.1,clusteringcoef,0.0456400476459608,75,ancova_p_value,,1.0,75.0,0.3205260061237414,0.0219406781838583,0.2705260061237414,2.5358607442680485e-74,non-significant
0.1,clusteringcoef,0.0456400476459608,75,ancova_p_value,,2.0,75.0,0.16143714082856858,0.0133511599091327,0.11143714082856858,6.516789974017596e-30,non-significant
0.1,clusteringcoef,0.0456400476459608,75,ancova_p_value,,4.0,75.0,0.04912138289485513,0.0050389156107895,-0.0008786171051448702,0.4185046173869188,significant
0.1,clusteringcoef,0.0456400476459608,75,ancova_p_value,,6.0,75.0,0.016639791628428848,0.0019486589509705,-0.03336020837157115,0.0,significant
0.1,clusteringcoef,0.0456400476459608,75,ancova_p_value,,8.0,75.0,0.005996484169924953,0.0007712568669189,-0.04400351583007505,0.0,significant
0.1,clusteringcoef,0.0456400476459608,75,ancova_p_value,,10.0,75.0,0.0022598459055359287,0.0003120666629978,-0.047740154094464075,0.0,significant
0.1,clusteringcoef,0.0456400476459608,75,ancova_p_value,,15.0,75.0,0.0002280430925145892,3.555913561367348e-05,-0.04977195690748541,0.0,significant
0.1,clusteringcoef,0.0456400476459608,100,ancova_p_value,,0.5,100.0,0.48114467698573943,0.0282367243225898,0.43114467698573944,1.9626433324742985e-107,non-significant
0.1,clusteringcoef,0.0456400476459608,100,ancova_p_value,,1.0,100.0,0.31972415578412333,0.0219771340146827,0.26972415578412334,1.2132234970684246e-73,non-significant
0.1,clusteringcoef,0.0456400476459608,100,ancova_p_value,,2.0,100.0,0.16040513148560548,0.0133626243139719,0.11040513148560548,2.7974372508661567e-29,non-significant
0.1,clusteringcoef,0.0456400476459608,100,ancova_p_value,,4.0,100.0,0.04821217873113365,0.0050120661923551,-0.0017878212688663547,0.35001345386967975,significant
0.1,clusteringcoef,0.0456400476459608,100,ancova_p_value,,6.0,100.0,0.016044679166962617,0.0019153768613338,-0.033955320833037386,0.0,significant
0.1,clusteringcoef,0.0456400476459608,100,ancova_p_value,,8.0,100.0,0.005652215916228005,0.0007452479334332,-0.044347784083772,0.0,significant
0.1,clusteringcoef,0.0456400476459608,100,ancova_p_value,,10.0,100.0,0.00207287258086666,0.0002950324814314,-0.047927127419133346,0.0,significant
0.1,clusteringcoef,0.0456400476459608,100,ancova_p_value,,15.0,100.0,0.0001920508540141487,3.1257878205900595e-05,-0.04980794914598585,0.0,significant
0.1,clusteringcoef,0.0456400476459608,300,ancova_p_value,,0.5,300.0,0.4800490110787622,0.0283190959880923,0.4300490110787622,2.2329922607710087e-106,non-significant
0.1,clusteringcoef,0.0456400476459608,300,ancova_p_value,,1.0,300.0,0.31811640443062633,0.0220503500171993,0.26811640443062634,2.705695486037223e-72,non-significant
0.1,clusteringcoef,0.0456400476459608,300,ancova_p_value,,2.0,300.0,0.15833615787546532,0.0133853015457416,0.10833615787546531,4.87208673254573e-28,non-significant
0.1,clusteringcoef,0.0456400476459608,300,ancova_p_value,,4.0,300.0,0.0464015209831491,0.0049567697011161,-0.0035984790168509043,0.22895419812694073,significant
0.1,clusteringcoef,0.0456400476459608,300,ancova_p_value,,6.0,300.0,0.014877544674688336,0.0018475593104964,-0.03512245532531166,0.0,significant
0.1,clusteringcoef,0.0456400476459608,300,ancova_p_value,,8.0,300.0,0.004992719858471545,0.0006930909709091,-0.04500728014152846,0.0,significant
0.1,clusteringcoef,0.0456400476459608,300,ancova_p_value,,10.0,300.0,0.0017256705948826214,0.00026166049128,-0.04827432940511738,0.0,significant
0.1,clusteringcoef,0.0456400476459608,300,ancova_p_value,,15.0,300.0,0.00013201666015390175,2.3546953663791408e-05,-0.0498679833398461,0.0,significant
0.1,clusteringcoef,0.0456400476459608,500,ancova_p_value,,0.5,500.0,0.47982953965954955,0.0283356118605494,0.42982953965954956,3.62498510904669e-106,non-significant
0.1,clusteringcoef,0.0456400476459608,500,ancova_p_value,,1.0,500.0,0.3177942072606085,0.0220650420760709,0.2677942072606085,5.013496589993335e-72,non-significant
0.1,clusteringcoef,0.0456400476459608,500,ancova_p_value,,2.0,500.0,0.15792157401181234,0.0133897955216864,0.10792157401181234,8.550656366540728e-28,non-significant
0.1,clusteringcoef,0.0456400476459608,500,ancova_p_value,,4.0,500.0,0.046040682769031456,0.0049454488010722,-0.003959317230968547,0.2080078691232472,significant
0.1,clusteringcoef,0.0456400476459608,500,ancova_p_value,,6.0,500.0,0.01464790875937049,0.0018337943120179,-0.03535209124062951,0.0,significant
0.1,clusteringcoef,0.0456400476459608,500,ancova_p_value,,8.0,500.0,0.004865533464805003,0.0006826453913323,-0.045134466535195,0.0,significant
0.1,clusteringcoef,0.0456400476459608,500,ancova_p_value,,10.0,500.0,0.0016604995248597615,0.0002551091155938,-0.04833950047514024,0.0,significant
0.1,clusteringcoef,0.0456400476459608,500,ancova_p_value,,15.0,500.0,0.0001217965039979378,2.214849468438975e-05,-0.04987820349600206,0.0,significant
0.1,clusteringcoef,0.0456400476459608,1000,ancova_p_value,,0.5,1000.0,0.4796648624377731,0.0283480078537427,0.42966486243777313,5.211316796746542e-106,non-significant
0.1,clusteringcoef,0.0456400476459608,1000,ancova_p_value,,1.0,1000.0,0.31755241808467255,0.0220760718366555,0.26755241808467256,7.955037752144774e-72,non-significant
0.1,clusteringcoef,0.0456400476459608,1000,ancova_p_value,,2.0,1000.0,0.1576104641334238,0.0133931567160057,0.1076104641334238,1.301249540152056e-27,non-significant
0.1,clusteringcoef,0.0456400476459608,1000,ancova_p_value,,4.0,1000.0,0.04577034649325166,0.0049368998374873,-0.0042296535067483446,0.19308893236376035,significant
0.1,clusteringcoef,0.0456400476459608,1000,ancova_p_value,,6.0,1000.0,0.014476528145859816,0.0018234263511655,-0.03552347185414019,0.0,significant
0.1,clusteringcoef,0.0456400476459608,1000,ancova_p_value,,8.0,1000.0,0.00477118583723039,0.0006748096060075,-0.04522881416276961,0.0,significant
0.1,clusteringcoef,0.0456400476459608,1000,ancova_p_value,,10.0,1000.0,0.0016125523948250528,0.00025022459719,-0.04838744760517495,0.0,significant
0.1,clusteringcoef,0.0456400476459608,1000,ancova_p_value,,15.0,1000.0,0.00011449967420285442,2.113116451850269e-05,-0.049885500325797145,0.0,significant
0.2,clusteringcoef,0.0540284967317034,30,ancova_p_value,,0.5,30.0,0.4849569686830381,0.0330884506839845,0.4349569686830381,7.87473348791081e-80,non-significant
0.2,clusteringcoef,0.0540284967317034,30,ancova_p_value,,1.0,30.0,0.3253086154260302,0.0257168450357177,0.2753086154260302,1.6060873192541174e-56,non-significant
0.2,clusteringcoef,0.0540284967317034,30,ancova_p_value,,2.0,30.0,0.167594108019346,0.0157216918015329,0.11759410801934599,1.0934780873169427e-24,non-significant
0.2,clusteringcoef,0.0540284967317034,30,ancova_p_value,,4.0,30.0,0.054625044962983094,0.0061432859131548,0.004625044962983091,0.23027438380660525,non-significant
0.2,clusteringcoef,0.0540284967317034,30,ancova_p_value,,6.0,30.0,0.0203613903722062,0.0025329999454886,-0.029638609627793803,0.0,significant
0.2,clusteringcoef,0.0540284967317034,30,ancova_p_value,,8.0,30.0,0.008257335914631373,0.0010956660243824,-0.04174266408536863,0.0,significant
0.2,clusteringcoef,0.0540284967317034,30,ancova_p_value,,10.0,30.0,0.0035685233088176825,0.0004947594257215,-0.04643147669118232,0.0,significant
0.2,clusteringcoef,0.0540284967317034,30,ancova_p_value,,15.0,30.0,0.0005407062921313466,7.971315137092824e-05,-0.049459293707868654,0.0,significant
0.2,clusteringcoef,0.0540284967317034,50,ancova_p_value,,0.5,50.0,0.48278284379668057,0.0332810168008781,0.4327828437966806,2.704205762935914e-78,non-significant
0.2,clusteringcoef,0.0540284967317034,50,ancova_p_value,,1.0,50.0,0.32212564510024433,0.0258873286868975,0.27212564510024434,1.5703302710887555e-54,non-significant
0.2,clusteringcoef,0.0540284967317034,50,ancova_p_value,,2.0,50.0,0.16349617189550622,0.015777619045917,0.11349617189550622,9.010185107342902e-23,non-significant
0.2,clusteringcoef,0.0540284967317034,50,ancova_p_value,,4.0,50.0,0.05094706873769324,0.0060267871402495,0.0009470687376932352,0.45200919497419917,non-significant
0.2,clusteringcoef,0.0540284967317034,50,ancova_p_value,,6.0,50.0,0.01785224137520709,0.0023841415676044,-0.03214775862479291,0.0,significant
0.2,clusteringcoef,0.0540284967317034,50,ancova_p_value,,8.0,50.0,0.006713432842279582,0.0009743452954686,-0.04328656715772042,0.0,significant
0.2,clusteringcoef,0.0540284967317034,50,ancova_p_value,,10.0,50.0,0.0026605541904910716,0.0004104590575391,-0.04733944580950893,0.0,significant
0.2,clusteringcoef,0.0540284967317034,50,ancova_p_value,,15.0,50.0,0.00031306556427201346,5.3313369798523145e-05,-0.04968693443572799,0.0,significant
0.2,clusteringcoef,0.0540284967317034,75,ancova_p_value,,0.5,75.0,0.4816914470000123,0.0333779136765909,0.43169144700001233,1.5593257054705695e-77,non-significant
0.2,clusteringcoef,0.0540284967317034,75,ancova_p_value,,1.0,75.0,0.3205260061237414,0.0259732826911906,0.2705260061237414,1.4961310477179508e-53,non-significant
0.2,clusteringcoef,0.0540284967317034,75,ancova_p_value,,2.0,75.0,0.16143714082856858,0.0158050470304201,0.11143714082856858,7.540467155318551e-22,non-significant
0.2,clusteringcoef,0.0540284967317034,75,ancova_p_value,,4.0,75.0,0.04912138289485513,0.0059650471384415,-0.0008786171051448702,0.42671220235255747,significant
0.2,clusteringcoef,0.0540284967317034,75,ancova_p_value,,6.0,75.0,0.016639791628428848,0.0023068142825007,-0.03336020837157115,0.0,significant
0.2,clusteringcoef,0.0540284967317034,75,ancova_p_value,,8.0,75.0,0.005996484169924953,0.0009130106400606,-0.04400351583007505,0.0,significant
0.2,clusteringcoef,0.0540284967317034,75,ancova_p_value,,10.0,75.0,0.0022598459055359287,0.0003694232050904,-0.047740154094464075,0.0,significant
0.2,clusteringcoef,0.0540284967317034,75,ancova_p_value,,15.0,75.0,0.0002280430925145892,4.209475540404228e-05,-0.04977195690748541,0.0,significant
0.2,clusteringcoef,0.0540284967317034,100,ancova_p_value,,0.5,100.0,0.48114467698573943,0.0334265156691192,0.43114467698573944,3.729317595811798e-77,non-significant
0.2,clusteringcoef,0.0540284967317034,100,ancova_p_value,,1.0,100.0,0.31972415578412333,0.0260164389506192,0.26972415578412334,4.575404958821316e-53,non-significant
0.2,clusteringcoef,0.0540284967317034,100,ancova_p_value,,2.0,100.0,0.16040513148560548,0.0158186185447225,0.11040513148560548,2.1377836259942025e-21,non-significant
0.2,clusteringcoef,0.0540284967317034,100,ancova_p_value,,4.0,100.0,0.04821217873113365,0.0059332629096566,-0.0017878212688663547,0.3682267729924441,significant
0.2,clusteringcoef,0.0540284967317034,100,ancova_p_value,,6.0,100.0,0.016044679166962617,0.0022674150845614,-0.033955320833037386,0.0,significant
0.2,clusteringcoef,0.0540284967317034,100,ancova_p_value,,8.0,100.0,0.005652215916228005,0.0008822213738282,-0.044347784083772,0.0,significant
0.2,clusteringcoef,0.0540284967317034,100,ancova_p_value,,10.0,100.0,0.00207287258086666,0.0003492582124895,-0.047927127419133346,0.0,significant
0.2,clusteringcoef,0.0540284967317034,100,ancova_p_value,,15.0,100.0,0.0001920508540141487,3.700294494843599e-05,-0.04980794914598585,0.0,significant
0.2,clusteringcoef,0.0540284967317034,300,ancova_p_value,,0.5,300.0,0.4800490110787622,0.03352402690081,0.4300490110787622,2.1159036895664136e-76,non-significant
0.2,clusteringcoef,0.0540284967317034,300,ancova_p_value,,1.0,300.0,0.31811640443062633,0.0261031117469179,0.26811640443062634,4.2004585092000354e-52,non-significant
0.2,clusteringcoef,0.0540284967317034,300,ancova_p_value,,2.0,300.0,0.15833615787546532,0.0158454637564553,0.10833615787546531,1.6506198263797183e-20,non-significant
0.2,clusteringcoef,0.0540284967317034,300,ancova_p_value,,4.0,300.0,0.0464015209831491,0.005867803155553,-0.0035984790168509043,0.261613181016753,significant
0.2,clusteringcoef,0.0540284967317034,300,ancova_p_value,,6.0,300.0,0.014877544674688336,0.0021871329526891,-0.03512245532531166,0.0,significant
0.2,clusteringcoef,0.0540284967317034,300,ancova_p_value,,8.0,300.0,0.004992719858471545,0.0008204781806324,-0.04500728014152846,0.0,significant
0.2,clusteringcoef,0.0540284967317034,300,ancova_p_value,,10.0,300.0,0.0017256705948826214,0.0003097525906985,-0.04827432940511738,0.0,significant
0.2,clusteringcoef,0.0540284967317034,300,ancova_p_value,,15.0,300.0,0.00013201666015390175,2.7874784858563077e-05,-0.0498679833398461,0.0,significant
0.2,clusteringcoef,0.0540284967317034,500,ancova_p_value,,0.5,500.0,0.47982953965954955,0.0335435783212641,0.42982953965954956,2.9902366033016174e-76,non-significant
0.2,clusteringcoef,0.0540284967317034,500,ancova_p_value,,1.0,500.0,0.3177942072606085,0.0261205041445087,0.2677942072606085,6.5250289647652755e-52,non-significant
0.2,clusteringcoef,0.0540284967317034,500,ancova_p_value,,2.0,500.0,0.15792157401181234,0.0158507837063058,0.10792157401181234,2.468321222424837e-20,non-significant
0.2,clusteringcoef,0.0540284967317034,500,ancova_p_value,,4.0,500.0,0.046040682769031456,0.0058544015216247,-0.003959317230968547,0.24244615769828792,significant
0.2,clusteringcoef,0.0540284967317034,500,ancova_p_value,,6.0,500.0,0.01464790875937049,0.0021708380052982,-0.03535209124062951,0.0,significant
0.2,clusteringcoef,0.0540284967317034,500,ancova_p_value,,8.0,500.0,0.004865533464805003,0.0008081127473971,-0.045134466535195,0.0,significant
0.2,clusteringcoef,0.0540284967317034,500,ancova_p_value,,10.0,500.0,0.0016604995248597615,0.0003019970996745,-0.04833950047514024,0.0,significant
0.2,clusteringcoef,0.0540284967317034,500,ancova_p_value,,15.0,500.0,0.0001217965039979378,2.6219294991766004e-05,-0.04987820349600206,0.0,significant
0.2,clusteringcoef,0.0540284967317034,1000,ancova_p_value,,0.5,1000.0,0.4796648624377731,0.0335582526459477,0.42966486243777313,3.874711602623546e-76,non-significant
0.2,clusteringcoef,0.0540284967317034,1000,ancova_p_value,,1.0,1000.0,0.31755241808467255,0.0261335611287679,0.26755241808467256,9.073298648759316e-52,non-significant
0.2,clusteringcoef,0.0540284967317034,1000,ancova_p_value,,2.0,1000.0,0.1576104641334238,0.0158547626740251,0.1076104641334238,3.33319533071715e-20,non-significant
0.2,clusteringcoef,0.0540284967317034,1000,ancova_p_value,,4.0,1000.0,0.04577034649325166,0.0058442812944355,-0.0042296535067483446,0.22860523135653188,significant
0.2,clusteringcoef,0.0540284967317034,1000,ancova_p_value,,6.0,1000.0,0.014476528145859816,0.0021585644567829,-0.03552347185414019,0.0,significant
0.2,clusteringcoef,0.0540284967317034,1000,ancova_p_value,,8.0,1000.0,0.00477118583723039,0.000798836777637,-0.04522881416276961,0.0,significant
0.2,clusteringcoef,0.0540284967317034,1000,ancova_p_value,,10.0,1000.0,0.0016125523948250528,0.0002962148273014,-0.04838744760517495,0.0,significant
0.2,clusteringcoef,0.0540284967317034,1000,ancova_p_value,,15.0,1000.0,0.00011449967420285442,2.5014983813805244e-05,-0.049885500325797145,0.0,significant
0.3,clusteringcoef,0.0633084833648889,30,ancova_p_value,,0.5,30.0,0.4849569686830381,0.0387717548407705,0.4349569686830381,1.3691613365544718e-58,non-significant
0.3,clusteringcoef,0.0633084833648889,30,ancova_p_value,,1.0,30.0,0.3253086154260302,0.0301339951068046,0.2753086154260302,1.2273186585477584e-41,non-significant
0.3,clusteringcoef,0.0633084833648889,30,ancova_p_value,,2.0,30.0,0.167594108019346,0.0184220647268392,0.11759410801934599,1.909407574950622e-18,non-significant
0.3,clusteringcoef,0.0633084833648889,30,ancova_p_value,,4.0,30.0,0.054625044962983094,0.0071984626181632,0.004625044962983091,0.2681895853496344,non-significant
0.3,clusteringcoef,0.0633084833648889,30,ancova_p_value,,6.0,30.0,0.0203613903722062,0.002968070455644,-0.029638609627793803,9.736655925962623e-14,significant
0.3,clusteringcoef,0.0633084833648889,30,ancova_p_value,,8.0,30.0,0.008257335914631373,0.0012838586759603,-0.04174266408536863,0.0,significant
0.3,clusteringcoef,0.0633084833648889,30,ancova_p_value,,10.0,30.0,0.0035685233088176825,0.0005797397811835,-0.04643147669118232,0.0,significant
0.3,clusteringcoef,0.0633084833648889,30,ancova_p_value,,15.0,30.0,0.0005407062921313466,9.340475902169664e-05,-0.049459293707868654,0.0,significant
0.3,clusteringcoef,0.0633084833648889,50,ancova_p_value,,0.5,50.0,0.48278284379668057,0.0389973962993612,0.4327828437966806,1.8011281879609095e-57,non-significant
0.3,clusteringcoef,0.0633084833648889,50,ancova_p_value,,1.0,50.0,0.32212564510024433,0.030333761194103,0.27212564510024434,3.4655902511462433e-40,non-significant
0.3,clusteringcoef,0.0633084833648889,50,ancova_p_value,,2.0,50.0,0.16349617189550622,0.0184875980885819,0.11349617189550622,4.7873919200573423e-17,non-significant
0.3,clusteringcoef,0.0633084833648889,50,ancova_p_value,,4.0,50.0,0.05094706873769324,0.0070619539038243,0.0009470687376932352,0.4637607097346129,non-significant
0.3,clusteringcoef,0.0633084833648889,50,ancova_p_value,,6.0,50.0,0.01785224137520709,0.0027936440194098,-0.03214775862479291,3.3306690738754696e-16,significant
0.3,clusteringcoef,0.0633084833648889,50,ancova_p_value,,8.0,50.0,0.006713432842279582,0.0011416997818049,-0.04328656715772042,0.0,significant
0.3,clusteringcoef,0.0633084833648889,50,ancova_p_value,,10.0,50.0,0.0026605541904910716,0.0004809599005728,-0.04733944580950893,0.0,significant
0.3,clusteringcoef,0.0633084833648889,50,ancova_p_value,,15.0,50.0,0.00031306556427201346,6.247052554093078e-05,-0.04968693443572799,0.0,significant
0.3,clusteringcoef,0.0633084833648889,75,ancova_p_value,,0.5,75.0,0.4816914470000123,0.0391109362757673,0.43169144700001233,6.456396065497598e-57,non-significant
0.3,clusteringcoef,0.0633084833648889,75,ancova_p_value,,1.0,75.0,0.3205260061237414,0.0304344787409552,0.2705260061237414,1.7924541564873007e-39,non-significant
0.3,clusteringcoef,0.0633084833648889,75,ancova_p_value,,2.0,75.0,0.16143714082856858,0.018519737130119,0.11143714082856858,2.259696500354997e-16,non-significant
0.3,clusteringcoef,0.0633084833648889,75,ancova_p_value,,4.0,75.0,0.04912138289485513,0.0069896093798443,-0.0008786171051448702,0.43255636689692756,significant
0.3,clusteringcoef,0.0633084833648889,75,ancova_p_value,,6.0,75.0,0.016639791628428848,0.0027030349253432,-0.03336020837157115,0.0,significant
0.3,clusteringcoef,0.0633084833648889,75,ancova_p_value,,8.0,75.0,0.005996484169924953,0.0010698302269129,-0.04400351583007505,0.0,significant
0.3,clusteringcoef,0.0633084833648889,75,ancova_p_value,,10.0,75.0,0.0022598459055359287,0.0004328756905862,-0.047740154094464075,0.0,significant
0.3,clusteringcoef,0.0633084833648889,75,ancova_p_value,,15.0,75.0,0.0002280430925145892,4.932499113346804e-05,-0.04977195690748541,0.0,significant
0.3,clusteringcoef,0.0633084833648889,100,ancova_p_value,,0.5,100.0,0.48114467698573943,0.0391678861933406,0.43114467698573944,1.2188059605061932e-56,non-significant
0.3,clusteringcoef,0.0633084833648889,100,ancova_p_value,,1.0,100.0,0.31972415578412333,0.0304850475610669,0.26972415578412334,4.049033883019322e-39,non-significant
0.3,clusteringcoef,0.0633084833648889,100,ancova_p_value,,2.0,100.0,0.16040513148560548,0.0185356397007885,0.11040513148560548,4.83788863305536e-16,non-significant
0.3,clusteringcoef,0.0633084833648889,100,ancova_p_value,,4.0,100.0,0.04821217873113365,0.0069523658613121,-0.0017878212688663547,0.38225961151849186,significant
0.3,clusteringcoef,0.0633084833648889,100,ancova_p_value,,6.0,100.0,0.016044679166962617,0.0026568684832207,-0.033955320833037386,0.0,significant
0.3,clusteringcoef,0.0633084833648889,100,ancova_p_value,,8.0,100.0,0.005652215916228005,0.0010337525666595,-0.044347784083772,0.0,significant
0.3,clusteringcoef,0.0633084833648889,100,ancova_p_value,,10.0,100.0,0.00207287258086666,0.0004092471394353,-0.047927127419133346,0.0,significant
0.3,clusteringcoef,0.0633084833648889,100,ancova_p_value,,15.0,100.0,0.0001920508540141487,4.335860641011217e-05,-0.04980794914598585,0.0,significant
0.3,clusteringcoef,0.0633084833648889,300,ancova_p_value,,0.5,300.0,0.4800490110787622,0.0392821460480992,0.4300490110787622,4.317794039563781e-56,non-significant
0.3,clusteringcoef,0.0633084833648889,300,ancova_p_value,,1.0,300.0,0.31811640443062633,0.0305866073603319,0.26811640443062634,2.038442869487882e-38,non-significant
0.3,clusteringcoef,0.0633084833648889,300,ancova_p_value,,2.0,300.0,0.15833615787546532,0.0185670958719431,0.10833615787546531,2.1537292372831273e-15,non-significant
0.3,clusteringcoef,0.0633084833648889,300,ancova_p_value,,4.0,300.0,0.0464015209831491,0.0068756626767998,-0.0035984790168509043,0.28862442759839946,significant
0.3,clusteringcoef,0.0633084833648889,300,ancova_p_value,,6.0,300.0,0.014877544674688336,0.0025627970150587,-0.03512245532531166,0.0,significant
0.3,clusteringcoef,0.0633084833648889,300,ancova_p_value,,8.0,300.0,0.004992719858471545,0.0009614043031359,-0.04500728014152846,0.0,significant
0.3,clusteringcoef,0.0633084833648889,300,ancova_p_value,,10.0,300.0,0.0017256705948826214,0.0003629559939979,-0.04827432940511738,0.0,significant
0.3,clusteringcoef,0.0633084833648889,300,ancova_p_value,,15.0,300.0,0.00013201666015390175,3.266258475192189e-05,-0.0498679833398461,0.0,significant
0.3,clusteringcoef,0.0633084833648889,500,ancova_p_value,,0.5,500.0,0.47982953965954955,0.0393050556393602,0.42982953965954956,5.5554221260199535e-56,non-significant
0.3,clusteringcoef,0.0633084833648889,500,ancova_p_value,,1.0,500.0,0.3177942072606085,0.0306069870928834,0.2677942072606085,2.8102889849417603e-38,non-significant
0.3,clusteringcoef,0.0633084833648889,500,ancova_p_value,,2.0,500.0,0.15792157401181234,0.0185733295815035,0.10792157401181234,2.889861438408794e-15,non-significant
0.3,clusteringcoef,0.0633084833648889,500,ancova_p_value,,4.0,500.0,0.046040682769031456,0.0068599591653209,-0.003959317230968547,0.2713505634863833,significant
0.3,clusteringcoef,0.0633084833648889,500,ancova_p_value,,6.0,500.0,0.01464790875937049,0.0025437032318104,-0.03535209124062951,0.0,significant
0.3,clusteringcoef,0.0633084833648889,500,ancova_p_value,,8.0,500.0,0.004865533464805003,0.0009469149711789,-0.045134466535195,0.0,significant
0.3,clusteringcoef,0.0633084833648889,500,ancova_p_value,,10.0,500.0,0.0016604995248597615,0.0003538684123664,-0.04833950047514024,0.0,significant
0.3,clusteringcoef,0.0633084833648889,500,ancova_p_value,,15.0,500.0,0.0001217965039979378,3.0722746351210566e-05,-0.04987820349600206,0.0,significant
0.3,clusteringcoef,0.0633084833648889,1000,ancova_p_value,,0.5,1000.0,0.4796648624377731,0.0393222504401842,0.42966486243777313,6.709939078740155e-56,non-significant
0.3,clusteringcoef,0.0633084833648889,1000,ancova_p_value,,1.0,1000.0,0.31755241808467255,0.0306222867573341,0.26755241808467256,3.5738427709413135e-38,non-significant
0.3,clusteringcoef,0.0633084833648889,1000,ancova_p_value,,2.0,1000.0,0.1576104641334238,0.0185779919805504,0.1076104641334238,3.5991552852907985e-15,non-significant
0.3,clusteringcoef,0.0633084833648889,1000,ancova_p_value,,4.0,1000.0,0.04577034649325166,0.0068481006781629,-0.0042296535067483446,0.25875991206372295,significant
0.3,clusteringcoef,0.0633084833648889,1000,ancova_p_value,,6.0,1000.0,0.014476528145859816,0.0025293215667814,-0.03552347185414019,0.0,significant
0.3,clusteringcoef,0.0633084833648889,1000,ancova_p_value,,8.0,1000.0,0.00477118583723039,0.0009360457519192,-0.04522881416276961,0.0,significant
0.3,clusteringcoef,0.0633084833648889,1000,ancova_p_value,,10.0,1000.0,0.0016125523948250528,0.0003470929713215,-0.04838744760517495,0.0,significant
0.3,clusteringcoef,0.0633084833648889,1000,ancova_p_value,,15.0,1000.0,0.00011449967420285442,2.93115815254578e-05,-0.049885500325797145,0.0,significant
0.4,clusteringcoef,0.087738264937062,30,ancova_p_value,,0.5,30.0,0.4849569686830381,0.0537331857831391,0.4349569686830381,3.049628450459024e-31,non-significant
0.4,clusteringcoef,0.087738264937062,30,ancova_p_value,,1.0,30.0,0.3253086154260302,0.0417622458439633,0.2753086154260302,1.8505651226271378e-22,non-significant
0.4,clusteringcoef,0.087738264937062,30,ancova_p_value,,2.0,30.0,0.167594108019346,0.0255308595275485,0.11759410801934599,2.2576262692026364e-10,non-significant
0.4,clusteringcoef,0.087738264937062,30,ancova_p_value,,4.0,30.0,0.054625044962983094,0.0099762399407314,0.004625044962983091,0.3379566738850406,non-significant
0.4,clusteringcoef,0.087738264937062,30,ancova_p_value,,6.0,30.0,0.0203613903722062,0.0041134037359295,-0.029638609627793803,4.8445075284675454e-08,significant
0.4,clusteringcoef,0.087738264937062,30,ancova_p_value,,8.0,30.0,0.008257335914631373,0.0017792802270102,-0.04174266408536863,0.0,significant
0.4,clusteringcoef,0.087738264937062,30,ancova_p_value,,10.0,30.0,0.0035685233088176825,0.0008034525518936,-0.04643147669118232,0.0,significant
0.4,clusteringcoef,0.087738264937062,30,ancova_p_value,,15.0,30.0,0.0005407062921313466,0.0001294482359685,-0.049459293707868654,0.0,significant
0.4,clusteringcoef,0.087738264937062,50,ancova_p_value,,0.5,50.0,0.48278284379668057,0.0540458988513152,0.4327828437966806,1.1690681726746275e-30,non-significant
0.4,clusteringcoef,0.087738264937062,50,ancova_p_value,,1.0,50.0,0.32212564510024433,0.0420390986283178,0.27212564510024434,1.0591288095525497e-21,non-significant
0.4,clusteringcoef,0.087738264937062,50,ancova_p_value,,2.0,50.0,0.16349617189550622,0.0256216812176158,0.11349617189550622,1.2264975410138625e-09,non-significant
0.4,clusteringcoef,0.087738264937062,50,ancova_p_value,,4.0,50.0,0.05094706873769324,0.0097870545881801,0.0009470687376932352,0.48548741444156984,non-significant
0.4,clusteringcoef,0.087738264937062,50,ancova_p_value,,6.0,50.0,0.01785224137520709,0.0038716687888744,-0.03214775862479291,2.5479161003261197e-09,significant
0.4,clusteringcoef,0.087738264937062,50,ancova_p_value,,8.0,50.0,0.006713432842279582,0.0015822643761222,-0.04328656715772042,0.0,significant
0.4,clusteringcoef,0.087738264937062,50,ancova_p_value,,10.0,50.0,0.0026605541904910716,0.0006665550166057,-0.04733944580950893,0.0,significant
0.4,clusteringcoef,0.087738264937062,50,ancova_p_value,,15.0,50.0,0.00031306556427201346,8.65769519240686e-05,-0.04968693443572799,0.0,significant
0.4,clusteringcoef,0.087738264937062,75,ancova_p_value,,0.5,75.0,0.4816914470000123,0.0542032521790429,0.43169144700001233,2.2750201676749638e-30,non-significant
0.4,clusteringcoef,0.087738264937062,75,ancova_p_value,,1.0,75.0,0.3205260061237414,0.0421786815458013,0.2705260061237414,2.4984853576960638e-21,non-significant
0.4,clusteringcoef,0.087738264937062,75,ancova_p_value,,2.0,75.0,0.16143714082856858,0.025666222226835,0.11143714082856858,2.7727793892667106e-09,non-significant
0.4,clusteringcoef,0.087738264937062,75,ancova_p_value,,4.0,75.0,0.04912138289485513,0.0096867934118837,-0.0008786171051448702,0.43941889697141034,significant
0.4,clusteringcoef,0.087738264937062,75,ancova_p_value,,6.0,75.0,0.016639791628428848,0.0037460950224789,-0.03336020837157115,5.316886930728515e-10,significant
0.4,clusteringcoef,0.087738264937062,75,ancova_p_value,,8.0,75.0,0.005996484169924953,0.0014826614522663,-0.04400351583007505,0.0,significant
0.4,clusteringcoef,0.087738264937062,75,ancova_p_value,,10.0,75.0,0.0022598459055359287,0.000599915840766,-0.047740154094464075,0.0,significant
0.4,clusteringcoef,0.087738264937062,75,ancova_p_value,,15.0,75.0,0.0002280430925145892,6.835875557376887e-05,-0.04977195690748541,0.0,significant
0.4,clusteringcoef,0.087738264937062,100,ancova_p_value,,0.5,100.0,0.48114467698573943,0.0542821782042865,0.43114467698573944,3.168789438452615e-30,non-significant
0.4,clusteringcoef,0.087738264937062,100,ancova_p_value,,1.0,100.0,0.31972415578412333,0.0422487641050524,0.26972415578412334,3.8240076536128076e-21,non-significant
0.4,clusteringcoef,0.087738264937062,100,ancova_p_value,,2.0,100.0,0.16040513148560548,0.0256882613578397,0.11040513148560548,4.137593745113511e-09,non-significant
0.4,clusteringcoef,0.087738264937062,100,ancova_p_value,,4.0,100.0,0.04821217873113365,0.0096351781855746,-0.0017878212688663547,0.4027101436902515,significant
0.4,clusteringcoef,0.087738264937062,100,ancova_p_value,,6.0,100.0,0.016044679166962617,0.0036821136519759,-0.033955320833037386,2.3709056939935635e-10,significant
0.4,clusteringcoef,0.087738264937062,100,ancova_p_value,,8.0,100.0,0.005652215916228005,0.0014326619712271,-0.044347784083772,0.0,significant
0.4,clusteringcoef,0.087738264937062,100,ancova_p_value,,10.0,100.0,0.00207287258086666,0.0005671693908313,-0.047927127419133346,0.0,significant
0.4,clusteringcoef,0.087738264937062,100,ancova_p_value,,15.0,100.0,0.0001920508540141487,6.009003366240872e-05,-0.04980794914598585,0.0,significant
0.4,clusteringcoef,0.087738264937062,300,ancova_p_value,,0.5,300.0,0.4800490110787622,0.0544405292004824,0.4300490110787622,6.128836567070381e-30,non-significant
0.4,clusteringcoef,0.087738264937062,300,ancova_p_value,,1.0,300.0,0.31811640443062633,0.0423895142873543,0.26811640443062634,8.895307658443492e-21,non-significant
0.4,clusteringcoef,0.087738264937062,300,ancova_p_value,,2.0,300.0,0.15833615787546532,0.0257318559873739,0.10833615787546531,9.07535188747579e-09,non-significant
0.4,clusteringcoef,0.087738264937062,300,ancova_p_value,,4.0,300.0,0.0464015209831491,0.0095288764078891,-0.0035984790168509043,0.33248327120730814,significant
0.4,clusteringcoef,0.087738264937062,300,ancova_p_value,,6.0,300.0,0.014877544674688336,0.0035517414339425,-0.03512245532531166,4.487521465534883e-11,significant
0.4,clusteringcoef,0.087738264937062,300,ancova_p_value,,8.0,300.0,0.004992719858471545,0.0013323956123541,-0.04500728014152846,0.0,significant
0.4,clusteringcoef,0.087738264937062,300,ancova_p_value,,10.0,300.0,0.0017256705948826214,0.0005030151958993,-0.04827432940511738,0.0,significant
0.4,clusteringcoef,0.087738264937062,300,ancova_p_value,,15.0,300.0,0.00013201666015390175,4.526657980378541e-05,-0.0498679833398461,0.0,significant
0.4,clusteringcoef,0.087738264937062,500,ancova_p_value,,0.5,500.0,0.47982953965954955,0.0544722792548326,0.42982953965954956,6.989750256169208e-30,non-significant
0.4,clusteringcoef,0.087738264937062,500,ancova_p_value,,1.0,500.0,0.3177942072606085,0.0424177582489676,0.2677942072606085,1.0519692462822276e-20,non-significant
0.4,clusteringcoef,0.087738264937062,500,ancova_p_value,,2.0,500.0,0.15792157401181234,0.0257404951907141,0.10792157401181234,1.0593573904482183e-08,non-significant
0.4,clusteringcoef,0.087738264937062,500,ancova_p_value,,4.0,500.0,0.046040682769031456,0.0095071131499915,-0.003959317230968547,0.3190921743960635,significant
0.4,clusteringcoef,0.087738264937062,500,ancova_p_value,,6.0,500.0,0.01464790875937049,0.0035252796499248,-0.03535209124062951,3.1910696307591024e-11,significant
0.4,clusteringcoef,0.087738264937062,500,ancova_p_value,,8.0,500.0,0.004865533464805003,0.0013123150674029,-0.045134466535195,0.0,significant
0.4,clusteringcoef,0.087738264937062,500,ancova_p_value,,10.0,500.0,0.0016604995248597615,0.0004904208546288,-0.04833950047514024,0.0,significant
0.4,clusteringcoef,0.087738264937062,500,ancova_p_value,,15.0,500.0,0.0001217965039979378,4.257818724578126e-05,-0.04987820349600206,0.0,significant
0.4,clusteringcoef,0.087738264937062,1000,ancova_p_value,,0.5,1000.0,0.4796648624377731,0.0544961092679691,0.42966486243777313,7.713076991036271e-30,non-significant
0.4,clusteringcoef,0.087738264937062,1000,ancova_p_value,,1.0,1000.0,0.31755241808467255,0.0424389618214064,0.26755241808467256,1.1926918613884799e-20,non-significant
0.4,clusteringcoef,0.087738264937062,1000,ancova_p_value,,2.0,1000.0,0.1576104641334238,0.0257469567386944,0.1076104641334238,1.1890470736893824e-08,non-significant
0.4,clusteringcoef,0.087738264937062,1000,ancova_p_value,,4.0,1000.0,0.04577034649325166,0.0094906786528637,-0.0042296535067483446,0.3092138646710568,significant
0.4,clusteringcoef,0.087738264937062,1000,ancova_p_value,,6.0,1000.0,0.014476528145859816,0.0035053483189328,-0.03552347185414019,2.4666491071911878e-11,significant
0.4,clusteringcoef,0.087738264937062,1000,ancova_p_value,,8.0,1000.0,0.00477118583723039,0.0012972515816206,-0.04522881416276961,0.0,significant
0.4,clusteringcoef,0.087738264937062,1000,ancova_p_value,,10.0,1000.0,0.0016125523948250528,0.0004810308738575,-0.04838744760517495,0.0,significant
0.4,clusteringcoef,0.087738264937062,1000,ancova_p_value,,15.0,1000.0,0.00011449967420285442,4.062247536056452e-05,-0.049885500325797145,0.0,significant
0.5,clusteringcoef,0.1190471512246693,30,ancova_p_value,,0.5,30.0,0.4849569686830381,0.0729075586153574,0.4349569686830381,1.3062348090807856e-17,non-significant
0.5,clusteringcoef,0.1190471512246693,30,ancova_p_value,,1.0,30.0,0.3253086154260302,0.0566648588279525,0.2753086154260302,6.994050230610015e-13,non-significant
0.5,clusteringcoef,0.1190471512246693,30,ancova_p_value,,2.0,30.0,0.167594108019346,0.0346413973111062,0.11759410801934599,2.6181151722763965e-06,non-significant
0.5,clusteringcoef,0.1190471512246693,30,ancova_p_value,,4.0,30.0,0.054625044962983094,0.0135362027700204,0.004625044962983091,0.3929317771649534,non-significant
0.5,clusteringcoef,0.1190471512246693,30,ancova_p_value,,6.0,30.0,0.0203613903722062,0.00558124778226,-0.029638609627793803,3.66235284446903e-05,significant
0.5,clusteringcoef,0.1190471512246693,30,ancova_p_value,,8.0,30.0,0.008257335914631373,0.0024142059614228,-0.04174266408536863,0.0,significant
0.5,clusteringcoef,0.1190471512246693,30,ancova_p_value,,10.0,30.0,0.0035685233088176825,0.0010901598922174,-0.04643147669118232,0.0,significant
0.5,clusteringcoef,0.1190471512246693,30,ancova_p_value,,15.0,30.0,0.0005407062921313466,0.0001756410812792,-0.049459293707868654,0.0,significant
0.5,clusteringcoef,0.1190471512246693,50,ancova_p_value,,0.5,50.0,0.48278284379668057,0.0733318615115203,0.4327828437966806,2.715833938782217e-17,non-significant
0.5,clusteringcoef,0.1190471512246693,50,ancova_p_value,,1.0,50.0,0.32212564510024433,0.0570405049079116,0.27212564510024434,1.8129606287910596e-12,non-significant
0.5,clusteringcoef,0.1190471512246693,50,ancova_p_value,,2.0,50.0,0.16349617189550622,0.0347646281896707,0.11349617189550622,6.654835478683979e-06,non-significant
0.5,clusteringcoef,0.1190471512246693,50,ancova_p_value,,4.0,50.0,0.05094706873769324,0.0132795077317629,0.0009470687376932352,0.504430980977708,non-significant
0.5,clusteringcoef,0.1190471512246693,50,ancova_p_value,,6.0,50.0,0.01785224137520709,0.0052532511342867,-0.03214775862479291,6.9792068029261856e-06,significant
0.5,clusteringcoef,0.1190471512246693,50,ancova_p_value,,8.0,50.0,0.006713432842279582,0.0021468861573311,-0.04328656715772042,0.0,significant
0.5,clusteringcoef,0.1190471512246693,50,ancova_p_value,,10.0,50.0,0.0026605541904910716,0.0009044112727593,-0.04733944580950893,0.0,significant
0.5,clusteringcoef,0.1190471512246693,50,ancova_p_value,,15.0,50.0,0.00031306556427201346,0.0001174714304604,-0.04968693443572799,0.0,significant
0.5,clusteringcoef,0.1190471512246693,75,ancova_p_value,,0.5,75.0,0.4816914470000123,0.0735453654532171,0.43169144700001233,3.903084053038e-17,non-significant
0.5,clusteringcoef,0.1190471512246693,75,ancova_p_value,,1.0,75.0,0.3205260061237414,0.0572298971724836,0.2705260061237414,2.8968366205707363e-12,non-significant
0.5,clusteringcoef,0.1190471512246693,75,ancova_p_value,,2.0,75.0,0.16143714082856858,0.0348250633973195,0.11143714082856858,1.0437297273131157e-05,non-significant
0.5,clusteringcoef,0.1190471512246693,75,ancova_p_value,,4.0,75.0,0.04912138289485513,0.0131434689415601,-0.0008786171051448702,0.43995462274223995,significant
0.5,clusteringcoef,0.1190471512246693,75,ancova_p_value,,6.0,75.0,0.016639791628428848,0.0050828671043692,-0.03336020837157115,2.8941479404132053e-06,significant
0.5,clusteringcoef,0.1190471512246693,75,ancova_p_value,,8.0,75.0,0.005996484169924953,0.0020117405130994,-0.04400351583007505,0.0,significant
0.5,clusteringcoef,0.1190471512246693,75,ancova_p_value,,10.0,75.0,0.0022598459055359287,0.0008139922970779,-0.047740154094464075,0.0,significant
0.5,clusteringcoef,0.1190471512246693,75,ancova_p_value,,15.0,75.0,0.0002280430925145892,9.275217737845972e-05,-0.04977195690748541,0.0,significant
0.5,clusteringcoef,0.1190471512246693,100,ancova_p_value,,0.5,100.0,0.48114467698573943,0.0736524557685941,0.43114467698573944,4.6752000408230445e-17,non-significant
0.5,clusteringcoef,0.1190471512246693,100,ancova_p_value,,1.0,100.0,0.31972415578412333,0.0573249882827917,0.26972415578412334,3.65484637094509e-12,non-significant
0.5,clusteringcoef,0.1190471512246693,100,ancova_p_value,,2.0,100.0,0.16040513148560548,0.0348549670632223,0.11040513148560548,1.3018035838731132e-05,non-significant
0.5,clusteringcoef,0.1190471512246693,100,ancova_p_value,,4.0,100.0,0.04821217873113365,0.0130734351238601,-0.0017878212688663547,0.41266069093087543,significant
0.5,clusteringcoef,0.1190471512246693,100,ancova_p_value,,6.0,100.0,0.016044679166962617,0.0049960543563021,-0.033955320833037386,1.8393105298830648e-06,significant
0.5,clusteringcoef,0.1190471512246693,100,ancova_p_value,,8.0,100.0,0.005652215916228005,0.0019438990099115,-0.044347784083772,0.0,significant
0.5,clusteringcoef,0.1190471512246693,100,ancova_p_value,,10.0,100.0,0.00207287258086666,0.0007695604681575,-0.047927127419133346,0.0,significant
0.5,clusteringcoef,0.1190471512246693,100,ancova_p_value,,15.0,100.0,0.0001920508540141487,8.153281045203882e-05,-0.04980794914598585,0.0,significant
0.5,clusteringcoef,0.1190471512246693,300,ancova_p_value,,0.5,300.0,0.4800490110787622,0.0738673133909123,0.4300490110787622,6.696738778000301e-17,non-significant
0.5,clusteringcoef,0.1190471512246693,300,ancova_p_value,,1.0,300.0,0.31811640443062633,0.0575159643438002,0.26811640443062634,5.795827028155055e-12,non-significant
0.5,clusteringcoef,0.1190471512246693,300,ancova_p_value,,2.0,300.0,0.15833615787546532,0.034914118181135,0.10833615787546531,2.0088321674645377e-05,non-significant
0.5,clusteringcoef,0.1190471512246693,300,ancova_p_value,,4.0,300.0,0.0464015209831491,0.0129292001790199,-0.0035984790168509043,0.35972351817645987,significant
0.5,clusteringcoef,0.1190471512246693,300,ancova_p_value,,6.0,300.0,0.014877544674688336,0.0048191595753664,-0.03512245532531166,7.230930807455849e-07,significant
0.5,clusteringcoef,0.1190471512246693,300,ancova_p_value,,8.0,300.0,0.004992719858471545,0.0018078531877601,-0.04500728014152846,0.0,significant
0.5,clusteringcoef,0.1190471512246693,300,ancova_p_value,,10.0,300.0,0.0017256705948826214,0.0006825132242756,-0.04827432940511738,0.0,significant
0.5,clusteringcoef,0.1190471512246693,300,ancova_p_value,,15.0,300.0,0.00013201666015390175,6.141969384954713e-05,-0.0498679833398461,0.0,significant
0.5,clusteringcoef,0.1190471512246693,500,ancova_p_value,,0.5,500.0,0.47982953965954955,0.0739103932663159,0.42982953965954956,7.193834189528266e-17,non-significant
0.5,clusteringcoef,0.1190471512246693,500,ancova_p_value,,1.0,500.0,0.3177942072606085,0.0575542869977958,0.2677942072606085,6.3518730263292815e-12,non-significant
0.5,clusteringcoef,0.1190471512246693,500,ancova_p_value,,2.0,500.0,0.15792157401181234,0.0349258402336195,0.10792157401181234,2.1880779168208476e-05,non-significant
0.5,clusteringcoef,0.1190471512246693,500,ancova_p_value,,4.0,500.0,0.046040682769031456,0.0128996708299277,-0.003959317230968547,0.34946171902265744,significant
0.5,clusteringcoef,0.1190471512246693,500,ancova_p_value,,6.0,500.0,0.01464790875937049,0.0047832550586098,-0.03535209124062951,5.972943640797368e-07,significant
0.5,clusteringcoef,0.1190471512246693,500,ancova_p_value,,8.0,500.0,0.004865533464805003,0.0017806070178798,-0.045134466535195,0.0,significant
0.5,clusteringcoef,0.1190471512246693,500,ancova_p_value,,10.0,500.0,0.0016604995248597615,0.0006654246660406,-0.04833950047514024,0.0,significant
0.5,clusteringcoef,0.1190471512246693,500,ancova_p_value,,15.0,500.0,0.0001217965039979378,5.777196414308922e-05,-0.04987820349600206,0.0,significant
0.5,clusteringcoef,0.1190471512246693,1000,ancova_p_value,,0.5,1000.0,0.4796648624377731,0.0739427268801569,0.42966486243777313,7.590282123368014e-17,non-significant
0.5,clusteringcoef,0.1190471512246693,1000,ancova_p_value,,1.0,1000.0,0.31755241808467255,0.0575830569409493,0.26755241808467256,6.802744046510236e-12,non-significant
0.5,clusteringcoef,0.1190471512246693,1000,ancova_p_value,,2.0,1000.0,0.1576104641334238,0.0349346075471755,0.1076104641334238,2.3322757589275877e-05,non-significant
0.5,clusteringcoef,0.1190471512246693,1000,ancova_p_value,,4.0,1000.0,0.04577034649325166,0.0128773717786953,-0.0042296535067483446,0.34184639021914975,significant
0.5,clusteringcoef,0.1190471512246693,1000,ancova_p_value,,6.0,1000.0,0.014476528145859816,0.0047562113488166,-0.03552347185414019,5.170210696237021e-07,significant
0.5,clusteringcoef,0.1190471512246693,1000,ancova_p_value,,8.0,1000.0,0.00477118583723039,0.0017601682153665,-0.04522881416276961,0.0,significant
0.5,clusteringcoef,0.1190471512246693,1000,ancova_p_value,,10.0,1000.0,0.0016125523948250528,0.000652683925593,-0.04838744760517495,0.0,significant
0.5,clusteringcoef,0.1190471512246693,1000,ancova_p_value,,15.0,1000.0,0.00011449967420285442,5.511836791892987e-05,-0.049885500325797145,0.0,significant
0.05,degree,0.118121404749048,30,ancova_p_value,,0.5,30.0,0.4849569686830381,0.0723406074977541,0.4349569686830381,7.245254777760496e-18,non-significant
0.05,degree,0.118121404749048,30,ancova_p_value,,1.0,30.0,0.3253086154260302,0.0562242158321991,0.2753086154260302,4.619938034229863e-13,non-significant
0.05,degree,0.118121404749048,30,ancova_p_value,,2.0,30.0,0.167594108019346,0.0343720153801532,0.11759410801934599,2.193313815519553e-06,non-significant
0.05,degree,0.118121404749048,30,ancova_p_value,,4.0,30.0,0.054625044962983094,0.0134309411835084,0.004625044962983091,0.3916344347119554,non-significant
0.05,degree,0.118121404749048,30,ancova_p_value,,6.0,30.0,0.0203613903722062,0.0055378463198071,-0.029638609627793803,3.2299403120661374e-05,significant
0.05,degree,0.118121404749048,30,ancova_p_value,,8.0,30.0,0.008257335914631373,0.0023954323693022,-0.04174266408536863,0.0,significant
0.05,degree,0.118121404749048,30,ancova_p_value,,10.0,30.0,0.0035685233088176825,0.0010816824808077,-0.04643147669118232,0.0,significant
0.05,degree,0.118121404749048,30,ancova_p_value,,15.0,30.0,0.0005407062921313466,0.0001742752433713,-0.049459293707868654,0.0,significant
0.05,degree,0.118121404749048,50,ancova_p_value,,0.5,50.0,0.48278284379668057,0.0727616108869008,0.4327828437966806,1.5237274354279413e-17,non-significant
0.05,degree,0.118121404749048,50,ancova_p_value,,1.0,50.0,0.32212564510024433,0.0565969407751883,0.27212564510024434,1.215437692813191e-12,non-significant
0.05,degree,0.118121404749048,50,ancova_p_value,,2.0,50.0,0.16349617189550622,0.0344942879783192,0.11349617189550622,5.654927505462892e-06,non-significant
0.05,degree,0.118121404749048,50,ancova_p_value,,4.0,50.0,0.05094706873769324,0.0131762422831217,0.0009470687376932352,0.5039478051263611,non-significant
0.05,degree,0.118121404749048,50,ancova_p_value,,6.0,50.0,0.01785224137520709,0.0052124002724804,-0.03214775862479291,6.008448775185471e-06,significant
0.05,degree,0.118121404749048,50,ancova_p_value,,8.0,50.0,0.006713432842279582,0.002130191324458,-0.04328656715772042,0.0,significant
0.05,degree,0.118121404749048,50,ancova_p_value,,10.0,50.0,0.0026605541904910716,0.0008973782985163,-0.04733944580950893,0.0,significant
0.05,degree,0.118121404749048,50,ancova_p_value,,15.0,50.0,0.00031306556427201346,0.0001165579372637,-0.04968693443572799,0.0,significant
0.05,degree,0.118121404749048,75,ancova_p_value,,0.5,75.0,0.4816914470000123,0.0729734545576922,0.43169144700001233,2.202292942715322e-17,non-significant
0.05,degree,0.118121404749048,75,ancova_p_value,,1.0,75.0,0.3205260061237414,0.0567848602685126,0.2705260061237414,1.9562953394927324e-12,non-significant
0.05,degree,0.118121404749048,75,ancova_p_value,,2.0,75.0,0.16143714082856858,0.0345542532236051,0.11143714082856858,8.930012115301518e-06,non-significant
0.05,degree,0.118121404749048,75,ancova_p_value,,4.0,75.0,0.04912138289485513,0.013041261371493,-0.0008786171051448702,0.44001062511445,significant
0.05,degree,0.118121404749048,75,ancova_p_value,,6.0,75.0,0.016639791628428848,0.0050433412000572,-0.03336020837157115,2.459744081417803e-06,significant
0.05,degree,0.118121404749048,75,ancova_p_value,,8.0,75.0,0.005996484169924953,0.0019960966134285,-0.04400351583007505,0.0,significant
0.05,degree,0.118121404749048,75,ancova_p_value,,10.0,75.0,0.0022598459055359287,0.0008076624480017,-0.047740154094464075,0.0,significant
0.05,degree,0.118121404749048,75,ancova_p_value,,15.0,75.0,0.0002280430925145892,9.203090853304013e-05,-0.04977195690748541,0.0,significant
0.05,degree,0.118121404749048,100,ancova_p_value,,0.5,100.0,0.48114467698573943,0.0730797121065475,0.43114467698573944,2.6454115023751513e-17,non-significant
0.05,degree,0.118121404749048,100,ancova_p_value,,1.0,100.0,0.31972415578412333,0.0568792119217289,0.26972415578412334,2.4771340493274984e-12,non-significant
0.05,degree,0.118121404749048,100,ancova_p_value,,2.0,100.0,0.16040513148560548,0.0345839243496022,0.11040513148560548,1.1175530379775283e-05,non-significant
0.05,degree,0.118121404749048,100,ancova_p_value,,4.0,100.0,0.04821217873113365,0.0129717721578364,-0.0017878212688663547,0.41250915573512126,significant
0.05,degree,0.118121404749048,100,ancova_p_value,,6.0,100.0,0.016044679166962617,0.0049572035340457,-0.033955320833037386,1.5528949220966481e-06,significant
0.05,degree,0.118121404749048,100,ancova_p_value,,8.0,100.0,0.005652215916228005,0.0019287826661865,-0.044347784083772,0.0,significant
0.05,degree,0.118121404749048,100,ancova_p_value,,10.0,100.0,0.00207287258086666,0.0007635761343549,-0.047927127419133346,0.0,significant
0.05,degree,0.118121404749048,100,ancova_p_value,,15.0,100.0,0.0001920508540141487,8.089878678035072e-05,-0.04980794914598585,0.0,significant
0.05,degree,0.118121404749048,300,ancova_p_value,,0.5,300.0,0.4800490110787622,0.0732928989313324,0.4300490110787622,3.810629236987083e-17,non-significant
0.05,degree,0.118121404749048,300,ancova_p_value,,1.0,300.0,0.31811640443062633,0.057068702895412,0.26811640443062634,3.956485555294313e-12,non-significant
0.05,degree,0.118121404749048,300,ancova_p_value,,2.0,300.0,0.15833615787546532,0.0346426154906203,0.10833615787546531,1.7359095197149037e-05,non-significant
0.05,degree,0.118121404749048,300,ancova_p_value,,4.0,300.0,0.0464015209831491,0.0128286588273353,-0.0035984790168509043,0.3591833356319859,significant
0.05,degree,0.118121404749048,300,ancova_p_value,,6.0,300.0,0.014877544674688336,0.0047816843401637,-0.03512245532531166,6.021936650446591e-07,significant
0.05,degree,0.118121404749048,300,ancova_p_value,,8.0,300.0,0.004992719858471545,0.0017937947772917,-0.04500728014152846,0.0,significant
0.05,degree,0.118121404749048,300,ancova_p_value,,10.0,300.0,0.0017256705948826214,0.0006772057960386,-0.04827432940511738,0.0,significant
0.05,degree,0.118121404749048,300,ancova_p_value,,15.0,300.0,0.00013201666015390175,6.094207582567984e-05,-0.0498679833398461,0.0,significant
0.05,degree,0.118121404749048,500,ancova_p_value,,0.5,500.0,0.47982953965954955,0.0733356438046598,0.42982953965954956,4.098075836741484e-17,non-significant
0.05,degree,0.118121404749048,500,ancova_p_value,,1.0,500.0,0.3177942072606085,0.0571067275409168,0.2677942072606085,4.3422472969076326e-12,non-significant
0.05,degree,0.118121404749048,500,ancova_p_value,,2.0,500.0,0.15792157401181234,0.0346542463888969,0.10792157401181234,1.8932559746652523e-05,non-significant
0.05,degree,0.118121404749048,500,ancova_p_value,,4.0,500.0,0.046040682769031456,0.0127993591073486,-0.003959317230968547,0.3488494033223928,significant
0.05,degree,0.118121404749048,500,ancova_p_value,,6.0,500.0,0.01464790875937049,0.004746059027735,-0.03535209124062951,4.960346580151764e-07,significant
0.05,degree,0.118121404749048,500,ancova_p_value,,8.0,500.0,0.004865533464805003,0.0017667604818282,-0.045134466535195,0.0,significant
0.05,degree,0.118121404749048,500,ancova_p_value,,10.0,500.0,0.0016604995248597615,0.0006602501235753,-0.04833950047514024,0.0,significant
0.05,degree,0.118121404749048,500,ancova_p_value,,15.0,500.0,0.0001217965039979378,5.7322711963217634e-05,-0.04987820349600206,0.0,significant
0.05,degree,0.118121404749048,1000,ancova_p_value,,0.5,1000.0,0.4796648624377731,0.0733677259825886,0.42966486243777313,4.3275466537303364e-17,non-significant
0.05,degree,0.118121404749048,1000,ancova_p_value,,1.0,1000.0,0.31755241808467255,0.0571352737603339,0.26755241808467256,4.6554310090070896e-12,non-significant
0.05,degree,0.118121404749048,1000,ancova_p_value,,2.0,1000.0,0.1576104641334238,0.0346629455251841,0.1076104641334238,2.01997885756676e-05,non-significant
0.05,degree,0.118121404749048,1000,ancova_p_value,,4.0,1000.0,0.04577034649325166,0.0127772334602495,-0.0042296535067483446,0.3411814084107123,significant
0.05,degree,0.118121404749048,1000,ancova_p_value,,6.0,1000.0,0.014476528145859816,0.0047192256179681,-0.03552347185414019,4.2846125225537435e-07,significant
0.05,degree,0.118121404749048,1000,ancova_p_value,,8.0,1000.0,0.00477118583723039,0.0017464806175945,-0.04522881416276961,0.0,significant
0.05,degree,0.118121404749048,1000,ancova_p_value,,10.0,1000.0,0.0016125523948250528,0.0006476084589599,-0.04838744760517495,0.0,significant
0.05,degree,0.118121404749048,1000,ancova_p_value,,15.0,1000.0,0.00011449967420285442,5.468975090190734e-05,-0.049885500325797145,0.0,significant
0.1,degree,0.0754399300930147,30,ancova_p_value,,0.5,30.0,0.4849569686830381,0.0462013670097397,0.4349569686830381,9.970880113069225e-42,non-significant
0.1,degree,0.0754399300930147,30,ancova_p_value,,1.0,30.0,0.3253086154260302,0.0359084022148818,0.2753086154260302,8.14317715038104e-30,non-significant
0.1,degree,0.0754399300930147,30,ancova_p_value,,2.0,30.0,0.167594108019346,0.0219521808341488,0.11759410801934599,1.7821669229108363e-13,non-significant
0.1,degree,0.0754399300930147,30,ancova_p_value,,4.0,30.0,0.054625044962983094,0.0085778633103788,0.004625044962983091,0.3071401491944196,non-significant
0.1,degree,0.0754399300930147,30,ancova_p_value,,6.0,30.0,0.0203613903722062,0.0035368250159205,-0.029638609627793803,3.115558921962247e-10,significant
0.1,degree,0.0754399300930147,30,ancova_p_value,,8.0,30.0,0.008257335914631373,0.0015298772552411,-0.04174266408536863,0.0,significant
0.1,degree,0.0754399300930147,30,ancova_p_value,,10.0,30.0,0.0035685233088176825,0.0006908320376678,-0.04643147669118232,0.0,significant
0.1,degree,0.0754399300930147,30,ancova_p_value,,15.0,30.0,0.0005407062921313466,0.0001113033848929,-0.049459293707868654,0.0,significant
0.1,degree,0.0754399300930147,50,ancova_p_value,,0.5,50.0,0.48278284379668057,0.0464702468652886,0.4327828437966806,6.129465797868766e-41,non-significant
0.1,degree,0.0754399300930147,50,ancova_p_value,,1.0,50.0,0.32212564510024433,0.0361464483480341,0.27212564510024434,8.588755691062845e-29,non-significant
0.1,degree,0.0754399300930147,50,ancova_p_value,,2.0,50.0,0.16349617189550622,0.0220302719834839,0.11349617189550622,1.739361868910273e-12,non-significant
0.1,degree,0.0754399300930147,50,ancova_p_value,,4.0,50.0,0.05094706873769324,0.0084151962029163,0.0009470687376932352,0.47574870236937206,non-significant
0.1,degree,0.0754399300930147,50,ancova_p_value,,6.0,50.0,0.01785224137520709,0.0033289742278983,-0.03214775862479291,6.074141190026694e-12,significant
0.1,degree,0.0754399300930147,50,ancova_p_value,,8.0,50.0,0.006713432842279582,0.0013604772559493,-0.04328656715772042,0.0,significant
0.1,degree,0.0754399300930147,50,ancova_p_value,,10.0,50.0,0.0026605541904910716,0.0005731235270261,-0.04733944580950893,0.0,significant
0.1,degree,0.0754399300930147,50,ancova_p_value,,15.0,50.0,0.00031306556427201346,7.444139914897135e-05,-0.04968693443572799,0.0,significant
0.1,degree,0.0754399300930147,75,ancova_p_value,,0.5,75.0,0.4816914470000123,0.046605543865431,0.43169144700001233,1.5072261625963147e-40,non-significant
0.1,degree,0.0754399300930147,75,ancova_p_value,,1.0,75.0,0.3205260061237414,0.0362664658289439,0.2705260061237414,2.736795714859277e-28,non-significant
0.1,degree,0.0754399300930147,75,ancova_p_value,,2.0,75.0,0.16143714082856858,0.0220685696478403,0.11143714082856858,5.213249145620143e-12,non-significant
0.1,degree,0.0754399300930147,75,ancova_p_value,,4.0,75.0,0.04912138289485513,0.0083289887068338,-0.0008786171051448702,0.43707417342480803,significant
0.1,degree,0.0754399300930147,75,ancova_p_value,,6.0,75.0,0.016639791628428848,0.0032210022254295,-0.03336020837157115,7.464029394554927e-13,significant
0.1,degree,0.0754399300930147,75,ancova_p_value,,8.0,75.0,0.005996484169924953,0.0012748357445958,-0.04400351583007505,0.0,significant
0.1,degree,0.0754399300930147,75,ancova_p_value,,10.0,75.0,0.0022598459055359287,0.0005158252117425,-0.047740154094464075,0.0,significant
0.1,degree,0.0754399300930147,75,ancova_p_value,,15.0,75.0,0.0002280430925145892,5.877686030638856e-05,-0.04977195690748541,0.0,significant
0.1,degree,0.0754399300930147,100,ancova_p_value,,0.5,100.0,0.48114467698573943,0.0466734067737204,0.43114467698573944,2.358612901588316e-40,non-significant
0.1,degree,0.0754399300930147,100,ancova_p_value,,1.0,100.0,0.31972415578412333,0.0363267248661431,0.26972415578412334,4.862239888803071e-28,non-significant
0.1,degree,0.0754399300930147,100,ancova_p_value,,2.0,100.0,0.16040513148560548,0.0220875195382158,0.11040513148560548,8.9330055208511e-12,non-significant
0.1,degree,0.0754399300930147,100,ancova_p_value,,4.0,100.0,0.04821217873113365,0.008284608423416,-0.0017878212688663547,0.39458441732395266,significant
0.1,degree,0.0754399300930147,100,ancova_p_value,,6.0,100.0,0.016044679166962617,0.0031659891690229,-0.033955320833037386,2.532418719169982e-13,significant
0.1,degree,0.0754399300930147,100,ancova_p_value,,8.0,100.0,0.005652215916228005,0.001231844726287,-0.044347784083772,0.0,significant
0.1,degree,0.0754399300930147,100,ancova_p_value,,10.0,100.0,0.00207287258086666,0.0004876688549278,-0.047927127419133346,0.0,significant
0.1,degree,0.0754399300930147,100,ancova_p_value,,15.0,100.0,0.0001920508540141487,5.166717101176827e-05,-0.04980794914598585,0.0,significant
0.1,degree,0.0754399300930147,300,ancova_p_value,,0.5,300.0,0.4800490110787622,0.0468095615984339,0.4300490110787622,5.7518894711127335e-40,non-significant
0.1,degree,0.0754399300930147,300,ancova_p_value,,1.0,300.0,0.31811640443062633,0.0364477459955335,0.26811640443062634,1.5202097933282987e-27,non-significant
0.1,degree,0.0754399300930147,300,ancova_p_value,,2.0,300.0,0.15833615787546532,0.0221250034775991,0.10833615787546531,2.569691251539638e-11,non-significant
0.1,degree,0.0754399300930147,300,ancova_p_value,,4.0,300.0,0.0464015209831491,0.0081932070413268,-0.0035984790168509043,0.31414505340519683,significant
0.1,degree,0.0754399300930147,300,ancova_p_value,,6.0,300.0,0.014877544674688336,0.0030538913172866,-0.03512245532531166,2.731148640577885e-14,significant
0.1,degree,0.0754399300930147,300,ancova_p_value,,8.0,300.0,0.004992719858471545,0.0011456327740734,-0.04500728014152846,0.0,significant
0.1,degree,0.0754399300930147,300,ancova_p_value,,10.0,300.0,0.0017256705948826214,0.0004325071990151,-0.04827432940511738,0.0,significant
0.1,degree,0.0754399300930147,300,ancova_p_value,,15.0,300.0,0.00013201666015390175,3.892153119732976e-05,-0.0498679833398461,0.0,significant
0.1,degree,0.0754399300930147,500,ancova_p_value,,0.5,500.0,0.47982953965954955,0.04683686122514,0.42982953965954956,6.869933534254771e-40,non-significant
0.1,degree,0.0754399300930147,500,ancova_p_value,,1.0,500.0,0.3177942072606085,0.0364720309810091,0.2677942072606085,1.9065930530817085e-27,non-significant
0.1,degree,0.0754399300930147,500,ancova_p_value,,2.0,500.0,0.15792157401181234,0.0221324317176778,0.10792157401181234,3.1640220246442816e-11,non-significant
0.1,degree,0.0754399300930147,500,ancova_p_value,,4.0,500.0,0.046040682769031456,0.0081744943547291,-0.003959317230968547,0.298999577987336,significant
0.1,degree,0.0754399300930147,500,ancova_p_value,,6.0,500.0,0.01464790875937049,0.0030311387003085,-0.03535209124062951,1.7319479184152442e-14,significant
0.1,degree,0.0754399300930147,500,ancova_p_value,,8.0,500.0,0.004865533464805003,0.0011283669333546,-0.045134466535195,0.0,significant
0.1,degree,0.0754399300930147,500,ancova_p_value,,10.0,500.0,0.0016604995248597615,0.0004216782154957,-0.04833950047514024,0.0,significant
0.1,degree,0.0754399300930147,500,ancova_p_value,,15.0,500.0,0.0001217965039979378,3.660997253151959e-05,-0.04987820349600206,0.0,significant
0.1,degree,0.0754399300930147,1000,ancova_p_value,,0.5,1000.0,0.4796648624377731,0.0468573509684285,0.42966486243777313,7.847761764081554e-40,non-significant
0.1,degree,0.0754399300930147,1000,ancova_p_value,,1.0,1000.0,0.31755241808467255,0.0364902624336558,0.26755241808467256,2.2588104741306214e-27,non-significant
0.1,degree,0.0754399300930147,1000,ancova_p_value,,2.0,1000.0,0.1576104641334238,0.0221379875458934,0.1076104641334238,3.695720292144033e-11,non-significant
0.1,degree,0.0754399300930147,1000,ancova_p_value,,4.0,1000.0,0.04577034649325166,0.0081603634927235,-0.0042296535067483446,0.2878783407647688,significant
0.1,degree,0.0754399300930147,1000,ancova_p_value,,6.0,1000.0,0.014476528145859816,0.0030140011581224,-0.03552347185414019,1.2212453270876722e-14,significant
0.1,degree,0.0754399300930147,1000,ancova_p_value,,8.0,1000.0,0.00477118583723039,0.0011154149070615,-0.04522881416276961,0.0,significant
0.1,degree,0.0754399300930147,1000,ancova_p_value,,10.0,1000.0,0.0016125523948250528,0.000413604434991,-0.04838744760517495,0.0,significant
0.1,degree,0.0754399300930147,1000,ancova_p_value,,15.0,1000.0,0.00011449967420285442,3.492839416877599e-05,-0.049885500325797145,0.0,significant
0.2,degree,0.0560885901804366,30,ancova_p_value,,0.5,30.0,0.4849569686830381,0.0343501052664043,0.4349569686830381,3.4025258955021983e-74,non-significant
0.2,degree,0.0560885901804366,30,ancova_p_value,,1.0,30.0,0.3253086154260302,0.0266974220864406,0.2753086154260302,1.4258079945609171e-52,non-significant
0.2,degree,0.0560885901804366,30,ancova_p_value,,2.0,30.0,0.167594108019346,0.0163211560887622,0.11759410801934599,4.93877583422899e-23,non-significant
0.2,degree,0.0560885901804366,30,ancova_p_value,,4.0,30.0,0.054625044962983094,0.0063775279118954,0.004625044962983091,0.23942869667946867,non-significant
0.2,degree,0.0560885901804366,30,ancova_p_value,,6.0,30.0,0.0203613903722062,0.0026295826177635,-0.029638609627793803,1.1102230246251565e-16,significant
0.2,degree,0.0560885901804366,30,ancova_p_value,,8.0,30.0,0.008257335914631373,0.0011374435035901,-0.04174266408536863,0.0,significant
0.2,degree,0.0560885901804366,30,ancova_p_value,,10.0,30.0,0.0035685233088176825,0.0005136244823728,-0.04643147669118232,0.0,significant
0.2,degree,0.0560885901804366,30,ancova_p_value,,15.0,30.0,0.0005407062921313466,8.275259445839002e-05,-0.049459293707868654,0.0,significant
0.2,degree,0.0560885901804366,50,ancova_p_value,,0.5,50.0,0.48278284379668057,0.0345500138825318,0.4327828437966806,9.057348558485539e-73,non-significant
0.2,degree,0.0560885901804366,50,ancova_p_value,,1.0,50.0,0.32212564510024433,0.0268744062378039,0.27212564510024434,1.0025713650518276e-50,non-significant
0.2,degree,0.0560885901804366,50,ancova_p_value,,2.0,50.0,0.16349617189550622,0.0163792158253815,0.11349617189550622,2.9675577957919546e-21,non-significant
0.2,degree,0.0560885901804366,50,ancova_p_value,,4.0,50.0,0.05094706873769324,0.0062565870690943,0.0009470687376932352,0.4548769517950681,non-significant
0.2,degree,0.0560885901804366,50,ancova_p_value,,6.0,50.0,0.01785224137520709,0.0024750483061107,-0.03214775862479291,0.0,significant
0.2,degree,0.0560885901804366,50,ancova_p_value,,8.0,50.0,0.006713432842279582,0.0010114968447698,-0.04328656715772042,0.0,significant
0.2,degree,0.0560885901804366,50,ancova_p_value,,10.0,50.0,0.0026605541904910716,0.0004261097616408,-0.04733944580950893,0.0,significant
0.2,degree,0.0560885901804366,50,ancova_p_value,,15.0,50.0,0.00031306556427201346,5.534619563110605e-05,-0.04968693443572799,0.0,significant
0.2,degree,0.0560885901804366,75,ancova_p_value,,0.5,75.0,0.4816914470000123,0.0346506054125647,0.43169144700001233,4.603644701163664e-72,non-significant
0.2,degree,0.0560885901804366,75,ancova_p_value,,1.0,75.0,0.3205260061237414,0.0269636376473894,0.2705260061237414,8.122246925932613e-50,non-significant
0.2,degree,0.0560885901804366,75,ancova_p_value,,2.0,75.0,0.16143714082856858,0.0164076896322674,0.11143714082856858,2.1333048743681803e-20,non-significant
0.2,degree,0.0560885901804366,75,ancova_p_value,,4.0,75.0,0.04912138289485513,0.0061924929360233,-0.0008786171051448702,0.4282492013742776,significant
0.2,degree,0.0560885901804366,75,ancova_p_value,,6.0,75.0,0.016639791628428848,0.0023947725504204,-0.03336020837157115,0.0,significant
0.2,degree,0.0560885901804366,75,ancova_p_value,,8.0,75.0,0.005996484169924953,0.0009478235138585,-0.04400351583007505,0.0,significant
0.2,degree,0.0560885901804366,75,ancova_p_value,,10.0,75.0,0.0022598459055359287,0.0003835092221121,-0.047740154094464075,0.0,significant
0.2,degree,0.0560885901804366,75,ancova_p_value,,15.0,75.0,0.0002280430925145892,4.369981819645212e-05,-0.04977195690748541,0.0,significant
0.2,degree,0.0560885901804366,100,ancova_p_value,,0.5,100.0,0.48114467698573943,0.0347010605872554,0.43114467698573944,1.0340056612623626e-71,non-significant
0.2,degree,0.0560885901804366,100,ancova_p_value,,1.0,100.0,0.31972415578412333,0.027008439444501,0.26972415578412334,2.2920204206564098e-49,non-significant
0.2,degree,0.0560885901804366,100,ancova_p_value,,2.0,100.0,0.16040513148560548,0.0164217786251115,0.11040513148560548,5.613701144711014e-20,non-significant
0.2,degree,0.0560885901804366,100,ancova_p_value,,4.0,100.0,0.04821217873113365,0.00615949678232,-0.0017878212688663547,0.371799487015845,significant
0.2,degree,0.0560885901804366,100,ancova_p_value,,6.0,100.0,0.016044679166962617,0.0023538710706396,-0.033955320833037386,0.0,significant
0.2,degree,0.0560885901804366,100,ancova_p_value,,8.0,100.0,0.005652215916228005,0.000915860260388,-0.044347784083772,0.0,significant
0.2,degree,0.0560885901804366,100,ancova_p_value,,10.0,100.0,0.00207287258086666,0.0003625753432444,-0.047927127419133346,0.0,significant
0.2,degree,0.0560885901804366,100,ancova_p_value,,15.0,100.0,0.0001920508540141487,3.8413858245740026e-05,-0.04980794914598585,0.0,significant
0.2,degree,0.0560885901804366,300,ancova_p_value,,0.5,300.0,0.4800490110787622,0.0348022898985105,0.4300490110787622,5.177267969114988e-71,non-significant
0.2,degree,0.0560885901804366,300,ancova_p_value,,1.0,300.0,0.31811640443062633,0.0270984170534566,0.26811640443062634,1.7940416407346692e-48,non-significant
0.2,degree,0.0560885901804366,300,ancova_p_value,,2.0,300.0,0.15833615787546532,0.016449647438243,0.10833615787546531,3.745078331322467e-19,non-significant
0.2,degree,0.0560885901804366,300,ancova_p_value,,4.0,300.0,0.0464015209831491,0.0060915410637025,-0.0035984790168509043,0.26832201712995973,significant
0.2,degree,0.0560885901804366,300,ancova_p_value,,6.0,300.0,0.014877544674688336,0.0022705278005916,-0.03512245532531166,0.0,significant
0.2,degree,0.0560885901804366,300,ancova_p_value,,8.0,300.0,0.004992719858471545,0.0008517628142424,-0.04500728014152846,0.0,significant
0.2,degree,0.0560885901804366,300,ancova_p_value,,10.0,300.0,0.0017256705948826214,0.0003215633816963,-0.04827432940511738,0.0,significant
0.2,degree,0.0560885901804366,300,ancova_p_value,,15.0,300.0,0.00013201666015390175,2.893764363024304e-05,-0.0498679833398461,0.0,significant
0.2,degree,0.0560885901804366,500,ancova_p_value,,0.5,500.0,0.47982953965954955,0.0348225868098744,0.42982953965954956,7.13663090062935e-71,non-significant
0.2,degree,0.0560885901804366,500,ancova_p_value,,1.0,500.0,0.3177942072606085,0.0271164726189404,0.2677942072606085,2.6999810896582727e-48,non-significant
0.2,degree,0.0560885901804366,500,ancova_p_value,,2.0,500.0,0.15792157401181234,0.0164551702364882,0.10792157401181234,5.441556860463896e-19,non-significant
0.2,degree,0.0560885901804366,500,ancova_p_value,,4.0,500.0,0.046040682769031456,0.0060776284287298,-0.003959317230968547,0.24959077831384113,significant
0.2,degree,0.0560885901804366,500,ancova_p_value,,6.0,500.0,0.01464790875937049,0.0022536115308173,-0.03535209124062951,0.0,significant
0.2,degree,0.0560885901804366,500,ancova_p_value,,8.0,500.0,0.004865533464805003,0.0008389258900432,-0.045134466535195,0.0,significant
0.2,degree,0.0560885901804366,500,ancova_p_value,,10.0,500.0,0.0016604995248597615,0.0003135121756846,-0.04833950047514024,0.0,significant
0.2,degree,0.0560885901804366,500,ancova_p_value,,15.0,500.0,0.0001217965039979378,2.7219030337192432e-05,-0.04987820349600206,0.0,significant
0.2,degree,0.0560885901804366,1000,ancova_p_value,,0.5,1000.0,0.4796648624377731,0.0348378206629916,0.42966486243777313,9.07659958505175e-71,non-significant
0.2,degree,0.0560885901804366,1000,ancova_p_value,,1.0,1000.0,0.31755241808467255,0.0271300274628358,0.26755241808467256,3.666449277074556e-48,non-significant
0.2,degree,0.0560885901804366,1000,ancova_p_value,,2.0,1000.0,0.1576104641334238,0.0164593009212796,0.1076104641334238,7.192122235729809e-19,non-significant
0.2,degree,0.0560885901804366,1000,ancova_p_value,,4.0,1000.0,0.04577034649325166,0.0060671223197375,-0.0042296535067483446,0.23603103753961863,significant
0.2,degree,0.0560885901804366,1000,ancova_p_value,,6.0,1000.0,0.014476528145859816,0.0022408699948801,-0.03552347185414019,0.0,significant
0.2,degree,0.0560885901804366,1000,ancova_p_value,,8.0,1000.0,0.00477118583723039,0.0008292962298107,-0.04522881416276961,0.0,significant
0.2,degree,0.0560885901804366,1000,ancova_p_value,,10.0,1000.0,0.0016125523948250528,0.0003075094266713,-0.04838744760517495,0.0,significant
0.2,degree,0.0560885901804366,1000,ancova_p_value,,15.0,1000.0,0.00011449967420285442,2.596879906672432e-05,-0.049885500325797145,0.0,significant
0.3,degree,0.0468746316869209,30,ancova_p_value,,0.5,30.0,0.4849569686830381,0.0287072384524165,0.4349569686830381,1.7113947973156795e-105,non-significant
0.3,degree,0.0468746316869209,30,ancova_p_value,,1.0,30.0,0.3253086154260302,0.0223117005306484,0.2753086154260302,1.6979592372765488e-74,non-significant
0.3,degree,0.0468746316869209,30,ancova_p_value,,2.0,30.0,0.167594108019346,0.0136399966179275,0.11759410801934599,3.248685146588875e-32,non-significant
0.3,degree,0.0468746316869209,30,ancova_p_value,,4.0,30.0,0.054625044962983094,0.0053298589068018,0.004625044962983091,0.19466415816606117,non-significant
0.3,degree,0.0468746316869209,30,ancova_p_value,,6.0,30.0,0.0203613903722062,0.0021976076828008,-0.029638609627793803,0.0,significant
0.3,degree,0.0468746316869209,30,ancova_p_value,,8.0,30.0,0.008257335914631373,0.0009505898637128,-0.04174266408536863,0.0,significant
0.3,degree,0.0468746316869209,30,ancova_p_value,,10.0,30.0,0.0035685233088176825,0.0004292487716157,-0.04643147669118232,0.0,significant
0.3,degree,0.0468746316869209,30,ancova_p_value,,15.0,30.0,0.0005407062921313466,6.915840412275397e-05,-0.049459293707868654,0.0,significant
0.3,degree,0.0468746316869209,50,ancova_p_value,,0.5,50.0,0.48278284379668057,0.0288743070615913,0.4327828437966806,1.8752479842978712e-103,non-significant
0.3,degree,0.0468746316869209,50,ancova_p_value,,1.0,50.0,0.32212564510024433,0.0224596105936913,0.27212564510024434,7.454309637910531e-72,non-significant
0.3,degree,0.0468746316869209,50,ancova_p_value,,2.0,50.0,0.16349617189550622,0.0136885185857843,0.11349617189550622,1.1282941910751944e-29,non-significant
0.3,degree,0.0468746316869209,50,ancova_p_value,,4.0,50.0,0.05094706873769324,0.0052287856324697,0.0009470687376932352,0.4405078674891731,non-significant
0.3,degree,0.0468746316869209,50,ancova_p_value,,6.0,50.0,0.01785224137520709,0.0020684595099119,-0.03214775862479291,0.0,significant
0.3,degree,0.0468746316869209,50,ancova_p_value,,8.0,50.0,0.006713432842279582,0.0008453331042649,-0.04328656715772042,0.0,significant
0.3,degree,0.0468746316869209,50,ancova_p_value,,10.0,50.0,0.0026605541904910716,0.0003561105399665,-0.04733944580950893,0.0,significant
0.3,degree,0.0468746316869209,50,ancova_p_value,,15.0,50.0,0.00031306556427201346,4.625419407288394e-05,-0.04968693443572799,0.0,significant
0.3,degree,0.0468746316869209,75,ancova_p_value,,0.5,75.0,0.4816914470000123,0.0289583739084482,0.43169144700001233,1.9213392858359822e-102,non-significant
0.3,degree,0.0468746316869209,75,ancova_p_value,,1.0,75.0,0.3205260061237414,0.0225341835049692,0.2705260061237414,1.4866292209512926e-70,non-significant
0.3,degree,0.0468746316869209,75,ancova_p_value,,2.0,75.0,0.16143714082856858,0.0137123148553323,0.11143714082856858,1.8871789178845827e-28,non-significant
0.3,degree,0.0468746316869209,75,ancova_p_value,,4.0,75.0,0.04912138289485513,0.0051752205692129,-0.0008786171051448702,0.4199468931576963,significant
0.3,degree,0.0468746316869209,75,ancova_p_value,,6.0,75.0,0.016639791628428848,0.0020013710616327,-0.03336020837157115,0.0,significant
0.3,degree,0.0468746316869209,75,ancova_p_value,,8.0,75.0,0.005996484169924953,0.000792119715853,-0.04400351583007505,0.0,significant
0.3,degree,0.0468746316869209,75,ancova_p_value,,10.0,75.0,0.0022598459055359287,0.0003205082081259,-0.047740154094464075,0.0,significant
0.3,degree,0.0468746316869209,75,ancova_p_value,,15.0,75.0,0.0002280430925145892,3.652102640045627e-05,-0.04977195690748541,0.0,significant
0.3,degree,0.0468746316869209,100,ancova_p_value,,0.5,100.0,0.48114467698573943,0.0290005405545114,0.43114467698573944,6.117065326723663e-102,non-significant
0.3,degree,0.0468746316869209,100,ancova_p_value,,1.0,100.0,0.31972415578412333,0.0225716254825935,0.26972415578412334,6.55758430539908e-70,non-significant
0.3,degree,0.0468746316869209,100,ancova_p_value,,2.0,100.0,0.16040513148560548,0.0137240893775351,0.11040513148560548,7.513503964204929e-28,non-significant
0.3,degree,0.0468746316869209,100,ancova_p_value,,4.0,100.0,0.04821217873113365,0.0051476448618017,-0.0017878212688663547,0.3531305824763078,significant
0.3,degree,0.0468746316869209,100,ancova_p_value,,6.0,100.0,0.016044679166962617,0.0019671886763382,-0.033955320833037386,0.0,significant
0.3,degree,0.0468746316869209,100,ancova_p_value,,8.0,100.0,0.005652215916228005,0.0007654072288904,-0.044347784083772,0.0,significant
0.3,degree,0.0468746316869209,100,ancova_p_value,,10.0,100.0,0.00207287258086666,0.0003030132442028,-0.047927127419133346,0.0,significant
0.3,degree,0.0468746316869209,100,ancova_p_value,,15.0,100.0,0.0001920508540141487,3.21034180240584e-05,-0.04980794914598585,0.0,significant
0.3,degree,0.0468746316869209,300,ancova_p_value,,0.5,300.0,0.4800490110787622,0.0290851404110194,0.4300490110787622,6.134022228044782e-101,non-significant
0.3,degree,0.0468746316869209,300,ancova_p_value,,1.0,300.0,0.31811640443062633,0.022646822011269,0.26811640443062634,1.2448632781726447e-68,non-significant
0.3,degree,0.0468746316869209,300,ancova_p_value,,2.0,300.0,0.15833615787546532,0.0137473800387354,0.10833615787546531,1.1289705055434744e-26,non-significant
0.3,degree,0.0468746316869209,300,ancova_p_value,,4.0,300.0,0.0464015209831491,0.0050908525753318,-0.0035984790168509043,0.23437052737669317,significant
0.3,degree,0.0468746316869209,300,ancova_p_value,,6.0,300.0,0.014877544674688336,0.0018975366299146,-0.03512245532531166,0.0,significant
0.3,degree,0.0468746316869209,300,ancova_p_value,,8.0,300.0,0.004992719858471545,0.0007118393968147,-0.04500728014152846,0.0,significant
0.3,degree,0.0468746316869209,300,ancova_p_value,,10.0,300.0,0.0017256705948826214,0.0002687385265439,-0.04827432940511738,0.0,significant
0.3,degree,0.0468746316869209,300,ancova_p_value,,15.0,300.0,0.00013201666015390175,2.4183909466994135e-05,-0.0498679833398461,0.0,significant
0.3,degree,0.0468746316869209,500,ancova_p_value,,0.5,500.0,0.47982953965954955,0.0291021030453361,0.42982953965954956,9.710391571052551e-101,non-significant
0.3,degree,0.0468746316869209,500,ancova_p_value,,1.0,500.0,0.3177942072606085,0.0226619114970133,0.2677942072606085,2.234011652920389e-68,non-significant
0.3,degree,0.0468746316869209,500,ancova_p_value,,2.0,500.0,0.15792157401181234,0.0137519955787729,0.10792157401181234,1.9246342834744013e-26,non-significant
0.3,degree,0.0468746316869209,500,ancova_p_value,,4.0,500.0,0.046040682769031456,0.0050792254397943,-0.003959317230968547,0.21367837050191818,significant
0.3,degree,0.0468746316869209,500,ancova_p_value,,6.0,500.0,0.01464790875937049,0.0018833992819684,-0.03535209124062951,0.0,significant
0.3,degree,0.0468746316869209,500,ancova_p_value,,8.0,500.0,0.004865533464805003,0.0007011112595608,-0.045134466535195,0.0,significant
0.3,degree,0.0468746316869209,500,ancova_p_value,,10.0,500.0,0.0016604995248597615,0.0002620099331665,-0.04833950047514024,0.0,significant
0.3,degree,0.0468746316869209,500,ancova_p_value,,15.0,500.0,0.0001217965039979378,2.2747621536332405e-05,-0.04987820349600206,0.0,significant
0.3,degree,0.0468746316869209,1000,ancova_p_value,,0.5,1000.0,0.4796648624377731,0.0291148343557817,0.42966486243777313,1.369907627966508e-100,non-significant
0.3,degree,0.0468746316869209,1000,ancova_p_value,,1.0,1000.0,0.31755241808467255,0.0226732396176369,0.26755241808467256,3.460859709243274e-68,non-significant
0.3,degree,0.0468746316869209,1000,ancova_p_value,,2.0,1000.0,0.1576104641334238,0.0137554476949268,0.1076104641334238,2.8660896108755727e-26,non-significant
0.3,degree,0.0468746316869209,1000,ancova_p_value,,4.0,1000.0,0.04577034649325166,0.0050704452228572,-0.0042296535067483446,0.19890358344974557,significant
0.3,degree,0.0468746316869209,1000,ancova_p_value,,6.0,1000.0,0.014476528145859816,0.0018727508630608,-0.03552347185414019,0.0,significant
0.3,degree,0.0468746316869209,1000,ancova_p_value,,8.0,1000.0,0.00477118583723039,0.0006930635126801,-0.04522881416276961,0.0,significant
0.3,degree,0.0468746316869209,1000,ancova_p_value,,10.0,1000.0,0.0016125523948250528,0.000256993286319,-0.04838744760517495,0.0,significant
0.3,degree,0.0468746316869209,1000,ancova_p_value,,15.0,1000.0,0.00011449967420285442,2.170277212688683e-05,-0.049885500325797145,0.0,significant
0.4,degree,0.0439159853319729,30,ancova_p_value,,0.5,30.0,0.4849569686830381,0.0268952867985849,0.4349569686830381,6.10321810948201e-120,non-significant
0.4,degree,0.0439159853319729,30,ancova_p_value,,1.0,30.0,0.3253086154260302,0.0209034242611175,0.2753086154260302,1.2933553347795842e-84,non-significant
0.4,degree,0.0439159853319729,30,ancova_p_value,,2.0,30.0,0.167594108019346,0.0127790634260749,0.11759410801934599,1.8988678399646344e-36,non-significant
0.4,degree,0.0439159853319729,30,ancova_p_value,,4.0,30.0,0.054625044962983094,0.004993447354124,0.004625044962983091,0.17802723778130028,non-significant
0.4,degree,0.0439159853319729,30,ancova_p_value,,6.0,30.0,0.0203613903722062,0.0020588984550942,-0.029638609627793803,0.0,significant
0.4,degree,0.0439159853319729,30,ancova_p_value,,8.0,30.0,0.008257335914631373,0.0008905902619216,-0.04174266408536863,0.0,significant
0.4,degree,0.0439159853319729,30,ancova_p_value,,10.0,30.0,0.0035685233088176825,0.0004021553253783,-0.04643147669118232,0.0,significant
0.4,degree,0.0439159853319729,30,ancova_p_value,,15.0,30.0,0.0005407062921313466,6.479324427171882e-05,-0.049459293707868654,0.0,significant
0.4,degree,0.0439159853319729,50,ancova_p_value,,0.5,50.0,0.48278284379668057,0.0270518103236967,0.4327828437966806,1.285534035420848e-117,non-significant
0.4,degree,0.0439159853319729,50,ancova_p_value,,1.0,50.0,0.32212564510024433,0.0210419984946694,0.27212564510024434,1.323033632814981e-81,non-significant
0.4,degree,0.0439159853319729,50,ancova_p_value,,2.0,50.0,0.16349617189550622,0.0128245227705432,0.11349617189550622,1.4828644271490505e-33,non-significant
0.4,degree,0.0439159853319729,50,ancova_p_value,,4.0,50.0,0.05094706873769324,0.0048987536515117,0.0009470687376932352,0.4348611170113034,non-significant
0.4,degree,0.0439159853319729,50,ancova_p_value,,6.0,50.0,0.01785224137520709,0.0019379018933692,-0.03214775862479291,0.0,significant
0.4,degree,0.0439159853319729,50,ancova_p_value,,8.0,50.0,0.006713432842279582,0.0007919771285987,-0.04328656715772042,0.0,significant
0.4,degree,0.0439159853319729,50,ancova_p_value,,10.0,50.0,0.0026605541904910716,0.0003336334534676,-0.04733944580950893,0.0,significant
0.4,degree,0.0439159853319729,50,ancova_p_value,,15.0,50.0,0.00031306556427201346,4.3334708675988974e-05,-0.04968693443572799,0.0,significant
0.4,degree,0.0439159853319729,75,ancova_p_value,,0.5,75.0,0.4816914470000123,0.0271305710153673,0.43169144700001233,1.8207037947523518e-116,non-significant
0.4,degree,0.0439159853319729,75,ancova_p_value,,1.0,75.0,0.3205260061237414,0.0211118644916913,0.2705260061237414,4.000002857080697e-80,non-significant
0.4,degree,0.0439159853319729,75,ancova_p_value,,2.0,75.0,0.16143714082856858,0.0128468170603715,0.11143714082856858,3.6632367966663226e-32,non-significant
0.4,degree,0.0439159853319729,75,ancova_p_value,,4.0,75.0,0.04912138289485513,0.0048485695231755,-0.0008786171051448702,0.4163246741556851,significant
0.4,degree,0.0439159853319729,75,ancova_p_value,,6.0,75.0,0.016639791628428848,0.0018750479528786,-0.03336020837157115,0.0,significant
0.4,degree,0.0439159853319729,75,ancova_p_value,,8.0,75.0,0.005996484169924953,0.0007421224779942,-0.04400351583007505,0.0,significant
0.4,degree,0.0439159853319729,75,ancova_p_value,,10.0,75.0,0.0022598459055359287,0.0003002782797494,-0.047740154094464075,0.0,significant
0.4,degree,0.0439159853319729,75,ancova_p_value,,15.0,75.0,0.0002280430925145892,3.421588185318041e-05,-0.04977195690748541,0.0,significant
0.4,degree,0.0439159853319729,100,ancova_p_value,,0.5,100.0,0.48114467698573943,0.0271700761750533,0.43114467698573944,6.810173993181279e-116,non-significant
0.4,degree,0.0439159853319729,100,ancova_p_value,,1.0,100.0,0.31972415578412333,0.0211469431959067,0.26972415578412334,2.1687085716021996e-79,non-significant
0.4,degree,0.0439159853319729,100,ancova_p_value,,2.0,100.0,0.16040513148560548,0.012857848394928,0.11040513148560548,1.7658255337309983e-31,non-significant
0.4,degree,0.0439159853319729,100,ancova_p_value,,4.0,100.0,0.04821217873113365,0.0048227343471195,-0.0017878212688663547,0.3453552211926627,significant
0.4,degree,0.0439159853319729,100,ancova_p_value,,6.0,100.0,0.016044679166962617,0.0018430231011159,-0.033955320833037386,0.0,significant
0.4,degree,0.0439159853319729,100,ancova_p_value,,8.0,100.0,0.005652215916228005,0.0007170960373927,-0.044347784083772,0.0,significant
0.4,degree,0.0439159853319729,100,ancova_p_value,,10.0,100.0,0.00207287258086666,0.0002838875679426,-0.047927127419133346,0.0,significant
0.4,degree,0.0439159853319729,100,ancova_p_value,,15.0,100.0,0.0001920508540141487,3.007710534062979e-05,-0.04980794914598585,0.0,significant
0.4,degree,0.0439159853319729,300,ancova_p_value,,0.5,300.0,0.4800490110787622,0.0272493362337202,0.4300490110787622,9.411704546123836e-115,non-significant
0.4,degree,0.0439159853319729,300,ancova_p_value,,1.0,300.0,0.31811640443062633,0.0212173934486656,0.26811640443062634,6.198471344031873e-78,non-significant
0.4,degree,0.0439159853319729,300,ancova_p_value,,2.0,300.0,0.15833615787546532,0.0128796689895403,0.10833615787546531,3.860501635472291e-30,non-significant
0.4,degree,0.0439159853319729,300,ancova_p_value,,4.0,300.0,0.0464015209831491,0.0047695266923642,-0.0035984790168509043,0.22098749787202743,significant
0.4,degree,0.0439159853319729,300,ancova_p_value,,6.0,300.0,0.014877544674688336,0.0017777673723986,-0.03512245532531166,0.0,significant
0.4,degree,0.0439159853319729,300,ancova_p_value,,8.0,300.0,0.004992719858471545,0.0006669093150007,-0.04500728014152846,0.0,significant
0.4,degree,0.0439159853319729,300,ancova_p_value,,10.0,300.0,0.0017256705948826214,0.0002517762116759,-0.04827432940511738,0.0,significant
0.4,degree,0.0439159853319729,300,ancova_p_value,,15.0,300.0,0.00013201666015390175,2.265746258052443e-05,-0.0498679833398461,0.0,significant
0.4,degree,0.0439159853319729,500,ancova_p_value,,0.5,500.0,0.47982953965954955,0.0272652282156523,0.42982953965954956,1.5882425582873494e-114,non-significant
0.4,degree,0.0439159853319729,500,ancova_p_value,,1.0,500.0,0.3177942072606085,0.0212315305119505,0.2677942072606085,1.2065647608914817e-77,non-significant
0.4,degree,0.0439159853319729,500,ancova_p_value,,2.0,500.0,0.15792157401181234,0.012883993204607,0.10792157401181234,7.085363023648328e-30,non-significant
0.4,degree,0.0439159853319729,500,ancova_p_value,,4.0,500.0,0.046040682769031456,0.0047586334416794,-0.003959317230968547,0.1996986523836719,significant
0.4,degree,0.0439159853319729,500,ancova_p_value,,6.0,500.0,0.01464790875937049,0.0017645223496071,-0.03535209124062951,0.0,significant
0.4,degree,0.0439159853319729,500,ancova_p_value,,8.0,500.0,0.004865533464805003,0.0006568583193699,-0.045134466535195,0.0,significant
0.4,degree,0.0439159853319729,500,ancova_p_value,,10.0,500.0,0.0016604995248597615,0.000245472315572,-0.04833950047514024,0.0,significant
0.4,degree,0.0439159853319729,500,ancova_p_value,,15.0,500.0,0.0001217965039979378,2.1311830680593572e-05,-0.04987820349600206,0.0,significant
0.4,degree,0.0439159853319729,1000,ancova_p_value,,0.5,1000.0,0.4796648624377731,0.0272771559476186,0.42966486243777313,2.3505330677291453e-114,non-significant
0.4,degree,0.0439159853319729,1000,ancova_p_value,,1.0,1000.0,0.31755241808467255,0.0212421436210299,0.26755241808467256,1.9864318337305556e-77,non-significant
0.4,degree,0.0439159853319729,1000,ancova_p_value,,2.0,1000.0,0.1576104641334238,0.0128872274291102,0.1076104641334238,1.1148850877273167e-29,non-significant
0.4,degree,0.0439159853319729,1000,ancova_p_value,,4.0,1000.0,0.04577034649325166,0.0047504074169761,-0.0042296535067483446,0.18459402013635617,significant
0.4,degree,0.0439159853319729,1000,ancova_p_value,,6.0,1000.0,0.014476528145859816,0.0017545460406373,-0.03552347185414019,0.0,significant
0.4,degree,0.0439159853319729,1000,ancova_p_value,,8.0,1000.0,0.00477118583723039,0.0006493185324692,-0.04522881416276961,0.0,significant
0.4,degree,0.0439159853319729,1000,ancova_p_value,,10.0,1000.0,0.0016125523948250528,0.0002407723108692,-0.04838744760517495,0.0,significant
0.4,degree,0.0439159853319729,1000,ancova_p_value,,15.0,1000.0,0.00011449967420285442,2.0332930373796383e-05,-0.049885500325797145,0.0,significant
0.5,degree,0.0427972110693432,30,ancova_p_value,,0.5,30.0,0.4849569686830381,0.0262101204649858,0.4349569686830381,3.3660121802269226e-126,non-significant
0.5,degree,0.0427972110693432,30,ancova_p_value,,1.0,30.0,0.3253086154260302,0.0203709026089814,0.2753086154260302,5.358729742520325e-89,non-significant
0.5,degree,0.0427972110693432,30,ancova_p_value,,2.0,30.0,0.167594108019346,0.0124535125553947,0.11759410801934599,2.789327661356151e-38,non-significant
0.5,degree,0.0427972110693432,30,ancova_p_value,,4.0,30.0,0.054625044962983094,0.0048662376299345,0.004625044962983091,0.1714256451017051,non-significant
0.5,degree,0.0427972110693432,30,ancova_p_value,,6.0,30.0,0.0203613903722062,0.0020064473354503,-0.029638609627793803,0.0,significant
0.5,degree,0.0427972110693432,30,ancova_p_value,,8.0,30.0,0.008257335914631373,0.0008679021802116,-0.04174266408536863,0.0,significant
0.5,degree,0.0427972110693432,30,ancova_p_value,,10.0,30.0,0.0035685233088176825,0.0003919102853499,-0.04643147669118232,0.0,significant
0.5,degree,0.0427972110693432,30,ancova_p_value,,15.0,30.0,0.0005407062921313466,6.314261492717573e-05,-0.049459293707868654,0.0,significant
0.5,degree,0.0427972110693432,50,ancova_p_value,,0.5,50.0,0.48278284379668057,0.0263626565014857,0.4327828437966806,9.410304272365568e-124,non-significant
0.5,degree,0.0427972110693432,50,ancova_p_value,,1.0,50.0,0.32212564510024433,0.0205059466180651,0.27212564510024434,7.908223156947988e-86,non-significant
0.5,degree,0.0427972110693432,50,ancova_p_value,,2.0,50.0,0.16349617189550622,0.0124978138080154,0.11349617189550622,3.094294900835935e-35,non-significant
0.5,degree,0.0427972110693432,50,ancova_p_value,,4.0,50.0,0.05094706873769324,0.0047739562807401,0.0009470687376932352,0.4325554084861673,non-significant
0.5,degree,0.0427972110693432,50,ancova_p_value,,6.0,50.0,0.01785224137520709,0.0018885332011854,-0.03214775862479291,0.0,significant
0.5,degree,0.0427972110693432,50,ancova_p_value,,8.0,50.0,0.006713432842279582,0.0007718012491013,-0.04328656715772042,0.0,significant
0.5,degree,0.0427972110693432,50,ancova_p_value,,10.0,50.0,0.0026605541904910716,0.000325134030807,-0.04733944580950893,0.0,significant
0.5,degree,0.0427972110693432,50,ancova_p_value,,15.0,50.0,0.00031306556427201346,4.2230742628574446e-05,-0.04968693443572799,0.0,significant
0.5,degree,0.0427972110693432,75,ancova_p_value,,0.5,75.0,0.4816914470000123,0.026439410738466,0.43169144700001233,1.5334823732967561e-122,non-significant
0.5,degree,0.0427972110693432,75,ancova_p_value,,1.0,75.0,0.3205260061237414,0.0205740327556871,0.2705260061237414,2.863214961444134e-84,non-significant
0.5,degree,0.0427972110693432,75,ancova_p_value,,2.0,75.0,0.16143714082856858,0.0125195401434309,0.11143714082856858,9.051177261399273e-34,non-significant
0.5,degree,0.0427972110693432,75,ancova_p_value,,4.0,75.0,0.04912138289485513,0.0047250506096843,-0.0008786171051448702,0.4147970303862367,significant
0.5,degree,0.0427972110693432,75,ancova_p_value,,6.0,75.0,0.016639791628428848,0.0018272804856336,-0.03336020837157115,0.0,significant
0.5,degree,0.0427972110693432,75,ancova_p_value,,8.0,75.0,0.005996484169924953,0.000723216662223,-0.04400351583007505,0.0,significant
0.5,degree,0.0427972110693432,75,ancova_p_value,,10.0,75.0,0.0022598459055359287,0.0002926285911799,-0.047740154094464075,0.0,significant
0.5,degree,0.0427972110693432,75,ancova_p_value,,15.0,75.0,0.0002280430925145892,3.3344220937430736e-05,-0.04977195690748541,0.0,significant
0.5,degree,0.0427972110693432,100,ancova_p_value,,0.5,100.0,0.48114467698573943,0.0264779094911327,0.43114467698573944,6.150585402300684e-122,non-significant
0.5,degree,0.0427972110693432,100,ancova_p_value,,1.0,100.0,0.31972415578412333,0.0206082178183014,0.26972415578412334,1.6975158656322493e-83,non-significant
0.5,degree,0.0427972110693432,100,ancova_p_value,,2.0,100.0,0.16040513148560548,0.0125302904510882,0.11040513148560548,4.739911547401933e-33,non-significant
0.5,degree,0.0427972110693432,100,ancova_p_value,,4.0,100.0,0.04821217873113365,0.0046998735932898,-0.0017878212688663547,0.342125632864981,significant
0.5,degree,0.0427972110693432,100,ancova_p_value,,6.0,100.0,0.016044679166962617,0.0017960714775698,-0.033955320833037386,0.0,significant
0.5,degree,0.0427972110693432,100,ancova_p_value,,8.0,100.0,0.005652215916228005,0.0006988277784796,-0.044347784083772,0.0,significant
0.5,degree,0.0427972110693432,100,ancova_p_value,,10.0,100.0,0.00207287258086666,0.0002766554381818,-0.047927127419133346,0.0,significant
0.5,degree,0.0427972110693432,100,ancova_p_value,,15.0,100.0,0.0001920508540141487,2.931088112648241e-05,-0.04980794914598585,0.0,significant
0.5,degree,0.0427972110693432,300,ancova_p_value,,0.5,300.0,0.4800490110787622,0.0265551503735698,0.4300490110787622,9.76745954458049e-121,non-significant
0.5,degree,0.0427972110693432,300,ancova_p_value,,1.0,300.0,0.31811640443062633,0.0206768733275521,0.26811640443062634,5.792793815457161e-82,non-significant
0.5,degree,0.0427972110693432,300,ancova_p_value,,2.0,300.0,0.15833615787546532,0.0125515551588301,0.10833615787546531,1.219052602252765e-31,non-significant
0.5,degree,0.0427972110693432,300,ancova_p_value,,4.0,300.0,0.0464015209831491,0.0046480214211513,-0.0035984790168509043,0.21555257079930557,significant
0.5,degree,0.0427972110693432,300,ancova_p_value,,6.0,300.0,0.014877544674688336,0.0017324781601415,-0.03512245532531166,0.0,significant
0.5,degree,0.0427972110693432,300,ancova_p_value,,8.0,300.0,0.004992719858471545,0.0006499195794524,-0.04500728014152846,0.0,significant
0.5,degree,0.0427972110693432,300,ancova_p_value,,10.0,300.0,0.0017256705948826214,0.000245362129345,-0.04827432940511738,0.0,significant
0.5,degree,0.0427972110693432,300,ancova_p_value,,15.0,300.0,0.00013201666015390175,2.208025622161049e-05,-0.0498679833398461,0.0,significant
0.5,degree,0.0427972110693432,500,ancova_p_value,,0.5,500.0,0.47982953965954955,0.0265706375020018,0.42982953965954956,1.694556061652116e-120,non-significant
0.5,degree,0.0427972110693432,500,ancova_p_value,,1.0,500.0,0.3177942072606085,0.0206906502444705,0.2677942072606085,1.168015986898363e-81,non-significant
0.5,degree,0.0427972110693432,500,ancova_p_value,,2.0,500.0,0.15792157401181234,0.0125557692130866,0.10792157401181234,2.3100822635510055e-31,non-significant
0.5,degree,0.0427972110693432,500,ancova_p_value,,4.0,500.0,0.046040682769031456,0.0046374056796334,-0.003959317230968547,0.19405212710149622,significant
0.5,degree,0.0427972110693432,500,ancova_p_value,,6.0,500.0,0.01464790875937049,0.0017195705586897,-0.03535209124062951,0.0,significant
0.5,degree,0.0427972110693432,500,ancova_p_value,,8.0,500.0,0.004865533464805003,0.0006401246362623,-0.045134466535195,0.0,significant
0.5,degree,0.0427972110693432,500,ancova_p_value,,10.0,500.0,0.0016604995248597615,0.0002392188270809,-0.04833950047514024,0.0,significant
0.5,degree,0.0427972110693432,500,ancova_p_value,,15.0,500.0,0.0001217965039979378,2.0768904739737794e-05,-0.04987820349600206,0.0,significant
0.5,degree,0.0427972110693432,1000,ancova_p_value,,0.5,1000.0,0.4796648624377731,0.0265822613710483,0.42966486243777313,2.56044177240434e-120,non-significant
0.5,degree,0.0427972110693432,1000,ancova_p_value,,1.0,1000.0,0.31755241808467255,0.020700992981083,0.26755241808467256,1.9743320542485164e-81,non-significant
0.5,degree,0.0427972110693432,1000,ancova_p_value,,2.0,1000.0,0.1576104641334238,0.01255892104465,0.1076104641334238,3.722728948393517e-31,non-significant
0.5,degree,0.0427972110693432,1000,ancova_p_value,,4.0,1000.0,0.04577034649325166,0.0046293892156322,-0.0042296535067483446,0.17883927324758253,significant
0.5,degree,0.0427972110693432,1000,ancova_p_value,,6.0,1000.0,0.014476528145859816,0.001709848399493,-0.03552347185414019,0.0,significant
0.5,degree,0.0427972110693432,1000,ancova_p_value,,8.0,1000.0,0.00477118583723039,0.0006327769279285,-0.04522881416276961,0.0,significant
0.5,degree,0.0427972110693432,1000,ancova_p_value,,10.0,1000.0,0.0016125523948250528,0.0002346385565536,-0.04838744760517495,0.0,significant
0.5,degree,0.0427972110693432,1000,ancova_p_value,,15.0,1000.0,0.00011449967420285442,1.981494224227464e-05,-0.049885500325797145,0.0,significant
0.05,eigenvec,0.1691496371041488,30,ancova_p_value,,0.5,30.0,0.4849569686830381,0.1035916185735794,0.4349569686830381,2.3396612940693625e-09,non-significant
0.05,eigenvec,0.1691496371041488,30,ancova_p_value,,1.0,30.0,0.3253086154260302,0.0805129749742369,0.2753086154260302,4.6055807152273154e-07,non-significant
0.05,eigenvec,0.1691496371041488,30,ancova_p_value,,2.0,30.0,0.167594108019346,0.0492206636082864,0.11759410801934599,0.0008378805199736684,non-significant
0.05,eigenvec,0.1691496371041488,30,ancova_p_value,,4.0,30.0,0.054625044962983094,0.0192330833855574,0.004625044962983091,0.4467926175162052,non-significant
0.05,eigenvec,0.1691496371041488,30,ancova_p_value,,6.0,30.0,0.0203613903722062,0.0079301858737967,-0.029638609627793803,0.0022080121223645444,significant
0.05,eigenvec,0.1691496371041488,30,ancova_p_value,,8.0,30.0,0.008257335914631373,0.0034302548029785,-0.04174266408536863,1.2894252332529277e-10,significant
0.05,eigenvec,0.1691496371041488,30,ancova_p_value,,10.0,30.0,0.0035685233088176825,0.001548967348291,-0.04643147669118232,0.0,significant
0.05,eigenvec,0.1691496371041488,30,ancova_p_value,,15.0,30.0,0.0005407062921313466,0.0002495618320416,-0.049459293707868654,0.0,significant
0.05,eigenvec,0.1691496371041488,50,ancova_p_value,,0.5,50.0,0.48278284379668057,0.104194494662338,0.4327828437966806,3.36962274076993e-09,non-significant
0.05,eigenvec,0.1691496371041488,50,ancova_p_value,,1.0,50.0,0.32212564510024433,0.0810467164157668,0.27212564510024434,7.420781003460854e-07,non-significant
0.05,eigenvec,0.1691496371041488,50,ancova_p_value,,2.0,50.0,0.16349617189550622,0.0493957577468255,0.11349617189550622,0.001348513677767316,non-significant
0.05,eigenvec,0.1691496371041488,50,ancova_p_value,,4.0,50.0,0.05094706873769324,0.018868355022711,0.0009470687376932352,0.5269722602767631,non-significant
0.05,eigenvec,0.1691496371041488,50,ancova_p_value,,6.0,50.0,0.01785224137520709,0.0074641477250018,-0.03214775862479291,0.000914172273956182,significant
0.05,eigenvec,0.1691496371041488,50,ancova_p_value,,8.0,50.0,0.006713432842279582,0.0030504301084126,-0.04328656715772042,7.268408097615975e-12,significant
0.05,eigenvec,0.1691496371041488,50,ancova_p_value,,10.0,50.0,0.0026605541904910716,0.0012850440939274,-0.04733944580950893,0.0,significant
0.05,eigenvec,0.1691496371041488,50,ancova_p_value,,15.0,50.0,0.00031306556427201346,0.0001669107545042,-0.04968693443572799,0.0,significant
0.05,eigenvec,0.1691496371041488,75,ancova_p_value,,0.5,75.0,0.4816914470000123,0.1044978544142247,0.43169144700001233,4.037270727561909e-09,non-significant
0.05,eigenvec,0.1691496371041488,75,ancova_p_value,,1.0,75.0,0.3205260061237414,0.0813158167889645,0.2705260061237414,9.384617376398509e-07,non-significant
0.05,eigenvec,0.1691496371041488,75,ancova_p_value,,2.0,75.0,0.16143714082856858,0.0494816278691841,0.11143714082856858,0.0016971922634729064,non-significant
0.05,eigenvec,0.1691496371041488,75,ancova_p_value,,4.0,75.0,0.04912138289485513,0.0186750626023703,-0.0008786171051448702,0.4335010341397727,significant
0.05,eigenvec,0.1691496371041488,75,ancova_p_value,,6.0,75.0,0.016639791628428848,0.007222055440286,-0.03336020837157115,0.0005732056207851111,significant
0.05,eigenvec,0.1691496371041488,75,ancova_p_value,,8.0,75.0,0.005996484169924953,0.0028584067257207,-0.04400351583007505,1.4980239271267237e-12,significant
0.05,eigenvec,0.1691496371041488,75,ancova_p_value,,10.0,75.0,0.0022598459055359287,0.0011565711589054,-0.047740154094464075,0.0,significant
0.05,eigenvec,0.1691496371041488,75,ancova_p_value,,15.0,75.0,0.0002280430925145892,0.0001317880939005,-0.04977195690748541,0.0,significant
0.05,eigenvec,0.1691496371041488,100,ancova_p_value,,0.5,100.0,0.48114467698573943,0.1046500150312326,0.43114467698573944,4.417370236887796e-09,non-significant
0.05,eigenvec,0.1691496371041488,100,ancova_p_value,,1.0,100.0,0.31972415578412333,0.0814509281850371,0.26972415578412334,1.0543786550918726e-06,non-significant
0.05,eigenvec,0.1691496371041488,100,ancova_p_value,,2.0,100.0,0.16040513148560548,0.0495241168677322,0.11040513148560548,0.001900248224956407,non-significant
0.05,eigenvec,0.1691496371041488,100,ancova_p_value,,4.0,100.0,0.04821217873113365,0.0185755541745994,-0.0017878212688663547,0.4140506479939331,significant
0.05,eigenvec,0.1691496371041488,100,ancova_p_value,,6.0,100.0,0.016044679166962617,0.0070987064589748,-0.033955320833037386,0.0004508695301799204,significant
0.05,eigenvec,0.1691496371041488,100,ancova_p_value,,8.0,100.0,0.005652215916228005,0.0027620132755055,-0.044347784083772,6.524780715722045e-13,significant
0.05,eigenvec,0.1691496371041488,100,ancova_p_value,,10.0,100.0,0.00207287258086666,0.0010934396378195,-0.047927127419133346,0.0,significant
0.05,eigenvec,0.1691496371041488,100,ancova_p_value,,15.0,100.0,0.0001920508540141487,0.0001158469157654,-0.04980794914598585,0.0,significant
0.05,eigenvec,0.1691496371041488,300,ancova_p_value,,0.5,300.0,0.4800490110787622,0.1049552981771989,0.4300490110787622,5.283969128952033e-09,non-significant
0.05,eigenvec,0.1691496371041488,300,ancova_p_value,,1.0,300.0,0.31811640443062633,0.081722278915255,0.26811640443062634,1.328466358031894e-06,non-significant
0.05,eigenvec,0.1691496371041488,300,ancova_p_value,,2.0,300.0,0.15833615787546532,0.0496081624750929,0.10833615787546531,0.0023728034070953233,non-significant
0.05,eigenvec,0.1691496371041488,300,ancova_p_value,,4.0,300.0,0.0464015209831491,0.0183706161452012,-0.0035984790168509043,0.3760012452275261,significant
0.05,eigenvec,0.1691496371041488,300,ancova_p_value,,6.0,300.0,0.014877544674688336,0.0068473632920608,-0.03512245532531166,0.00027514198022349223,significant
0.05,eigenvec,0.1691496371041488,300,ancova_p_value,,8.0,300.0,0.004992719858471545,0.0025687108637323,-0.04500728014152846,1.1268763699945339e-13,significant
0.05,eigenvec,0.1691496371041488,300,ancova_p_value,,10.0,300.0,0.0017256705948826214,0.0009697574701903,-0.04827432940511738,0.0,significant
0.05,eigenvec,0.1691496371041488,300,ancova_p_value,,15.0,300.0,0.00013201666015390175,8.726894191774623e-05,-0.0498679833398461,0.0,significant
0.05,eigenvec,0.1691496371041488,500,ancova_p_value,,0.5,500.0,0.47982953965954955,0.1050165087581834,0.42982953965954956,5.475989874308049e-09,non-significant
0.05,eigenvec,0.1691496371041488,500,ancova_p_value,,1.0,500.0,0.3177942072606085,0.081776730138569,0.2677942072606085,1.3908889730739064e-06,non-significant
0.05,eigenvec,0.1691496371041488,500,ancova_p_value,,2.0,500.0,0.15792157401181234,0.0496248179003045,0.10792157401181234,0.0024790198429774186,non-significant
0.05,eigenvec,0.1691496371041488,500,ancova_p_value,,4.0,500.0,0.046040682769031456,0.0183286589993856,-0.003959317230968547,0.3685503366800569,significant
0.05,eigenvec,0.1691496371041488,500,ancova_p_value,,6.0,500.0,0.01464790875937049,0.0067963479093548,-0.03535209124062951,0.00024870237950347374,significant
0.05,eigenvec,0.1691496371041488,500,ancova_p_value,,8.0,500.0,0.004865533464805003,0.0025299978017202,-0.045134466535195,7.80486786311485e-14,significant
0.05,eigenvec,0.1691496371041488,500,ancova_p_value,,10.0,500.0,0.0016604995248597615,0.0009454769780127,-0.04833950047514024,0.0,significant
0.05,eigenvec,0.1691496371041488,500,ancova_p_value,,15.0,500.0,0.0001217965039979378,8.208601943909795e-05,-0.04987820349600206,0.0,significant
0.05,eigenvec,0.1691496371041488,1000,ancova_p_value,,0.5,1000.0,0.4796648624377731,0.1050624503787194,0.42966486243777313,5.624409656408794e-09,non-significant
0.05,eigenvec,0.1691496371041488,1000,ancova_p_value,,1.0,1000.0,0.31755241808467255,0.0818176082729372,0.26755241808467256,1.4395299790459917e-06,non-significant
0.05,eigenvec,0.1691496371041488,1000,ancova_p_value,,2.0,1000.0,0.1576104641334238,0.049637275047671,0.1076104641334238,0.002561441103373937,non-significant
0.05,eigenvec,0.1691496371041488,1000,ancova_p_value,,4.0,1000.0,0.04577034649325166,0.0182969751129176,-0.0042296535067483446,0.36300064558778466,significant
0.05,eigenvec,0.1691496371041488,1000,ancova_p_value,,6.0,1000.0,0.014476528145859816,0.0067579225152954,-0.03552347185414019,0.0002304379514240784,significant
0.05,eigenvec,0.1691496371041488,1000,ancova_p_value,,8.0,1000.0,0.00477118583723039,0.0025009570729637,-0.04522881416276961,5.895284260759581e-14,significant
0.05,eigenvec,0.1691496371041488,1000,ancova_p_value,,10.0,1000.0,0.0016125523948250528,0.0009273741372393,-0.04838744760517495,0.0,significant
0.05,eigenvec,0.1691496371041488,1000,ancova_p_value,,15.0,1000.0,0.00011449967420285442,7.831562398049179e-05,-0.049885500325797145,0.0,significant
0.1,eigenvec,0.109858656964734,30,ancova_p_value,,0.5,30.0,0.4849569686830381,0.0672802867575132,0.4349569686830381,1.9225112293263875e-20,non-significant
0.1,eigenvec,0.109858656964734,30,ancova_p_value,,1.0,30.0,0.3253086154260302,0.0522912579082794,0.2753086154260302,7.125761782574001e-15,non-significant
0.1,eigenvec,0.109858656964734,30,ancova_p_value,,2.0,30.0,0.167594108019346,0.0319676476491044,0.11759410801934599,3.705987362404536e-07,non-significant
0.1,eigenvec,0.109858656964734,30,ancova_p_value,,4.0,30.0,0.054625044962983094,0.0124914291641495,0.004625044962983091,0.3793292217753305,non-significant
0.1,eigenvec,0.109858656964734,30,ancova_p_value,,6.0,30.0,0.0203613903722062,0.0051504666784452,-0.029638609627793803,9.150713707106739e-06,significant
0.1,eigenvec,0.109858656964734,30,ancova_p_value,,8.0,30.0,0.008257335914631373,0.0022278687211727,-0.04174266408536863,0.0,significant
0.1,eigenvec,0.109858656964734,30,ancova_p_value,,10.0,30.0,0.0035685233088176825,0.0010060173671002,-0.04643147669118232,0.0,significant
0.1,eigenvec,0.109858656964734,30,ancova_p_value,,15.0,30.0,0.0005407062921313466,0.0001620844606416,-0.049459293707868654,0.0,significant
0.1,eigenvec,0.109858656964734,50,ancova_p_value,,0.5,50.0,0.48278284379668057,0.0676718404052836,0.4327828437966806,4.537444189611528e-20,non-significant
0.1,eigenvec,0.109858656964734,50,ancova_p_value,,1.0,50.0,0.32212564510024433,0.0526379102507658,0.27212564510024434,2.176590022661824e-14,non-significant
0.1,eigenvec,0.109858656964734,50,ancova_p_value,,2.0,50.0,0.16349617189550622,0.032081367118041,0.11349617189550622,1.1026855064905985e-06,non-significant
0.1,eigenvec,0.109858656964734,50,ancova_p_value,,4.0,50.0,0.05094706873769324,0.012254546787189,0.0009470687376932352,0.499469473486542,non-significant
0.1,eigenvec,0.109858656964734,50,ancova_p_value,,6.0,50.0,0.01785224137520709,0.0048477860106207,-0.03214775862479291,1.3350881301610329e-06,significant
0.1,eigenvec,0.109858656964734,50,ancova_p_value,,8.0,50.0,0.006713432842279582,0.0019811816366396,-0.04328656715772042,0.0,significant
0.1,eigenvec,0.109858656964734,50,ancova_p_value,,10.0,50.0,0.0026605541904910716,0.0008346055050204,-0.04733944580950893,0.0,significant
0.1,eigenvec,0.109858656964734,50,ancova_p_value,,15.0,50.0,0.00031306556427201346,0.0001084045560885,-0.04968693443572799,0.0,significant
0.1,eigenvec,0.109858656964734,75,ancova_p_value,,0.5,75.0,0.4816914470000123,0.0678688653323836,0.43169144700001233,6.943757027640771e-20,non-significant
0.1,eigenvec,0.109858656964734,75,ancova_p_value,,1.0,75.0,0.3205260061237414,0.0528126845281118,0.2705260061237414,3.7702925755002853e-14,non-significant
0.1,eigenvec,0.109858656964734,75,ancova_p_value,,2.0,75.0,0.16143714082856858,0.0321371377154671,0.11143714082856858,1.8656597854605825e-06,non-significant
0.1,eigenvec,0.109858656964734,75,ancova_p_value,,4.0,75.0,0.04912138289485513,0.0121290079680485,-0.0008786171051448702,0.4403551323154269,significant
0.1,eigenvec,0.109858656964734,75,ancova_p_value,,6.0,75.0,0.016639791628428848,0.0046905528429018,-0.03336020837157115,4.80141531200573e-07,significant
0.1,eigenvec,0.109858656964734,75,ancova_p_value,,8.0,75.0,0.005996484169924953,0.0018564670271997,-0.04400351583007505,0.0,significant
0.1,eigenvec,0.109858656964734,75,ancova_p_value,,10.0,75.0,0.0022598459055359287,0.0007511653963718,-0.047740154094464075,0.0,significant
0.1,eigenvec,0.109858656964734,75,ancova_p_value,,15.0,75.0,0.0002280430925145892,8.55932253105511e-05,-0.04977195690748541,0.0,significant
0.1,eigenvec,0.109858656964734,100,ancova_p_value,,0.5,100.0,0.48114467698573943,0.0679676900257946,0.43114467698573944,8.58149542879365e-20,non-significant
0.1,eigenvec,0.109858656964734,100,ancova_p_value,,1.0,100.0,0.31972415578412333,0.0529004361589594,0.26972415578412334,4.951156857458892e-14,non-significant
0.1,eigenvec,0.109858656964734,100,ancova_p_value,,2.0,100.0,0.16040513148560548,0.0321647333071349,0.11040513148560548,2.415124911419265e-06,non-significant
0.1,eigenvec,0.109858656964734,100,ancova_p_value,,4.0,100.0,0.04821217873113365,0.0120643796163787,-0.0017878212688663547,0.4108475620828569,significant
0.1,eigenvec,0.109858656964734,100,ancova_p_value,,6.0,100.0,0.016044679166962617,0.0046104406200392,-0.033955320833037386,2.8352620817795327e-07,significant
0.1,eigenvec,0.109858656964734,100,ancova_p_value,,8.0,100.0,0.005652215916228005,0.0017938617791947,-0.044347784083772,0.0,significant
0.1,eigenvec,0.109858656964734,100,ancova_p_value,,10.0,100.0,0.00207287258086666,0.00071016297841,-0.047927127419133346,0.0,significant
0.1,eigenvec,0.109858656964734,100,ancova_p_value,,15.0,100.0,0.0001920508540141487,7.523981013134146e-05,-0.04980794914598585,0.0,significant
0.1,eigenvec,0.109858656964734,300,ancova_p_value,,0.5,300.0,0.4800490110787622,0.0681659641514978,0.4300490110787622,1.3081334096675038e-19,non-significant
0.1,eigenvec,0.109858656964734,300,ancova_p_value,,1.0,300.0,0.31811640443062633,0.053076671989544,0.26811640443062634,8.500342743200989e-14,non-significant
0.1,eigenvec,0.109858656964734,300,ancova_p_value,,2.0,300.0,0.15833615787546532,0.0322193189255642,0.10833615787546531,4.008757730585766e-06,non-significant
0.1,eigenvec,0.109858656964734,300,ancova_p_value,,4.0,300.0,0.0464015209831491,0.0119312772517734,-0.0035984790168509043,0.35378104685612755,significant
0.1,eigenvec,0.109858656964734,300,ancova_p_value,,6.0,300.0,0.014877544674688336,0.0044471992248629,-0.03512245532531166,9.578744275540174e-08,significant
0.1,eigenvec,0.109858656964734,300,ancova_p_value,,8.0,300.0,0.004992719858471545,0.0016683164708571,-0.04500728014152846,0.0,significant
0.1,eigenvec,0.109858656964734,300,ancova_p_value,,10.0,300.0,0.0017256705948826214,0.0006298343589766,-0.04827432940511738,0.0,significant
0.1,eigenvec,0.109858656964734,300,ancova_p_value,,15.0,300.0,0.00013201666015390175,5.667909738354282e-05,-0.0498679833398461,0.0,significant
0.1,eigenvec,0.109858656964734,500,ancova_p_value,,0.5,500.0,0.47982953965954955,0.0682057189646568,0.42982953965954956,1.4227678067059387e-19,non-significant
0.1,eigenvec,0.109858656964734,500,ancova_p_value,,1.0,500.0,0.3177942072606085,0.0531120367610314,0.2677942072606085,9.463967047668456e-14,non-significant
0.1,eigenvec,0.109858656964734,500,ancova_p_value,,2.0,500.0,0.15792157401181234,0.0322301362271928,0.10792157401181234,4.429587656488201e-06,non-significant
0.1,eigenvec,0.109858656964734,500,ancova_p_value,,4.0,500.0,0.046040682769031456,0.0119040270857767,-0.003959317230968547,0.34275663000500733,significant
0.1,eigenvec,0.109858656964734,500,ancova_p_value,,6.0,500.0,0.01464790875937049,0.0044140659499439,-0.03535209124062951,7.670302515361271e-08,significant
0.1,eigenvec,0.109858656964734,500,ancova_p_value,,8.0,500.0,0.004865533464805003,0.0016431732599555,-0.045134466535195,0.0,significant
0.1,eigenvec,0.109858656964734,500,ancova_p_value,,10.0,500.0,0.0016604995248597615,0.0006140647581265,-0.04833950047514024,0.0,significant
0.1,eigenvec,0.109858656964734,500,ancova_p_value,,15.0,500.0,0.0001217965039979378,5.331291278862084e-05,-0.04987820349600206,0.0,significant
0.1,eigenvec,0.109858656964734,1000,ancova_p_value,,0.5,1000.0,0.4796648624377731,0.0682355569519991,0.42966486243777313,1.515185429900429e-19,non-significant
0.1,eigenvec,0.109858656964734,1000,ancova_p_value,,1.0,1000.0,0.31755241808467255,0.0531385861348155,0.26755241808467256,1.0256122773908533e-13,non-significant
0.1,eigenvec,0.109858656964734,1000,ancova_p_value,,2.0,1000.0,0.1576104641334238,0.0322382268474431,0.1076104641334238,4.7723728198839145e-06,non-significant
0.1,eigenvec,0.109858656964734,1000,ancova_p_value,,4.0,1000.0,0.04577034649325166,0.0118834491568234,-0.0042296535067483446,0.3345855437650309,significant
0.1,eigenvec,0.109858656964734,1000,ancova_p_value,,6.0,1000.0,0.014476528145859816,0.0043891095725199,-0.03552347185414019,6.485483672324932e-08,significant
0.1,eigenvec,0.109858656964734,1000,ancova_p_value,,8.0,1000.0,0.00477118583723039,0.0016243119989259,-0.04522881416276961,0.0,significant
0.1,eigenvec,0.109858656964734,1000,ancova_p_value,,10.0,1000.0,0.0016125523948250528,0.0006023073945953,-0.04838744760517495,0.0,significant
0.1,eigenvec,0.109858656964734,1000,ancova_p_value,,15.0,1000.0,0.00011449967420285442,5.086413082018323e-05,-0.049885500325797145,0.0,significant
0.2,eigenvec,0.0834215094528374,30,ancova_p_value,,0.5,30.0,0.4849569686830381,0.0510894929248336,0.4349569686830381,2.1134569310573985e-34,non-significant
0.2,eigenvec,0.0834215094528374,30,ancova_p_value,,1.0,30.0,0.3253086154260302,0.0397075277126008,0.2753086154260302,1.1225040887061378e-24,non-significant
0.2,eigenvec,0.0834215094528374,30,ancova_p_value,,2.0,30.0,0.167594108019346,0.0242747316800059,0.11759410801934599,2.614553776435959e-11,non-significant
0.2,eigenvec,0.0834215094528374,30,ancova_p_value,,4.0,30.0,0.054625044962983094,0.0094854052005302,0.004625044962983091,0.3279434938322252,non-significant
0.2,eigenvec,0.0834215094528374,30,ancova_p_value,,6.0,30.0,0.0203613903722062,0.003911022732058,-0.029638609627793803,1.0555805229905957e-08,significant
0.2,eigenvec,0.0834215094528374,30,ancova_p_value,,8.0,30.0,0.008257335914631373,0.0016917389736764,-0.04174266408536863,0.0,significant
0.2,eigenvec,0.0834215094528374,30,ancova_p_value,,10.0,30.0,0.0035685233088176825,0.0007639223855268,-0.04643147669118232,0.0,significant
0.2,eigenvec,0.0834215094528374,30,ancova_p_value,,15.0,30.0,0.0005407062921313466,0.0001230793342932,-0.049459293707868654,0.0,significant
0.2,eigenvec,0.0834215094528374,50,ancova_p_value,,0.5,50.0,0.48278284379668057,0.0513868203929753,0.4327828437966806,9.339831475339858e-34,non-significant
0.2,eigenvec,0.0834215094528374,50,ancova_p_value,,1.0,50.0,0.32212564510024433,0.039970759236311,0.27212564510024434,7.72272823279889e-24,non-significant
0.2,eigenvec,0.0834215094528374,50,ancova_p_value,,2.0,50.0,0.16349617189550622,0.0243610849089182,0.11349617189550622,1.6944443539164378e-10,non-significant
0.2,eigenvec,0.0834215094528374,50,ancova_p_value,,4.0,50.0,0.05094706873769324,0.0093055278381556,0.0009470687376932352,0.4822795849066276,non-significant
0.2,eigenvec,0.0834215094528374,50,ancova_p_value,,6.0,50.0,0.01785224137520709,0.003681181234904,-0.03214775862479291,4.117480800758244e-10,significant
0.2,eigenvec,0.0834215094528374,50,ancova_p_value,,8.0,50.0,0.006713432842279582,0.0015044163764151,-0.04328656715772042,0.0,significant
0.2,eigenvec,0.0834215094528374,50,ancova_p_value,,10.0,50.0,0.0026605541904910716,0.0006337602602296,-0.04733944580950893,0.0,significant
0.2,eigenvec,0.0834215094528374,50,ancova_p_value,,15.0,50.0,0.00031306556427201346,8.231733347488039e-05,-0.04968693443572799,0.0,significant
0.2,eigenvec,0.0834215094528374,75,ancova_p_value,,0.5,75.0,0.4816914470000123,0.0515364318780655,0.43169144700001233,1.9501969898619263e-33,non-significant
0.2,eigenvec,0.0834215094528374,75,ancova_p_value,,1.0,75.0,0.3205260061237414,0.0401034746219944,0.2705260061237414,1.9944221708357468e-23,non-significant
0.2,eigenvec,0.0834215094528374,75,ancova_p_value,,2.0,75.0,0.16143714082856858,0.0244034344838076,0.11143714082856858,4.170188291517313e-10,non-significant
0.2,eigenvec,0.0834215094528374,75,ancova_p_value,,4.0,75.0,0.04912138289485513,0.0092101995492709,-0.0008786171051448702,0.43879096212059876,significant
0.2,eigenvec,0.0834215094528374,75,ancova_p_value,,6.0,75.0,0.016639791628428848,0.00356178574483,-0.03336020837157115,7.325706707916879e-11,significant
0.2,eigenvec,0.0834215094528374,75,ancova_p_value,,8.0,75.0,0.005996484169924953,0.0014097139537044,-0.04400351583007505,0.0,significant
0.2,eigenvec,0.0834215094528374,75,ancova_p_value,,10.0,75.0,0.0022598459055359287,0.0005703997567911,-0.047740154094464075,0.0,significant
0.2,eigenvec,0.0834215094528374,75,ancova_p_value,,15.0,75.0,0.0002280430925145892,6.499547920593196e-05,-0.04977195690748541,0.0,significant
0.2,eigenvec,0.0834215094528374,100,ancova_p_value,,0.5,100.0,0.48114467698573943,0.0516114747133171,0.43114467698573944,2.813279282564504e-33,non-significant
0.2,eigenvec,0.0834215094528374,100,ancova_p_value,,1.0,100.0,0.31972415578412333,0.0401701090930912,0.26972415578412334,3.192681636332745e-23,non-significant
0.2,eigenvec,0.0834215094528374,100,ancova_p_value,,2.0,100.0,0.16040513148560548,0.0244243892813153,0.11040513148560548,6.487440260346444e-10,non-significant
0.2,eigenvec,0.0834215094528374,100,ancova_p_value,,4.0,100.0,0.04821217873113365,0.009161123811421,-0.0017878212688663547,0.40024163315258,significant
0.2,eigenvec,0.0834215094528374,100,ancova_p_value,,6.0,100.0,0.016044679166962617,0.0035009522817105,-0.033955320833037386,3.008637783352697e-11,significant
0.2,eigenvec,0.0834215094528374,100,ancova_p_value,,8.0,100.0,0.005652215916228005,0.0013621744658522,-0.044347784083772,0.0,significant
0.2,eigenvec,0.0834215094528374,100,ancova_p_value,,10.0,100.0,0.00207287258086666,0.0005392644444534,-0.047927127419133346,0.0,significant
0.2,eigenvec,0.0834215094528374,100,ancova_p_value,,15.0,100.0,0.0001920508540141487,5.713358150843101e-05,-0.04980794914598585,0.0,significant
0.2,eigenvec,0.0834215094528374,300,ancova_p_value,,0.5,300.0,0.4800490110787622,0.0517620347812133,0.4300490110787622,5.8345606340738165e-33,non-significant
0.2,eigenvec,0.0834215094528374,300,ancova_p_value,,1.0,300.0,0.31811640443062633,0.0403039343137269,0.26811640443062634,8.118318201581912e-23,non-significant
0.2,eigenvec,0.0834215094528374,300,ancova_p_value,,2.0,300.0,0.15833615787546532,0.0244658390387546,0.10833615787546531,1.5440216649325201e-09,non-significant
0.2,eigenvec,0.0834215094528374,300,ancova_p_value,,4.0,300.0,0.0464015209831491,0.0090600521209972,-0.0035984790168509043,0.32672631532217844,significant
0.2,eigenvec,0.0834215094528374,300,ancova_p_value,,6.0,300.0,0.014877544674688336,0.0033769944256159,-0.03512245532531166,4.8054893397875276e-12,significant
0.2,eigenvec,0.0834215094528374,300,ancova_p_value,,8.0,300.0,0.004992719858471545,0.0012668412493756,-0.04500728014152846,0.0,significant
0.2,eigenvec,0.0834215094528374,300,ancova_p_value,,10.0,300.0,0.0017256705948826214,0.0004782666599315,-0.04827432940511738,0.0,significant
0.2,eigenvec,0.0834215094528374,300,ancova_p_value,,15.0,300.0,0.00013201666015390175,4.303944712957248e-05,-0.0498679833398461,0.0,significant
0.2,eigenvec,0.0834215094528374,500,ancova_p_value,,0.5,500.0,0.47982953965954955,0.0517922227210022,0.42982953965954956,6.747318128809405e-33,non-significant
0.2,eigenvec,0.0834215094528374,500,ancova_p_value,,1.0,500.0,0.3177942072606085,0.0403307886618542,0.2677942072606085,9.772143341508565e-23,non-significant
0.2,eigenvec,0.0834215094528374,500,ancova_p_value,,2.0,500.0,0.15792157401181234,0.0244740531900558,0.10792157401181234,1.8315244511152174e-09,non-significant
0.2,eigenvec,0.0834215094528374,500,ancova_p_value,,4.0,500.0,0.046040682769031456,0.0090393596235364,-0.003959317230968547,0.31276151371586147,significant
0.2,eigenvec,0.0834215094528374,500,ancova_p_value,,6.0,500.0,0.01464790875937049,0.0033518345712792,-0.03535209124062951,3.3002489630007403e-12,significant
0.2,eigenvec,0.0834215094528374,500,ancova_p_value,,8.0,500.0,0.004865533464805003,0.0012477486747542,-0.045134466535195,0.0,significant
0.2,eigenvec,0.0834215094528374,500,ancova_p_value,,10.0,500.0,0.0016604995248597615,0.0004662919649668,-0.04833950047514024,0.0,significant
0.2,eigenvec,0.0834215094528374,500,ancova_p_value,,15.0,500.0,0.0001217965039979378,4.048332449195983e-05,-0.04987820349600206,0.0,significant
0.2,eigenvec,0.0834215094528374,1000,ancova_p_value,,0.5,1000.0,0.4796648624377731,0.0518148802885704,0.42966486243777313,7.523532115986512e-33,non-significant
0.2,eigenvec,0.0834215094528374,1000,ancova_p_value,,1.0,1000.0,0.31755241808467255,0.0403509490105904,0.26755241808467256,1.1227031649584786e-22,non-significant
0.2,eigenvec,0.0834215094528374,1000,ancova_p_value,,2.0,1000.0,0.1576104641334238,0.0244801968274563,0.1076104641334238,2.080558530171916e-09,non-significant
0.2,eigenvec,0.0834215094528374,1000,ancova_p_value,,4.0,1000.0,0.04577034649325166,0.0090237337098203,-0.0042296535067483446,0.30247425220085566,significant
0.2,eigenvec,0.0834215094528374,1000,ancova_p_value,,6.0,1000.0,0.014476528145859816,0.0033328838692343,-0.03552347185414019,2.4849011737160254e-12,significant
0.2,eigenvec,0.0834215094528374,1000,ancova_p_value,,8.0,1000.0,0.00477118583723039,0.0012334263181121,-0.04522881416276961,0.0,significant
0.2,eigenvec,0.0834215094528374,1000,ancova_p_value,,10.0,1000.0,0.0016125523948250528,0.0004573639747651,-0.04838744760517495,0.0,significant
0.2,eigenvec,0.0834215094528374,1000,ancova_p_value,,15.0,1000.0,0.00011449967420285442,3.862383436371684e-05,-0.049885500325797145,0.0,significant
0.3,eigenvec,0.0743370254964216,30,ancova_p_value,,0.5,30.0,0.4849569686830381,0.0455259196706303,0.4349569686830381,6.2734407691233805e-43,non-significant
0.3,eigenvec,0.0743370254964216,30,ancova_p_value,,1.0,30.0,0.3253086154260302,0.0353834343124689,0.2753086154260302,1.170445489797536e-30,non-significant
0.3,eigenvec,0.0743370254964216,30,ancova_p_value,,2.0,30.0,0.167594108019346,0.021631247859829,0.11759410801934599,7.874841043274081e-14,non-significant
0.3,eigenvec,0.0743370254964216,30,ancova_p_value,,4.0,30.0,0.054625044962983094,0.0084524580394262,0.004625044962983091,0.3039985825352214,non-significant
0.3,eigenvec,0.0743370254964216,30,ancova_p_value,,6.0,30.0,0.0203613903722062,0.0034851179085227,-0.029638609627793803,1.750614098128267e-10,significant
0.3,eigenvec,0.0743370254964216,30,ancova_p_value,,8.0,30.0,0.008257335914631373,0.0015075110009916,-0.04174266408536863,0.0,significant
0.3,eigenvec,0.0743370254964216,30,ancova_p_value,,10.0,30.0,0.0035685233088176825,0.0006807323221872,-0.04643147669118232,0.0,significant
0.3,eigenvec,0.0743370254964216,30,ancova_p_value,,15.0,30.0,0.0005407062921313466,0.0001096761695089,-0.049459293707868654,0.0,significant
0.3,eigenvec,0.0743370254964216,50,ancova_p_value,,0.5,50.0,0.48278284379668057,0.0457908685995697,0.4327828437966806,4.071109794007703e-42,non-significant
0.3,eigenvec,0.0743370254964216,50,ancova_p_value,,1.0,50.0,0.32212564510024433,0.0356180002969237,0.27212564510024434,1.3241292092604416e-29,non-significant
0.3,eigenvec,0.0743370254964216,50,ancova_p_value,,2.0,50.0,0.16349617189550622,0.0217081973446975,0.11349617189550622,8.219649447930865e-13,non-significant
0.3,eigenvec,0.0743370254964216,50,ancova_p_value,,4.0,50.0,0.05094706873769324,0.008292169066465,0.0009470687376932352,0.4747740740148207,non-significant
0.3,eigenvec,0.0743370254964216,50,ancova_p_value,,6.0,50.0,0.01785224137520709,0.0032803058241317,-0.03214775862479291,3.0460078903615795e-12,significant
0.3,eigenvec,0.0743370254964216,50,ancova_p_value,,8.0,50.0,0.006713432842279582,0.0013405875686537,-0.04328656715772042,0.0,significant
0.3,eigenvec,0.0743370254964216,50,ancova_p_value,,10.0,50.0,0.0026605541904910716,0.0005647446675601,-0.04733944580950893,0.0,significant
0.3,eigenvec,0.0743370254964216,50,ancova_p_value,,15.0,50.0,0.00031306556427201346,7.33530927150047e-05,-0.04968693443572799,0.0,significant
0.3,eigenvec,0.0743370254964216,75,ancova_p_value,,0.5,75.0,0.4816914470000123,0.0459241876063182,0.43169144700001233,1.0283004472981229e-41,non-significant
0.3,eigenvec,0.0743370254964216,75,ancova_p_value,,1.0,75.0,0.3205260061237414,0.0357362631655054,0.2705260061237414,4.367329804750115e-29,non-significant
0.3,eigenvec,0.0743370254964216,75,ancova_p_value,,2.0,75.0,0.16143714082856858,0.0217459351109998,0.11143714082856858,2.5445597811342625e-12,non-significant
0.3,eigenvec,0.0743370254964216,75,ancova_p_value,,4.0,75.0,0.04912138289485513,0.0082072218929142,-0.0008786171051448702,0.4367700948274422,significant
0.3,eigenvec,0.0743370254964216,75,ancova_p_value,,6.0,75.0,0.016639791628428848,0.0031739123334361,-0.03336020837157115,3.5227376571356217e-13,significant
0.3,eigenvec,0.0743370254964216,75,ancova_p_value,,8.0,75.0,0.005996484169924953,0.0012561981053392,-0.04400351583007505,0.0,significant
0.3,eigenvec,0.0743370254964216,75,ancova_p_value,,10.0,75.0,0.0022598459055359287,0.0005082840330011,-0.047740154094464075,0.0,significant
0.3,eigenvec,0.0743370254964216,75,ancova_p_value,,15.0,75.0,0.0002280430925145892,5.791756378629239e-05,-0.04977195690748541,0.0,significant
0.3,eigenvec,0.0743370254964216,100,ancova_p_value,,0.5,100.0,0.48114467698573943,0.0459910583833397,0.43114467698573944,1.6307861711125636e-41,non-significant
0.3,eigenvec,0.0743370254964216,100,ancova_p_value,,1.0,100.0,0.31972415578412333,0.0357956412372924,0.26972415578412334,7.892867499488636e-29,non-significant
0.3,eigenvec,0.0743370254964216,100,ancova_p_value,,2.0,100.0,0.16040513148560548,0.0217646079608058,0.11040513148560548,4.429829574414364e-12,non-significant
0.3,eigenvec,0.0743370254964216,100,ancova_p_value,,4.0,100.0,0.04821217873113365,0.0081634904332496,-0.0017878212688663547,0.3936716387228796,significant
0.3,eigenvec,0.0743370254964216,100,ancova_p_value,,6.0,100.0,0.016044679166962617,0.0031197035480928,-0.033955320833037386,1.1579626146840383e-13,significant
0.3,eigenvec,0.0743370254964216,100,ancova_p_value,,8.0,100.0,0.005652215916228005,0.0012138356002282,-0.044347784083772,0.0,significant
0.3,eigenvec,0.0743370254964216,100,ancova_p_value,,10.0,100.0,0.00207287258086666,0.0004805393119781,-0.047927127419133346,0.0,significant
0.3,eigenvec,0.0743370254964216,100,ancova_p_value,,15.0,100.0,0.0001920508540141487,5.091181558750446e-05,-0.04980794914598585,0.0,significant
0.3,eigenvec,0.0743370254964216,300,ancova_p_value,,0.5,300.0,0.4800490110787622,0.0461252226735732,0.4300490110787622,4.0840812065345965e-41,non-significant
0.3,eigenvec,0.0743370254964216,300,ancova_p_value,,1.0,300.0,0.31811640443062633,0.0359148930813756,0.26811640443062634,2.5528649724921542e-28,non-significant
0.3,eigenvec,0.0743370254964216,300,ancova_p_value,,2.0,300.0,0.15833615787546532,0.0218015438985009,0.10833615787546531,1.3145338407414965e-11,non-significant
0.3,eigenvec,0.0743370254964216,300,ancova_p_value,,4.0,300.0,0.0464015209831491,0.0080734253064342,-0.0035984790168509043,0.3121775705834309,significant
0.3,eigenvec,0.0743370254964216,300,ancova_p_value,,6.0,300.0,0.014877544674688336,0.0030092445265595,-0.03512245532531166,1.1657341758564144e-14,significant
0.3,eigenvec,0.0743370254964216,300,ancova_p_value,,8.0,300.0,0.004992719858471545,0.0011288840356934,-0.04500728014152846,0.0,significant
0.3,eigenvec,0.0743370254964216,300,ancova_p_value,,10.0,300.0,0.0017256705948826214,0.0004261840995999,-0.04827432940511738,0.0,significant
0.3,eigenvec,0.0743370254964216,300,ancova_p_value,,15.0,300.0,0.00013201666015390175,3.83525124348382e-05,-0.0498679833398461,0.0,significant
0.3,eigenvec,0.0743370254964216,500,ancova_p_value,,0.5,500.0,0.47982953965954955,0.0461521231895731,0.42982953965954956,4.903841414177904e-41,non-significant
0.3,eigenvec,0.0743370254964216,500,ancova_p_value,,1.0,500.0,0.3177942072606085,0.0359388230291136,0.2677942072606085,3.2233518369280027e-28,non-significant
0.3,eigenvec,0.0743370254964216,500,ancova_p_value,,2.0,500.0,0.15792157401181234,0.0218088635403861,0.10792157401181234,1.6284997536110192e-11,non-significant
0.3,eigenvec,0.0743370254964216,500,ancova_p_value,,4.0,500.0,0.046040682769031456,0.0080549861925723,-0.003959317230968547,0.2968557705139261,significant
0.3,eigenvec,0.0743370254964216,500,ancova_p_value,,6.0,500.0,0.01464790875937049,0.0029868245446438,-0.03535209124062951,7.327471962526033e-15,significant
0.3,eigenvec,0.0743370254964216,500,ancova_p_value,,8.0,500.0,0.004865533464805003,0.0011118706153449,-0.045134466535195,0.0,significant
0.3,eigenvec,0.0743370254964216,500,ancova_p_value,,10.0,500.0,0.0016604995248597615,0.0004155134319178,-0.04833950047514024,0.0,significant
0.3,eigenvec,0.0743370254964216,500,ancova_p_value,,15.0,500.0,0.0001217965039979378,3.607474792385657e-05,-0.04987820349600206,0.0,significant
0.3,eigenvec,0.0743370254964216,1000,ancova_p_value,,0.5,1000.0,0.4796648624377731,0.0461723133801972,0.42966486243777313,5.624097375689273e-41,non-significant
0.3,eigenvec,0.0743370254964216,1000,ancova_p_value,,1.0,1000.0,0.31755241808467255,0.0359567879444915,0.26755241808467256,3.838125866192453e-28,non-significant
0.3,eigenvec,0.0743370254964216,1000,ancova_p_value,,2.0,1000.0,0.1576104641334238,0.021814338144395,0.1076104641334238,1.910869215382074e-11,non-significant
0.3,eigenvec,0.0743370254964216,1000,ancova_p_value,,4.0,1000.0,0.04577034649325166,0.0080410619186778,-0.0042296535067483446,0.2856109825875166,significant
0.3,eigenvec,0.0743370254964216,1000,ancova_p_value,,6.0,1000.0,0.014476528145859816,0.0029699375471496,-0.03552347185414019,5.10702591327572e-15,significant
0.3,eigenvec,0.0743370254964216,1000,ancova_p_value,,8.0,1000.0,0.00477118583723039,0.0010991079430095,-0.04522881416276961,0.0,significant
0.3,eigenvec,0.0743370254964216,1000,ancova_p_value,,10.0,1000.0,0.0016125523948250528,0.0004075576871751,-0.04838744760517495,0.0,significant
0.3,eigenvec,0.0743370254964216,1000,ancova_p_value,,15.0,1000.0,0.00011449967420285442,3.441775363089557e-05,-0.049885500325797145,0.0,significant
0.4,eigenvec,0.0727259140905399,30,ancova_p_value,,0.5,30.0,0.4849569686830381,0.0445392333194508,0.4349569686830381,8.788660865499086e-45,non-significant
0.4,eigenvec,0.0727259140905399,30,ancova_p_value,,1.0,30.0,0.3253086154260302,0.0346165667357883,0.2753086154260302,5.868172618541798e-32,non-significant
0.4,eigenvec,0.0727259140905399,30,ancova_p_value,,2.0,30.0,0.167594108019346,0.0211624323548005,0.11759410801934599,2.2342902904663617e-14,non-significant
0.4,eigenvec,0.0727259140905399,30,ancova_p_value,,4.0,30.0,0.054625044962983094,0.0082692673418684,0.004625044962983091,0.29927969212695643,non-significant
0.4,eigenvec,0.0727259140905399,30,ancova_p_value,,6.0,30.0,0.0203613903722062,0.0034095847112261,-0.029638609627793803,7.19659887238322e-11,significant
0.4,eigenvec,0.0727259140905399,30,ancova_p_value,,8.0,30.0,0.008257335914631373,0.0014748386126095,-0.04174266408536863,0.0,significant
0.4,eigenvec,0.0727259140905399,30,ancova_p_value,,10.0,30.0,0.0035685233088176825,0.0006659787643026,-0.04643147669118232,0.0,significant
0.4,eigenvec,0.0727259140905399,30,ancova_p_value,,15.0,30.0,0.0005407062921313466,0.000107299150433,-0.049459293707868654,0.0,significant
0.4,eigenvec,0.0727259140905399,50,ancova_p_value,,0.5,50.0,0.48278284379668057,0.0447984399922461,0.4327828437966806,6.200496767325184e-44,non-significant
0.4,eigenvec,0.0727259140905399,50,ancova_p_value,,1.0,50.0,0.32212564510024433,0.0348460489557197,0.27212564510024434,7.397183487834746e-31,non-significant
0.4,eigenvec,0.0727259140905399,50,ancova_p_value,,2.0,50.0,0.16349617189550622,0.0212377141082535,0.11349617189550622,2.5868411009879517e-13,non-significant
0.4,eigenvec,0.0727259140905399,50,ancova_p_value,,4.0,50.0,0.05094706873769324,0.0081124523227122,0.0009470687376932352,0.4733142436477729,non-significant
0.4,eigenvec,0.0727259140905399,50,ancova_p_value,,6.0,50.0,0.01785224137520709,0.0032092115330602,-0.03214775862479291,1.0506040482027856e-12,significant
0.4,eigenvec,0.0727259140905399,50,ancova_p_value,,8.0,50.0,0.006713432842279582,0.0013115329231656,-0.04328656715772042,0.0,significant
0.4,eigenvec,0.0727259140905399,50,ancova_p_value,,10.0,50.0,0.0026605541904910716,0.0005525049179974,-0.04733944580950893,0.0,significant
0.4,eigenvec,0.0727259140905399,50,ancova_p_value,,15.0,50.0,0.00031306556427201346,7.17633061511674e-05,-0.04968693443572799,0.0,significant
0.4,eigenvec,0.0727259140905399,75,ancova_p_value,,0.5,75.0,0.4816914470000123,0.0449288695671003,0.43169144700001233,1.632360662607399e-43,non-significant
0.4,eigenvec,0.0727259140905399,75,ancova_p_value,,1.0,75.0,0.3205260061237414,0.034961748705113,0.2705260061237414,2.573129006731701e-30,non-significant
0.4,eigenvec,0.0727259140905399,75,ancova_p_value,,2.0,75.0,0.16143714082856858,0.0212746339813819,0.11143714082856858,8.417799409429595e-13,non-significant
0.4,eigenvec,0.0727259140905399,75,ancova_p_value,,4.0,75.0,0.04912138289485513,0.0080293462150273,-0.0008786171051448702,0.43629247738069343,significant
0.4,eigenvec,0.0727259140905399,75,ancova_p_value,,6.0,75.0,0.016639791628428848,0.0031051239157194,-0.03336020837157115,1.1057821325266559e-13,significant
0.4,eigenvec,0.0727259140905399,75,ancova_p_value,,8.0,75.0,0.005996484169924953,0.001228972438425,-0.04400351583007505,0.0,significant
0.4,eigenvec,0.0727259140905399,75,ancova_p_value,,10.0,75.0,0.0022598459055359287,0.0004972679586085,-0.047740154094464075,0.0,significant
0.4,eigenvec,0.0727259140905399,75,ancova_p_value,,15.0,75.0,0.0002280430925145892,5.666231248999902e-05,-0.04977195690748541,0.0,significant
0.4,eigenvec,0.0727259140905399,100,ancova_p_value,,0.5,100.0,0.48114467698573943,0.0449942910492266,0.43114467698573944,2.6426687232552856e-43,non-significant
0.4,eigenvec,0.0727259140905399,100,ancova_p_value,,1.0,100.0,0.31972415578412333,0.0350198398719145,0.26972415578412334,4.7746284730926e-30,non-significant
0.4,eigenvec,0.0727259140905399,100,ancova_p_value,,2.0,100.0,0.16040513148560548,0.021292902133245,0.11040513148560548,1.501754767694731e-12,non-significant
0.4,eigenvec,0.0727259140905399,100,ancova_p_value,,4.0,100.0,0.04821217873113365,0.0079865625502601,-0.0017878212688663547,0.39227292830901184,significant
0.4,eigenvec,0.0727259140905399,100,ancova_p_value,,6.0,100.0,0.016044679166962617,0.0030520900010651,-0.033955320833037386,3.4638958368304884e-14,significant
0.4,eigenvec,0.0727259140905399,100,ancova_p_value,,8.0,100.0,0.005652215916228005,0.0011875280587664,-0.044347784083772,0.0,significant
0.4,eigenvec,0.0727259140905399,100,ancova_p_value,,10.0,100.0,0.00207287258086666,0.0004701245508099,-0.047927127419133346,0.0,significant
0.4,eigenvec,0.0727259140905399,100,ancova_p_value,,15.0,100.0,0.0001920508540141487,4.980840034806738e-05,-0.04980794914598585,0.0,significant
0.4,eigenvec,0.0727259140905399,300,ancova_p_value,,0.5,300.0,0.4800490110787622,0.0451255475876794,0.4300490110787622,6.895343884006858e-43,non-significant
0.4,eigenvec,0.0727259140905399,300,ancova_p_value,,1.0,300.0,0.31811640443062633,0.035136507162676,0.26811640443062634,1.6272714808727888e-29,non-significant
0.4,eigenvec,0.0727259140905399,300,ancova_p_value,,2.0,300.0,0.15833615787546532,0.0213290375558521,0.10833615787546531,4.6754201225148485e-12,non-significant
0.4,eigenvec,0.0727259140905399,300,ancova_p_value,,4.0,300.0,0.0464015209831491,0.0078984494110594,-0.0035984790168509043,0.3091907869477357,significant
0.4,eigenvec,0.0727259140905399,300,ancova_p_value,,6.0,300.0,0.014877544674688336,0.0029440249654128,-0.03512245532531166,3.219646771412954e-15,significant
0.4,eigenvec,0.0727259140905399,300,ancova_p_value,,8.0,300.0,0.004992719858471545,0.0011044176552635,-0.04500728014152846,0.0,significant
0.4,eigenvec,0.0727259140905399,300,ancova_p_value,,10.0,300.0,0.0017256705948826214,0.0004169473826437,-0.04827432940511738,0.0,significant
0.4,eigenvec,0.0727259140905399,300,ancova_p_value,,15.0,300.0,0.00013201666015390175,3.752129582621883e-05,-0.0498679833398461,0.0,significant
0.4,eigenvec,0.0727259140905399,500,ancova_p_value,,0.5,500.0,0.47982953965954955,0.0451518650869677,0.42982953965954956,8.347334085434066e-43,non-significant
0.4,eigenvec,0.0727259140905399,500,ancova_p_value,,1.0,500.0,0.3177942072606085,0.0351599184750303,0.2677942072606085,2.0761313048132664e-29,non-significant
0.4,eigenvec,0.0727259140905399,500,ancova_p_value,,2.0,500.0,0.15792157401181234,0.0213361985586412,0.10792157401181234,5.847062204581618e-12,non-significant
0.4,eigenvec,0.0727259140905399,500,ancova_p_value,,4.0,500.0,0.046040682769031456,0.0078804099293655,-0.003959317230968547,0.2936053740583583,significant
0.4,eigenvec,0.0727259140905399,500,ancova_p_value,,6.0,500.0,0.01464790875937049,0.0029220908932889,-0.03535209124062951,1.887379141862766e-15,significant
0.4,eigenvec,0.0727259140905399,500,ancova_p_value,,8.0,500.0,0.004865533464805003,0.0010877729679305,-0.045134466535195,0.0,significant
0.4,eigenvec,0.0727259140905399,500,ancova_p_value,,10.0,500.0,0.0016604995248597615,0.0004065079810676,-0.04833950047514024,0.0,significant
0.4,eigenvec,0.0727259140905399,500,ancova_p_value,,15.0,500.0,0.0001217965039979378,3.5292897460291406e-05,-0.04987820349600206,0.0,significant
0.4,eigenvec,0.0727259140905399,1000,ancova_p_value,,0.5,1000.0,0.4796648624377731,0.0451716176942182,0.42966486243777313,9.63215913567965e-43,non-significant
0.4,eigenvec,0.0727259140905399,1000,ancova_p_value,,1.0,1000.0,0.31755241808467255,0.0351774940355762,0.26755241808467256,2.4914136575954778e-29,non-significant
0.4,eigenvec,0.0727259140905399,1000,ancova_p_value,,2.0,1000.0,0.1576104641334238,0.0213415545111854,0.1076104641334238,6.909432718325672e-12,non-significant
0.4,eigenvec,0.0727259140905399,1000,ancova_p_value,,4.0,1000.0,0.04577034649325166,0.0078667874372055,-0.0042296535067483446,0.28217641049085684,significant
0.4,eigenvec,0.0727259140905399,1000,ancova_p_value,,6.0,1000.0,0.014476528145859816,0.0029055698888392,-0.03552347185414019,1.3322676295501878e-15,significant
0.4,eigenvec,0.0727259140905399,1000,ancova_p_value,,8.0,1000.0,0.00477118583723039,0.0010752869018601,-0.04522881416276961,0.0,significant
0.4,eigenvec,0.0727259140905399,1000,ancova_p_value,,10.0,1000.0,0.0016125523948250528,0.0003987246617214,-0.04838744760517495,0.0,significant
0.4,eigenvec,0.0727259140905399,1000,ancova_p_value,,15.0,1000.0,0.00011449967420285442,3.367181531725896e-05,-0.049885500325797145,0.0,significant
0.5,eigenvec,0.0752492995573936,30,ancova_p_value,,0.5,30.0,0.4849569686830381,0.04608461993258,0.4349569686830381,6.235403992828342e-42,non-significant
0.5,eigenvec,0.0752492995573936,30,ancova_p_value,,1.0,30.0,0.3253086154260302,0.0358176646182393,0.2753086154260302,5.858859350178207e-30,non-significant
0.5,eigenvec,0.0752492995573936,30,ancova_p_value,,2.0,30.0,0.167594108019346,0.02189670946792,0.11759410801934599,1.5514569684718092e-13,non-significant
0.5,eigenvec,0.0752492995573936,30,ancova_p_value,,4.0,30.0,0.054625044962983094,0.0085561877510918,0.004625044962983091,0.3066021741154142,non-significant
0.5,eigenvec,0.0752492995573936,30,ancova_p_value,,6.0,30.0,0.0203613903722062,0.0035278877482646,-0.029638609627793803,2.8251345707275277e-10,significant
0.5,eigenvec,0.0752492995573936,30,ancova_p_value,,8.0,30.0,0.008257335914631373,0.0015260113804949,-0.04174266408536863,0.0,significant
0.5,eigenvec,0.0752492995573936,30,ancova_p_value,,10.0,30.0,0.0035685233088176825,0.0006890863615888,-0.04643147669118232,0.0,significant
0.5,eigenvec,0.0752492995573936,30,ancova_p_value,,15.0,30.0,0.0005407062921313466,0.0001110221303391,-0.049459293707868654,0.0,significant
0.5,eigenvec,0.0752492995573936,50,ancova_p_value,,0.5,50.0,0.48278284379668057,0.0463528203507166,0.4327828437966806,3.8685200731187187e-41,non-significant
0.5,eigenvec,0.0752492995573936,50,ancova_p_value,,1.0,50.0,0.32212564510024433,0.036055109228275,0.27212564510024434,6.253393707752415e-29,non-significant
0.5,eigenvec,0.0752492995573936,50,ancova_p_value,,2.0,50.0,0.16349617189550622,0.0219746032873052,0.11349617189550622,1.5315517098338344e-12,non-significant
0.5,eigenvec,0.0752492995573936,50,ancova_p_value,,4.0,50.0,0.05094706873769324,0.0083939316901106,0.0009470687376932352,0.475581631723404,non-significant
0.5,eigenvec,0.0752492995573936,50,ancova_p_value,,6.0,50.0,0.01785224137520709,0.0033205621821906,-0.03214775862479291,5.402678304733399e-12,significant
0.5,eigenvec,0.0752492995573936,50,ancova_p_value,,8.0,50.0,0.006713432842279582,0.0013570394411517,-0.04328656715772042,0.0,significant
0.5,eigenvec,0.0752492995573936,50,ancova_p_value,,10.0,50.0,0.0026605541904910716,0.00057167529073,-0.04733944580950893,0.0,significant
0.5,eigenvec,0.0752492995573936,50,ancova_p_value,,15.0,50.0,0.00031306556427201346,7.42532918194092e-05,-0.04968693443572799,0.0,significant
0.5,eigenvec,0.0752492995573936,75,ancova_p_value,,0.5,75.0,0.4816914470000123,0.0464877754664011,0.43169144700001233,9.556040188890666e-41,non-significant
0.5,eigenvec,0.0752492995573936,75,ancova_p_value,,1.0,75.0,0.3205260061237414,0.0361748234348227,0.2705260061237414,2.004328948089278e-28,non-significant
0.5,eigenvec,0.0752492995573936,75,ancova_p_value,,2.0,75.0,0.16143714082856858,0.0220128041765948,0.11143714082856858,4.615651820384723e-12,non-significant
0.5,eigenvec,0.0752492995573936,75,ancova_p_value,,4.0,75.0,0.04912138289485513,0.0083079420333227,-0.0008786171051448702,0.4370229003781072,significant
0.5,eigenvec,0.0752492995573936,75,ancova_p_value,,6.0,75.0,0.016639791628428848,0.0032128630161445,-0.03336020837157115,6.571410082756302e-13,significant
0.5,eigenvec,0.0752492995573936,75,ancova_p_value,,8.0,75.0,0.005996484169924953,0.0012716143388956,-0.04400351583007505,0.0,significant
0.5,eigenvec,0.0752492995573936,75,ancova_p_value,,10.0,75.0,0.0022598459055359287,0.0005145217636046,-0.047740154094464075,0.0,significant
0.5,eigenvec,0.0752492995573936,75,ancova_p_value,,15.0,75.0,0.0002280430925145892,5.862833598579974e-05,-0.04977195690748541,0.0,significant
0.5,eigenvec,0.0752492995573936,100,ancova_p_value,,0.5,100.0,0.48114467698573943,0.0465554668906695,0.43114467698573944,1.4987883065564609e-40,non-significant
0.5,eigenvec,0.0752492995573936,100,ancova_p_value,,1.0,100.0,0.31972415578412333,0.0362349302023615,0.26972415578412334,3.5712728998556046e-28,non-significant
0.5,eigenvec,0.0752492995573936,100,ancova_p_value,,2.0,100.0,0.16040513148560548,0.0220317061821467,0.11040513148560548,7.930318738529325e-12,non-significant
0.5,eigenvec,0.0752492995573936,100,ancova_p_value,,4.0,100.0,0.04821217873113365,0.0082636738952527,-0.0017878212688663547,0.3944291630503738,significant
0.5,eigenvec,0.0752492995573936,100,ancova_p_value,,6.0,100.0,0.016044679166962617,0.0031579889732338,-0.033955320833037386,2.2182256032010628e-13,significant
0.5,eigenvec,0.0752492995573936,100,ancova_p_value,,8.0,100.0,0.005652215916228005,0.0012287319553753,-0.044347784083772,0.0,significant
0.5,eigenvec,0.0752492995573936,100,ancova_p_value,,10.0,100.0,0.00207287258086666,0.0004864365556016,-0.047927127419133346,0.0,significant
0.5,eigenvec,0.0752492995573936,100,ancova_p_value,,15.0,100.0,0.0001920508540141487,5.153661229476181e-05,-0.04980794914598585,0.0,significant
0.5,eigenvec,0.0752492995573936,300,ancova_p_value,,0.5,300.0,0.4800490110787622,0.0466912776632726,0.4300490110787622,3.671581371175837e-40,non-significant
0.5,eigenvec,0.0752492995573936,300,ancova_p_value,,1.0,300.0,0.31811640443062633,0.0363556455212523,0.26811640443062634,1.1230245683917443e-27,non-significant
0.5,eigenvec,0.0752492995573936,300,ancova_p_value,,2.0,300.0,0.15833615787546532,0.0220690954026797,0.10833615787546531,2.2933233192453183e-11,non-significant
0.5,eigenvec,0.0752492995573936,300,ancova_p_value,,4.0,300.0,0.0464015209831491,0.0081725034769834,-0.0035984790168509043,0.3138093375589843,significant
0.5,eigenvec,0.0752492995573936,300,ancova_p_value,,6.0,300.0,0.014877544674688336,0.003046174383604,-0.03512245532531166,2.3647750424515834e-14,significant
0.5,eigenvec,0.0752492995573936,300,ancova_p_value,,8.0,300.0,0.004992719858471545,0.0011427378537165,-0.04500728014152846,0.0,significant
0.5,eigenvec,0.0752492995573936,300,ancova_p_value,,10.0,300.0,0.0017256705948826214,0.0004314142886835,-0.04827432940511738,0.0,significant
0.5,eigenvec,0.0752492995573936,300,ancova_p_value,,15.0,300.0,0.00013201666015390175,3.882317967009223e-05,-0.0498679833398461,0.0,significant
0.5,eigenvec,0.0752492995573936,500,ancova_p_value,,0.5,500.0,0.47982953965954955,0.0467185083060539,0.42982953965954956,4.389201232672111e-40,non-significant
0.5,eigenvec,0.0752492995573936,500,ancova_p_value,,1.0,500.0,0.3177942072606085,0.0363798691405551,0.2677942072606085,1.4100684462355481e-27,non-significant
0.5,eigenvec,0.0752492995573936,500,ancova_p_value,,2.0,500.0,0.15792157401181234,0.022076504872203,0.10792157401181234,2.82666810003762e-11,non-significant
0.5,eigenvec,0.0752492995573936,500,ancova_p_value,,4.0,500.0,0.046040682769031456,0.0081538380758149,-0.003959317230968547,0.2986336232872673,significant
0.5,eigenvec,0.0752492995573936,500,ancova_p_value,,6.0,500.0,0.01464790875937049,0.0030234792606289,-0.03535209124062951,1.4988010832439613e-14,significant
0.5,eigenvec,0.0752492995573936,500,ancova_p_value,,8.0,500.0,0.004865533464805003,0.0011255156423656,-0.045134466535195,0.0,significant
0.5,eigenvec,0.0752492995573936,500,ancova_p_value,,10.0,500.0,0.0016604995248597615,0.0004206126691202,-0.04833950047514024,0.0,significant
0.5,eigenvec,0.0752492995573936,500,ancova_p_value,,15.0,500.0,0.0001217965039979378,3.651746212404503e-05,-0.04987820349600206,0.0,significant
0.5,eigenvec,0.0752492995573936,1000,ancova_p_value,,0.5,1000.0,0.4796648624377731,0.0467389462734363,0.42966486243777313,5.017312999948136e-40,non-significant
0.5,eigenvec,0.0752492995573936,1000,ancova_p_value,,1.0,1000.0,0.31755241808467255,0.0363980545238115,0.26755241808467256,1.6719896664427787e-27,non-significant
0.5,eigenvec,0.0752492995573936,1000,ancova_p_value,,2.0,1000.0,0.1576104641334238,0.022082046661295,0.1076104641334238,3.304236009675328e-11,non-significant
0.5,eigenvec,0.0752492995573936,1000,ancova_p_value,,4.0,1000.0,0.04577034649325166,0.0081397429213423,-0.0042296535067483446,0.2874911777816149,significant
0.5,eigenvec,0.0752492995573936,1000,ancova_p_value,,6.0,1000.0,0.014476528145859816,0.0030063850236108,-0.03552347185414019,1.0547118733938987e-14,significant
0.5,eigenvec,0.0752492995573936,1000,ancova_p_value,,8.0,1000.0,0.00477118583723039,0.001112596344784,-0.04522881416276961,0.0,significant
0.5,eigenvec,0.0752492995573936,1000,ancova_p_value,,10.0,1000.0,0.0016125523948250528,0.0004125592903988,-0.04838744760517495,0.0,significant
0.5,eigenvec,0.0752492995573936,1000,ancova_p_value,,15.0,1000.0,0.00011449967420285442,3.484013297234369e-05,-0.049885500325797145,0.0,significant
0.05,smallworldness,0.1790140496046574,30,ancova_p_value,,0.5,30.0,0.4849569686830381,0.1096328402675754,0.4349569686830381,1.7616016837933076e-08,non-significant
0.05,smallworldness,0.1790140496046574,30,ancova_p_value,,1.0,30.0,0.3253086154260302,0.0852083039763322,0.2753086154260302,1.9215708820438627e-06,non-significant
0.05,smallworldness,0.1790140496046574,30,ancova_p_value,,2.0,30.0,0.167594108019346,0.0520910979627034,0.11759410801934599,0.001563909501599616,non-significant
0.05,smallworldness,0.1790140496046574,30,ancova_p_value,,4.0,30.0,0.054625044962983094,0.0203547119708733,0.004625044962983091,0.45484288020619695,non-significant
0.05,smallworldness,0.1790140496046574,30,ancova_p_value,,6.0,30.0,0.0203613903722062,0.0083926558264616,-0.029638609627793803,0.0034404606328717335,significant
0.05,smallworldness,0.1790140496046574,30,ancova_p_value,,8.0,30.0,0.008257335914631373,0.003630299266199,-0.04174266408536863,1.077032796281685e-09,significant
0.05,smallworldness,0.1790140496046574,30,ancova_p_value,,10.0,30.0,0.0035685233088176825,0.0016392995129645,-0.04643147669118232,0.0,significant
0.05,smallworldness,0.1790140496046574,30,ancova_p_value,,15.0,30.0,0.0005407062921313466,0.0002641156962874,-0.049459293707868654,0.0,significant
0.05,smallworldness,0.1790140496046574,50,ancova_p_value,,0.5,50.0,0.48278284379668057,0.1102708746843566,0.4327828437966806,2.4409669850020795e-08,non-significant
0.05,smallworldness,0.1790140496046574,50,ancova_p_value,,1.0,50.0,0.32212564510024433,0.0857731719744305,0.27212564510024434,2.9450183145503723e-06,non-significant
0.05,smallworldness,0.1790140496046574,50,ancova_p_value,,2.0,50.0,0.16349617189550622,0.0522764031832083,0.11349617189550622,0.002398450660486457,non-significant
0.05,smallworldness,0.1790140496046574,50,ancova_p_value,,4.0,50.0,0.05094706873769324,0.0199687135001902,0.0009470687376932352,0.5308637989766664,non-significant
0.05,smallworldness,0.1790140496046574,50,ancova_p_value,,6.0,50.0,0.01785224137520709,0.007899439419295,-0.03214775862479291,0.001546257048330113,significant
0.05,smallworldness,0.1790140496046574,50,ancova_p_value,,8.0,50.0,0.006713432842279582,0.0032283240809242,-0.04328656715772042,8.130951467677505e-11,significant
0.05,smallworldness,0.1790140496046574,50,ancova_p_value,,10.0,50.0,0.0026605541904910716,0.0013599848696858,-0.04733944580950893,0.0,significant
0.05,smallworldness,0.1790140496046574,50,ancova_p_value,,15.0,50.0,0.00031306556427201346,0.000176644600591,-0.04968693443572799,0.0,significant
0.05,smallworldness,0.1790140496046574,75,ancova_p_value,,0.5,75.0,0.4816914470000123,0.1105919256697564,0.43169144700001233,2.8691818526718073e-08,non-significant
0.05,smallworldness,0.1790140496046574,75,ancova_p_value,,1.0,75.0,0.3205260061237414,0.0860579656540445,0.2705260061237414,3.6338288457865097e-06,non-significant
0.05,smallworldness,0.1790140496046574,75,ancova_p_value,,2.0,75.0,0.16143714082856858,0.0523672810509155,0.11143714082856858,0.0029492552866600503,non-significant
0.05,smallworldness,0.1790140496046574,75,ancova_p_value,,4.0,75.0,0.04912138289485513,0.0197641487165142,-0.0008786171051448702,0.4317022392773022,significant
0.05,smallworldness,0.1790140496046574,75,ancova_p_value,,6.0,75.0,0.016639791628428848,0.0076432288769199,-0.03336020837157115,0.001012815999599237,significant
0.05,smallworldness,0.1790140496046574,75,ancova_p_value,,8.0,75.0,0.005996484169924953,0.0030251023422143,-0.04400351583007505,1.9678814133783362e-11,significant
0.05,smallworldness,0.1790140496046574,75,ancova_p_value,,10.0,75.0,0.0022598459055359287,0.0012240196925999,-0.047740154094464075,0.0,significant
0.05,smallworldness,0.1790140496046574,75,ancova_p_value,,15.0,75.0,0.0002280430925145892,0.0001394736683016,-0.04977195690748541,0.0,significant
0.05,smallworldness,0.1790140496046574,100,ancova_p_value,,0.5,100.0,0.48114467698573943,0.110752959939219,0.43114467698573944,3.109553271017678e-08,non-significant
0.05,smallworldness,0.1790140496046574,100,ancova_p_value,,1.0,100.0,0.31972415578412333,0.0862009564317534,0.26972415578412334,4.033140009102224e-06,non-significant
0.05,smallworldness,0.1790140496046574,100,ancova_p_value,,2.0,100.0,0.16040513148560548,0.0524122479088051,0.11040513148560548,0.003264672739671253,non-significant
0.05,smallworldness,0.1790140496046574,100,ancova_p_value,,4.0,100.0,0.04821217873113365,0.0196588371892178,-0.0017878212688663547,0.41327547719968427,significant
0.05,smallworldness,0.1790140496046574,100,ancova_p_value,,6.0,100.0,0.016044679166962617,0.0075126864705798,-0.033955320833037386,0.0008147919896320799,significant
0.05,smallworldness,0.1790140496046574,100,ancova_p_value,,8.0,100.0,0.005652215916228005,0.0029230874507027,-0.044347784083772,9.327982830598103e-12,significant
0.05,smallworldness,0.1790140496046574,100,ancova_p_value,,10.0,100.0,0.00207287258086666,0.0011572064883816,-0.047927127419133346,0.0,significant
0.05,smallworldness,0.1790140496046574,100,ancova_p_value,,15.0,100.0,0.0001920508540141487,0.0001226028378211,-0.04980794914598585,0.0,significant
0.05,smallworldness,0.1790140496046574,300,ancova_p_value,,0.5,300.0,0.4800490110787622,0.1110760464865571,0.4300490110787622,3.64973185870293e-08,non-significant
0.05,smallworldness,0.1790140496046574,300,ancova_p_value,,1.0,300.0,0.31811640443062633,0.0864881317039626,0.26811640443062634,4.960013436608139e-06,non-significant
0.05,smallworldness,0.1790140496046574,300,ancova_p_value,,2.0,300.0,0.15833615787546532,0.0525011948600531,0.10833615787546531,0.003986356525413634,non-significant
0.05,smallworldness,0.1790140496046574,300,ancova_p_value,,4.0,300.0,0.0464015209831491,0.0194419476517133,-0.0035984790168509043,0.37719384831342895,significant
0.05,smallworldness,0.1790140496046574,300,ancova_p_value,,6.0,300.0,0.014877544674688336,0.007246685556123,-0.03512245532531166,0.0005208359474639934,significant
0.05,smallworldness,0.1790140496046574,300,ancova_p_value,,8.0,300.0,0.004992719858471545,0.0027185120929173,-0.04500728014152846,1.926570014632034e-12,significant
0.05,smallworldness,0.1790140496046574,300,ancova_p_value,,10.0,300.0,0.0017256705948826214,0.0010263114650742,-0.04827432940511738,0.0,significant
0.05,smallworldness,0.1790140496046574,300,ancova_p_value,,15.0,300.0,0.00013201666015390175,9.235826316192677e-05,-0.0498679833398461,0.0,significant
0.05,smallworldness,0.1790140496046574,500,ancova_p_value,,0.5,500.0,0.47982953965954955,0.1111408267259255,0.42982953965954956,3.7681031805247844e-08,non-significant
0.05,smallworldness,0.1790140496046574,500,ancova_p_value,,1.0,500.0,0.3177942072606085,0.0865457583956792,0.2677942072606085,5.168159980544207e-06,non-significant
0.05,smallworldness,0.1790140496046574,500,ancova_p_value,,2.0,500.0,0.15792157401181234,0.0525188215908346,0.10792157401181234,0.004146498703617204,non-significant
0.05,smallworldness,0.1790140496046574,500,ancova_p_value,,4.0,500.0,0.046040682769031456,0.0193975436629676,-0.003959317230968547,0.37012040171002125,significant
0.05,smallworldness,0.1790140496046574,500,ancova_p_value,,6.0,500.0,0.01464790875937049,0.0071926950752288,-0.03535209124062951,0.0004752812844740495,significant
0.05,smallworldness,0.1790140496046574,500,ancova_p_value,,8.0,500.0,0.004865533464805003,0.0026775413753797,-0.045134466535195,1.3846701563124952e-12,significant
0.05,smallworldness,0.1790140496046574,500,ancova_p_value,,10.0,500.0,0.0016604995248597615,0.0010006149911975,-0.04833950047514024,0.0,significant
0.05,smallworldness,0.1790140496046574,500,ancova_p_value,,15.0,500.0,0.0001217965039979378,8.687308472717458e-05,-0.04987820349600206,0.0,significant
0.05,smallworldness,0.1790140496046574,1000,ancova_p_value,,0.5,1000.0,0.4796648624377731,0.1111894475546684,0.42966486243777313,3.859295584099225e-08,non-significant
0.05,smallworldness,0.1790140496046574,1000,ancova_p_value,,1.0,1000.0,0.31755241808467255,0.0865890204475453,0.26755241808467256,5.329674299833963e-06,non-significant
0.05,smallworldness,0.1790140496046574,1000,ancova_p_value,,2.0,1000.0,0.1576104641334238,0.0525320052099944,0.1076104641334238,0.004270294631242284,non-significant
0.05,smallworldness,0.1790140496046574,1000,ancova_p_value,,4.0,1000.0,0.04577034649325166,0.0193640120461049,-0.0042296535067483446,0.36484974443660323,significant
0.05,smallworldness,0.1790140496046574,1000,ancova_p_value,,6.0,1000.0,0.014476528145859816,0.0071520288017682,-0.03552347185414019,0.00044354871395912987,significant
0.05,smallworldness,0.1790140496046574,1000,ancova_p_value,,8.0,1000.0,0.00477118583723039,0.0026468070590242,-0.04522881416276961,1.0772494007937894e-12,significant
0.05,smallworldness,0.1790140496046574,1000,ancova_p_value,,10.0,1000.0,0.0016125523948250528,0.000981456434953,-0.04838744760517495,0.0,significant
0.05,smallworldness,0.1790140496046574,1000,ancova_p_value,,15.0,1000.0,0.00011449967420285442,8.288280859527537e-05,-0.049885500325797145,0.0,significant
0.1,smallworldness,0.1097978345696025,30,ancova_p_value,,0.5,30.0,0.4849569686830381,0.0672430375474938,0.4349569686830381,1.8312207199213503e-20,non-significant
0.1,smallworldness,0.1097978345696025,30,ancova_p_value,,1.0,30.0,0.3253086154260302,0.0522623072580685,0.2753086154260302,6.886159123191782e-15,non-significant
0.1,smallworldness,0.1097978345696025,30,ancova_p_value,,2.0,30.0,0.167594108019346,0.0319499490084104,0.11759410801934599,3.6524312325212937e-07,non-significant
0.1,smallworldness,0.1097978345696025,30,ancova_p_value,,4.0,30.0,0.054625044962983094,0.0124845133810754,0.004625044962983091,0.3792334340233499,non-significant
0.1,smallworldness,0.1097978345696025,30,ancova_p_value,,6.0,30.0,0.0203613903722062,0.0051476151624328,-0.029638609627793803,9.056755950420659e-06,significant
0.1,smallworldness,0.1097978345696025,30,ancova_p_value,,8.0,30.0,0.008257335914631373,0.0022266352788988,-0.04174266408536863,0.0,significant
0.1,smallworldness,0.1097978345696025,30,ancova_p_value,,10.0,30.0,0.0035685233088176825,0.0010054603933714,-0.04643147669118232,0.0,significant
0.1,smallworldness,0.1097978345696025,30,ancova_p_value,,15.0,30.0,0.0005407062921313466,0.0001619947238345,-0.049459293707868654,0.0,significant
0.1,smallworldness,0.1097978345696025,50,ancova_p_value,,0.5,50.0,0.48278284379668057,0.0676343744146178,0.4327828437966806,4.326077034201541e-20,non-significant
0.1,smallworldness,0.1097978345696025,50,ancova_p_value,,1.0,50.0,0.32212564510024433,0.0526087676791686,0.27212564510024434,2.1059820845894364e-14,non-significant
0.1,smallworldness,0.1097978345696025,50,ancova_p_value,,2.0,50.0,0.16349617189550622,0.0320636055174432,0.11349617189550622,1.0880288113247916e-06,non-significant
0.1,smallworldness,0.1097978345696025,50,ancova_p_value,,4.0,50.0,0.05094706873769324,0.0122477621522094,0.0009470687376932352,0.4994353094486405,non-significant
0.1,smallworldness,0.1097978345696025,50,ancova_p_value,,6.0,50.0,0.01785224137520709,0.0048451020714174,-0.03214775862479291,1.3187482341692203e-06,significant
0.1,smallworldness,0.1097978345696025,50,ancova_p_value,,8.0,50.0,0.006713432842279582,0.0019800847707606,-0.04328656715772042,0.0,significant
0.1,smallworldness,0.1097978345696025,50,ancova_p_value,,10.0,50.0,0.0026605541904910716,0.0008341434321423,-0.04733944580950893,0.0,significant
0.1,smallworldness,0.1097978345696025,50,ancova_p_value,,15.0,50.0,0.00031306556427201346,0.000108344538745,-0.04968693443572799,0.0,significant
0.1,smallworldness,0.1097978345696025,75,ancova_p_value,,0.5,75.0,0.4816914470000123,0.0678312902603918,0.43169144700001233,6.6234026973102e-20,non-significant
0.1,smallworldness,0.1097978345696025,75,ancova_p_value,,1.0,75.0,0.3205260061237414,0.0527834451940887,0.2705260061237414,3.65018521131737e-14,non-significant
0.1,smallworldness,0.1097978345696025,75,ancova_p_value,,2.0,75.0,0.16143714082856858,0.0321193452379098,0.11143714082856858,1.841904050047198e-06,non-significant
0.1,smallworldness,0.1097978345696025,75,ancova_p_value,,4.0,75.0,0.04912138289485513,0.0121222928366645,-0.0008786171051448702,0.4403565463876874,significant
0.1,smallworldness,0.1097978345696025,75,ancova_p_value,,6.0,75.0,0.016639791628428848,0.0046879559546248,-0.03336020837157115,4.737612124827706e-07,significant
0.1,smallworldness,0.1097978345696025,75,ancova_p_value,,8.0,75.0,0.005996484169924953,0.0018554392085989,-0.04400351583007505,0.0,significant
0.1,smallworldness,0.1097978345696025,75,ancova_p_value,,10.0,75.0,0.0022598459055359287,0.0007507495194641,-0.047740154094464075,0.0,significant
0.1,smallworldness,0.1097978345696025,75,ancova_p_value,,15.0,75.0,0.0002280430925145892,8.554583728384249e-05,-0.04977195690748541,0.0,significant
0.1,smallworldness,0.1097978345696025,100,ancova_p_value,,0.5,100.0,0.48114467698573943,0.0679300602402762,0.43114467698573944,8.187494010025829e-20,non-significant
0.1,smallworldness,0.1097978345696025,100,ancova_p_value,,1.0,100.0,0.31972415578412333,0.0528711482419251,0.26972415578412334,4.794864699280743e-14,non-significant
0.1,smallworldness,0.1097978345696025,100,ancova_p_value,,2.0,100.0,0.16040513148560548,0.0321469255514918,0.11040513148560548,2.3850347215236537e-06,non-significant
0.1,smallworldness,0.1097978345696025,100,ancova_p_value,,4.0,100.0,0.04821217873113365,0.0120577002659814,-0.0017878212688663547,0.41083309988414995,significant
0.1,smallworldness,0.1097978345696025,100,ancova_p_value,,6.0,100.0,0.016044679166962617,0.0046078880852743,-0.033955320833037386,2.796051895570528e-07,significant
0.1,smallworldness,0.1097978345696025,100,ancova_p_value,,8.0,100.0,0.005652215916228005,0.001792868621505,-0.044347784083772,0.0,significant
0.1,smallworldness,0.1097978345696025,100,ancova_p_value,,10.0,100.0,0.00207287258086666,0.0007097698021736,-0.047927127419133346,0.0,significant
0.1,smallworldness,0.1097978345696025,100,ancova_p_value,,15.0,100.0,0.0001920508540141487,7.519815419281223e-05,-0.04980794914598585,0.0,significant
0.1,smallworldness,0.1097978345696025,300,ancova_p_value,,0.5,300.0,0.4800490110787622,0.0681282245930443,0.4300490110787622,1.2486532831213162e-19,non-significant
0.1,smallworldness,0.1097978345696025,300,ancova_p_value,,1.0,300.0,0.31811640443062633,0.0530472865009061,0.26811640443062634,8.236896186777041e-14,non-significant
0.1,smallworldness,0.1097978345696025,300,ancova_p_value,,2.0,300.0,0.15833615787546532,0.032201480949016,0.10833615787546531,3.960968078042659e-06,non-significant
0.1,smallworldness,0.1097978345696025,300,ancova_p_value,,4.0,300.0,0.0464015209831491,0.0119246715924701,-0.0035984790168509043,0.35373710003667114,significant
0.1,smallworldness,0.1097978345696025,300,ancova_p_value,,6.0,300.0,0.014877544674688336,0.004444737067433,-0.03512245532531166,9.435593106843498e-08,significant
0.1,smallworldness,0.1097978345696025,300,ancova_p_value,,8.0,300.0,0.004992719858471545,0.0016673928203557,-0.04500728014152846,0.0,significant
0.1,smallworldness,0.1097978345696025,300,ancova_p_value,,10.0,300.0,0.0017256705948826214,0.0006294856560586,-0.04827432940511738,0.0,significant
0.1,smallworldness,0.1097978345696025,300,ancova_p_value,,15.0,300.0,0.00013201666015390175,5.664771743996801e-05,-0.0498679833398461,0.0,significant
0.1,smallworldness,0.1097978345696025,500,ancova_p_value,,0.5,500.0,0.47982953965954955,0.0681679573962587,0.42982953965954956,1.358201061152824e-19,non-significant
0.1,smallworldness,0.1097978345696025,500,ancova_p_value,,1.0,500.0,0.3177942072606085,0.0530826316929615,0.2677942072606085,9.171735579000934e-14,non-significant
0.1,smallworldness,0.1097978345696025,500,ancova_p_value,,2.0,500.0,0.15792157401181234,0.0322122922617292,0.10792157401181234,4.377250182099041e-06,non-significant
0.1,smallworldness,0.1097978345696025,500,ancova_p_value,,4.0,500.0,0.046040682769031456,0.0118974365133168,-0.003959317230968547,0.3427072688927453,significant
0.1,smallworldness,0.1097978345696025,500,ancova_p_value,,6.0,500.0,0.01464790875937049,0.0044116221364952,-0.03535209124062951,7.553920433611694e-08,significant
0.1,smallworldness,0.1097978345696025,500,ancova_p_value,,8.0,500.0,0.004865533464805003,0.0016422635297981,-0.045134466535195,0.0,significant
0.1,smallworldness,0.1097978345696025,500,ancova_p_value,,10.0,500.0,0.0016604995248597615,0.000613724785926,-0.04833950047514024,0.0,significant
0.1,smallworldness,0.1097978345696025,500,ancova_p_value,,15.0,500.0,0.0001217965039979378,5.328339650709301e-05,-0.04987820349600206,0.0,significant
0.1,smallworldness,0.1097978345696025,1000,ancova_p_value,,0.5,1000.0,0.4796648624377731,0.0681977788640302,0.42966486243777313,1.44652500551898e-19,non-significant
0.1,smallworldness,0.1097978345696025,1000,ancova_p_value,,1.0,1000.0,0.31755241808467255,0.0531091663678902,0.26755241808467256,9.940307165432116e-14,non-significant
0.1,smallworldness,0.1097978345696025,1000,ancova_p_value,,2.0,1000.0,0.1576104641334238,0.0322203784026703,0.1076104641334238,4.7163624457654055e-06,non-significant
0.1,smallworldness,0.1097978345696025,1000,ancova_p_value,,4.0,1000.0,0.04577034649325166,0.0118768699771747,-0.0042296535067483446,0.33453224557756955,significant
0.1,smallworldness,0.1097978345696025,1000,ancova_p_value,,6.0,1000.0,0.014476528145859816,0.0043866795759764,-0.03552347185414019,6.385960227284215e-08,significant
0.1,smallworldness,0.1097978345696025,1000,ancova_p_value,,8.0,1000.0,0.00477118583723039,0.0016234127111598,-0.04522881416276961,0.0,significant
0.1,smallworldness,0.1097978345696025,1000,ancova_p_value,,10.0,1000.0,0.0016125523948250528,0.0006019739317681,-0.04838744760517495,0.0,significant
0.1,smallworldness,0.1097978345696025,1000,ancova_p_value,,15.0,1000.0,0.00011449967420285442,5.0835970287838855e-05,-0.049885500325797145,0.0,significant
0.2,smallworldness,0.0410164400931538,30,ancova_p_value,,0.5,30.0,0.4849569686830381,0.025119530198932,0.4349569686830381,3.09323865960921e-137,non-significant
0.2,smallworldness,0.0410164400931538,30,ancova_p_value,,1.0,30.0,0.3253086154260302,0.0195232793359116,0.2753086154260302,1.0015665557541634e-96,non-significant
0.2,smallworldness,0.0410164400931538,30,ancova_p_value,,2.0,30.0,0.167594108019346,0.0119353280018656,0.11759410801934599,1.636579536771211e-41,non-significant
0.2,smallworldness,0.0410164400931538,30,ancova_p_value,,4.0,30.0,0.054625044962983094,0.0046637558672657,0.004625044962983091,0.16056109586858405,non-significant
0.2,smallworldness,0.0410164400931538,30,ancova_p_value,,6.0,30.0,0.0203613903722062,0.001922960045252,-0.029638609627793803,0.0,significant
0.2,smallworldness,0.0410164400931538,30,ancova_p_value,,8.0,30.0,0.008257335914631373,0.0008317891958821,-0.04174266408536863,0.0,significant
0.2,smallworldness,0.0410164400931538,30,ancova_p_value,,10.0,30.0,0.0035685233088176825,0.0003756030904654,-0.04643147669118232,0.0,significant
0.2,smallworldness,0.0410164400931538,30,ancova_p_value,,15.0,30.0,0.0005407062921313466,6.051528166845402e-05,-0.049459293707868654,0.0,significant
0.2,smallworldness,0.0410164400931538,50,ancova_p_value,,0.5,50.0,0.48278284379668057,0.0252657192857164,0.4327828437966806,1.4248581513630745e-134,non-significant
0.2,smallworldness,0.0410164400931538,50,ancova_p_value,,1.0,50.0,0.32212564510024433,0.0196527042299672,0.27212564510024434,2.821071627683748e-93,non-significant
0.2,smallworldness,0.0410164400931538,50,ancova_p_value,,2.0,50.0,0.16349617189550622,0.0119777859010784,0.11349617189550622,3.3719639466278796e-38,non-significant
0.2,smallworldness,0.0410164400931538,50,ancova_p_value,,4.0,50.0,0.05094706873769324,0.004575314299781,0.0009470687376932352,0.4286656215416013,non-significant
0.2,smallworldness,0.0410164400931538,50,ancova_p_value,,6.0,50.0,0.01785224137520709,0.0018099522603201,-0.03214775862479291,0.0,significant
0.2,smallworldness,0.0410164400931538,50,ancova_p_value,,8.0,50.0,0.006713432842279582,0.0007396869774129,-0.04328656715772042,0.0,significant
0.2,smallworldness,0.0410164400931538,50,ancova_p_value,,10.0,50.0,0.0026605541904910716,0.0003116053631447,-0.04733944580950893,0.0,significant
0.2,smallworldness,0.0410164400931538,50,ancova_p_value,,15.0,50.0,0.00031306556427201346,4.0473542126559495e-05,-0.04968693443572799,0.0,significant
0.2,smallworldness,0.0410164400931538,75,ancova_p_value,,0.5,75.0,0.4816914470000123,0.0253392798165159,0.43169144700001233,2.973652633191673e-133,non-significant
0.2,smallworldness,0.0410164400931538,75,ancova_p_value,,1.0,75.0,0.3205260061237414,0.0197179573367741,0.2705260061237414,1.4036580259900165e-91,non-significant
0.2,smallworldness,0.0410164400931538,75,ancova_p_value,,2.0,75.0,0.16143714082856858,0.0119986082143261,0.11143714082856858,1.3287557671184535e-36,non-significant
0.2,smallworldness,0.0410164400931538,75,ancova_p_value,,4.0,75.0,0.04912138289485513,0.0045284435697274,-0.0008786171051448702,0.41216174550091533,significant
0.2,smallworldness,0.0410164400931538,75,ancova_p_value,,6.0,75.0,0.016639791628428848,0.0017512482402403,-0.03336020837157115,0.0,significant
0.2,smallworldness,0.0410164400931538,75,ancova_p_value,,8.0,75.0,0.005996484169924953,0.0006931239713816,-0.04400351583007505,0.0,significant
0.2,smallworldness,0.0410164400931538,75,ancova_p_value,,10.0,75.0,0.0022598459055359287,0.0002804524589284,-0.047740154094464075,0.0,significant
0.2,smallworldness,0.0410164400931538,75,ancova_p_value,,15.0,75.0,0.0002280430925145892,3.1956784247390014e-05,-0.04977195690748541,0.0,significant
0.2,smallworldness,0.0410164400931538,100,ancova_p_value,,0.5,100.0,0.48114467698573943,0.0253761766549537,0.43114467698573944,1.348966147614901e-132,non-significant
0.2,smallworldness,0.0410164400931538,100,ancova_p_value,,1.0,100.0,0.31972415578412333,0.0197507199756883,0.26972415578412334,9.742853273000786e-91,non-significant
0.2,smallworldness,0.0410164400931538,100,ancova_p_value,,2.0,100.0,0.16040513148560548,0.0120089112069508,0.11040513148560548,8.053262296762715e-36,non-significant
0.2,smallworldness,0.0410164400931538,100,ancova_p_value,,4.0,100.0,0.04821217873113365,0.004504314156645,-0.0017878212688663547,0.33661529394587686,significant
0.2,smallworldness,0.0410164400931538,100,ancova_p_value,,6.0,100.0,0.016044679166962617,0.0017213378237054,-0.033955320833037386,0.0,significant
0.2,smallworldness,0.0410164400931538,100,ancova_p_value,,8.0,100.0,0.005652215916228005,0.000669749897137,-0.044347784083772,0.0,significant
0.2,smallworldness,0.0410164400931538,100,ancova_p_value,,10.0,100.0,0.00207287258086666,0.0002651439409975,-0.047927127419133346,0.0,significant
0.2,smallworldness,0.0410164400931538,100,ancova_p_value,,15.0,100.0,0.0001920508540141487,2.809126972909472e-05,-0.04980794914598585,0.0,significant
0.2,smallworldness,0.0410164400931538,300,ancova_p_value,,0.5,300.0,0.4800490110787622,0.025450203582131,0.4300490110787622,2.7372497232321086e-131,non-significant
0.2,smallworldness,0.0410164400931538,300,ancova_p_value,,1.0,300.0,0.31811640443062633,0.0198165187628495,0.26811640443062634,4.545157297600445e-89,non-significant
0.2,smallworldness,0.0410164400931538,300,ancova_p_value,,2.0,300.0,0.15833615787546532,0.0120292911006262,0.10833615787546531,2.7584359308612268e-34,non-significant
0.2,smallworldness,0.0410164400931538,300,ancova_p_value,,4.0,300.0,0.0464015209831491,0.0044546195279746,-0.0035984790168509043,0.20644466846704268,significant
0.2,smallworldness,0.0410164400931538,300,ancova_p_value,,6.0,300.0,0.014877544674688336,0.0016603905930459,-0.03512245532531166,0.0,significant
0.2,smallworldness,0.0410164400931538,300,ancova_p_value,,8.0,300.0,0.004992719858471545,0.0006228767442997,-0.04500728014152846,0.0,significant
0.2,smallworldness,0.0410164400931538,300,ancova_p_value,,10.0,300.0,0.0017256705948826214,0.0002351527314034,-0.04827432940511738,0.0,significant
0.2,smallworldness,0.0410164400931538,300,ancova_p_value,,15.0,300.0,0.00013201666015390175,2.116150758253304e-05,-0.0498679833398461,0.0,significant
0.2,smallworldness,0.0410164400931538,500,ancova_p_value,,0.5,500.0,0.47982953965954955,0.0254650462987398,0.42982953965954956,4.986531745102308e-131,non-significant
0.2,smallworldness,0.0410164400931538,500,ancova_p_value,,1.0,500.0,0.3177942072606085,0.0198297224290075,0.2677942072606085,9.751800691071057e-89,non-significant
0.2,smallworldness,0.0410164400931538,500,ancova_p_value,,2.0,500.0,0.15792157401181234,0.0120333298101505,0.10792157401181234,5.530437678294505e-34,non-significant
0.2,smallworldness,0.0410164400931538,500,ancova_p_value,,4.0,500.0,0.046040682769031456,0.0044444455022582,-0.003959317230968547,0.18463132623601264,significant
0.2,smallworldness,0.0410164400931538,500,ancova_p_value,,6.0,500.0,0.01464790875937049,0.0016480200705641,-0.03535209124062951,0.0,significant
0.2,smallworldness,0.0410164400931538,500,ancova_p_value,,8.0,500.0,0.004865533464805003,0.0006134893638948,-0.045134466535195,0.0,significant
0.2,smallworldness,0.0410164400931538,500,ancova_p_value,,10.0,500.0,0.0016604995248597615,0.0002292650489355,-0.04833950047514024,0.0,significant
0.2,smallworldness,0.0410164400931538,500,ancova_p_value,,15.0,500.0,0.0001217965039979378,1.9904720793081967e-05,-0.04987820349600206,0.0,significant
0.2,smallworldness,0.0410164400931538,1000,ancova_p_value,,0.5,1000.0,0.4796648624377731,0.0254761865042925,0.42966486243777313,7.815332600994153e-131,non-significant
0.2,smallworldness,0.0410164400931538,1000,ancova_p_value,,1.0,1000.0,0.31755241808467255,0.0198396348094189,0.26755241808467256,1.726822522603646e-88,non-significant
0.2,smallworldness,0.0410164400931538,1000,ancova_p_value,,2.0,1000.0,0.1576104641334238,0.0120363504955474,0.1076104641334238,9.295563946762237e-34,non-significant
0.2,smallworldness,0.0410164400931538,1000,ancova_p_value,,4.0,1000.0,0.04577034649325166,0.0044367625993949,-0.0042296535067483446,0.1692717916251948,significant
0.2,smallworldness,0.0410164400931538,1000,ancova_p_value,,6.0,1000.0,0.014476528145859816,0.0016387024456465,-0.03552347185414019,0.0,significant
0.2,smallworldness,0.0410164400931538,1000,ancova_p_value,,8.0,1000.0,0.00477118583723039,0.0006064473901035,-0.04522881416276961,0.0,significant
0.2,smallworldness,0.0410164400931538,1000,ancova_p_value,,10.0,1000.0,0.0016125523948250528,0.0002248753612199,-0.04838744760517495,0.0,significant
0.2,smallworldness,0.0410164400931538,1000,ancova_p_value,,15.0,1000.0,0.00011449967420285442,1.8990452207567957e-05,-0.049885500325797145,0.0,significant
0.3,smallworldness,0.0304150351242991,30,ancova_p_value,,0.5,30.0,0.4849569686830381,0.0186269552299331,0.4349569686830381,4.7148344423624075e-248,non-significant
0.3,smallworldness,0.0304150351242991,30,ancova_p_value,,1.0,30.0,0.3253086154260302,0.0144771517321994,0.2753086154260302,2.620092372415063e-174,non-significant
0.3,smallworldness,0.0304150351242991,30,ancova_p_value,,2.0,30.0,0.167594108019346,0.0088504370338411,0.11759410801934599,6.3857387591726044e-74,non-significant
0.3,smallworldness,0.0304150351242991,30,ancova_p_value,,4.0,30.0,0.054625044962983094,0.0034583278849136,0.004625044962983091,0.08777699030256109,non-significant
0.3,smallworldness,0.0304150351242991,30,ancova_p_value,,6.0,30.0,0.0203613903722062,0.0014259379211392,-0.029638609627793803,0.0,significant
0.3,smallworldness,0.0304150351242991,30,ancova_p_value,,8.0,30.0,0.008257335914631373,0.0006167989604,-0.04174266408536863,0.0,significant
0.3,smallworldness,0.0304150351242991,30,ancova_p_value,,10.0,30.0,0.0035685233088176825,0.0002785220063798,-0.04643147669118232,0.0,significant
0.3,smallworldness,0.0304150351242991,30,ancova_p_value,,15.0,30.0,0.0005407062921313466,4.487406545577073e-05,-0.049459293707868654,0.0,significant
0.3,smallworldness,0.0304150351242991,50,ancova_p_value,,0.5,50.0,0.48278284379668057,0.0187353592308468,0.4327828437966806,3.2768620752055883e-243,non-significant
0.3,smallworldness,0.0304150351242991,50,ancova_p_value,,1.0,50.0,0.32212564510024433,0.0145731245345615,0.27212564510024434,4.876093512130885e-168,non-significant
0.3,smallworldness,0.0304150351242991,50,ancova_p_value,,2.0,50.0,0.16349617189550622,0.0088819209581633,0.11349617189550622,6.61061146318559e-68,non-significant
0.3,smallworldness,0.0304150351242991,50,ancova_p_value,,4.0,50.0,0.05094706873769324,0.0033927455629133,0.0009470687376932352,0.39754456343964956,non-significant
0.3,smallworldness,0.0304150351242991,50,ancova_p_value,,6.0,50.0,0.01785224137520709,0.0013421389434557,-0.03214775862479291,0.0,significant
0.3,smallworldness,0.0304150351242991,50,ancova_p_value,,8.0,50.0,0.006713432842279582,0.0005485021456739,-0.04328656715772042,0.0,significant
0.3,smallworldness,0.0304150351242991,50,ancova_p_value,,10.0,50.0,0.0026605541904910716,0.0002310655932948,-0.04733944580950893,0.0,significant
0.3,smallworldness,0.0304150351242991,50,ancova_p_value,,15.0,50.0,0.00031306556427201346,3.0012458482216686e-05,-0.04968693443572799,0.0,significant
0.3,smallworldness,0.0304150351242991,75,ancova_p_value,,0.5,75.0,0.4816914470000123,0.0187899067762444,0.43169144700001233,8.209785407520492e-241,non-significant
0.3,smallworldness,0.0304150351242991,75,ancova_p_value,,1.0,75.0,0.3205260061237414,0.0146215118526953,0.2705260061237414,5.91507567618249e-165,non-significant
0.3,smallworldness,0.0304150351242991,75,ancova_p_value,,2.0,75.0,0.16143714082856858,0.0088973613861322,0.11143714082856858,5.198563408559484e-65,non-significant
0.3,smallworldness,0.0304150351242991,75,ancova_p_value,,4.0,75.0,0.04912138289485513,0.0033579893798403,-0.0008786171051448702,0.38907765362719804,significant
0.3,smallworldness,0.0304150351242991,75,ancova_p_value,,6.0,75.0,0.016639791628428848,0.0012986079878533,-0.03336020837157115,0.0,significant
0.3,smallworldness,0.0304150351242991,75,ancova_p_value,,8.0,75.0,0.005996484169924953,0.0005139741500527,-0.04400351583007505,0.0,significant
0.3,smallworldness,0.0304150351242991,75,ancova_p_value,,10.0,75.0,0.0022598459055359287,0.0002079646934164,-0.047740154094464075,0.0,significant
0.3,smallworldness,0.0304150351242991,75,ancova_p_value,,15.0,75.0,0.0002280430925145892,2.3697003278113597e-05,-0.04977195690748541,0.0,significant
0.3,smallworldness,0.0304150351242991,100,ancova_p_value,,0.5,100.0,0.48114467698573943,0.018817266991673,0.43114467698573944,1.2829887679249994e-239,non-significant
0.3,smallworldness,0.0304150351242991,100,ancova_p_value,,1.0,100.0,0.31972415578412333,0.0146458064236302,0.26972415578412334,2.0006370044223288e-163,non-significant
0.3,smallworldness,0.0304150351242991,100,ancova_p_value,,2.0,100.0,0.16040513148560548,0.008905001392965,0.11040513148560548,1.3674532472895888e-63,non-significant
0.3,smallworldness,0.0304150351242991,100,ancova_p_value,,4.0,100.0,0.04821217873113365,0.003340096628915,-0.0017878212688663547,0.29085695916243137,significant
0.3,smallworldness,0.0304150351242991,100,ancova_p_value,,6.0,100.0,0.016044679166962617,0.0012764284333277,-0.033955320833037386,0.0,significant
0.3,smallworldness,0.0304150351242991,100,ancova_p_value,,8.0,100.0,0.005652215916228005,0.0004966415076406,-0.044347784083772,0.0,significant
0.3,smallworldness,0.0304150351242991,100,ancova_p_value,,10.0,100.0,0.00207287258086666,0.0001966129254543,-0.047927127419133346,0.0,significant
0.3,smallworldness,0.0304150351242991,100,ancova_p_value,,15.0,100.0,0.0001920508540141487,2.083059752519055e-05,-0.04980794914598585,0.0,significant
0.3,smallworldness,0.0304150351242991,300,ancova_p_value,,0.5,300.0,0.4800490110787622,0.0188721603852763,0.4300490110787622,3.05416752017418e-237,non-significant
0.3,smallworldness,0.0304150351242991,300,ancova_p_value,,1.0,300.0,0.31811640443062633,0.0146945983816378,0.26811640443062634,2.158395370606505e-160,non-significant
0.3,smallworldness,0.0304150351242991,300,ancova_p_value,,2.0,300.0,0.15833615787546532,0.0089201137523154,0.10833615787546531,8.330113299494373e-61,non-significant
0.3,smallworldness,0.0304150351242991,300,ancova_p_value,,4.0,300.0,0.0464015209831491,0.0033032464324312,-0.0035984790168509043,0.1387386009842294,significant
0.3,smallworldness,0.0304150351242991,300,ancova_p_value,,6.0,300.0,0.014877544674688336,0.0012312340635329,-0.03512245532531166,0.0,significant
0.3,smallworldness,0.0304150351242991,300,ancova_p_value,,8.0,300.0,0.004992719858471545,0.0004618835279941,-0.04500728014152846,0.0,significant
0.3,smallworldness,0.0304150351242991,300,ancova_p_value,,10.0,300.0,0.0017256705948826214,0.0001743734602264,-0.04827432940511738,0.0,significant
0.3,smallworldness,0.0304150351242991,300,ancova_p_value,,15.0,300.0,0.00013201666015390175,1.569195168922752e-05,-0.0498679833398461,0.0,significant
0.3,smallworldness,0.0304150351242991,500,ancova_p_value,,0.5,500.0,0.47982953965954955,0.018883166746286,0.42982953965954956,9.08754894765855e-237,non-significant
0.3,smallworldness,0.0304150351242991,500,ancova_p_value,,1.0,500.0,0.3177942072606085,0.014704389332999,0.2677942072606085,8.642776533528019e-160,non-significant
0.3,smallworldness,0.0304150351242991,500,ancova_p_value,,2.0,500.0,0.15792157401181234,0.0089231085878439,0.10792157401181234,2.942908977158484e-60,non-significant
0.3,smallworldness,0.0304150351242991,500,ancova_p_value,,4.0,500.0,0.046040682769031456,0.0032957020587893,-0.003959317230968547,0.11653117794773038,significant
0.3,smallworldness,0.0304150351242991,500,ancova_p_value,,6.0,500.0,0.01464790875937049,0.0012220609155236,-0.03535209124062951,0.0,significant
0.3,smallworldness,0.0304150351242991,500,ancova_p_value,,8.0,500.0,0.004865533464805003,0.0004549224776423,-0.045134466535195,0.0,significant
0.3,smallworldness,0.0304150351242991,500,ancova_p_value,,10.0,500.0,0.0016604995248597615,0.0001700075506385,-0.04833950047514024,0.0,significant
0.3,smallworldness,0.0304150351242991,500,ancova_p_value,,15.0,500.0,0.0001217965039979378,1.4760003078911876e-05,-0.04987820349600206,0.0,significant
0.3,smallworldness,0.0304150351242991,1000,ancova_p_value,,0.5,1000.0,0.4796648624377731,0.0188914275739543,0.42966486243777313,2.0569438418000027e-236,non-significant
0.3,smallworldness,0.0304150351242991,1000,ancova_p_value,,1.0,1000.0,0.31755241808467255,0.0147117396880687,0.26755241808467256,2.441490535959232e-159,non-significant
0.3,smallworldness,0.0304150351242991,1000,ancova_p_value,,2.0,1000.0,0.1576104641334238,0.0089253485251041,0.1076104641334238,7.549995770966492e-60,non-significant
0.3,smallworldness,0.0304150351242991,1000,ancova_p_value,,4.0,1000.0,0.04577034649325166,0.0032900049344189,-0.0042296535067483446,0.10163872525532314,significant
0.3,smallworldness,0.0304150351242991,1000,ancova_p_value,,6.0,1000.0,0.014476528145859816,0.0012151515911526,-0.03552347185414019,0.0,significant
0.3,smallworldness,0.0304150351242991,1000,ancova_p_value,,8.0,1000.0,0.00477118583723039,0.0004497006231927,-0.04522881416276961,0.0,significant
0.3,smallworldness,0.0304150351242991,1000,ancova_p_value,,10.0,1000.0,0.0016125523948250528,0.0001667524532738,-0.04838744760517495,0.0,significant
0.3,smallworldness,0.0304150351242991,1000,ancova_p_value,,15.0,1000.0,0.00011449967420285442,1.4082042946869765e-05,-0.049885500325797145,0.0,significant
0.4,smallworldness,0.0353798665861407,30,ancova_p_value,,0.5,30.0,0.4849569686830381,0.0216675466014684,0.4349569686830381,8.145683117589324e-184,non-significant
0.4,smallworldness,0.0353798665861407,30,ancova_p_value,,1.0,30.0,0.3253086154260302,0.0168403453995463,0.2753086154260302,2.4420825927271618e-129,non-significant
0.4,smallworldness,0.0353798665861407,30,ancova_p_value,,2.0,30.0,0.167594108019346,0.010295147784859,0.11759410801934599,3.845250875661849e-55,non-significant
0.4,smallworldness,0.0353798665861407,30,ancova_p_value,,4.0,30.0,0.054625044962983094,0.0040228518125768,0.004625044962983091,0.12336411004967741,non-significant
0.4,smallworldness,0.0353798665861407,30,ancova_p_value,,6.0,30.0,0.0203613903722062,0.0016587024543568,-0.029638609627793803,0.0,significant
0.4,smallworldness,0.0353798665861407,30,ancova_p_value,,8.0,30.0,0.008257335914631373,0.0007174828120448,-0.04174266408536863,0.0,significant
0.4,smallworldness,0.0353798665861407,30,ancova_p_value,,10.0,30.0,0.0035685233088176825,0.0003239868501466,-0.04643147669118232,0.0,significant
0.4,smallworldness,0.0353798665861407,30,ancova_p_value,,15.0,30.0,0.0005407062921313466,5.21991325183288e-05,-0.049459293707868654,0.0,significant
0.4,smallworldness,0.0353798665861407,50,ancova_p_value,,0.5,50.0,0.48278284379668057,0.0217936460478132,0.4327828437966806,3.0891410277506286e-180,non-significant
0.4,smallworldness,0.0353798665861407,50,ancova_p_value,,1.0,50.0,0.32212564510024433,0.0169519844270731,0.27212564510024434,1.0533804997439974e-124,non-significant
0.4,smallworldness,0.0353798665861407,50,ancova_p_value,,2.0,50.0,0.16349617189550622,0.0103317710219382,0.11349617189550622,1.081404190075885e-50,non-significant
0.4,smallworldness,0.0353798665861407,50,ancova_p_value,,4.0,50.0,0.05094706873769324,0.0039465640886502,0.0009470687376932352,0.414159455305826,non-significant
0.4,smallworldness,0.0353798665861407,50,ancova_p_value,,6.0,50.0,0.01785224137520709,0.0015612244590699,-0.03214775862479291,0.0,significant
0.4,smallworldness,0.0353798665861407,50,ancova_p_value,,8.0,50.0,0.006713432842279582,0.0006380374922089,-0.04328656715772042,0.0,significant
0.4,smallworldness,0.0353798665861407,50,ancova_p_value,,10.0,50.0,0.0026605541904910716,0.0002687838376647,-0.04733944580950893,0.0,significant
0.4,smallworldness,0.0353798665861407,50,ancova_p_value,,15.0,50.0,0.00031306556427201346,3.49115749064052e-05,-0.04968693443572799,0.0,significant
0.4,smallworldness,0.0353798665861407,75,ancova_p_value,,0.5,75.0,0.4816914470000123,0.021857097721332,0.43169144700001233,1.8320867289934528e-178,non-significant
0.4,smallworldness,0.0353798665861407,75,ancova_p_value,,1.0,75.0,0.3205260061237414,0.0170082703019057,0.2705260061237414,2.0059730361068495e-122,non-significant
0.4,smallworldness,0.0353798665861407,75,ancova_p_value,,2.0,75.0,0.16143714082856858,0.0103497318850225,0.11143714082856858,1.499349922076595e-48,non-significant
0.4,smallworldness,0.0353798665861407,75,ancova_p_value,,4.0,75.0,0.04912138289485513,0.0039061344420908,-0.0008786171051448702,0.4017847591138213,significant
0.4,smallworldness,0.0353798665861407,75,ancova_p_value,,6.0,75.0,0.016639791628428848,0.0015105876804081,-0.03336020837157115,0.0,significant
0.4,smallworldness,0.0353798665861407,75,ancova_p_value,,8.0,75.0,0.005996484169924953,0.0005978732815291,-0.04400351583007505,0.0,significant
0.4,smallworldness,0.0353798665861407,75,ancova_p_value,,10.0,75.0,0.0022598459055359287,0.000241912037176,-0.047740154094464075,0.0,significant
0.4,smallworldness,0.0353798665861407,75,ancova_p_value,,15.0,75.0,0.0002280430925145892,2.75652094776372e-05,-0.04977195690748541,0.0,significant
0.4,smallworldness,0.0353798665861407,100,ancova_p_value,,0.5,100.0,0.48114467698573943,0.0218889241113944,0.43114467698573944,1.3976622245412925e-177,non-significant
0.4,smallworldness,0.0353798665861407,100,ancova_p_value,,1.0,100.0,0.31972415578412333,0.0170365306236489,0.26972415578412334,2.708851293962201e-121,non-significant
0.4,smallworldness,0.0353798665861407,100,ancova_p_value,,2.0,100.0,0.16040513148560548,0.010358619016711,0.11040513148560548,1.6839822099115436e-47,non-significant
0.4,smallworldness,0.0353798665861407,100,ancova_p_value,,4.0,100.0,0.04821217873113365,0.0038853209484351,-0.0017878212688663547,0.3155466541186729,significant
0.4,smallworldness,0.0353798665861407,100,ancova_p_value,,6.0,100.0,0.016044679166962617,0.0014847876220867,-0.033955320833037386,0.0,significant
0.4,smallworldness,0.0353798665861407,100,ancova_p_value,,8.0,100.0,0.005652215916228005,0.0005777113263114,-0.044347784083772,0.0,significant
0.4,smallworldness,0.0353798665861407,100,ancova_p_value,,10.0,100.0,0.00207287258086666,0.0002287072509782,-0.047927127419133346,0.0,significant
0.4,smallworldness,0.0353798665861407,100,ancova_p_value,,15.0,100.0,0.0001920508540141487,2.4230902852452905e-05,-0.04980794914598585,0.0,significant
0.4,smallworldness,0.0353798665861407,300,ancova_p_value,,0.5,300.0,0.4800490110787622,0.0219527780880284,0.4300490110787622,7.981849691972153e-176,non-significant
0.4,smallworldness,0.0353798665861407,300,ancova_p_value,,1.0,300.0,0.31811640443062633,0.0170932871901868,0.26811640443062634,4.7304205790213207e-119,non-significant
0.4,smallworldness,0.0353798665861407,300,ancova_p_value,,2.0,300.0,0.15833615787546532,0.0103761982585378,0.10833615787546531,1.933553950009249e-45,non-significant
0.4,smallworldness,0.0353798665861407,300,ancova_p_value,,4.0,300.0,0.0464015209831491,0.0038424554698999,-0.0035984790168509043,0.1735159065845724,significant
0.4,smallworldness,0.0353798665861407,300,ancova_p_value,,6.0,300.0,0.014877544674688336,0.0014322159000009,-0.03512245532531166,0.0,significant
0.4,smallworldness,0.0353798665861407,300,ancova_p_value,,8.0,300.0,0.004992719858471545,0.0005372795899128,-0.04500728014152846,0.0,significant
0.4,smallworldness,0.0353798665861407,300,ancova_p_value,,10.0,300.0,0.0017256705948826214,0.0002028375023655,-0.04827432940511738,0.0,significant
0.4,smallworldness,0.0353798665861407,300,ancova_p_value,,15.0,300.0,0.00013201666015390175,1.8253444553726408e-05,-0.0498679833398461,0.0,significant
0.4,smallworldness,0.0353798665861407,500,ancova_p_value,,0.5,500.0,0.47982953965954955,0.0219655810843928,0.42982953965954956,1.7870160113352808e-175,non-significant
0.4,smallworldness,0.0353798665861407,500,ancova_p_value,,1.0,500.0,0.3177942072606085,0.017104676378182,0.2677942072606085,1.3192146544304226e-118,non-significant
0.4,smallworldness,0.0353798665861407,500,ancova_p_value,,2.0,500.0,0.15792157401181234,0.0103796819593131,0.10792157401181234,4.918649423044584e-45,non-significant
0.4,smallworldness,0.0353798665861407,500,ancova_p_value,,4.0,500.0,0.046040682769031456,0.0038336795821906,-0.003959317230968547,0.1510477696068533,significant
0.4,smallworldness,0.0353798665861407,500,ancova_p_value,,6.0,500.0,0.01464790875937049,0.0014215453631621,-0.03535209124062951,0.0,significant
0.4,smallworldness,0.0353798665861407,500,ancova_p_value,,8.0,500.0,0.004865533464805003,0.0005291822449076,-0.045134466535195,0.0,significant
0.4,smallworldness,0.0353798665861407,500,ancova_p_value,,10.0,500.0,0.0016604995248597615,0.0001977589187599,-0.04833950047514024,0.0,significant
0.4,smallworldness,0.0353798665861407,500,ancova_p_value,,15.0,500.0,0.0001217965039979378,1.7169368294621103e-05,-0.04987820349600206,0.0,significant
0.4,smallworldness,0.0353798665861407,1000,ancova_p_value,,0.5,1000.0,0.4796648624377731,0.0219751903772837,0.42966486243777313,3.268579946960258e-175,non-significant
0.4,smallworldness,0.0353798665861407,1000,ancova_p_value,,1.0,1000.0,0.31755241808467255,0.0171132265764857,0.26755241808467256,2.842626065729968e-118,non-significant
0.4,smallworldness,0.0353798665861407,1000,ancova_p_value,,2.0,1000.0,0.1576104641334238,0.0103822875351773,0.1076104641334238,9.875109817677765e-45,non-significant
0.4,smallworldness,0.0353798665861407,1000,ancova_p_value,,4.0,1000.0,0.04577034649325166,0.0038270524815041,-0.0042296535067483446,0.13554808500858617,significant
0.4,smallworldness,0.0353798665861407,1000,ancova_p_value,,6.0,1000.0,0.014476528145859816,0.0014135081876848,-0.03552347185414019,0.0,significant
0.4,smallworldness,0.0353798665861407,1000,ancova_p_value,,8.0,1000.0,0.00477118583723039,0.0005231079953463,-0.04522881416276961,0.0,significant
0.4,smallworldness,0.0353798665861407,1000,ancova_p_value,,10.0,1000.0,0.0016125523948250528,0.0001939724720234,-0.04838744760517495,0.0,significant
0.4,smallworldness,0.0353798665861407,1000,ancova_p_value,,15.0,1000.0,0.00011449967420285442,1.638074060031312e-05,-0.049885500325797145,0.0,significant
0.5,smallworldness,0.0391182300346708,30,ancova_p_value,,0.5,30.0,0.4849569686830381,0.0239570171973237,0.4349569686830381,1.0690080258589673e-150,non-significant
0.5,smallworldness,0.0391182300346708,30,ancova_p_value,,1.0,30.0,0.3253086154260302,0.018619756623413,0.2753086154260302,3.7581199129344085e-106,non-significant
0.5,smallworldness,0.0391182300346708,30,ancova_p_value,,2.0,30.0,0.167594108019346,0.0113829699812041,0.11759410801934599,1.878252590742936e-45,non-significant
0.5,smallworldness,0.0391182300346708,30,ancova_p_value,,4.0,30.0,0.054625044962983094,0.0044479207465813,0.004625044962983091,0.14849945652396923,non-significant
0.5,smallworldness,0.0391182300346708,30,ancova_p_value,,6.0,30.0,0.0203613903722062,0.0018339668978294,-0.029638609627793803,0.0,significant
0.5,smallworldness,0.0391182300346708,30,ancova_p_value,,8.0,30.0,0.008257335914631373,0.00079329461628,-0.04174266408536863,0.0,significant
0.5,smallworldness,0.0391182300346708,30,ancova_p_value,,10.0,30.0,0.0035685233088176825,0.0003582204613855,-0.04643147669118232,0.0,significant
0.5,smallworldness,0.0391182300346708,30,ancova_p_value,,15.0,30.0,0.0005407062921313466,5.771467985868934e-05,-0.049459293707868654,0.0,significant
0.5,smallworldness,0.0391182300346708,50,ancova_p_value,,0.5,50.0,0.48278284379668057,0.0240964407629086,0.4327828437966806,9.055097556789352e-148,non-significant
0.5,smallworldness,0.0391182300346708,50,ancova_p_value,,1.0,50.0,0.32212564510024433,0.0187431918305246,0.27212564510024434,2.328862509970936e-102,non-significant
0.5,smallworldness,0.0391182300346708,50,ancova_p_value,,2.0,50.0,0.16349617189550622,0.0114234629607124,0.11349617189550622,8.235707258293465e-42,non-significant
0.5,smallworldness,0.0391182300346708,50,ancova_p_value,,4.0,50.0,0.05094706873769324,0.004363572188451,0.0009470687376932352,0.42418673468863105,non-significant
0.5,smallworldness,0.0391182300346708,50,ancova_p_value,,6.0,50.0,0.01785224137520709,0.0017261890283548,-0.03214775862479291,0.0,significant
0.5,smallworldness,0.0391182300346708,50,ancova_p_value,,8.0,50.0,0.006713432842279582,0.0007054548193449,-0.04328656715772042,0.0,significant
0.5,smallworldness,0.0391182300346708,50,ancova_p_value,,10.0,50.0,0.0026605541904910716,0.0002971845008452,-0.04733944580950893,0.0,significant
0.5,smallworldness,0.0391182300346708,50,ancova_p_value,,15.0,50.0,0.00031306556427201346,3.860045697844362e-05,-0.04968693443572799,0.0,significant
0.5,smallworldness,0.0391182300346708,75,ancova_p_value,,0.5,75.0,0.4816914470000123,0.0241665969675611,0.43169144700001233,2.5555186810558917e-146,non-significant
0.5,smallworldness,0.0391182300346708,75,ancova_p_value,,1.0,75.0,0.3205260061237414,0.0188054250725308,0.2705260061237414,1.7077382826145935e-100,non-significant
0.5,smallworldness,0.0391182300346708,75,ancova_p_value,,2.0,75.0,0.16143714082856858,0.0114433216329333,0.11143714082856858,4.668057554812629e-40,non-significant
0.5,smallworldness,0.0391182300346708,75,ancova_p_value,,4.0,75.0,0.04912138289485513,0.0043188706006007,-0.0008786171051448702,0.40904424038268883,significant
0.5,smallworldness,0.0391182300346708,75,ancova_p_value,,6.0,75.0,0.016639791628428848,0.001670201786258,-0.03336020837157115,0.0,significant
0.5,smallworldness,0.0391182300346708,75,ancova_p_value,,8.0,75.0,0.005996484169924953,0.0006610467142802,-0.04400351583007505,0.0,significant
0.5,smallworldness,0.0391182300346708,75,ancova_p_value,,10.0,75.0,0.0022598459055359287,0.0002674733296511,-0.047740154094464075,0.0,significant
0.5,smallworldness,0.0391182300346708,75,ancova_p_value,,15.0,75.0,0.0002280430925145892,3.047784826081004e-05,-0.04977195690748541,0.0,significant
0.5,smallworldness,0.0391182300346708,100,ancova_p_value,,0.5,100.0,0.48114467698573943,0.0242017862480126,0.43114467698573944,1.3471634441316567e-145,non-significant
0.5,smallworldness,0.0391182300346708,100,ancova_p_value,,1.0,100.0,0.31972415578412333,0.0188366714811094,0.26972415578412334,1.4366950678559435e-99,non-significant
0.5,smallworldness,0.0391182300346708,100,ancova_p_value,,2.0,100.0,0.16040513148560548,0.0114531478107933,0.11040513148560548,3.381248377191654e-39,non-significant
0.5,smallworldness,0.0391182300346708,100,ancova_p_value,,4.0,100.0,0.04821217873113365,0.004295857878643,-0.0017878212688663547,0.330186843681719,significant
0.5,smallworldness,0.0391182300346708,100,ancova_p_value,,6.0,100.0,0.016044679166962617,0.0016416756013481,-0.033955320833037386,0.0,significant
0.5,smallworldness,0.0391182300346708,100,ancova_p_value,,8.0,100.0,0.005652215916228005,0.0006387543746458,-0.044347784083772,0.0,significant
0.5,smallworldness,0.0391182300346708,100,ancova_p_value,,10.0,100.0,0.00207287258086666,0.0002528732784387,-0.047927127419133346,0.0,significant
0.5,smallworldness,0.0391182300346708,100,ancova_p_value,,15.0,100.0,0.0001920508540141487,2.679122685276945e-05,-0.04980794914598585,0.0,significant
0.5,smallworldness,0.0391182300346708,300,ancova_p_value,,0.5,300.0,0.4800490110787622,0.0242723872645685,0.4300490110787622,3.6862676549455725e-144,non-significant
0.5,smallworldness,0.0391182300346708,300,ancova_p_value,,1.0,300.0,0.31811640443062633,0.0188994251497927,0.26811640443062634,9.81458340673818e-98,non-significant
0.5,smallworldness,0.0391182300346708,300,ancova_p_value,,2.0,300.0,0.15833615787546532,0.0114725845382875,0.10833615787546531,1.6427294692828517e-37,non-significant
0.5,smallworldness,0.0391182300346708,300,ancova_p_value,,4.0,300.0,0.0464015209831491,0.0042484630800842,-0.0035984790168509043,0.19608008794251086,significant
0.5,smallworldness,0.0391182300346708,300,ancova_p_value,,6.0,300.0,0.014877544674688336,0.0015835489627735,-0.03512245532531166,0.0,significant
0.5,smallworldness,0.0391182300346708,300,ancova_p_value,,8.0,300.0,0.004992719858471545,0.0005940504761365,-0.04500728014152846,0.0,significant
0.5,smallworldness,0.0391182300346708,300,ancova_p_value,,10.0,300.0,0.0017256705948826214,0.0002242700395117,-0.04827432940511738,0.0,significant
0.5,smallworldness,0.0391182300346708,300,ancova_p_value,,15.0,300.0,0.00013201666015390175,2.018216889651837e-05,-0.0498679833398461,0.0,significant
0.5,smallworldness,0.0391182300346708,500,ancova_p_value,,0.5,500.0,0.47982953965954955,0.0242865430713943,0.42982953965954956,7.127616710492615e-144,non-significant
0.5,smallworldness,0.0391182300346708,500,ancova_p_value,,1.0,500.0,0.3177942072606085,0.0189120177601922,0.2677942072606085,2.2715066691618722e-97,non-significant
0.5,smallworldness,0.0391182300346708,500,ancova_p_value,,2.0,500.0,0.15792157401181234,0.0114764363393668,0.10792157401181234,3.5280842348188206e-37,non-significant
0.5,smallworldness,0.0391182300346708,500,ancova_p_value,,4.0,500.0,0.046040682769031456,0.0042387599006407,-0.003959317230968547,0.1739771256974395,significant
0.5,smallworldness,0.0391182300346708,500,ancova_p_value,,6.0,500.0,0.01464790875937049,0.0015717509387862,-0.03535209124062951,0.0,significant
0.5,smallworldness,0.0391182300346708,500,ancova_p_value,,8.0,500.0,0.004865533464805003,0.0005850975366501,-0.045134466535195,0.0,significant
0.5,smallworldness,0.0391182300346708,500,ancova_p_value,,10.0,500.0,0.0016604995248597615,0.0002186548345688,-0.04833950047514024,0.0,significant
0.5,smallworldness,0.0391182300346708,500,ancova_p_value,,15.0,500.0,0.0001217965039979378,1.8983545256274943e-05,-0.04987820349600206,0.0,significant
0.5,smallworldness,0.0391182300346708,1000,ancova_p_value,,0.5,1000.0,0.4796648624377731,0.0242971677165964,0.42966486243777313,1.1680915440573183e-143,non-significant
0.5,smallworldness,0.0391182300346708,1000,ancova_p_value,,1.0,1000.0,0.31755241808467255,0.018921471403079,0.26755241808467256,4.2570417203683444e-97,non-significant
0.5,smallworldness,0.0391182300346708,1000,ancova_p_value,,2.0,1000.0,0.1576104641334238,0.011479317229711,0.1076104641334238,6.242477259894168e-37,non-significant
0.5,smallworldness,0.0391182300346708,1000,ancova_p_value,,4.0,1000.0,0.04577034649325166,0.0042314325567548,-0.0042296535067483446,0.1585055282311605,significant
0.5,smallworldness,0.0391182300346708,1000,ancova_p_value,,6.0,1000.0,0.014476528145859816,0.0015628645265554,-0.03552347185414019,0.0,significant
0.5,smallworldness,0.0391182300346708,1000,ancova_p_value,,8.0,1000.0,0.00477118583723039,0.0005783814601197,-0.04522881416276961,0.0,significant
0.5,smallworldness,0.0391182300346708,1000,ancova_p_value,,10.0,1000.0,0.0016125523948250528,0.0002144682983055,-0.04838744760517495,0.0,significant
0.5,smallworldness,0.0391182300346708,1000,ancova_p_value,,15.0,1000.0,0.00011449967420285442,1.8111588334601973e-05,-0.049885500325797145,0.0,significant
