Metric,statistic,n,Threshold,p_value,p_minus_alpha,NPVR,formula,df,df2,sigma_p,flip_probability,significance,possible_numerical_outcome,flip_direction,risk_type
avg_shortestPathLength,2.0,50,0.05,0.05094706873769324,0.0009470687376932352,0.0369821457609369,two_sample_t_p_value,50.0,,0.004125295612011,0.4186737903370809,non-significant,significant,non-significant -> significant,false-negative risk
avg_shortestPathLength,4.0,50,0.05,0.05094706873769324,0.0009470687376932352,0.0369821457609369,ancova_p_value,,50.0,0.004125295612011,0.4186737903370809,non-significant,significant,non-significant -> significant,false-negative risk
avg_shortestPathLength,2.0,50,0.5,0.05094706873769324,0.0009470687376932352,0.0334959924714658,two_sample_t_p_value,50.0,,0.0037364211275282,0.4083691911870366,non-significant,significant,non-significant -> significant,false-negative risk
avg_shortestPathLength,4.0,50,0.5,0.05094706873769324,0.0009470687376932352,0.0334959924714658,ancova_p_value,,50.0,0.0037364211275282,0.4083691911870366,non-significant,significant,non-significant -> significant,false-negative risk
avg_shortestPathLength,4.0,50,0.1,0.05094706873769324,0.0009470687376932352,0.0315639250336682,ancova_p_value,,50.0,0.0035209022829815,0.40180033323406983,non-significant,significant,non-significant -> significant,false-negative risk
avg_shortestPathLength,2.0,50,0.1,0.05094706873769324,0.0009470687376932352,0.0315639250336682,two_sample_t_p_value,50.0,,0.0035209022829814,0.4018003332340674,non-significant,significant,non-significant -> significant,false-negative risk
avg_shortestPathLength,4.0,50,0.2,0.05094706873769324,0.0009470687376932352,0.0314671525049664,ancova_p_value,,50.0,0.0035101074715988,0.4014525375916153,non-significant,significant,non-significant -> significant,false-negative risk
avg_shortestPathLength,2.0,50,0.2,0.05094706873769324,0.0009470687376932352,0.0314671525049664,two_sample_t_p_value,50.0,,0.0035101074715987,0.40145253759161226,non-significant,significant,non-significant -> significant,false-negative risk
avg_shortestPathLength,4.0,50,0.4,0.05094706873769324,0.0009470687376932352,0.029665759311191,ancova_p_value,,50.0,0.0033091651172577,0.3946114036326395,non-significant,significant,non-significant -> significant,false-negative risk
avg_shortestPathLength,2.0,50,0.4,0.05094706873769324,0.0009470687376932352,0.029665759311191,two_sample_t_p_value,50.0,,0.0033091651172576,0.3946114036326354,non-significant,significant,non-significant -> significant,false-negative risk
avg_shortestPathLength,2.0,50,0.3,0.05094706873769324,0.0009470687376932352,0.0247493378416399,two_sample_t_p_value,50.0,,0.0027607466440235,0.3714860245351431,non-significant,significant,non-significant -> significant,false-negative risk
avg_shortestPathLength,4.0,50,0.3,0.05094706873769324,0.0009470687376932352,0.0247493378416399,ancova_p_value,,50.0,0.0027607466440235,0.3714860245351431,non-significant,significant,non-significant -> significant,false-negative risk
avg_shortestPathLength,2.0,30,0.05,0.054625044962983094,0.004625044962983091,0.0369821457609369,two_sample_t_p_value,30.0,,0.0042050382452726,0.13435076950568137,non-significant,significant,non-significant -> significant,false-negative risk
avg_shortestPathLength,4.0,30,0.05,0.054625044962983094,0.004625044962983091,0.0369821457609369,ancova_p_value,,30.0,0.0042050382452726,0.13435076950568137,non-significant,significant,non-significant -> significant,false-negative risk
avg_shortestPathLength,2.0,30,0.5,0.054625044962983094,0.004625044962983091,0.0334959924714658,two_sample_t_p_value,30.0,,0.0038086467539332,0.11008782687179476,non-significant,significant,non-significant -> significant,false-negative risk
avg_shortestPathLength,4.0,30,0.5,0.054625044962983094,0.004625044962983091,0.0334959924714658,ancova_p_value,,30.0,0.0038086467539332,0.11008782687179476,non-significant,significant,non-significant -> significant,false-negative risk
avg_shortestPathLength,2.0,75,0.05,0.04912138289485513,-0.0008786171051448702,0.0369821457609369,two_sample_t_p_value,75.0,,0.0040830349924442,0.4050973389867347,significant,non-significant,significant -> non-significant,false-positive risk
avg_shortestPathLength,4.0,75,0.05,0.04912138289485513,-0.0008786171051448702,0.0369821457609369,ancova_p_value,,75.0,0.0040830349924442,0.4050973389867347,significant,non-significant,significant -> non-significant,false-positive risk
avg_shortestPathLength,2.0,75,0.5,0.04912138289485513,-0.0008786171051448702,0.0334959924714658,two_sample_t_p_value,75.0,,0.0036981442410544,0.39744153992418685,significant,non-significant,significant -> non-significant,false-positive risk
avg_shortestPathLength,4.0,75,0.5,0.04912138289485513,-0.0008786171051448702,0.0334959924714658,ancova_p_value,,75.0,0.0036981442410544,0.39744153992418685,significant,non-significant,significant -> non-significant,false-positive risk
avg_shortestPathLength,2.0,75,0.1,0.04912138289485513,-0.0008786171051448702,0.0315639250336682,two_sample_t_p_value,75.0,,0.0034848332285652,0.3924007224729087,significant,non-significant,significant -> non-significant,false-positive risk
avg_shortestPathLength,4.0,75,0.1,0.04912138289485513,-0.0008786171051448702,0.0315639250336682,ancova_p_value,,75.0,0.0034848332285651,0.3924007224729049,significant,non-significant,significant -> non-significant,false-positive risk
avg_shortestPathLength,2.0,75,0.2,0.04912138289485513,-0.0008786171051448702,0.0314671525049664,two_sample_t_p_value,75.0,,0.003474149002086,0.3921307592301221,significant,non-significant,significant -> non-significant,false-positive risk
avg_shortestPathLength,4.0,75,0.2,0.04912138289485513,-0.0008786171051448702,0.0314671525049664,ancova_p_value,,75.0,0.0034741490020859,0.3921307592301202,significant,non-significant,significant -> non-significant,false-positive risk
avg_shortestPathLength,2.0,75,0.4,0.04912138289485513,-0.0008786171051448702,0.029665759311191,two_sample_t_p_value,75.0,,0.0032752651543806,0.3867634973381402,significant,non-significant,significant -> non-significant,false-positive risk
avg_shortestPathLength,4.0,75,0.4,0.04912138289485513,-0.0008786171051448702,0.029665759311191,ancova_p_value,,75.0,0.0032752651543806,0.3867634973381402,significant,non-significant,significant -> non-significant,false-positive risk
avg_shortestPathLength,2.0,75,0.3,0.04912138289485513,-0.0008786171051448702,0.0247493378416399,two_sample_t_p_value,75.0,,0.0027324648250664,0.36795564585443874,significant,non-significant,significant -> non-significant,false-positive risk
avg_shortestPathLength,4.0,75,0.3,0.04912138289485513,-0.0008786171051448702,0.0247493378416399,ancova_p_value,,75.0,0.0027324648250664,0.36795564585443874,significant,non-significant,significant -> non-significant,false-positive risk
avg_shortestPathLength,2.0,100,0.05,0.04821217873113365,-0.0017878212688663547,0.0369821457609369,two_sample_t_p_value,100.0,,0.0040612788997723,0.3221736831875568,significant,non-significant,significant -> non-significant,false-positive risk
avg_shortestPathLength,4.0,100,0.05,0.04821217873113365,-0.0017878212688663547,0.0369821457609369,ancova_p_value,,100.0,0.0040612788997722,0.32217368318755313,significant,non-significant,significant -> non-significant,false-positive risk
avg_shortestPathLength,2.0,100,0.5,0.04821217873113365,-0.0017878212688663547,0.0334959924714658,two_sample_t_p_value,100.0,,0.003678439004883,0.3069825804371187,significant,non-significant,significant -> non-significant,false-positive risk
avg_shortestPathLength,4.0,100,0.5,0.04821217873113365,-0.0017878212688663547,0.0334959924714658,ancova_p_value,,100.0,0.0036784390048828,0.30698258043711024,significant,non-significant,significant -> non-significant,false-positive risk
avg_shortestPathLength,2.0,100,0.1,0.04821217873113365,-0.0017878212688663547,0.0315639250336682,two_sample_t_p_value,100.0,,0.0034662646013535,0.29720837036396497,significant,non-significant,significant -> non-significant,false-positive risk
avg_shortestPathLength,4.0,100,0.1,0.04821217873113365,-0.0017878212688663547,0.0315639250336682,ancova_p_value,,100.0,0.0034662646013534,0.2972083703639591,significant,non-significant,significant -> non-significant,false-positive risk
avg_shortestPathLength,2.0,100,0.2,0.04821217873113365,-0.0017878212688663547,0.0314671525049664,two_sample_t_p_value,100.0,,0.003455637304835,0.296689708588488,significant,non-significant,significant -> non-significant,false-positive risk
avg_shortestPathLength,4.0,100,0.2,0.04821217873113365,-0.0017878212688663547,0.0314671525049664,ancova_p_value,,100.0,0.0034556373048349,0.29668970858848276,significant,non-significant,significant -> non-significant,false-positive risk
avg_shortestPathLength,2.0,100,0.4,0.04821217873113365,-0.0017878212688663547,0.029665759311191,two_sample_t_p_value,100.0,,0.0032578131922114,0.28647563001622856,significant,non-significant,significant -> non-significant,false-positive risk
avg_shortestPathLength,4.0,100,0.4,0.04821217873113365,-0.0017878212688663547,0.029665759311191,ancova_p_value,,100.0,0.0032578131922113,0.28647563001622345,significant,non-significant,significant -> non-significant,false-positive risk
avg_shortestPathLength,2.0,100,0.3,0.04821217873113365,-0.0017878212688663547,0.0247493378416399,two_sample_t_p_value,100.0,,0.0027179051266884,0.25208187743175925,significant,non-significant,significant -> non-significant,false-positive risk
avg_shortestPathLength,4.0,100,0.3,0.04821217873113365,-0.0017878212688663547,0.0247493378416399,ancova_p_value,,100.0,0.0027179051266883,0.25208187743175037,significant,non-significant,significant -> non-significant,false-positive risk
avg_shortestPathLength,4.0,300,0.05,0.0464015209831491,-0.0035984790168509043,0.0369821457609369,ancova_p_value,,300.0,0.0040164721345617,0.1835510747262996,significant,non-significant,significant -> non-significant,false-positive risk
avg_shortestPathLength,2.0,300,0.05,0.0464015209831491,-0.0035984790168509043,0.0369821457609369,two_sample_t_p_value,300.0,,0.0040164721345611,0.18355107472626597,significant,non-significant,significant -> non-significant,false-positive risk
avg_shortestPathLength,4.0,500,0.05,0.046040682769031456,-0.003959317230968547,0.0369821457609369,ancova_p_value,,500.0,0.0040072988054974,0.16119836328812664,significant,non-significant,significant -> non-significant,false-positive risk
avg_shortestPathLength,2.0,500,0.05,0.046040682769031456,-0.003959317230968547,0.0369821457609369,two_sample_t_p_value,500.0,,0.0040072988054973,0.1611983632881211,significant,non-significant,significant -> non-significant,false-positive risk
avg_shortestPathLength,4.0,300,0.5,0.0464015209831491,-0.0035984790168509043,0.0334959924714658,ancova_p_value,,300.0,0.0036378559873407,0.1609856499819866,significant,non-significant,significant -> non-significant,false-positive risk
avg_shortestPathLength,2.0,300,0.5,0.0464015209831491,-0.0035984790168509043,0.0334959924714658,two_sample_t_p_value,300.0,,0.0036378559873402,0.16098564998195486,significant,non-significant,significant -> non-significant,false-positive risk
avg_shortestPathLength,4.0,300,0.1,0.0464015209831491,-0.0035984790168509043,0.0315639250336682,ancova_p_value,,300.0,0.0034280224347889,0.14729040173596752,significant,non-significant,significant -> non-significant,false-positive risk
avg_shortestPathLength,2.0,300,0.1,0.0464015209831491,-0.0035984790168509043,0.0315639250336682,two_sample_t_p_value,300.0,,0.0034280224347883,0.14729040173592667,significant,non-significant,significant -> non-significant,false-positive risk
avg_shortestPathLength,4.0,300,0.2,0.0464015209831491,-0.0035984790168509043,0.0314671525049664,ancova_p_value,,300.0,0.0034175123857659,0.14658176817452806,significant,non-significant,significant -> non-significant,false-positive risk
avg_shortestPathLength,2.0,300,0.2,0.0464015209831491,-0.0035984790168509043,0.0314671525049664,two_sample_t_p_value,300.0,,0.0034175123857654,0.14658176817449498,significant,non-significant,significant -> non-significant,false-positive risk
avg_shortestPathLength,2.0,1000,0.05,0.04577034649325166,-0.0042296535067483446,0.0369821457609369,two_sample_t_p_value,1000.0,,0.0040003715774673,0.1456732661332819,significant,non-significant,significant -> non-significant,false-positive risk
avg_shortestPathLength,4.0,1000,0.05,0.04577034649325166,-0.0042296535067483446,0.0369821457609369,ancova_p_value,,1000.0,0.0040003715774661,0.14567326613321296,significant,non-significant,significant -> non-significant,false-positive risk
avg_shortestPathLength,4.0,500,0.5,0.046040682769031456,-0.003959317230968547,0.0334959924714658,ancova_p_value,,500.0,0.0036295473899093,0.1384871794782262,significant,non-significant,significant -> non-significant,false-positive risk
avg_shortestPathLength,2.0,500,0.5,0.046040682769031456,-0.003959317230968547,0.0334959924714658,two_sample_t_p_value,500.0,,0.0036295473899092,0.1384871794782193,significant,non-significant,significant -> non-significant,false-positive risk
avg_shortestPathLength,4.0,300,0.4,0.0464015209831491,-0.0035984790168509043,0.029665759311191,ancova_p_value,,300.0,0.0032218708020417,0.1329996001810193,significant,non-significant,significant -> non-significant,false-positive risk
avg_shortestPathLength,2.0,300,0.4,0.0464015209831491,-0.0035984790168509043,0.029665759311191,two_sample_t_p_value,300.0,,0.0032218708020412,0.13299960018098345,significant,non-significant,significant -> non-significant,false-positive risk
avg_shortestPathLength,4.0,500,0.1,0.046040682769031456,-0.003959317230968547,0.0315639250336682,ancova_p_value,,500.0,0.003420193081869,0.12491558598531483,significant,non-significant,significant -> non-significant,false-positive risk
avg_shortestPathLength,2.0,500,0.1,0.046040682769031456,-0.003959317230968547,0.0315639250336682,two_sample_t_p_value,500.0,,0.0034201930818689,0.12491558598530861,significant,non-significant,significant -> non-significant,false-positive risk
avg_shortestPathLength,4.0,500,0.2,0.046040682769031456,-0.003959317230968547,0.0314671525049664,ancova_p_value,,500.0,0.0034097070370306,0.12421809542317808,significant,non-significant,significant -> non-significant,false-positive risk
avg_shortestPathLength,2.0,500,0.2,0.046040682769031456,-0.003959317230968547,0.0314671525049664,two_sample_t_p_value,500.0,,0.0034097070370304,0.12421809542316486,significant,non-significant,significant -> non-significant,false-positive risk
avg_shortestPathLength,2.0,1000,0.5,0.04577034649325166,-0.0042296535067483446,0.0334959924714658,two_sample_t_p_value,1000.0,,0.003623273162896,0.12310967806446849,significant,non-significant,significant -> non-significant,false-positive risk
avg_shortestPathLength,4.0,1000,0.5,0.04577034649325166,-0.0042296535067483446,0.0334959924714658,ancova_p_value,,1000.0,0.0036232731628949,0.12310967806439965,significant,non-significant,significant -> non-significant,false-positive risk
avg_shortestPathLength,4.0,500,0.4,0.046040682769031456,-0.003959317230968547,0.029665759311191,ancova_p_value,,500.0,0.0032145122843975,0.11094618452494764,significant,non-significant,significant -> non-significant,false-positive risk
avg_shortestPathLength,2.0,500,0.4,0.046040682769031456,-0.003959317230968547,0.029665759311191,two_sample_t_p_value,500.0,,0.0032145122843974,0.1109461845249401,significant,non-significant,significant -> non-significant,false-positive risk
avg_shortestPathLength,2.0,1000,0.1,0.04577034649325166,-0.0042296535067483446,0.0315639250336682,two_sample_t_p_value,1000.0,,0.0034142807557523,0.10979411692190577,significant,non-significant,significant -> non-significant,false-positive risk
avg_shortestPathLength,4.0,1000,0.1,0.04577034649325166,-0.0042296535067483446,0.0315639250336682,ancova_p_value,,1000.0,0.0034142807557513,0.10979411692184093,significant,non-significant,significant -> non-significant,false-positive risk
avg_shortestPathLength,2.0,1000,0.2,0.04577034649325166,-0.0042296535067483446,0.0314671525049664,two_sample_t_p_value,1000.0,,0.0034038128376439,0.10911352895748627,significant,non-significant,significant -> non-significant,false-positive risk
avg_shortestPathLength,4.0,1000,0.2,0.04577034649325166,-0.0042296535067483446,0.0314671525049664,ancova_p_value,,1000.0,0.0034038128376429,0.10911352895742066,significant,non-significant,significant -> non-significant,false-positive risk
betweeness,4.0,50,0.5,0.05094706873769324,0.0009470687376932352,0.1872463464167704,ancova_p_value,,50.0,0.0208870122418401,0.5340252941820107,non-significant,significant,non-significant -> significant,false-negative risk
betweeness,2.0,50,0.5,0.05094706873769324,0.0009470687376932352,0.1872463464167704,two_sample_t_p_value,50.0,,0.02088701224184,0.5340252941820095,non-significant,significant,non-significant -> significant,false-negative risk
betweeness,4.0,50,0.4,0.05094706873769324,0.0009470687376932352,0.1697657738772356,ancova_p_value,,50.0,0.0189370840343494,0.5272189783723761,non-significant,significant,non-significant -> significant,false-negative risk
betweeness,2.0,50,0.4,0.05094706873769324,0.0009470687376932352,0.1697657738772356,two_sample_t_p_value,50.0,,0.0189370840343493,0.5272189783723757,non-significant,significant,non-significant -> significant,false-negative risk
betweeness,2.0,50,0.3,0.05094706873769324,0.0009470687376932352,0.1244059329453957,two_sample_t_p_value,50.0,,0.0138772707404628,0.5071630284505791,non-significant,significant,non-significant -> significant,false-negative risk
betweeness,4.0,50,0.3,0.05094706873769324,0.0009470687376932352,0.1244059329453957,ancova_p_value,,50.0,0.0138772707404628,0.5071630284505791,non-significant,significant,non-significant -> significant,false-negative risk
betweeness,2.0,50,0.2,0.05094706873769324,0.0009470687376932352,0.0962807955891718,two_sample_t_p_value,50.0,,0.0107399593883078,0.49130916306955275,non-significant,significant,non-significant -> significant,false-negative risk
betweeness,4.0,50,0.2,0.05094706873769324,0.0009470687376932352,0.0962807955891718,ancova_p_value,,50.0,0.0107399593883078,0.49130916306955275,non-significant,significant,non-significant -> significant,false-negative risk
betweeness,2.0,50,0.1,0.05094706873769324,0.0009470687376932352,0.0687082826684218,two_sample_t_p_value,50.0,,0.0076642923542918,0.469468993728936,non-significant,significant,non-significant -> significant,false-negative risk
betweeness,4.0,50,0.1,0.05094706873769324,0.0009470687376932352,0.0687082826684218,ancova_p_value,,50.0,0.0076642923542918,0.469468993728936,non-significant,significant,non-significant -> significant,false-negative risk
betweeness,4.0,50,0.05,0.05094706873769324,0.0009470687376932352,0.0632657872240871,ancova_p_value,,50.0,0.0070571912217605,0.46371274076850677,non-significant,significant,non-significant -> significant,false-negative risk
betweeness,2.0,50,0.05,0.05094706873769324,0.0009470687376932352,0.0632657872240871,two_sample_t_p_value,50.0,,0.0070571912217604,0.4637127407685052,non-significant,significant,non-significant -> significant,false-negative risk
betweeness,2.0,30,0.5,0.054625044962983094,0.004625044962983091,0.1872463464167704,two_sample_t_p_value,30.0,,0.0212907615761382,0.46114401146606776,non-significant,significant,non-significant -> significant,false-negative risk
betweeness,4.0,30,0.5,0.054625044962983094,0.004625044962983091,0.1872463464167704,ancova_p_value,,30.0,0.0212907615761381,0.46114401146606776,non-significant,significant,non-significant -> significant,false-negative risk
betweeness,2.0,30,0.4,0.054625044962983094,0.004625044962983091,0.1697657738772356,two_sample_t_p_value,30.0,,0.0193031409401379,0.4473129899037322,non-significant,significant,non-significant -> significant,false-negative risk
betweeness,4.0,30,0.4,0.054625044962983094,0.004625044962983091,0.1697657738772356,ancova_p_value,,30.0,0.0193031409401379,0.4473129899037322,non-significant,significant,non-significant -> significant,false-negative risk
betweeness,2.0,30,0.3,0.054625044962983094,0.004625044962983091,0.1244059329453957,two_sample_t_p_value,30.0,,0.0141455206346297,0.4001542203598852,non-significant,significant,non-significant -> significant,false-negative risk
betweeness,4.0,30,0.3,0.054625044962983094,0.004625044962983091,0.1244059329453957,ancova_p_value,,30.0,0.0141455206346297,0.4001542203598852,non-significant,significant,non-significant -> significant,false-negative risk
betweeness,2.0,30,0.2,0.054625044962983094,0.004625044962983091,0.0962807955891718,two_sample_t_p_value,30.0,,0.0109475645451972,0.3556782086698282,non-significant,significant,non-significant -> significant,false-negative risk
betweeness,4.0,30,0.2,0.054625044962983094,0.004625044962983091,0.0962807955891718,ancova_p_value,,30.0,0.0109475645451972,0.3556782086698282,non-significant,significant,non-significant -> significant,false-negative risk
betweeness,2.0,30,0.1,0.054625044962983094,0.004625044962983091,0.0687082826684218,two_sample_t_p_value,30.0,,0.0078124443685714,0.2867922975099224,non-significant,significant,non-significant -> significant,false-negative risk
betweeness,4.0,30,0.1,0.054625044962983094,0.004625044962983091,0.0687082826684218,ancova_p_value,,30.0,0.0078124443685714,0.2867922975099224,non-significant,significant,non-significant -> significant,false-negative risk
betweeness,2.0,30,0.05,0.054625044962983094,0.004625044962983091,0.0632657872240871,two_sample_t_p_value,30.0,,0.0071936078726825,0.2680333190918381,non-significant,significant,non-significant -> significant,false-negative risk
betweeness,4.0,30,0.05,0.054625044962983094,0.004625044962983091,0.0632657872240871,ancova_p_value,,30.0,0.0071936078726825,0.2680333190918381,non-significant,significant,non-significant -> significant,false-negative risk
betweeness,0.2,75,0.5,0.08116706380718447,0.031167063807184467,0.1872463464167704,partial_correlation_p_value,75.0,,0.0331021500377568,0.1722610340164949,non-significant,significant,non-significant -> significant,false-negative risk
betweeness,0.1,300,0.5,0.0827480032540806,0.0327480032540806,0.1872463464167704,partial_correlation_p_value,300.0,,0.033279602325023,0.15823503340249248,non-significant,significant,non-significant -> significant,false-negative risk
betweeness,0.2,75,0.4,0.08116706380718447,0.031167063807184467,0.1697657738772356,partial_correlation_p_value,75.0,,0.0300118652550479,0.14217733330525262,non-significant,significant,non-significant -> significant,false-negative risk
betweeness,0.1,300,0.4,0.0827480032540806,0.0327480032540806,0.1697657738772356,partial_correlation_p_value,300.0,,0.0301727513040979,0.12869420296710854,non-significant,significant,non-significant -> significant,false-negative risk
betweeness,0.3,30,0.5,0.09527344416868826,0.045273444168688254,0.1872463464167704,partial_correlation_p_value,30.0,,0.038388114332862,0.10101685220429024,non-significant,significant,non-significant -> significant,false-negative risk
betweeness,2.0,75,0.2,0.04912138289485513,-0.0008786171051448702,0.0962807955891718,two_sample_t_p_value,75.0,,0.0106299364031549,0.44017310829099254,significant,non-significant,significant -> non-significant,false-positive risk
betweeness,4.0,75,0.2,0.04912138289485513,-0.0008786171051448702,0.0962807955891718,ancova_p_value,,75.0,0.0106299364031547,0.4401731082909911,significant,non-significant,significant -> non-significant,false-positive risk
betweeness,4.0,75,0.3,0.04912138289485513,-0.0008786171051448702,0.1244059329453957,ancova_p_value,,75.0,0.013735108307865,0.43956948562354414,significant,non-significant,significant -> non-significant,false-positive risk
betweeness,2.0,75,0.3,0.04912138289485513,-0.0008786171051448702,0.1244059329453957,two_sample_t_p_value,75.0,,0.0137351083078652,0.43956948562354325,significant,non-significant,significant -> non-significant,false-positive risk
betweeness,2.0,75,0.1,0.04912138289485513,-0.0008786171051448702,0.0687082826684218,two_sample_t_p_value,75.0,,0.0075857773158809,0.4349118260621372,significant,non-significant,significant -> non-significant,false-positive risk
betweeness,4.0,75,0.1,0.04912138289485513,-0.0008786171051448702,0.0687082826684218,ancova_p_value,,75.0,0.0075857773158808,0.4349118260621311,significant,non-significant,significant -> non-significant,false-positive risk
betweeness,2.0,75,0.4,0.04912138289485513,-0.0008786171051448702,0.1697657738772356,two_sample_t_p_value,75.0,,0.0187430875358319,0.4333922962560268,significant,non-significant,significant -> non-significant,false-positive risk
betweeness,4.0,75,0.4,0.04912138289485513,-0.0008786171051448702,0.1697657738772356,ancova_p_value,,75.0,0.0187430875358316,0.43339229625602615,significant,non-significant,significant -> non-significant,false-positive risk
betweeness,2.0,75,0.05,0.04912138289485513,-0.0008786171051448702,0.0632657872240871,two_sample_t_p_value,75.0,,0.0069848954879555,0.4325351206493635,significant,non-significant,significant -> non-significant,false-positive risk
betweeness,4.0,75,0.05,0.04912138289485513,-0.0008786171051448702,0.0632657872240871,ancova_p_value,,75.0,0.0069848954879554,0.43253512064936284,significant,non-significant,significant -> non-significant,false-positive risk
betweeness,4.0,75,0.5,0.04912138289485513,-0.0008786171051448702,0.1872463464167704,ancova_p_value,,75.0,0.0206730401629253,0.43011495979531533,significant,non-significant,significant -> non-significant,false-positive risk
betweeness,2.0,75,0.5,0.04912138289485513,-0.0008786171051448702,0.1872463464167704,two_sample_t_p_value,75.0,,0.0206730401629256,0.4301149597953149,significant,non-significant,significant -> non-significant,false-positive risk
betweeness,4.0,100,0.4,0.04821217873113365,-0.0017878212688663547,0.1697657738772356,ancova_p_value,,100.0,0.0186432166431886,0.4140093812119112,significant,non-significant,significant -> non-significant,false-positive risk
betweeness,2.0,100,0.4,0.04821217873113365,-0.0017878212688663547,0.1697657738772356,two_sample_t_p_value,100.0,,0.0186432166431891,0.41400938121191055,significant,non-significant,significant -> non-significant,false-positive risk
betweeness,2.0,100,0.3,0.04821217873113365,-0.0017878212688663547,0.1244059329453957,two_sample_t_p_value,100.0,,0.0136619219918631,0.4134165237020039,significant,non-significant,significant -> non-significant,false-positive risk
betweeness,4.0,100,0.3,0.04821217873113365,-0.0017878212688663547,0.1244059329453957,ancova_p_value,,100.0,0.0136619219918628,0.4134165237020039,significant,non-significant,significant -> non-significant,false-positive risk
betweeness,4.0,100,0.5,0.04821217873113365,-0.0017878212688663547,0.1872463464167704,ancova_p_value,,100.0,0.0205628856875343,0.41245858142670744,significant,non-significant,significant -> non-significant,false-positive risk
betweeness,2.0,100,0.5,0.04821217873113365,-0.0017878212688663547,0.1872463464167704,two_sample_t_p_value,100.0,,0.0205628856875349,0.412458581426707,significant,non-significant,significant -> non-significant,false-positive risk
betweeness,2.0,100,0.2,0.04821217873113365,-0.0017878212688663547,0.0962807955891718,two_sample_t_p_value,100.0,,0.0105732957224085,0.40663067541651843,significant,non-significant,significant -> non-significant,false-positive risk
betweeness,4.0,100,0.2,0.04821217873113365,-0.0017878212688663547,0.0962807955891718,ancova_p_value,,100.0,0.0105732957224082,0.4066306754165183,significant,non-significant,significant -> non-significant,false-positive risk
betweeness,4.0,100,0.1,0.04821217873113365,-0.0017878212688663547,0.0687082826684218,ancova_p_value,,100.0,0.0075453571689611,0.38841515284873296,significant,non-significant,significant -> non-significant,false-positive risk
betweeness,2.0,100,0.1,0.04821217873113365,-0.0017878212688663547,0.0687082826684218,two_sample_t_p_value,100.0,,0.0075453571689613,0.3884151528487314,significant,non-significant,significant -> non-significant,false-positive risk
betweeness,2.0,100,0.05,0.04821217873113365,-0.0017878212688663547,0.0632657872240871,two_sample_t_p_value,100.0,,0.0069476770869815,0.38220586919685573,significant,non-significant,significant -> non-significant,false-positive risk
betweeness,4.0,100,0.05,0.04821217873113365,-0.0017878212688663547,0.0632657872240871,ancova_p_value,,100.0,0.0069476770869813,0.38220586919685373,significant,non-significant,significant -> non-significant,false-positive risk
betweeness,4.0,300,0.5,0.0464015209831491,-0.0035984790168509043,0.1872463464167704,ancova_p_value,,300.0,0.0203360220778711,0.3778610451316995,significant,non-significant,significant -> non-significant,false-positive risk
betweeness,2.0,300,0.5,0.0464015209831491,-0.0035984790168509043,0.1872463464167704,two_sample_t_p_value,300.0,,0.020336022077868,0.3778610451316976,significant,non-significant,significant -> non-significant,false-positive risk
betweeness,4.0,300,0.4,0.0464015209831491,-0.0035984790168509043,0.1697657738772356,ancova_p_value,,300.0,0.0184375321158477,0.37608953007916357,significant,non-significant,significant -> non-significant,false-positive risk
betweeness,2.0,300,0.4,0.0464015209831491,-0.0035984790168509043,0.1697657738772356,two_sample_t_p_value,300.0,,0.0184375321158448,0.3760895300791596,significant,non-significant,significant -> non-significant,false-positive risk
betweeness,4.0,500,0.5,0.046040682769031456,-0.003959317230968547,0.1872463464167704,ancova_p_value,,500.0,0.0202895760884232,0.37107303261923685,significant,non-significant,significant -> non-significant,false-positive risk
betweeness,2.0,500,0.5,0.046040682769031456,-0.003959317230968547,0.1872463464167704,two_sample_t_p_value,500.0,,0.0202895760884225,0.3710730326192362,significant,non-significant,significant -> non-significant,false-positive risk
betweeness,4.0,500,0.4,0.046040682769031456,-0.003959317230968547,0.1697657738772356,ancova_p_value,,500.0,0.0183954221388414,0.36866343599435314,significant,non-significant,significant -> non-significant,false-positive risk
betweeness,2.0,500,0.4,0.046040682769031456,-0.003959317230968547,0.1697657738772356,two_sample_t_p_value,500.0,,0.0183954221388407,0.36866343599435225,significant,non-significant,significant -> non-significant,false-positive risk
betweeness,2.0,1000,0.5,0.04577034649325166,-0.0042296535067483446,0.1872463464167704,two_sample_t_p_value,1000.0,,0.0202545024572764,0.3660135870917989,significant,non-significant,significant -> non-significant,false-positive risk
betweeness,4.0,1000,0.5,0.04577034649325166,-0.0042296535067483446,0.1872463464167704,ancova_p_value,,1000.0,0.0202545024572705,0.36601358709179244,significant,non-significant,significant -> non-significant,false-positive risk
betweeness,2.0,1000,0.4,0.04577034649325166,-0.0042296535067483446,0.1697657738772356,two_sample_t_p_value,1000.0,,0.0183636228420953,0.36313207862827923,significant,non-significant,significant -> non-significant,false-positive risk
betweeness,4.0,1000,0.4,0.04577034649325166,-0.0042296535067483446,0.1697657738772356,ancova_p_value,,1000.0,0.01836362284209,0.36313207862826946,significant,non-significant,significant -> non-significant,false-positive risk
betweeness,4.0,300,0.3,0.0464015209831491,-0.0035984790168509043,0.1244059329453957,ancova_p_value,,300.0,0.013511194463387,0.3626213295418159,significant,non-significant,significant -> non-significant,false-positive risk
betweeness,2.0,300,0.3,0.0464015209831491,-0.0035984790168509043,0.1244059329453957,two_sample_t_p_value,300.0,,0.0135111944633849,0.36262132954180515,significant,non-significant,significant -> non-significant,false-positive risk
betweeness,4.0,500,0.3,0.046040682769031456,-0.003959317230968547,0.1244059329453957,ancova_p_value,,500.0,0.0134803358818477,0.3527583470972442,significant,non-significant,significant -> non-significant,false-positive risk
betweeness,2.0,500,0.3,0.046040682769031456,-0.003959317230968547,0.1244059329453957,two_sample_t_p_value,500.0,,0.0134803358818473,0.3527583470972413,significant,non-significant,significant -> non-significant,false-positive risk
betweeness,2.0,1000,0.3,0.04577034649325166,-0.0042296535067483446,0.1244059329453957,two_sample_t_p_value,1000.0,,0.0134570330623904,0.3454345546437805,significant,non-significant,significant -> non-significant,false-positive risk
betweeness,4.0,1000,0.3,0.04577034649325166,-0.0042296535067483446,0.1244059329453957,ancova_p_value,,1000.0,0.0134570330623864,0.3454345546437584,significant,non-significant,significant -> non-significant,false-positive risk
betweeness,4.0,300,0.2,0.0464015209831491,-0.0035984790168509043,0.0962807955891718,ancova_p_value,,300.0,0.0104566439999762,0.34213539429518025,significant,non-significant,significant -> non-significant,false-positive risk
betweeness,2.0,300,0.2,0.0464015209831491,-0.0035984790168509043,0.0962807955891718,two_sample_t_p_value,300.0,,0.0104566439999746,0.34213539429516526,significant,non-significant,significant -> non-significant,false-positive risk
betweeness,0.2,100,0.5,0.043860884260170395,-0.006139115739829608,0.1872463464167704,partial_correlation_p_value,100.0,,0.019855285398256,0.33058540007997483,significant,non-significant,significant -> non-significant,false-positive risk
betweeness,4.0,500,0.2,0.046040682769031456,-0.003959317230968547,0.0962807955891718,ancova_p_value,,500.0,0.0104327617886458,0.3297620282741267,significant,non-significant,significant -> non-significant,false-positive risk
betweeness,2.0,500,0.2,0.046040682769031456,-0.003959317230968547,0.0962807955891718,two_sample_t_p_value,500.0,,0.0104327617886454,0.32976202827412104,significant,non-significant,significant -> non-significant,false-positive risk
betweeness,0.2,100,0.4,0.043860884260170395,-0.006139115739829608,0.1697657738772356,partial_correlation_p_value,100.0,,0.0180016750964301,0.3244276590275066,significant,non-significant,significant -> non-significant,false-positive risk
betweeness,2.0,1000,0.2,0.04577034649325166,-0.0042296535067483446,0.0962807955891718,two_sample_t_p_value,1000.0,,0.0104147271664722,0.3206142360609461,significant,non-significant,significant -> non-significant,false-positive risk
betweeness,4.0,1000,0.2,0.04577034649325166,-0.0042296535067483446,0.0962807955891718,ancova_p_value,,1000.0,0.0104147271664692,0.32061423606091277,significant,non-significant,significant -> non-significant,false-positive risk
betweeness,4.0,300,0.1,0.0464015209831491,-0.0035984790168509043,0.0687082826684218,ancova_p_value,,300.0,0.0074621117048001,0.30111096120111513,significant,non-significant,significant -> non-significant,false-positive risk
betweeness,2.0,300,0.1,0.0464015209831491,-0.0035984790168509043,0.0687082826684218,two_sample_t_p_value,300.0,,0.0074621117047989,0.3011109612010944,significant,non-significant,significant -> non-significant,false-positive risk
betweeness,0.2,100,0.3,0.043860884260170395,-0.006139115739829608,0.1244059329453957,partial_correlation_p_value,100.0,,0.0131917943988566,0.29462871141184843,significant,non-significant,significant -> non-significant,false-positive risk
betweeness,4.0,300,0.05,0.0464015209831491,-0.0035984790168509043,0.0632657872240871,ancova_p_value,,300.0,0.0068710256321866,0.28851734325246103,significant,non-significant,significant -> non-significant,false-positive risk
betweeness,2.0,300,0.05,0.0464015209831491,-0.0035984790168509043,0.0632657872240871,two_sample_t_p_value,300.0,,0.0068710256321856,0.2885173432524383,significant,non-significant,significant -> non-significant,false-positive risk
betweeness,4.0,500,0.1,0.046040682769031456,-0.003959317230968547,0.0687082826684218,ancova_p_value,,500.0,0.007445068786565,0.28483626035752274,significant,non-significant,significant -> non-significant,false-positive risk
betweeness,2.0,500,0.1,0.046040682769031456,-0.003959317230968547,0.0687082826684218,two_sample_t_p_value,500.0,,0.0074450687865647,0.28483626035751497,significant,non-significant,significant -> non-significant,false-positive risk
betweeness,2.0,1000,0.1,0.04577034649325166,-0.0042296535067483446,0.0687082826684218,two_sample_t_p_value,1000.0,,0.0074321988480633,0.27292902311406686,significant,non-significant,significant -> non-significant,false-positive risk
betweeness,4.0,1000,0.1,0.04577034649325166,-0.0042296535067483446,0.0687082826684218,ancova_p_value,,1000.0,0.0074321988480612,0.2729290231140199,significant,non-significant,significant -> non-significant,false-positive risk
betweeness,4.0,500,0.05,0.046040682769031456,-0.003959317230968547,0.0632657872240871,ancova_p_value,,500.0,0.0068553327113791,0.2712352504815776,significant,non-significant,significant -> non-significant,false-positive risk
betweeness,2.0,500,0.05,0.046040682769031456,-0.003959317230968547,0.0632657872240871,two_sample_t_p_value,500.0,,0.0068553327113788,0.2712352504815698,significant,non-significant,significant -> non-significant,false-positive risk
betweeness,2.0,1000,0.05,0.04577034649325166,-0.0042296535067483446,0.0632657872240871,two_sample_t_p_value,1000.0,,0.0068434822217552,0.2586390263873527,significant,non-significant,significant -> non-significant,false-positive risk
betweeness,4.0,1000,0.05,0.04577034649325166,-0.0042296535067483446,0.0632657872240871,ancova_p_value,,1000.0,0.0068434822217533,0.2586390263873036,significant,non-significant,significant -> non-significant,false-positive risk
betweeness,0.2,100,0.2,0.043860884260170395,-0.006139115739829608,0.0962807955891718,partial_correlation_p_value,100.0,,0.0102094524746515,0.25818742685100193,significant,non-significant,significant -> non-significant,false-positive risk
betweeness,0.2,100,0.1,0.043860884260170395,-0.006139115739829608,0.0687082826684218,partial_correlation_p_value,100.0,,0.0072857099094958,0.19502585769315095,significant,non-significant,significant -> non-significant,false-positive risk
betweeness,0.2,100,0.05,0.043860884260170395,-0.006139115739829608,0.0632657872240871,partial_correlation_p_value,100.0,,0.0067085969115981,0.17750049956808012,significant,non-significant,significant -> non-significant,false-positive risk
betweeness,0.3,50,0.5,0.030712033725595562,-0.01928796627440444,0.1872463464167704,partial_correlation_p_value,50.0,,0.0148964629305047,0.10642363900507412,significant,non-significant,significant -> non-significant,false-positive risk
clusteringcoef,2.0,50,0.5,0.05094706873769324,0.0009470687376932352,0.1190471512246693,two_sample_t_p_value,50.0,,0.0132795077317628,0.5044309809777092,non-significant,significant,non-significant -> significant,false-negative risk
clusteringcoef,4.0,50,0.5,0.05094706873769324,0.0009470687376932352,0.1190471512246693,ancova_p_value,,50.0,0.0132795077317629,0.504430980977708,non-significant,significant,non-significant -> significant,false-negative risk
clusteringcoef,2.0,50,0.4,0.05094706873769324,0.0009470687376932352,0.087738264937062,two_sample_t_p_value,50.0,,0.0097870545881801,0.48548741444156984,non-significant,significant,non-significant -> significant,false-negative risk
clusteringcoef,4.0,50,0.4,0.05094706873769324,0.0009470687376932352,0.087738264937062,ancova_p_value,,50.0,0.0097870545881801,0.48548741444156984,non-significant,significant,non-significant -> significant,false-negative risk
clusteringcoef,2.0,50,0.3,0.05094706873769324,0.0009470687376932352,0.0633084833648889,two_sample_t_p_value,50.0,,0.0070619539038243,0.4637607097346129,non-significant,significant,non-significant -> significant,false-negative risk
clusteringcoef,4.0,50,0.3,0.05094706873769324,0.0009470687376932352,0.0633084833648889,ancova_p_value,,50.0,0.0070619539038243,0.4637607097346129,non-significant,significant,non-significant -> significant,false-negative risk
clusteringcoef,2.0,50,0.2,0.05094706873769324,0.0009470687376932352,0.0540284967317034,two_sample_t_p_value,50.0,,0.0060267871402495,0.45200919497419917,non-significant,significant,non-significant -> significant,false-negative risk
clusteringcoef,4.0,50,0.2,0.05094706873769324,0.0009470687376932352,0.0540284967317034,ancova_p_value,,50.0,0.0060267871402495,0.45200919497419917,non-significant,significant,non-significant -> significant,false-negative risk
clusteringcoef,4.0,50,0.05,0.05094706873769324,0.0009470687376932352,0.0471926535794536,ancova_p_value,,50.0,0.0052642604349939,0.44107943539913813,non-significant,significant,non-significant -> significant,false-negative risk
clusteringcoef,2.0,50,0.05,0.05094706873769324,0.0009470687376932352,0.0471926535794536,two_sample_t_p_value,50.0,,0.0052642604349938,0.44107943539913724,non-significant,significant,non-significant -> significant,false-negative risk
clusteringcoef,2.0,50,0.1,0.05094706873769324,0.0009470687376932352,0.0456400476459608,two_sample_t_p_value,50.0,,0.0050910698774198,0.4382262928608766,non-significant,significant,non-significant -> significant,false-negative risk
clusteringcoef,4.0,50,0.1,0.05094706873769324,0.0009470687376932352,0.0456400476459608,ancova_p_value,,50.0,0.0050910698774198,0.4382262928608766,non-significant,significant,non-significant -> significant,false-negative risk
clusteringcoef,2.0,30,0.5,0.054625044962983094,0.004625044962983091,0.1190471512246693,two_sample_t_p_value,30.0,,0.0135362027700205,0.3929317771649544,non-significant,significant,non-significant -> significant,false-negative risk
clusteringcoef,4.0,30,0.5,0.054625044962983094,0.004625044962983091,0.1190471512246693,ancova_p_value,,30.0,0.0135362027700204,0.3929317771649534,non-significant,significant,non-significant -> significant,false-negative risk
clusteringcoef,2.0,30,0.4,0.054625044962983094,0.004625044962983091,0.087738264937062,two_sample_t_p_value,30.0,,0.0099762399407315,0.3379566738850422,non-significant,significant,non-significant -> significant,false-negative risk
clusteringcoef,4.0,30,0.4,0.054625044962983094,0.004625044962983091,0.087738264937062,ancova_p_value,,30.0,0.0099762399407314,0.3379566738850406,non-significant,significant,non-significant -> significant,false-negative risk
clusteringcoef,2.0,30,0.3,0.054625044962983094,0.004625044962983091,0.0633084833648889,two_sample_t_p_value,30.0,,0.0071984626181632,0.2681895853496344,non-significant,significant,non-significant -> significant,false-negative risk
clusteringcoef,4.0,30,0.3,0.054625044962983094,0.004625044962983091,0.0633084833648889,ancova_p_value,,30.0,0.0071984626181632,0.2681895853496344,non-significant,significant,non-significant -> significant,false-negative risk
clusteringcoef,2.0,30,0.2,0.054625044962983094,0.004625044962983091,0.0540284967317034,two_sample_t_p_value,30.0,,0.0061432859131548,0.23027438380660525,non-significant,significant,non-significant -> significant,false-negative risk
clusteringcoef,4.0,30,0.2,0.054625044962983094,0.004625044962983091,0.0540284967317034,ancova_p_value,,30.0,0.0061432859131548,0.23027438380660525,non-significant,significant,non-significant -> significant,false-negative risk
clusteringcoef,2.0,30,0.05,0.054625044962983094,0.004625044962983091,0.0471926535794536,two_sample_t_p_value,30.0,,0.0053660194430124,0.19638287210024336,non-significant,significant,non-significant -> significant,false-negative risk
clusteringcoef,4.0,30,0.05,0.054625044962983094,0.004625044962983091,0.0471926535794536,ancova_p_value,,30.0,0.0053660194430124,0.19638287210024336,non-significant,significant,non-significant -> significant,false-negative risk
clusteringcoef,2.0,30,0.1,0.054625044962983094,0.004625044962983091,0.0456400476459608,two_sample_t_p_value,30.0,,0.0051894810838707,0.18786515669457704,non-significant,significant,non-significant -> significant,false-negative risk
clusteringcoef,4.0,30,0.1,0.054625044962983094,0.004625044962983091,0.0456400476459608,ancova_p_value,,30.0,0.0051894810838707,0.18786515669457704,non-significant,significant,non-significant -> significant,false-negative risk
clusteringcoef,4.0,75,0.5,0.04912138289485513,-0.0008786171051448702,0.1190471512246693,ancova_p_value,,75.0,0.0131434689415601,0.43995462274223995,significant,non-significant,significant -> non-significant,false-positive risk
clusteringcoef,2.0,75,0.5,0.04912138289485513,-0.0008786171051448702,0.1190471512246693,two_sample_t_p_value,75.0,,0.0131434689415603,0.4399546227422395,significant,non-significant,significant -> non-significant,false-positive risk
clusteringcoef,2.0,75,0.4,0.04912138289485513,-0.0008786171051448702,0.087738264937062,two_sample_t_p_value,75.0,,0.0096867934118838,0.4394188969714119,significant,non-significant,significant -> non-significant,false-positive risk
clusteringcoef,4.0,75,0.4,0.04912138289485513,-0.0008786171051448702,0.087738264937062,ancova_p_value,,75.0,0.0096867934118837,0.43941889697141034,significant,non-significant,significant -> non-significant,false-positive risk
clusteringcoef,4.0,75,0.3,0.04912138289485513,-0.0008786171051448702,0.0633084833648889,ancova_p_value,,75.0,0.0069896093798443,0.43255636689692756,significant,non-significant,significant -> non-significant,false-positive risk
clusteringcoef,2.0,75,0.3,0.04912138289485513,-0.0008786171051448702,0.0633084833648889,two_sample_t_p_value,75.0,,0.0069896093798444,0.4325563668969269,significant,non-significant,significant -> non-significant,false-positive risk
clusteringcoef,2.0,75,0.2,0.04912138289485513,-0.0008786171051448702,0.0540284967317034,two_sample_t_p_value,75.0,,0.0059650471384416,0.4267122023525578,significant,non-significant,significant -> non-significant,false-positive risk
clusteringcoef,4.0,75,0.2,0.04912138289485513,-0.0008786171051448702,0.0540284967317034,ancova_p_value,,75.0,0.0059650471384415,0.42671220235255747,significant,non-significant,significant -> non-significant,false-positive risk
clusteringcoef,2.0,75,0.05,0.04912138289485513,-0.0008786171051448702,0.0471926535794536,two_sample_t_p_value,75.0,,0.0052103319584755,0.42030345422875715,significant,non-significant,significant -> non-significant,false-positive risk
clusteringcoef,4.0,75,0.05,0.04912138289485513,-0.0008786171051448702,0.0471926535794536,ancova_p_value,,75.0,0.0052103319584754,0.4203034542287556,significant,non-significant,significant -> non-significant,false-positive risk
clusteringcoef,2.0,75,0.1,0.04912138289485513,-0.0008786171051448702,0.0456400476459608,two_sample_t_p_value,75.0,,0.0050389156107896,0.41850461738692,significant,non-significant,significant -> non-significant,false-positive risk
clusteringcoef,4.0,75,0.1,0.04912138289485513,-0.0008786171051448702,0.0456400476459608,ancova_p_value,,75.0,0.0050389156107895,0.4185046173869188,significant,non-significant,significant -> non-significant,false-positive risk
clusteringcoef,2.0,100,0.5,0.04821217873113365,-0.0017878212688663547,0.1190471512246693,two_sample_t_p_value,100.0,,0.0130734351238605,0.41266069093087654,significant,non-significant,significant -> non-significant,false-positive risk
clusteringcoef,4.0,100,0.5,0.04821217873113365,-0.0017878212688663547,0.1190471512246693,ancova_p_value,,100.0,0.0130734351238601,0.41266069093087543,significant,non-significant,significant -> non-significant,false-positive risk
clusteringcoef,2.0,100,0.4,0.04821217873113365,-0.0017878212688663547,0.087738264937062,two_sample_t_p_value,100.0,,0.0096351781855748,0.4027101436902525,significant,non-significant,significant -> non-significant,false-positive risk
clusteringcoef,4.0,100,0.4,0.04821217873113365,-0.0017878212688663547,0.087738264937062,ancova_p_value,,100.0,0.0096351781855746,0.4027101436902515,significant,non-significant,significant -> non-significant,false-positive risk
clusteringcoef,2.0,100,0.3,0.04821217873113365,-0.0017878212688663547,0.0633084833648889,two_sample_t_p_value,100.0,,0.0069523658613123,0.3822596115184945,significant,non-significant,significant -> non-significant,false-positive risk
clusteringcoef,4.0,100,0.3,0.04821217873113365,-0.0017878212688663547,0.0633084833648889,ancova_p_value,,100.0,0.0069523658613121,0.38225961151849186,significant,non-significant,significant -> non-significant,false-positive risk
clusteringcoef,2.0,100,0.2,0.04821217873113365,-0.0017878212688663547,0.0540284967317034,two_sample_t_p_value,100.0,,0.0059332629096568,0.36822677299244777,significant,non-significant,significant -> non-significant,false-positive risk
clusteringcoef,4.0,100,0.2,0.04821217873113365,-0.0017878212688663547,0.0540284967317034,ancova_p_value,,100.0,0.0059332629096566,0.3682267729924441,significant,non-significant,significant -> non-significant,false-positive risk
clusteringcoef,4.0,300,0.5,0.0464015209831491,-0.0035984790168509043,0.1190471512246693,ancova_p_value,,300.0,0.0129292001790199,0.35972351817645987,significant,non-significant,significant -> non-significant,false-positive risk
clusteringcoef,2.0,300,0.5,0.0464015209831491,-0.0035984790168509043,0.1190471512246693,two_sample_t_p_value,300.0,,0.0129292001790179,0.3597235181764503,significant,non-significant,significant -> non-significant,false-positive risk
clusteringcoef,2.0,100,0.05,0.04821217873113365,-0.0017878212688663547,0.0471926535794536,two_sample_t_p_value,100.0,,0.0051825691631162,0.3539058717036103,significant,non-significant,significant -> non-significant,false-positive risk
clusteringcoef,4.0,100,0.05,0.04821217873113365,-0.0017878212688663547,0.0471926535794536,ancova_p_value,,100.0,0.0051825691631161,0.3539058717036072,significant,non-significant,significant -> non-significant,false-positive risk
clusteringcoef,2.0,100,0.1,0.04821217873113365,-0.0017878212688663547,0.0456400476459608,two_sample_t_p_value,100.0,,0.0050120661923552,0.35001345386968197,significant,non-significant,significant -> non-significant,false-positive risk
clusteringcoef,4.0,100,0.1,0.04821217873113365,-0.0017878212688663547,0.0456400476459608,ancova_p_value,,100.0,0.0050120661923551,0.35001345386967975,significant,non-significant,significant -> non-significant,false-positive risk
clusteringcoef,4.0,500,0.5,0.046040682769031456,-0.003959317230968547,0.1190471512246693,ancova_p_value,,500.0,0.0128996708299277,0.34946171902265744,significant,non-significant,significant -> non-significant,false-positive risk
clusteringcoef,2.0,500,0.5,0.046040682769031456,-0.003959317230968547,0.1190471512246693,two_sample_t_p_value,500.0,,0.0128996708299272,0.3494617190226542,significant,non-significant,significant -> non-significant,false-positive risk
clusteringcoef,2.0,1000,0.5,0.04577034649325166,-0.0042296535067483446,0.1190471512246693,two_sample_t_p_value,1000.0,,0.012877371778699,0.3418463902191745,significant,non-significant,significant -> non-significant,false-positive risk
clusteringcoef,4.0,1000,0.5,0.04577034649325166,-0.0042296535067483446,0.1190471512246693,ancova_p_value,,1000.0,0.0128773717786953,0.34184639021914975,significant,non-significant,significant -> non-significant,false-positive risk
clusteringcoef,4.0,300,0.4,0.0464015209831491,-0.0035984790168509043,0.087738264937062,ancova_p_value,,300.0,0.0095288764078891,0.33248327120730814,significant,non-significant,significant -> non-significant,false-positive risk
clusteringcoef,2.0,300,0.4,0.0464015209831491,-0.0035984790168509043,0.087738264937062,two_sample_t_p_value,300.0,,0.0095288764078876,0.3324832712072907,significant,non-significant,significant -> non-significant,false-positive risk
clusteringcoef,4.0,500,0.4,0.046040682769031456,-0.003959317230968547,0.087738264937062,ancova_p_value,,500.0,0.0095071131499915,0.3190921743960635,significant,non-significant,significant -> non-significant,false-positive risk
clusteringcoef,2.0,500,0.4,0.046040682769031456,-0.003959317230968547,0.087738264937062,two_sample_t_p_value,500.0,,0.0095071131499912,0.31909217439605864,significant,non-significant,significant -> non-significant,false-positive risk
clusteringcoef,2.0,1000,0.4,0.04577034649325166,-0.0042296535067483446,0.087738264937062,two_sample_t_p_value,1000.0,,0.0094906786528665,0.30921386467109335,significant,non-significant,significant -> non-significant,false-positive risk
clusteringcoef,4.0,1000,0.4,0.04577034649325166,-0.0042296535067483446,0.087738264937062,ancova_p_value,,1000.0,0.0094906786528637,0.3092138646710568,significant,non-significant,significant -> non-significant,false-positive risk
clusteringcoef,0.2,100,0.5,0.043860884260170395,-0.006139115739829608,0.1190471512246693,partial_correlation_p_value,100.0,,0.012623558262408,0.289130160849393,significant,non-significant,significant -> non-significant,false-positive risk
clusteringcoef,4.0,300,0.3,0.0464015209831491,-0.0035984790168509043,0.0633084833648889,ancova_p_value,,300.0,0.0068756626767998,0.28862442759839946,significant,non-significant,significant -> non-significant,false-positive risk
clusteringcoef,2.0,300,0.3,0.0464015209831491,-0.0035984790168509043,0.0633084833648889,two_sample_t_p_value,300.0,,0.0068756626767987,0.28862442759837337,significant,non-significant,significant -> non-significant,false-positive risk
clusteringcoef,4.0,500,0.3,0.046040682769031456,-0.003959317230968547,0.0633084833648889,ancova_p_value,,500.0,0.0068599591653209,0.2713505634863833,significant,non-significant,significant -> non-significant,false-positive risk
clusteringcoef,2.0,500,0.3,0.046040682769031456,-0.003959317230968547,0.0633084833648889,two_sample_t_p_value,500.0,,0.0068599591653207,0.27135056348637865,significant,non-significant,significant -> non-significant,false-positive risk
clusteringcoef,4.0,300,0.2,0.0464015209831491,-0.0035984790168509043,0.0540284967317034,ancova_p_value,,300.0,0.005867803155553,0.261613181016753,significant,non-significant,significant -> non-significant,false-positive risk
clusteringcoef,2.0,300,0.2,0.0464015209831491,-0.0035984790168509043,0.0540284967317034,two_sample_t_p_value,300.0,,0.0058678031555521,0.2616131810167255,significant,non-significant,significant -> non-significant,false-positive risk
clusteringcoef,2.0,1000,0.3,0.04577034649325166,-0.0042296535067483446,0.0633084833648889,two_sample_t_p_value,1000.0,,0.0068481006781649,0.2587599120637757,significant,non-significant,significant -> non-significant,false-positive risk
clusteringcoef,4.0,1000,0.3,0.04577034649325166,-0.0042296535067483446,0.0633084833648889,ancova_p_value,,1000.0,0.0068481006781629,0.25875991206372295,significant,non-significant,significant -> non-significant,false-positive risk
clusteringcoef,4.0,500,0.2,0.046040682769031456,-0.003959317230968547,0.0540284967317034,ancova_p_value,,500.0,0.0058544015216247,0.24244615769828792,significant,non-significant,significant -> non-significant,false-positive risk
clusteringcoef,2.0,500,0.2,0.046040682769031456,-0.003959317230968547,0.0540284967317034,two_sample_t_p_value,500.0,,0.0058544015216245,0.24244615769828137,significant,non-significant,significant -> non-significant,false-positive risk
clusteringcoef,0.2,100,0.4,0.043860884260170395,-0.006139115739829608,0.087738264937062,partial_correlation_p_value,100.0,,0.0093036169944576,0.24239230984457305,significant,non-significant,significant -> non-significant,false-positive risk
clusteringcoef,4.0,300,0.05,0.0464015209831491,-0.0035984790168509043,0.0471926535794536,ancova_p_value,,300.0,0.005125391568223,0.23572842685157303,significant,non-significant,significant -> non-significant,false-positive risk
clusteringcoef,2.0,300,0.05,0.0464015209831491,-0.0035984790168509043,0.0471926535794536,two_sample_t_p_value,300.0,,0.0051253915682222,0.2357284268515405,significant,non-significant,significant -> non-significant,false-positive risk
clusteringcoef,4.0,300,0.1,0.0464015209831491,-0.0035984790168509043,0.0456400476459608,ancova_p_value,,300.0,0.0049567697011161,0.22895419812694073,significant,non-significant,significant -> non-significant,false-positive risk
clusteringcoef,2.0,300,0.1,0.0464015209831491,-0.0035984790168509043,0.0456400476459608,two_sample_t_p_value,300.0,,0.0049567697011154,0.22895419812691242,significant,non-significant,significant -> non-significant,false-positive risk
clusteringcoef,2.0,1000,0.2,0.04577034649325166,-0.0042296535067483446,0.0540284967317034,two_sample_t_p_value,1000.0,,0.0058442812944371,0.22860523135658617,significant,non-significant,significant -> non-significant,false-positive risk
clusteringcoef,4.0,1000,0.2,0.04577034649325166,-0.0042296535067483446,0.0540284967317034,ancova_p_value,,1000.0,0.0058442812944355,0.22860523135653188,significant,non-significant,significant -> non-significant,false-positive risk
clusteringcoef,4.0,500,0.05,0.046040682769031456,-0.003959317230968547,0.0471926535794536,ancova_p_value,,500.0,0.0051136855481478,0.21510263472119506,significant,non-significant,significant -> non-significant,false-positive risk
clusteringcoef,2.0,500,0.05,0.046040682769031456,-0.003959317230968547,0.0471926535794536,two_sample_t_p_value,500.0,,0.0051136855481476,0.21510263472118707,significant,non-significant,significant -> non-significant,false-positive risk
clusteringcoef,4.0,500,0.1,0.046040682769031456,-0.003959317230968547,0.0456400476459608,ancova_p_value,,500.0,0.0049454488010722,0.2080078691232472,significant,non-significant,significant -> non-significant,false-positive risk
clusteringcoef,2.0,500,0.1,0.046040682769031456,-0.003959317230968547,0.0456400476459608,two_sample_t_p_value,500.0,,0.0049454488010721,0.2080078691232432,significant,non-significant,significant -> non-significant,false-positive risk
clusteringcoef,2.0,1000,0.05,0.04577034649325166,-0.0042296535067483446,0.0471926535794536,two_sample_t_p_value,1000.0,,0.0051048457616518,0.20036621399598054,significant,non-significant,significant -> non-significant,false-positive risk
clusteringcoef,4.0,1000,0.05,0.04577034649325166,-0.0042296535067483446,0.0471926535794536,ancova_p_value,,1000.0,0.0051048457616503,0.20036621399591792,significant,non-significant,significant -> non-significant,false-positive risk
clusteringcoef,2.0,1000,0.1,0.04577034649325166,-0.0042296535067483446,0.0456400476459608,two_sample_t_p_value,1000.0,,0.0049368998374888,0.1930889323638263,significant,non-significant,significant -> non-significant,false-positive risk
clusteringcoef,4.0,1000,0.1,0.04577034649325166,-0.0042296535067483446,0.0456400476459608,ancova_p_value,,1000.0,0.0049368998374873,0.19308893236376035,significant,non-significant,significant -> non-significant,false-positive risk
clusteringcoef,0.2,100,0.3,0.043860884260170395,-0.006139115739829608,0.0633084833648889,partial_correlation_p_value,100.0,,0.0067131243380459,0.1776461018008899,significant,non-significant,significant -> non-significant,false-positive risk
clusteringcoef,0.2,100,0.2,0.043860884260170395,-0.006139115739829608,0.0540284967317034,partial_correlation_p_value,100.0,,0.0057290902747923,0.14275886834538098,significant,non-significant,significant -> non-significant,false-positive risk
clusteringcoef,0.2,100,0.05,0.043860884260170395,-0.006139115739829608,0.0471926535794536,partial_correlation_p_value,100.0,,0.0050042290461329,0.11281363390051913,significant,non-significant,significant -> non-significant,false-positive risk
clusteringcoef,0.2,100,0.1,0.043860884260170395,-0.006139115739829608,0.0456400476459608,partial_correlation_p_value,100.0,,0.0048395933428978,0.10554934548304551,significant,non-significant,significant -> non-significant,false-positive risk
degree,2.0,50,0.05,0.05094706873769324,0.0009470687376932352,0.118121404749048,two_sample_t_p_value,50.0,,0.0131762422831217,0.5039478051263611,non-significant,significant,non-significant -> significant,false-negative risk
degree,4.0,50,0.05,0.05094706873769324,0.0009470687376932352,0.118121404749048,ancova_p_value,,50.0,0.0131762422831217,0.5039478051263611,non-significant,significant,non-significant -> significant,false-negative risk
degree,4.0,50,0.1,0.05094706873769324,0.0009470687376932352,0.0754399300930147,ancova_p_value,,50.0,0.0084151962029163,0.47574870236937206,non-significant,significant,non-significant -> significant,false-negative risk
degree,2.0,50,0.1,0.05094706873769324,0.0009470687376932352,0.0754399300930147,two_sample_t_p_value,50.0,,0.0084151962029162,0.47574870236937117,non-significant,significant,non-significant -> significant,false-negative risk
degree,2.0,50,0.2,0.05094706873769324,0.0009470687376932352,0.0560885901804366,two_sample_t_p_value,50.0,,0.0062565870690943,0.4548769517950681,non-significant,significant,non-significant -> significant,false-negative risk
degree,4.0,50,0.2,0.05094706873769324,0.0009470687376932352,0.0560885901804366,ancova_p_value,,50.0,0.0062565870690943,0.4548769517950681,non-significant,significant,non-significant -> significant,false-negative risk
degree,2.0,50,0.3,0.05094706873769324,0.0009470687376932352,0.0468746316869209,two_sample_t_p_value,50.0,,0.0052287856324697,0.4405078674891731,non-significant,significant,non-significant -> significant,false-negative risk
degree,4.0,50,0.3,0.05094706873769324,0.0009470687376932352,0.0468746316869209,ancova_p_value,,50.0,0.0052287856324697,0.4405078674891731,non-significant,significant,non-significant -> significant,false-negative risk
degree,2.0,50,0.4,0.05094706873769324,0.0009470687376932352,0.0439159853319729,two_sample_t_p_value,50.0,,0.0048987536515117,0.4348611170113034,non-significant,significant,non-significant -> significant,false-negative risk
degree,4.0,50,0.4,0.05094706873769324,0.0009470687376932352,0.0439159853319729,ancova_p_value,,50.0,0.0048987536515117,0.4348611170113034,non-significant,significant,non-significant -> significant,false-negative risk
degree,2.0,50,0.5,0.05094706873769324,0.0009470687376932352,0.0427972110693432,two_sample_t_p_value,50.0,,0.0047739562807401,0.4325554084861673,non-significant,significant,non-significant -> significant,false-negative risk
degree,4.0,50,0.5,0.05094706873769324,0.0009470687376932352,0.0427972110693432,ancova_p_value,,50.0,0.0047739562807401,0.4325554084861673,non-significant,significant,non-significant -> significant,false-negative risk
degree,2.0,30,0.05,0.054625044962983094,0.004625044962983091,0.118121404749048,two_sample_t_p_value,30.0,,0.0134309411835085,0.39163443471195575,non-significant,significant,non-significant -> significant,false-negative risk
degree,4.0,30,0.05,0.054625044962983094,0.004625044962983091,0.118121404749048,ancova_p_value,,30.0,0.0134309411835084,0.3916344347119554,non-significant,significant,non-significant -> significant,false-negative risk
degree,2.0,30,0.1,0.054625044962983094,0.004625044962983091,0.0754399300930147,two_sample_t_p_value,30.0,,0.0085778633103789,0.3071401491944229,non-significant,significant,non-significant -> significant,false-negative risk
degree,4.0,30,0.1,0.054625044962983094,0.004625044962983091,0.0754399300930147,ancova_p_value,,30.0,0.0085778633103788,0.3071401491944196,non-significant,significant,non-significant -> significant,false-negative risk
degree,2.0,30,0.2,0.054625044962983094,0.004625044962983091,0.0560885901804366,two_sample_t_p_value,30.0,,0.0063775279118954,0.23942869667946867,non-significant,significant,non-significant -> significant,false-negative risk
degree,4.0,30,0.2,0.054625044962983094,0.004625044962983091,0.0560885901804366,ancova_p_value,,30.0,0.0063775279118954,0.23942869667946867,non-significant,significant,non-significant -> significant,false-negative risk
degree,2.0,30,0.3,0.054625044962983094,0.004625044962983091,0.0468746316869209,two_sample_t_p_value,30.0,,0.0053298589068018,0.19466415816606117,non-significant,significant,non-significant -> significant,false-negative risk
degree,4.0,30,0.3,0.054625044962983094,0.004625044962983091,0.0468746316869209,ancova_p_value,,30.0,0.0053298589068018,0.19466415816606117,non-significant,significant,non-significant -> significant,false-negative risk
degree,2.0,30,0.4,0.054625044962983094,0.004625044962983091,0.0439159853319729,two_sample_t_p_value,30.0,,0.004993447354124,0.17802723778130028,non-significant,significant,non-significant -> significant,false-negative risk
degree,4.0,30,0.4,0.054625044962983094,0.004625044962983091,0.0439159853319729,ancova_p_value,,30.0,0.004993447354124,0.17802723778130028,non-significant,significant,non-significant -> significant,false-negative risk
degree,2.0,30,0.5,0.054625044962983094,0.004625044962983091,0.0427972110693432,two_sample_t_p_value,30.0,,0.0048662376299345,0.1714256451017051,non-significant,significant,non-significant -> significant,false-negative risk
degree,4.0,30,0.5,0.054625044962983094,0.004625044962983091,0.0427972110693432,ancova_p_value,,30.0,0.0048662376299345,0.1714256451017051,non-significant,significant,non-significant -> significant,false-negative risk
degree,4.0,75,0.05,0.04912138289485513,-0.0008786171051448702,0.118121404749048,ancova_p_value,,75.0,0.013041261371493,0.44001062511445,significant,non-significant,significant -> non-significant,false-positive risk
degree,2.0,75,0.05,0.04912138289485513,-0.0008786171051448702,0.118121404749048,two_sample_t_p_value,75.0,,0.0130412613714932,0.4400106251144488,significant,non-significant,significant -> non-significant,false-positive risk
degree,2.0,75,0.1,0.04912138289485513,-0.0008786171051448702,0.0754399300930147,two_sample_t_p_value,75.0,,0.0083289887068339,0.4370741734248095,significant,non-significant,significant -> non-significant,false-positive risk
degree,4.0,75,0.1,0.04912138289485513,-0.0008786171051448702,0.0754399300930147,ancova_p_value,,75.0,0.0083289887068338,0.43707417342480803,significant,non-significant,significant -> non-significant,false-positive risk
degree,2.0,75,0.2,0.04912138289485513,-0.0008786171051448702,0.0560885901804366,two_sample_t_p_value,75.0,,0.0061924929360234,0.4282492013742788,significant,non-significant,significant -> non-significant,false-positive risk
degree,4.0,75,0.2,0.04912138289485513,-0.0008786171051448702,0.0560885901804366,ancova_p_value,,75.0,0.0061924929360233,0.4282492013742776,significant,non-significant,significant -> non-significant,false-positive risk
degree,2.0,75,0.3,0.04912138289485513,-0.0008786171051448702,0.0468746316869209,two_sample_t_p_value,75.0,,0.005175220569213,0.41994689315769684,significant,non-significant,significant -> non-significant,false-positive risk
degree,4.0,75,0.3,0.04912138289485513,-0.0008786171051448702,0.0468746316869209,ancova_p_value,,75.0,0.0051752205692129,0.4199468931576963,significant,non-significant,significant -> non-significant,false-positive risk
degree,2.0,75,0.4,0.04912138289485513,-0.0008786171051448702,0.0439159853319729,two_sample_t_p_value,75.0,,0.0048485695231755,0.4163246741556851,significant,non-significant,significant -> non-significant,false-positive risk
degree,4.0,75,0.4,0.04912138289485513,-0.0008786171051448702,0.0439159853319729,ancova_p_value,,75.0,0.0048485695231755,0.4163246741556851,significant,non-significant,significant -> non-significant,false-positive risk
degree,2.0,75,0.5,0.04912138289485513,-0.0008786171051448702,0.0427972110693432,two_sample_t_p_value,75.0,,0.0047250506096844,0.41479703038623883,significant,non-significant,significant -> non-significant,false-positive risk
degree,4.0,75,0.5,0.04912138289485513,-0.0008786171051448702,0.0427972110693432,ancova_p_value,,75.0,0.0047250506096843,0.4147970303862367,significant,non-significant,significant -> non-significant,false-positive risk
degree,2.0,100,0.05,0.04821217873113365,-0.0017878212688663547,0.118121404749048,two_sample_t_p_value,100.0,,0.0129717721578367,0.41250915573512226,significant,non-significant,significant -> non-significant,false-positive risk
degree,4.0,100,0.05,0.04821217873113365,-0.0017878212688663547,0.118121404749048,ancova_p_value,,100.0,0.0129717721578364,0.41250915573512126,significant,non-significant,significant -> non-significant,false-positive risk
degree,2.0,100,0.1,0.04821217873113365,-0.0017878212688663547,0.0754399300930147,two_sample_t_p_value,100.0,,0.0082846084234162,0.39458441732395566,significant,non-significant,significant -> non-significant,false-positive risk
degree,4.0,100,0.1,0.04821217873113365,-0.0017878212688663547,0.0754399300930147,ancova_p_value,,100.0,0.008284608423416,0.39458441732395266,significant,non-significant,significant -> non-significant,false-positive risk
degree,2.0,100,0.2,0.04821217873113365,-0.0017878212688663547,0.0560885901804366,two_sample_t_p_value,100.0,,0.0061594967823202,0.37179948701584764,significant,non-significant,significant -> non-significant,false-positive risk
degree,4.0,100,0.2,0.04821217873113365,-0.0017878212688663547,0.0560885901804366,ancova_p_value,,100.0,0.00615949678232,0.371799487015845,significant,non-significant,significant -> non-significant,false-positive risk
degree,4.0,300,0.05,0.0464015209831491,-0.0035984790168509043,0.118121404749048,ancova_p_value,,300.0,0.0128286588273353,0.3591833356319859,significant,non-significant,significant -> non-significant,false-positive risk
degree,2.0,300,0.05,0.0464015209831491,-0.0035984790168509043,0.118121404749048,two_sample_t_p_value,300.0,,0.0128286588273333,0.35918333563197424,significant,non-significant,significant -> non-significant,false-positive risk
degree,2.0,100,0.3,0.04821217873113365,-0.0017878212688663547,0.0468746316869209,two_sample_t_p_value,100.0,,0.0051476448618018,0.3531305824763096,significant,non-significant,significant -> non-significant,false-positive risk
degree,4.0,100,0.3,0.04821217873113365,-0.0017878212688663547,0.0468746316869209,ancova_p_value,,100.0,0.0051476448618017,0.3531305824763078,significant,non-significant,significant -> non-significant,false-positive risk
degree,4.0,500,0.05,0.046040682769031456,-0.003959317230968547,0.118121404749048,ancova_p_value,,500.0,0.0127993591073486,0.3488494033223928,significant,non-significant,significant -> non-significant,false-positive risk
degree,2.0,500,0.05,0.046040682769031456,-0.003959317230968547,0.118121404749048,two_sample_t_p_value,500.0,,0.0127993591073482,0.3488494033223901,significant,non-significant,significant -> non-significant,false-positive risk
degree,2.0,100,0.4,0.04821217873113365,-0.0017878212688663547,0.0439159853319729,two_sample_t_p_value,100.0,,0.0048227343471196,0.3453552211926655,significant,non-significant,significant -> non-significant,false-positive risk
degree,4.0,100,0.4,0.04821217873113365,-0.0017878212688663547,0.0439159853319729,ancova_p_value,,100.0,0.0048227343471195,0.3453552211926627,significant,non-significant,significant -> non-significant,false-positive risk
degree,2.0,100,0.5,0.04821217873113365,-0.0017878212688663547,0.0427972110693432,two_sample_t_p_value,100.0,,0.0046998735932899,0.34212563286498365,significant,non-significant,significant -> non-significant,false-positive risk
degree,4.0,100,0.5,0.04821217873113365,-0.0017878212688663547,0.0427972110693432,ancova_p_value,,100.0,0.0046998735932898,0.342125632864981,significant,non-significant,significant -> non-significant,false-positive risk
degree,2.0,1000,0.05,0.04577034649325166,-0.0042296535067483446,0.118121404749048,two_sample_t_p_value,1000.0,,0.0127772334602532,0.3411814084107374,significant,non-significant,significant -> non-significant,false-positive risk
degree,4.0,1000,0.05,0.04577034649325166,-0.0042296535067483446,0.118121404749048,ancova_p_value,,1000.0,0.0127772334602495,0.3411814084107123,significant,non-significant,significant -> non-significant,false-positive risk
degree,4.0,300,0.1,0.0464015209831491,-0.0035984790168509043,0.0754399300930147,ancova_p_value,,300.0,0.0081932070413268,0.31414505340519683,significant,non-significant,significant -> non-significant,false-positive risk
degree,2.0,300,0.1,0.0464015209831491,-0.0035984790168509043,0.0754399300930147,two_sample_t_p_value,300.0,,0.0081932070413255,0.3141450534051736,significant,non-significant,significant -> non-significant,false-positive risk
degree,4.0,500,0.1,0.046040682769031456,-0.003959317230968547,0.0754399300930147,ancova_p_value,,500.0,0.0081744943547291,0.298999577987336,significant,non-significant,significant -> non-significant,false-positive risk
degree,2.0,500,0.1,0.046040682769031456,-0.003959317230968547,0.0754399300930147,two_sample_t_p_value,500.0,,0.0081744943547288,0.29899957798733223,significant,non-significant,significant -> non-significant,false-positive risk
degree,0.2,100,0.05,0.043860884260170395,-0.006139115739829608,0.118121404749048,partial_correlation_p_value,100.0,,0.0125253936742511,0.2881220132384198,significant,non-significant,significant -> non-significant,false-positive risk
degree,2.0,1000,0.1,0.04577034649325166,-0.0042296535067483446,0.0754399300930147,two_sample_t_p_value,1000.0,,0.0081603634927259,0.28787834076481555,significant,non-significant,significant -> non-significant,false-positive risk
degree,4.0,1000,0.1,0.04577034649325166,-0.0042296535067483446,0.0754399300930147,ancova_p_value,,1000.0,0.0081603634927235,0.2878783407647688,significant,non-significant,significant -> non-significant,false-positive risk
degree,4.0,300,0.2,0.0464015209831491,-0.0035984790168509043,0.0560885901804366,ancova_p_value,,300.0,0.0060915410637025,0.26832201712995973,significant,non-significant,significant -> non-significant,false-positive risk
degree,2.0,300,0.2,0.0464015209831491,-0.0035984790168509043,0.0560885901804366,two_sample_t_p_value,300.0,,0.0060915410637015,0.26832201712993053,significant,non-significant,significant -> non-significant,false-positive risk
degree,4.0,500,0.2,0.046040682769031456,-0.003959317230968547,0.0560885901804366,ancova_p_value,,500.0,0.0060776284287298,0.24959077831384113,significant,non-significant,significant -> non-significant,false-positive risk
degree,2.0,500,0.2,0.046040682769031456,-0.003959317230968547,0.0560885901804366,two_sample_t_p_value,500.0,,0.0060776284287296,0.2495907783138348,significant,non-significant,significant -> non-significant,false-positive risk
degree,2.0,1000,0.2,0.04577034649325166,-0.0042296535067483446,0.0560885901804366,two_sample_t_p_value,1000.0,,0.0060671223197393,0.23603103753967591,significant,non-significant,significant -> non-significant,false-positive risk
degree,4.0,1000,0.2,0.04577034649325166,-0.0042296535067483446,0.0560885901804366,ancova_p_value,,1000.0,0.0060671223197375,0.23603103753961863,significant,non-significant,significant -> non-significant,false-positive risk
degree,4.0,300,0.3,0.0464015209831491,-0.0035984790168509043,0.0468746316869209,ancova_p_value,,300.0,0.0050908525753318,0.23437052737669317,significant,non-significant,significant -> non-significant,false-positive risk
degree,2.0,300,0.3,0.0464015209831491,-0.0035984790168509043,0.0468746316869209,two_sample_t_p_value,300.0,,0.0050908525753311,0.23437052737666564,significant,non-significant,significant -> non-significant,false-positive risk
degree,4.0,300,0.4,0.0464015209831491,-0.0035984790168509043,0.0439159853319729,ancova_p_value,,300.0,0.0047695266923642,0.22098749787202743,significant,non-significant,significant -> non-significant,false-positive risk
degree,2.0,300,0.4,0.0464015209831491,-0.0035984790168509043,0.0439159853319729,two_sample_t_p_value,300.0,,0.0047695266923635,0.2209874978719969,significant,non-significant,significant -> non-significant,false-positive risk
degree,4.0,300,0.5,0.0464015209831491,-0.0035984790168509043,0.0427972110693432,ancova_p_value,,300.0,0.0046480214211513,0.21555257079930557,significant,non-significant,significant -> non-significant,false-positive risk
degree,2.0,300,0.5,0.0464015209831491,-0.0035984790168509043,0.0427972110693432,two_sample_t_p_value,300.0,,0.0046480214211506,0.21555257079927292,significant,non-significant,significant -> non-significant,false-positive risk
degree,0.2,100,0.1,0.043860884260170395,-0.006139115739829608,0.0754399300930147,partial_correlation_p_value,100.0,,0.0079995223996911,0.2140350508921962,significant,non-significant,significant -> non-significant,false-positive risk
degree,4.0,500,0.3,0.046040682769031456,-0.003959317230968547,0.0468746316869209,ancova_p_value,,500.0,0.0050792254397943,0.21367837050191818,significant,non-significant,significant -> non-significant,false-positive risk
degree,2.0,500,0.3,0.046040682769031456,-0.003959317230968547,0.0468746316869209,two_sample_t_p_value,500.0,,0.0050792254397941,0.2136783705019102,significant,non-significant,significant -> non-significant,false-positive risk
degree,4.0,500,0.4,0.046040682769031456,-0.003959317230968547,0.0439159853319729,ancova_p_value,,500.0,0.0047586334416794,0.1996986523836719,significant,non-significant,significant -> non-significant,false-positive risk
degree,2.0,500,0.4,0.046040682769031456,-0.003959317230968547,0.0439159853319729,two_sample_t_p_value,500.0,,0.0047586334416793,0.19969865238366746,significant,non-significant,significant -> non-significant,false-positive risk
degree,2.0,1000,0.3,0.04577034649325166,-0.0042296535067483446,0.0468746316869209,two_sample_t_p_value,1000.0,,0.0050704452228587,0.1989035834498094,significant,non-significant,significant -> non-significant,false-positive risk
degree,4.0,1000,0.3,0.04577034649325166,-0.0042296535067483446,0.0468746316869209,ancova_p_value,,1000.0,0.0050704452228572,0.19890358344974557,significant,non-significant,significant -> non-significant,false-positive risk
degree,4.0,500,0.5,0.046040682769031456,-0.003959317230968547,0.0427972110693432,ancova_p_value,,500.0,0.0046374056796334,0.19405212710149622,significant,non-significant,significant -> non-significant,false-positive risk
degree,2.0,500,0.5,0.046040682769031456,-0.003959317230968547,0.0427972110693432,two_sample_t_p_value,500.0,,0.0046374056796333,0.19405212710149145,significant,non-significant,significant -> non-significant,false-positive risk
degree,2.0,1000,0.4,0.04577034649325166,-0.0042296535067483446,0.0439159853319729,two_sample_t_p_value,1000.0,,0.0047504074169774,0.18459402013641635,significant,non-significant,significant -> non-significant,false-positive risk
degree,4.0,1000,0.4,0.04577034649325166,-0.0042296535067483446,0.0439159853319729,ancova_p_value,,1000.0,0.0047504074169761,0.18459402013635617,significant,non-significant,significant -> non-significant,false-positive risk
degree,2.0,1000,0.5,0.04577034649325166,-0.0042296535067483446,0.0427972110693432,two_sample_t_p_value,1000.0,,0.0046293892156336,0.17883927324765037,significant,non-significant,significant -> non-significant,false-positive risk
degree,4.0,1000,0.5,0.04577034649325166,-0.0042296535067483446,0.0427972110693432,ancova_p_value,,1000.0,0.0046293892156322,0.17883927324758253,significant,non-significant,significant -> non-significant,false-positive risk
degree,0.2,100,0.2,0.043860884260170395,-0.006139115739829608,0.0560885901804366,partial_correlation_p_value,100.0,,0.0059475390945125,0.1510791276150446,significant,non-significant,significant -> non-significant,false-positive risk
degree,0.2,100,0.3,0.043860884260170395,-0.006139115739829608,0.0468746316869209,partial_correlation_p_value,100.0,,0.0049705065433447,0.11133828795992273,significant,non-significant,significant -> non-significant,false-positive risk
eigenvec,2.0,50,0.05,0.05094706873769324,0.0009470687376932352,0.1691496371041488,two_sample_t_p_value,50.0,,0.018868355022711,0.5269722602767631,non-significant,significant,non-significant -> significant,false-negative risk
eigenvec,4.0,50,0.05,0.05094706873769324,0.0009470687376932352,0.1691496371041488,ancova_p_value,,50.0,0.018868355022711,0.5269722602767631,non-significant,significant,non-significant -> significant,false-negative risk
eigenvec,2.0,50,0.1,0.05094706873769324,0.0009470687376932352,0.109858656964734,two_sample_t_p_value,50.0,,0.0122545467871889,0.49946947348654225,non-significant,significant,non-significant -> significant,false-negative risk
eigenvec,4.0,50,0.1,0.05094706873769324,0.0009470687376932352,0.109858656964734,ancova_p_value,,50.0,0.012254546787189,0.499469473486542,non-significant,significant,non-significant -> significant,false-negative risk
eigenvec,2.0,50,0.2,0.05094706873769324,0.0009470687376932352,0.0834215094528374,two_sample_t_p_value,50.0,,0.0093055278381556,0.4822795849066276,non-significant,significant,non-significant -> significant,false-negative risk
eigenvec,4.0,50,0.2,0.05094706873769324,0.0009470687376932352,0.0834215094528374,ancova_p_value,,50.0,0.0093055278381556,0.4822795849066276,non-significant,significant,non-significant -> significant,false-negative risk
eigenvec,2.0,50,0.5,0.05094706873769324,0.0009470687376932352,0.0752492995573936,two_sample_t_p_value,50.0,,0.0083939316901106,0.475581631723404,non-significant,significant,non-significant -> significant,false-negative risk
eigenvec,4.0,50,0.5,0.05094706873769324,0.0009470687376932352,0.0752492995573936,ancova_p_value,,50.0,0.0083939316901106,0.475581631723404,non-significant,significant,non-significant -> significant,false-negative risk
eigenvec,2.0,50,0.3,0.05094706873769324,0.0009470687376932352,0.0743370254964216,two_sample_t_p_value,50.0,,0.008292169066465,0.4747740740148207,non-significant,significant,non-significant -> significant,false-negative risk
eigenvec,4.0,50,0.3,0.05094706873769324,0.0009470687376932352,0.0743370254964216,ancova_p_value,,50.0,0.008292169066465,0.4747740740148207,non-significant,significant,non-significant -> significant,false-negative risk
eigenvec,2.0,50,0.4,0.05094706873769324,0.0009470687376932352,0.0727259140905399,two_sample_t_p_value,50.0,,0.0081124523227122,0.4733142436477729,non-significant,significant,non-significant -> significant,false-negative risk
eigenvec,4.0,50,0.4,0.05094706873769324,0.0009470687376932352,0.0727259140905399,ancova_p_value,,50.0,0.0081124523227122,0.4733142436477729,non-significant,significant,non-significant -> significant,false-negative risk
eigenvec,2.0,30,0.05,0.054625044962983094,0.004625044962983091,0.1691496371041488,two_sample_t_p_value,30.0,,0.0192330833855575,0.44679261751620536,non-significant,significant,non-significant -> significant,false-negative risk
eigenvec,4.0,30,0.05,0.054625044962983094,0.004625044962983091,0.1691496371041488,ancova_p_value,,30.0,0.0192330833855574,0.4467926175162052,non-significant,significant,non-significant -> significant,false-negative risk
eigenvec,2.0,30,0.1,0.054625044962983094,0.004625044962983091,0.109858656964734,two_sample_t_p_value,30.0,,0.0124914291641496,0.37932922177533196,non-significant,significant,non-significant -> significant,false-negative risk
eigenvec,4.0,30,0.1,0.054625044962983094,0.004625044962983091,0.109858656964734,ancova_p_value,,30.0,0.0124914291641495,0.3793292217753305,non-significant,significant,non-significant -> significant,false-negative risk
eigenvec,2.0,30,0.2,0.054625044962983094,0.004625044962983091,0.0834215094528374,two_sample_t_p_value,30.0,,0.0094854052005302,0.3279434938322252,non-significant,significant,non-significant -> significant,false-negative risk
eigenvec,4.0,30,0.2,0.054625044962983094,0.004625044962983091,0.0834215094528374,ancova_p_value,,30.0,0.0094854052005302,0.3279434938322252,non-significant,significant,non-significant -> significant,false-negative risk
eigenvec,2.0,30,0.5,0.054625044962983094,0.004625044962983091,0.0752492995573936,two_sample_t_p_value,30.0,,0.0085561877510918,0.3066021741154142,non-significant,significant,non-significant -> significant,false-negative risk
eigenvec,4.0,30,0.5,0.054625044962983094,0.004625044962983091,0.0752492995573936,ancova_p_value,,30.0,0.0085561877510918,0.3066021741154142,non-significant,significant,non-significant -> significant,false-negative risk
eigenvec,2.0,30,0.3,0.054625044962983094,0.004625044962983091,0.0743370254964216,two_sample_t_p_value,30.0,,0.0084524580394262,0.3039985825352214,non-significant,significant,non-significant -> significant,false-negative risk
eigenvec,4.0,30,0.3,0.054625044962983094,0.004625044962983091,0.0743370254964216,ancova_p_value,,30.0,0.0084524580394262,0.3039985825352214,non-significant,significant,non-significant -> significant,false-negative risk
eigenvec,2.0,30,0.4,0.054625044962983094,0.004625044962983091,0.0727259140905399,two_sample_t_p_value,30.0,,0.0082692673418685,0.29927969212695865,non-significant,significant,non-significant -> significant,false-negative risk
eigenvec,4.0,30,0.4,0.054625044962983094,0.004625044962983091,0.0727259140905399,ancova_p_value,,30.0,0.0082692673418684,0.29927969212695643,non-significant,significant,non-significant -> significant,false-negative risk
eigenvec,0.2,75,0.05,0.08116706380718447,0.031167063807184467,0.1691496371041488,partial_correlation_p_value,75.0,,0.0299029421582998,0.14109203329099443,non-significant,significant,non-significant -> significant,false-negative risk
eigenvec,0.1,300,0.05,0.0827480032540806,0.0327480032540806,0.1691496371041488,partial_correlation_p_value,300.0,,0.0300632442980679,0.12763553518472223,non-significant,significant,non-significant -> significant,false-negative risk
eigenvec,4.0,75,0.1,0.04912138289485513,-0.0008786171051448702,0.109858656964734,ancova_p_value,,75.0,0.0121290079680485,0.4403551323154269,significant,non-significant,significant -> non-significant,false-positive risk
eigenvec,2.0,75,0.1,0.04912138289485513,-0.0008786171051448702,0.109858656964734,two_sample_t_p_value,75.0,,0.0121290079680487,0.4403551323154258,significant,non-significant,significant -> non-significant,false-positive risk
eigenvec,4.0,75,0.2,0.04912138289485513,-0.0008786171051448702,0.0834215094528374,ancova_p_value,,75.0,0.0092101995492709,0.43879096212059876,significant,non-significant,significant -> non-significant,false-positive risk
eigenvec,2.0,75,0.2,0.04912138289485513,-0.0008786171051448702,0.0834215094528374,two_sample_t_p_value,75.0,,0.009210199549271,0.4387909621205982,significant,non-significant,significant -> non-significant,false-positive risk
eigenvec,2.0,75,0.5,0.04912138289485513,-0.0008786171051448702,0.0752492995573936,two_sample_t_p_value,75.0,,0.0083079420333228,0.43702290037810954,significant,non-significant,significant -> non-significant,false-positive risk
eigenvec,4.0,75,0.5,0.04912138289485513,-0.0008786171051448702,0.0752492995573936,ancova_p_value,,75.0,0.0083079420333227,0.4370229003781072,significant,non-significant,significant -> non-significant,false-positive risk
eigenvec,2.0,75,0.3,0.04912138289485513,-0.0008786171051448702,0.0743370254964216,two_sample_t_p_value,75.0,,0.0082072218929143,0.4367700948274422,significant,non-significant,significant -> non-significant,false-positive risk
eigenvec,4.0,75,0.3,0.04912138289485513,-0.0008786171051448702,0.0743370254964216,ancova_p_value,,75.0,0.0082072218929142,0.4367700948274422,significant,non-significant,significant -> non-significant,false-positive risk
eigenvec,2.0,75,0.4,0.04912138289485513,-0.0008786171051448702,0.0727259140905399,two_sample_t_p_value,75.0,,0.0080293462150274,0.43629247738069354,significant,non-significant,significant -> non-significant,false-positive risk
eigenvec,4.0,75,0.4,0.04912138289485513,-0.0008786171051448702,0.0727259140905399,ancova_p_value,,75.0,0.0080293462150273,0.43629247738069343,significant,non-significant,significant -> non-significant,false-positive risk
eigenvec,4.0,75,0.05,0.04912138289485513,-0.0008786171051448702,0.1691496371041488,ancova_p_value,,75.0,0.0186750626023703,0.4335010341397727,significant,non-significant,significant -> non-significant,false-positive risk
eigenvec,2.0,75,0.05,0.04912138289485513,-0.0008786171051448702,0.1691496371041488,two_sample_t_p_value,75.0,,0.0186750626023706,0.43350103413977203,significant,non-significant,significant -> non-significant,false-positive risk
eigenvec,4.0,100,0.05,0.04821217873113365,-0.0017878212688663547,0.1691496371041488,ancova_p_value,,100.0,0.0185755541745994,0.4140506479939331,significant,non-significant,significant -> non-significant,false-positive risk
eigenvec,2.0,100,0.05,0.04821217873113365,-0.0017878212688663547,0.1691496371041488,two_sample_t_p_value,100.0,,0.0185755541745999,0.41405064799393265,significant,non-significant,significant -> non-significant,false-positive risk
eigenvec,2.0,100,0.1,0.04821217873113365,-0.0017878212688663547,0.109858656964734,two_sample_t_p_value,100.0,,0.012064379616379,0.4108475620828572,significant,non-significant,significant -> non-significant,false-positive risk
eigenvec,4.0,100,0.1,0.04821217873113365,-0.0017878212688663547,0.109858656964734,ancova_p_value,,100.0,0.0120643796163787,0.4108475620828569,significant,non-significant,significant -> non-significant,false-positive risk
eigenvec,2.0,100,0.2,0.04821217873113365,-0.0017878212688663547,0.0834215094528374,two_sample_t_p_value,100.0,,0.0091611238114212,0.4002416331525842,significant,non-significant,significant -> non-significant,false-positive risk
eigenvec,4.0,100,0.2,0.04821217873113365,-0.0017878212688663547,0.0834215094528374,ancova_p_value,,100.0,0.009161123811421,0.40024163315258,significant,non-significant,significant -> non-significant,false-positive risk
eigenvec,2.0,100,0.5,0.04821217873113365,-0.0017878212688663547,0.0752492995573936,two_sample_t_p_value,100.0,,0.0082636738952529,0.39442916305037745,significant,non-significant,significant -> non-significant,false-positive risk
eigenvec,4.0,100,0.5,0.04821217873113365,-0.0017878212688663547,0.0752492995573936,ancova_p_value,,100.0,0.0082636738952527,0.3944291630503738,significant,non-significant,significant -> non-significant,false-positive risk
eigenvec,2.0,100,0.3,0.04821217873113365,-0.0017878212688663547,0.0743370254964216,two_sample_t_p_value,100.0,,0.0081634904332498,0.39367163872288324,significant,non-significant,significant -> non-significant,false-positive risk
eigenvec,4.0,100,0.3,0.04821217873113365,-0.0017878212688663547,0.0743370254964216,ancova_p_value,,100.0,0.0081634904332496,0.3936716387228796,significant,non-significant,significant -> non-significant,false-positive risk
eigenvec,2.0,100,0.4,0.04821217873113365,-0.0017878212688663547,0.0727259140905399,two_sample_t_p_value,100.0,,0.0079865625502603,0.3922729283090126,significant,non-significant,significant -> non-significant,false-positive risk
eigenvec,4.0,100,0.4,0.04821217873113365,-0.0017878212688663547,0.0727259140905399,ancova_p_value,,100.0,0.0079865625502601,0.39227292830901184,significant,non-significant,significant -> non-significant,false-positive risk
eigenvec,4.0,300,0.05,0.0464015209831491,-0.0035984790168509043,0.1691496371041488,ancova_p_value,,300.0,0.0183706161452012,0.3760012452275261,significant,non-significant,significant -> non-significant,false-positive risk
eigenvec,2.0,300,0.05,0.0464015209831491,-0.0035984790168509043,0.1691496371041488,two_sample_t_p_value,300.0,,0.0183706161451984,0.376001245227523,significant,non-significant,significant -> non-significant,false-positive risk
eigenvec,4.0,500,0.05,0.046040682769031456,-0.003959317230968547,0.1691496371041488,ancova_p_value,,500.0,0.0183286589993856,0.3685503366800569,significant,non-significant,significant -> non-significant,false-positive risk
eigenvec,2.0,500,0.05,0.046040682769031456,-0.003959317230968547,0.1691496371041488,two_sample_t_p_value,500.0,,0.0183286589993849,0.36855033668005555,significant,non-significant,significant -> non-significant,false-positive risk
eigenvec,2.0,1000,0.05,0.04577034649325166,-0.0042296535067483446,0.1691496371041488,two_sample_t_p_value,1000.0,,0.0182969751129229,0.36300064558779543,significant,non-significant,significant -> non-significant,false-positive risk
eigenvec,4.0,1000,0.05,0.04577034649325166,-0.0042296535067483446,0.1691496371041488,ancova_p_value,,1000.0,0.0182969751129176,0.36300064558778466,significant,non-significant,significant -> non-significant,false-positive risk
eigenvec,4.0,300,0.1,0.0464015209831491,-0.0035984790168509043,0.109858656964734,ancova_p_value,,300.0,0.0119312772517734,0.35378104685612755,significant,non-significant,significant -> non-significant,false-positive risk
eigenvec,2.0,300,0.1,0.0464015209831491,-0.0035984790168509043,0.109858656964734,two_sample_t_p_value,300.0,,0.0119312772517716,0.3537810468561151,significant,non-significant,significant -> non-significant,false-positive risk
eigenvec,4.0,500,0.1,0.046040682769031456,-0.003959317230968547,0.109858656964734,ancova_p_value,,500.0,0.0119040270857767,0.34275663000500733,significant,non-significant,significant -> non-significant,false-positive risk
eigenvec,2.0,500,0.1,0.046040682769031456,-0.003959317230968547,0.109858656964734,two_sample_t_p_value,500.0,,0.0119040270857762,0.34275663000500334,significant,non-significant,significant -> non-significant,false-positive risk
eigenvec,2.0,1000,0.1,0.04577034649325166,-0.0042296535067483446,0.109858656964734,two_sample_t_p_value,1000.0,,0.0118834491568269,0.33458554376505856,significant,non-significant,significant -> non-significant,false-positive risk
eigenvec,4.0,1000,0.1,0.04577034649325166,-0.0042296535067483446,0.109858656964734,ancova_p_value,,1000.0,0.0118834491568234,0.3345855437650309,significant,non-significant,significant -> non-significant,false-positive risk
eigenvec,4.0,300,0.2,0.0464015209831491,-0.0035984790168509043,0.0834215094528374,ancova_p_value,,300.0,0.0090600521209972,0.32672631532217844,significant,non-significant,significant -> non-significant,false-positive risk
eigenvec,2.0,300,0.2,0.0464015209831491,-0.0035984790168509043,0.0834215094528374,two_sample_t_p_value,300.0,,0.0090600521209958,0.32672631532215846,significant,non-significant,significant -> non-significant,false-positive risk
eigenvec,0.2,100,0.05,0.043860884260170395,-0.006139115739829608,0.1691496371041488,partial_correlation_p_value,100.0,,0.0179363409966834,0.32416965456269664,significant,non-significant,significant -> non-significant,false-positive risk
eigenvec,4.0,300,0.5,0.0464015209831491,-0.0035984790168509043,0.0752492995573936,ancova_p_value,,300.0,0.0081725034769834,0.3138093375589843,significant,non-significant,significant -> non-significant,false-positive risk
eigenvec,2.0,300,0.5,0.0464015209831491,-0.0035984790168509043,0.0752492995573936,two_sample_t_p_value,300.0,,0.0081725034769821,0.3138093375589641,significant,non-significant,significant -> non-significant,false-positive risk
eigenvec,4.0,500,0.2,0.046040682769031456,-0.003959317230968547,0.0834215094528374,ancova_p_value,,500.0,0.0090393596235364,0.31276151371586147,significant,non-significant,significant -> non-significant,false-positive risk
eigenvec,2.0,500,0.2,0.046040682769031456,-0.003959317230968547,0.0834215094528374,two_sample_t_p_value,500.0,,0.009039359623536,0.3127615137158555,significant,non-significant,significant -> non-significant,false-positive risk
eigenvec,4.0,300,0.3,0.0464015209831491,-0.0035984790168509043,0.0743370254964216,ancova_p_value,,300.0,0.0080734253064342,0.3121775705834309,significant,non-significant,significant -> non-significant,false-positive risk
eigenvec,2.0,300,0.3,0.0464015209831491,-0.0035984790168509043,0.0743370254964216,two_sample_t_p_value,300.0,,0.0080734253064329,0.3121775705834118,significant,non-significant,significant -> non-significant,false-positive risk
eigenvec,4.0,300,0.4,0.0464015209831491,-0.0035984790168509043,0.0727259140905399,ancova_p_value,,300.0,0.0078984494110594,0.3091907869477357,significant,non-significant,significant -> non-significant,false-positive risk
eigenvec,2.0,300,0.4,0.0464015209831491,-0.0035984790168509043,0.0727259140905399,two_sample_t_p_value,300.0,,0.0078984494110582,0.3091907869477163,significant,non-significant,significant -> non-significant,false-positive risk
eigenvec,2.0,1000,0.2,0.04577034649325166,-0.0042296535067483446,0.0834215094528374,two_sample_t_p_value,1000.0,,0.0090237337098229,0.30247425220089474,significant,non-significant,significant -> non-significant,false-positive risk
eigenvec,4.0,1000,0.2,0.04577034649325166,-0.0042296535067483446,0.0834215094528374,ancova_p_value,,1000.0,0.0090237337098203,0.30247425220085566,significant,non-significant,significant -> non-significant,false-positive risk
eigenvec,4.0,500,0.5,0.046040682769031456,-0.003959317230968547,0.0752492995573936,ancova_p_value,,500.0,0.0081538380758149,0.2986336232872673,significant,non-significant,significant -> non-significant,false-positive risk
eigenvec,2.0,500,0.5,0.046040682769031456,-0.003959317230968547,0.0752492995573936,two_sample_t_p_value,500.0,,0.0081538380758146,0.2986336232872635,significant,non-significant,significant -> non-significant,false-positive risk
eigenvec,4.0,500,0.3,0.046040682769031456,-0.003959317230968547,0.0743370254964216,ancova_p_value,,500.0,0.0080549861925723,0.2968557705139261,significant,non-significant,significant -> non-significant,false-positive risk
eigenvec,2.0,500,0.3,0.046040682769031456,-0.003959317230968547,0.0743370254964216,two_sample_t_p_value,500.0,,0.008054986192572,0.2968557705139211,significant,non-significant,significant -> non-significant,false-positive risk
eigenvec,4.0,500,0.4,0.046040682769031456,-0.003959317230968547,0.0727259140905399,ancova_p_value,,500.0,0.0078804099293655,0.2936053740583583,significant,non-significant,significant -> non-significant,false-positive risk
eigenvec,2.0,500,0.4,0.046040682769031456,-0.003959317230968547,0.0727259140905399,two_sample_t_p_value,500.0,,0.0078804099293652,0.2936053740583522,significant,non-significant,significant -> non-significant,false-positive risk
eigenvec,2.0,1000,0.5,0.04577034649325166,-0.0042296535067483446,0.0752492995573936,two_sample_t_p_value,1000.0,,0.0081397429213446,0.28749117778165856,significant,non-significant,significant -> non-significant,false-positive risk
eigenvec,4.0,1000,0.5,0.04577034649325166,-0.0042296535067483446,0.0752492995573936,ancova_p_value,,1000.0,0.0081397429213423,0.2874911777816149,significant,non-significant,significant -> non-significant,false-positive risk
eigenvec,2.0,1000,0.3,0.04577034649325166,-0.0042296535067483446,0.0743370254964216,two_sample_t_p_value,1000.0,,0.0080410619186802,0.28561098258756235,significant,non-significant,significant -> non-significant,false-positive risk
eigenvec,4.0,1000,0.3,0.04577034649325166,-0.0042296535067483446,0.0743370254964216,ancova_p_value,,1000.0,0.0080410619186778,0.2856109825875166,significant,non-significant,significant -> non-significant,false-positive risk
eigenvec,2.0,1000,0.4,0.04577034649325166,-0.0042296535067483446,0.0727259140905399,two_sample_t_p_value,1000.0,,0.0078667874372078,0.2821764104909017,significant,non-significant,significant -> non-significant,false-positive risk
eigenvec,4.0,1000,0.4,0.04577034649325166,-0.0042296535067483446,0.0727259140905399,ancova_p_value,,1000.0,0.0078667874372055,0.28217641049085684,significant,non-significant,significant -> non-significant,false-positive risk
eigenvec,0.2,100,0.1,0.043860884260170395,-0.006139115739829608,0.109858656964734,partial_correlation_p_value,100.0,,0.0116492258954353,0.2782797391269589,significant,non-significant,significant -> non-significant,false-positive risk
eigenvec,0.2,100,0.2,0.043860884260170395,-0.006139115739829608,0.0834215094528374,partial_correlation_p_value,100.0,,0.0088458755550439,0.23327287166647293,significant,non-significant,significant -> non-significant,false-positive risk
eigenvec,0.2,100,0.5,0.043860884260170395,-0.006139115739829608,0.0752492995573936,partial_correlation_p_value,100.0,,0.0079793082606021,0.21353398546764935,significant,non-significant,significant -> non-significant,false-positive risk
eigenvec,0.2,100,0.3,0.043860884260170395,-0.006139115739829608,0.0743370254964216,partial_correlation_p_value,100.0,,0.0078825722644737,0.21110730716004023,significant,non-significant,significant -> non-significant,false-positive risk
eigenvec,0.2,100,0.4,0.043860884260170395,-0.006139115739829608,0.0727259140905399,partial_correlation_p_value,100.0,,0.0077117327400487,0.20670290633183064,significant,non-significant,significant -> non-significant,false-positive risk
smallworldness,4.0,50,0.05,0.05094706873769324,0.0009470687376932352,0.1790140496046574,ancova_p_value,,50.0,0.0199687135001902,0.5308637989766664,non-significant,significant,non-significant -> significant,false-negative risk
smallworldness,2.0,50,0.05,0.05094706873769324,0.0009470687376932352,0.1790140496046574,two_sample_t_p_value,50.0,,0.0199687135001901,0.5308637989766652,non-significant,significant,non-significant -> significant,false-negative risk
smallworldness,2.0,50,0.1,0.05094706873769324,0.0009470687376932352,0.1097978345696025,two_sample_t_p_value,50.0,,0.0122477621522094,0.4994353094486405,non-significant,significant,non-significant -> significant,false-negative risk
smallworldness,4.0,50,0.1,0.05094706873769324,0.0009470687376932352,0.1097978345696025,ancova_p_value,,50.0,0.0122477621522094,0.4994353094486405,non-significant,significant,non-significant -> significant,false-negative risk
smallworldness,2.0,30,0.05,0.054625044962983094,0.004625044962983091,0.1790140496046574,two_sample_t_p_value,30.0,,0.0203547119708734,0.4548428802061981,non-significant,significant,non-significant -> significant,false-negative risk
smallworldness,4.0,30,0.05,0.054625044962983094,0.004625044962983091,0.1790140496046574,ancova_p_value,,30.0,0.0203547119708733,0.45484288020619695,non-significant,significant,non-significant -> significant,false-negative risk
smallworldness,2.0,50,0.2,0.05094706873769324,0.0009470687376932352,0.0410164400931538,two_sample_t_p_value,50.0,,0.004575314299781,0.4286656215416013,non-significant,significant,non-significant -> significant,false-negative risk
smallworldness,4.0,50,0.2,0.05094706873769324,0.0009470687376932352,0.0410164400931538,ancova_p_value,,50.0,0.004575314299781,0.4286656215416013,non-significant,significant,non-significant -> significant,false-negative risk
smallworldness,2.0,50,0.5,0.05094706873769324,0.0009470687376932352,0.0391182300346708,two_sample_t_p_value,50.0,,0.004363572188451,0.42418673468863105,non-significant,significant,non-significant -> significant,false-negative risk
smallworldness,4.0,50,0.5,0.05094706873769324,0.0009470687376932352,0.0391182300346708,ancova_p_value,,50.0,0.004363572188451,0.42418673468863105,non-significant,significant,non-significant -> significant,false-negative risk
smallworldness,2.0,50,0.4,0.05094706873769324,0.0009470687376932352,0.0353798665861407,two_sample_t_p_value,50.0,,0.0039465640886502,0.414159455305826,non-significant,significant,non-significant -> significant,false-negative risk
smallworldness,4.0,50,0.4,0.05094706873769324,0.0009470687376932352,0.0353798665861407,ancova_p_value,,50.0,0.0039465640886502,0.414159455305826,non-significant,significant,non-significant -> significant,false-negative risk
smallworldness,2.0,50,0.3,0.05094706873769324,0.0009470687376932352,0.0304150351242991,two_sample_t_p_value,50.0,,0.0033927455629133,0.39754456343964956,non-significant,significant,non-significant -> significant,false-negative risk
smallworldness,4.0,50,0.3,0.05094706873769324,0.0009470687376932352,0.0304150351242991,ancova_p_value,,50.0,0.0033927455629133,0.39754456343964956,non-significant,significant,non-significant -> significant,false-negative risk
smallworldness,2.0,30,0.1,0.054625044962983094,0.004625044962983091,0.1097978345696025,two_sample_t_p_value,30.0,,0.0124845133810755,0.37923343402335075,non-significant,significant,non-significant -> significant,false-negative risk
smallworldness,4.0,30,0.1,0.054625044962983094,0.004625044962983091,0.1097978345696025,ancova_p_value,,30.0,0.0124845133810754,0.3792334340233499,non-significant,significant,non-significant -> significant,false-negative risk
smallworldness,2.0,30,0.2,0.054625044962983094,0.004625044962983091,0.0410164400931538,two_sample_t_p_value,30.0,,0.0046637558672657,0.16056109586858405,non-significant,significant,non-significant -> significant,false-negative risk
smallworldness,4.0,30,0.2,0.054625044962983094,0.004625044962983091,0.0410164400931538,ancova_p_value,,30.0,0.0046637558672657,0.16056109586858405,non-significant,significant,non-significant -> significant,false-negative risk
smallworldness,0.2,75,0.05,0.08116706380718447,0.031167063807184467,0.1790140496046574,partial_correlation_p_value,75.0,,0.0316468120327985,0.15827502519904071,non-significant,significant,non-significant -> significant,false-negative risk
smallworldness,2.0,30,0.5,0.054625044962983094,0.004625044962983091,0.0391182300346708,two_sample_t_p_value,30.0,,0.0044479207465813,0.14849945652396923,non-significant,significant,non-significant -> significant,false-negative risk
smallworldness,4.0,30,0.5,0.054625044962983094,0.004625044962983091,0.0391182300346708,ancova_p_value,,30.0,0.0044479207465813,0.14849945652396923,non-significant,significant,non-significant -> significant,false-negative risk
smallworldness,0.1,300,0.05,0.0827480032540806,0.0327480032540806,0.1790140496046574,partial_correlation_p_value,300.0,,0.0318164626196485,0.14445686257429513,non-significant,significant,non-significant -> significant,false-negative risk
smallworldness,2.0,30,0.4,0.054625044962983094,0.004625044962983091,0.0353798665861407,two_sample_t_p_value,30.0,,0.0040228518125768,0.12336411004967741,non-significant,significant,non-significant -> significant,false-negative risk
smallworldness,4.0,30,0.4,0.054625044962983094,0.004625044962983091,0.0353798665861407,ancova_p_value,,30.0,0.0040228518125768,0.12336411004967741,non-significant,significant,non-significant -> significant,false-negative risk
smallworldness,4.0,75,0.1,0.04912138289485513,-0.0008786171051448702,0.1097978345696025,ancova_p_value,,75.0,0.0121222928366645,0.4403565463876874,significant,non-significant,significant -> non-significant,false-positive risk
smallworldness,2.0,75,0.1,0.04912138289485513,-0.0008786171051448702,0.1097978345696025,two_sample_t_p_value,75.0,,0.0121222928366647,0.4403565463876873,significant,non-significant,significant -> non-significant,false-positive risk
smallworldness,4.0,75,0.05,0.04912138289485513,-0.0008786171051448702,0.1790140496046574,ancova_p_value,,75.0,0.0197641487165142,0.4317022392773022,significant,non-significant,significant -> non-significant,false-positive risk
smallworldness,2.0,75,0.05,0.04912138289485513,-0.0008786171051448702,0.1790140496046574,two_sample_t_p_value,75.0,,0.0197641487165145,0.43170223927730145,significant,non-significant,significant -> non-significant,false-positive risk
smallworldness,4.0,100,0.05,0.04821217873113365,-0.0017878212688663547,0.1790140496046574,ancova_p_value,,100.0,0.0196588371892178,0.41327547719968427,significant,non-significant,significant -> non-significant,false-positive risk
smallworldness,2.0,100,0.05,0.04821217873113365,-0.0017878212688663547,0.1790140496046574,two_sample_t_p_value,100.0,,0.0196588371892184,0.41327547719968316,significant,non-significant,significant -> non-significant,false-positive risk
smallworldness,2.0,75,0.2,0.04912138289485513,-0.0008786171051448702,0.0410164400931538,two_sample_t_p_value,75.0,,0.0045284435697275,0.4121617455009168,significant,non-significant,significant -> non-significant,false-positive risk
smallworldness,4.0,75,0.2,0.04912138289485513,-0.0008786171051448702,0.0410164400931538,ancova_p_value,,75.0,0.0045284435697274,0.41216174550091533,significant,non-significant,significant -> non-significant,false-positive risk
smallworldness,2.0,100,0.1,0.04821217873113365,-0.0017878212688663547,0.1097978345696025,two_sample_t_p_value,100.0,,0.0120577002659817,0.41083309988415095,significant,non-significant,significant -> non-significant,false-positive risk
smallworldness,4.0,100,0.1,0.04821217873113365,-0.0017878212688663547,0.1097978345696025,ancova_p_value,,100.0,0.0120577002659814,0.41083309988414995,significant,non-significant,significant -> non-significant,false-positive risk
smallworldness,2.0,75,0.5,0.04912138289485513,-0.0008786171051448702,0.0391182300346708,two_sample_t_p_value,75.0,,0.0043188706006008,0.4090442403826904,significant,non-significant,significant -> non-significant,false-positive risk
smallworldness,4.0,75,0.5,0.04912138289485513,-0.0008786171051448702,0.0391182300346708,ancova_p_value,,75.0,0.0043188706006007,0.40904424038268883,significant,non-significant,significant -> non-significant,false-positive risk
smallworldness,2.0,75,0.4,0.04912138289485513,-0.0008786171051448702,0.0353798665861407,two_sample_t_p_value,75.0,,0.0039061344420909,0.4017847591138237,significant,non-significant,significant -> non-significant,false-positive risk
smallworldness,4.0,75,0.4,0.04912138289485513,-0.0008786171051448702,0.0353798665861407,ancova_p_value,,75.0,0.0039061344420908,0.4017847591138213,significant,non-significant,significant -> non-significant,false-positive risk
smallworldness,2.0,75,0.3,0.04912138289485513,-0.0008786171051448702,0.0304150351242991,two_sample_t_p_value,75.0,,0.0033579893798403,0.38907765362719804,significant,non-significant,significant -> non-significant,false-positive risk
smallworldness,4.0,75,0.3,0.04912138289485513,-0.0008786171051448702,0.0304150351242991,ancova_p_value,,75.0,0.0033579893798403,0.38907765362719804,significant,non-significant,significant -> non-significant,false-positive risk
smallworldness,4.0,300,0.05,0.0464015209831491,-0.0035984790168509043,0.1790140496046574,ancova_p_value,,300.0,0.0194419476517133,0.37719384831342895,significant,non-significant,significant -> non-significant,false-positive risk
smallworldness,2.0,300,0.05,0.0464015209831491,-0.0035984790168509043,0.1790140496046574,two_sample_t_p_value,300.0,,0.0194419476517103,0.3771938483134256,significant,non-significant,significant -> non-significant,false-positive risk
smallworldness,4.0,500,0.05,0.046040682769031456,-0.003959317230968547,0.1790140496046574,ancova_p_value,,500.0,0.0193975436629676,0.37012040171002125,significant,non-significant,significant -> non-significant,false-positive risk
smallworldness,2.0,500,0.05,0.046040682769031456,-0.003959317230968547,0.1790140496046574,two_sample_t_p_value,500.0,,0.0193975436629669,0.3701204017100206,significant,non-significant,significant -> non-significant,false-positive risk
smallworldness,2.0,1000,0.05,0.04577034649325166,-0.0042296535067483446,0.1790140496046574,two_sample_t_p_value,1000.0,,0.0193640120461106,0.36484974443661145,significant,non-significant,significant -> non-significant,false-positive risk
smallworldness,4.0,1000,0.05,0.04577034649325166,-0.0042296535067483446,0.1790140496046574,ancova_p_value,,1000.0,0.0193640120461049,0.36484974443660323,significant,non-significant,significant -> non-significant,false-positive risk
smallworldness,4.0,300,0.1,0.0464015209831491,-0.0035984790168509043,0.1097978345696025,ancova_p_value,,300.0,0.0119246715924701,0.35373710003667114,significant,non-significant,significant -> non-significant,false-positive risk
smallworldness,2.0,300,0.1,0.0464015209831491,-0.0035984790168509043,0.1097978345696025,two_sample_t_p_value,300.0,,0.0119246715924682,0.35373710003665837,significant,non-significant,significant -> non-significant,false-positive risk
smallworldness,4.0,500,0.1,0.046040682769031456,-0.003959317230968547,0.1097978345696025,ancova_p_value,,500.0,0.0118974365133168,0.3427072688927453,significant,non-significant,significant -> non-significant,false-positive risk
smallworldness,2.0,500,0.1,0.046040682769031456,-0.003959317230968547,0.1097978345696025,two_sample_t_p_value,500.0,,0.0118974365133164,0.34270726889274195,significant,non-significant,significant -> non-significant,false-positive risk
smallworldness,2.0,100,0.2,0.04821217873113365,-0.0017878212688663547,0.0410164400931538,two_sample_t_p_value,100.0,,0.0045043141566451,0.33661529394587986,significant,non-significant,significant -> non-significant,false-positive risk
smallworldness,4.0,100,0.2,0.04821217873113365,-0.0017878212688663547,0.0410164400931538,ancova_p_value,,100.0,0.004504314156645,0.33661529394587686,significant,non-significant,significant -> non-significant,false-positive risk
smallworldness,2.0,1000,0.1,0.04577034649325166,-0.0042296535067483446,0.1097978345696025,two_sample_t_p_value,1000.0,,0.0118768699771781,0.33453224557759764,significant,non-significant,significant -> non-significant,false-positive risk
smallworldness,4.0,1000,0.1,0.04577034649325166,-0.0042296535067483446,0.1097978345696025,ancova_p_value,,1000.0,0.0118768699771747,0.33453224557756955,significant,non-significant,significant -> non-significant,false-positive risk
smallworldness,2.0,100,0.5,0.04821217873113365,-0.0017878212688663547,0.0391182300346708,two_sample_t_p_value,100.0,,0.0042958578786431,0.33018684368172246,significant,non-significant,significant -> non-significant,false-positive risk
smallworldness,4.0,100,0.5,0.04821217873113365,-0.0017878212688663547,0.0391182300346708,ancova_p_value,,100.0,0.004295857878643,0.330186843681719,significant,non-significant,significant -> non-significant,false-positive risk
smallworldness,0.2,100,0.05,0.043860884260170395,-0.006139115739829608,0.1790140496046574,partial_correlation_p_value,100.0,,0.0189823465889515,0.32795090192310006,significant,non-significant,significant -> non-significant,false-positive risk
smallworldness,2.0,100,0.4,0.04821217873113365,-0.0017878212688663547,0.0353798665861407,two_sample_t_p_value,100.0,,0.0038853209484352,0.315546654118676,significant,non-significant,significant -> non-significant,false-positive risk
smallworldness,4.0,100,0.4,0.04821217873113365,-0.0017878212688663547,0.0353798665861407,ancova_p_value,,100.0,0.0038853209484351,0.3155466541186729,significant,non-significant,significant -> non-significant,false-positive risk
smallworldness,2.0,100,0.3,0.04821217873113365,-0.0017878212688663547,0.0304150351242991,two_sample_t_p_value,100.0,,0.003340096628915,0.29085695916243137,significant,non-significant,significant -> non-significant,false-positive risk
smallworldness,4.0,100,0.3,0.04821217873113365,-0.0017878212688663547,0.0304150351242991,ancova_p_value,,100.0,0.003340096628915,0.29085695916243137,significant,non-significant,significant -> non-significant,false-positive risk
smallworldness,0.2,100,0.1,0.043860884260170395,-0.006139115739829608,0.1097978345696025,partial_correlation_p_value,100.0,,0.0116427763916823,0.2782012697635512,significant,non-significant,significant -> non-significant,false-positive risk
smallworldness,4.0,300,0.2,0.0464015209831491,-0.0035984790168509043,0.0410164400931538,ancova_p_value,,300.0,0.0044546195279746,0.20644466846704268,significant,non-significant,significant -> non-significant,false-positive risk
smallworldness,2.0,300,0.2,0.0464015209831491,-0.0035984790168509043,0.0410164400931538,two_sample_t_p_value,300.0,,0.0044546195279739,0.20644466846700815,significant,non-significant,significant -> non-significant,false-positive risk
smallworldness,4.0,300,0.5,0.0464015209831491,-0.0035984790168509043,0.0391182300346708,ancova_p_value,,300.0,0.0042484630800842,0.19608008794251086,significant,non-significant,significant -> non-significant,false-positive risk
smallworldness,2.0,300,0.5,0.0464015209831491,-0.0035984790168509043,0.0391182300346708,two_sample_t_p_value,300.0,,0.0042484630800835,0.19608008794247456,significant,non-significant,significant -> non-significant,false-positive risk
smallworldness,4.0,500,0.2,0.046040682769031456,-0.003959317230968547,0.0410164400931538,ancova_p_value,,500.0,0.0044444455022582,0.18463132623601264,significant,non-significant,significant -> non-significant,false-positive risk
smallworldness,2.0,500,0.2,0.046040682769031456,-0.003959317230968547,0.0410164400931538,two_sample_t_p_value,500.0,,0.004444445502258,0.18463132623600287,significant,non-significant,significant -> non-significant,false-positive risk
smallworldness,4.0,500,0.5,0.046040682769031456,-0.003959317230968547,0.0391182300346708,ancova_p_value,,500.0,0.0042387599006407,0.1739771256974395,significant,non-significant,significant -> non-significant,false-positive risk
smallworldness,2.0,500,0.5,0.046040682769031456,-0.003959317230968547,0.0391182300346708,two_sample_t_p_value,500.0,,0.0042387599006406,0.1739771256974334,significant,non-significant,significant -> non-significant,false-positive risk
smallworldness,4.0,300,0.4,0.0464015209831491,-0.0035984790168509043,0.0353798665861407,ancova_p_value,,300.0,0.0038424554698999,0.1735159065845724,significant,non-significant,significant -> non-significant,false-positive risk
smallworldness,2.0,300,0.4,0.0464015209831491,-0.0035984790168509043,0.0353798665861407,two_sample_t_p_value,300.0,,0.0038424554698993,0.1735159065845373,significant,non-significant,significant -> non-significant,false-positive risk
smallworldness,2.0,1000,0.2,0.04577034649325166,-0.0042296535067483446,0.0410164400931538,two_sample_t_p_value,1000.0,,0.0044367625993962,0.16927179162526085,significant,non-significant,significant -> non-significant,false-positive risk
smallworldness,4.0,1000,0.2,0.04577034649325166,-0.0042296535067483446,0.0410164400931538,ancova_p_value,,1000.0,0.0044367625993949,0.1692717916251948,significant,non-significant,significant -> non-significant,false-positive risk
smallworldness,2.0,1000,0.5,0.04577034649325166,-0.0042296535067483446,0.0391182300346708,two_sample_t_p_value,1000.0,,0.004231432556756,0.1585055282312251,significant,non-significant,significant -> non-significant,false-positive risk
smallworldness,4.0,1000,0.5,0.04577034649325166,-0.0042296535067483446,0.0391182300346708,ancova_p_value,,1000.0,0.0042314325567548,0.1585055282311605,significant,non-significant,significant -> non-significant,false-positive risk
smallworldness,4.0,500,0.4,0.046040682769031456,-0.003959317230968547,0.0353798665861407,ancova_p_value,,500.0,0.0038336795821906,0.1510477696068533,significant,non-significant,significant -> non-significant,false-positive risk
smallworldness,2.0,500,0.4,0.046040682769031456,-0.003959317230968547,0.0353798665861407,two_sample_t_p_value,500.0,,0.0038336795821904,0.15104776960684219,significant,non-significant,significant -> non-significant,false-positive risk
smallworldness,4.0,300,0.3,0.0464015209831491,-0.0035984790168509043,0.0304150351242991,ancova_p_value,,300.0,0.0033032464324312,0.1387386009842294,significant,non-significant,significant -> non-significant,false-positive risk
smallworldness,2.0,300,0.3,0.0464015209831491,-0.0035984790168509043,0.0304150351242991,two_sample_t_p_value,300.0,,0.0033032464324306,0.13873860098418733,significant,non-significant,significant -> non-significant,false-positive risk
smallworldness,2.0,1000,0.4,0.04577034649325166,-0.0042296535067483446,0.0353798665861407,two_sample_t_p_value,1000.0,,0.0038270524815052,0.135548085008651,significant,non-significant,significant -> non-significant,false-positive risk
smallworldness,4.0,1000,0.4,0.04577034649325166,-0.0042296535067483446,0.0353798665861407,ancova_p_value,,1000.0,0.0038270524815041,0.13554808500858617,significant,non-significant,significant -> non-significant,false-positive risk
smallworldness,4.0,500,0.3,0.046040682769031456,-0.003959317230968547,0.0304150351242991,ancova_p_value,,500.0,0.0032957020587893,0.11653117794773038,significant,non-significant,significant -> non-significant,false-positive risk
smallworldness,2.0,500,0.3,0.046040682769031456,-0.003959317230968547,0.0304150351242991,two_sample_t_p_value,500.0,,0.0032957020587892,0.11653117794772327,significant,non-significant,significant -> non-significant,false-positive risk
smallworldness,2.0,1000,0.3,0.04577034649325166,-0.0042296535067483446,0.0304150351242991,two_sample_t_p_value,1000.0,,0.0032900049344198,0.1016387252553832,significant,non-significant,significant -> non-significant,false-positive risk
smallworldness,4.0,1000,0.3,0.04577034649325166,-0.0042296535067483446,0.0304150351242991,ancova_p_value,,1000.0,0.0032900049344189,0.10163872525532314,significant,non-significant,significant -> non-significant,false-positive risk
