Threshold,Metric,NPVR,n,formula,df,statistic,df2,p_value,sigma_p,p_minus_alpha,flip_probability,significance
0.05,avg_shortestPathLength,0.039219040603392,30,two_sample_t_p_value,30.0,0.5,,0.6207230048851272,0.0272869282843899,0.5707230048851272,8.507883845568493e-169,non-significant
0.05,avg_shortestPathLength,0.039219040603392,30,two_sample_t_p_value,30.0,1.0,,0.3253086154260302,0.0186677411117959,0.2753086154260302,1.2887141231258789e-105,non-significant
0.05,avg_shortestPathLength,0.039219040603392,30,two_sample_t_p_value,30.0,2.0,,0.054625044962983094,0.0044593833669425,0.004625044962983091,0.14915234482086795,non-significant
0.05,avg_shortestPathLength,0.039219040603392,30,two_sample_t_p_value,30.0,3.0,,0.005389964065651945,0.0005317366741839,-0.044610035934348057,0.0,significant
0.05,avg_shortestPathLength,0.039219040603392,30,two_sample_t_p_value,30.0,4.0,,0.0003818456360837564,4.115775074673882e-05,-0.04961815436391625,0.0,significant
0.05,avg_shortestPathLength,0.039219040603392,30,two_sample_t_p_value,30.0,5.0,,2.32966854670078e-05,2.579742370029086e-06,-0.049976703314532994,0.0,significant
0.05,avg_shortestPathLength,0.039219040603392,30,two_sample_t_p_value,30.0,6.0,,1.3942768767204764e-06,1.5285055602477857e-07,-0.049998605723123285,0.0,significant
0.05,avg_shortestPathLength,0.039219040603392,50,two_sample_t_p_value,50.0,0.5,,0.6192685675117714,0.0274177065886626,0.5692685675117714,9.000400916130566e-167,non-significant
0.05,avg_shortestPathLength,0.039219040603392,50,two_sample_t_p_value,50.0,1.0,,0.32212564510024433,0.0187914944205548,0.27212564510024434,7.63632672092993e-102,non-significant
0.05,avg_shortestPathLength,0.039219040603392,50,two_sample_t_p_value,50.0,2.0,,0.05094706873769324,0.0043748174363465,0.0009470687376932352,0.4244339925892486,non-significant
0.05,avg_shortestPathLength,0.039219040603392,50,two_sample_t_p_value,50.0,3.0,,0.004201703187068241,0.000457377201598,-0.04579829681293176,0.0,significant
0.05,avg_shortestPathLength,0.039219040603392,50,two_sample_t_p_value,50.0,4.0,,0.00020919024636403336,2.6219865136873698e-05,-0.04979080975363597,0.0,significant
0.05,avg_shortestPathLength,0.039219040603392,50,two_sample_t_p_value,50.0,5.0,,7.4332122472325795e-06,1.0067893048405635e-06,-0.04999256678775277,0.0,significant
0.05,avg_shortestPathLength,0.039219040603392,50,two_sample_t_p_value,50.0,6.0,,2.1889394850799978e-07,3.071074154919389e-08,-0.049999781106051494,0.0,significant
0.05,avg_shortestPathLength,0.039219040603392,75,two_sample_t_p_value,75.0,0.5,,0.6185389578679419,0.0274833879552337,0.5685389578679418,9.130439948316301e-166,non-significant
0.05,avg_shortestPathLength,0.039219040603392,75,two_sample_t_p_value,75.0,1.0,,0.3205260061237414,0.0188538880422234,0.2705260061237414,5.477693126855407e-100,non-significant
0.05,avg_shortestPathLength,0.039219040603392,75,two_sample_t_p_value,75.0,2.0,,0.04912138289485513,0.004330000649202,-0.0008786171051448702,0.40921851879597215,significant
0.05,avg_shortestPathLength,0.039219040603392,75,two_sample_t_p_value,75.0,3.0,,0.0036630774411349812,0.0004204405157429,-0.04633692255886502,0.0,significant
0.05,avg_shortestPathLength,0.039219040603392,75,two_sample_t_p_value,75.0,4.0,,0.00014717180322168836,2.0079112929585542e-05,-0.04985282819677832,0.0,significant
0.05,avg_shortestPathLength,0.039219040603392,75,two_sample_t_p_value,75.0,5.0,,3.657912410473166e-06,5.57593150853293e-07,-0.04999634208758953,0.0,significant
0.05,avg_shortestPathLength,0.039219040603392,75,two_sample_t_p_value,75.0,6.0,,6.480298590623212e-08,1.056925160608038e-08,-0.049999935197014095,0.0,significant
0.05,avg_shortestPathLength,0.039219040603392,100,two_sample_t_p_value,100.0,0.5,,0.6181735658308866,0.0275163011331983,0.5681735658308865,2.897999211842381e-165,non-significant
0.05,avg_shortestPathLength,0.039219040603392,100,two_sample_t_p_value,100.0,1.0,,0.31972415578412333,0.018885214975106,0.26972415578412334,4.558252858425254e-99,non-significant
0.05,avg_shortestPathLength,0.039219040603392,100,two_sample_t_p_value,100.0,2.0,,0.04821217873113365,0.0043069286217598,-0.0017878212688663547,0.33054380522422644,significant
0.05,avg_shortestPathLength,0.039219040603392,100,two_sample_t_p_value,100.0,3.0,,0.0034079153433294465,0.0004020806403438,-0.04659208465667056,0.0,significant
0.05,avg_shortestPathLength,0.039219040603392,100,two_sample_t_p_value,100.0,4.0,,0.00012152364430076177,1.73469390651847e-05,-0.04987847635569924,0.0,significant
0.05,avg_shortestPathLength,0.039219040603392,100,two_sample_t_p_value,100.0,5.0,,2.450173413503802e-06,3.9847002035074217e-07,-0.049997549826586496,0.0,significant
0.05,avg_shortestPathLength,0.039219040603392,100,two_sample_t_p_value,100.0,6.0,,3.172491502802852e-08,5.631660115675907e-09,-0.049999968275084974,0.0,significant
0.05,avg_shortestPathLength,0.039219040603392,300,two_sample_t_p_value,300.0,0.5,,0.617441622554225,0.0275822716653769,0.5674416225542249,2.8992091929306056e-164,non-significant
0.05,avg_shortestPathLength,0.039219040603392,300,two_sample_t_p_value,300.0,1.0,,0.31811640443062633,0.0189481303646262,0.26811640443062634,3.047190481506918e-97,non-significant
0.05,avg_shortestPathLength,0.039219040603392,300,two_sample_t_p_value,300.0,2.0,,0.0464015209831491,0.0042594116833029,-0.0035984790168509043,0.1966482867978604,significant
0.05,avg_shortestPathLength,0.039219040603392,300,two_sample_t_p_value,300.0,3.0,,0.0029262198640661076,0.0003656560786249,-0.0470737801359339,0.0,significant
0.05,avg_shortestPathLength,0.039219040603392,300,two_sample_t_p_value,300.0,4.0,,7.984004483719462e-05,1.2557928813037834e-05,-0.04992015995516281,0.0,significant
0.05,avg_shortestPathLength,0.039219040603392,300,two_sample_t_p_value,300.0,5.0,,9.769154730247779e-07,1.8339104431725654e-07,-0.04999902308452698,0.0,significant
0.05,avg_shortestPathLength,0.039219040603392,300,two_sample_t_p_value,300.0,6.0,,5.676439092359154e-09,1.2239472580968732e-09,-0.04999999432356091,0.0,significant
0.05,avg_shortestPathLength,0.039219040603392,500,two_sample_t_p_value,500.0,0.5,,0.6172950500946657,0.0275954887506832,0.5672950500946656,4.590173472644424e-164,non-significant
0.05,avg_shortestPathLength,0.039219040603392,500,two_sample_t_p_value,500.0,1.0,,0.3177942072606085,0.0189607554271127,0.2677942072606085,7.022199713863657e-97,non-significant
0.05,avg_shortestPathLength,0.039219040603392,500,two_sample_t_p_value,500.0,2.0,,0.046040682769031456,0.0042496834980497,-0.003959317230968547,0.17455930386384866,significant
0.05,avg_shortestPathLength,0.039219040603392,500,two_sample_t_p_value,500.0,3.0,,0.002834491812851143,0.0003584276383538,-0.04716550818714886,0.0,significant
0.05,avg_shortestPathLength,0.039219040603392,500,two_sample_t_p_value,500.0,4.0,,7.291606940371305e-05,1.17072719959539e-05,-0.04992708393059629,0.0,significant
0.05,avg_shortestPathLength,0.039219040603392,500,two_sample_t_p_value,500.0,5.0,,7.94641504790956e-07,1.539219167529241e-07,-0.04999920535849521,0.0,significant
0.05,avg_shortestPathLength,0.039219040603392,500,two_sample_t_p_value,500.0,6.0,,3.790442338479296e-09,8.53937622630342e-10,-0.04999999620955766,0.0,significant
0.05,avg_shortestPathLength,0.039219040603392,1000,two_sample_t_p_value,1000.0,0.5,,0.6171850808338747,0.0276054065756611,0.5671850808338746,6.477158295363432e-164,non-significant
0.05,avg_shortestPathLength,0.039219040603392,1000,two_sample_t_p_value,1000.0,1.0,,0.31755241808467255,0.0189702334327427,0.26755241808467256,1.3118023429035907e-96,non-significant
0.05,avg_shortestPathLength,0.039219040603392,1000,two_sample_t_p_value,1000.0,2.0,,0.04577034649325166,0.0042423372710586,-0.0042296535067483446,0.15909229230528477,significant
0.05,avg_shortestPathLength,0.039219040603392,1000,two_sample_t_p_value,1000.0,3.0,,0.0027667090442381925,0.0003530203586512,-0.04723329095576181,0.0,significant
0.05,avg_shortestPathLength,0.039219040603392,1000,two_sample_t_p_value,1000.0,4.0,,6.800991920878163e-05,1.1092453721419592e-05,-0.04993199008079122,0.0,significant
0.05,avg_shortestPathLength,0.039219040603392,1000,two_sample_t_p_value,1000.0,5.0,,6.767256364648635e-07,1.3428695458350266e-07,-0.04999932327436354,0.0,significant
0.05,avg_shortestPathLength,0.039219040603392,1000,two_sample_t_p_value,1000.0,6.0,,2.7553691733774752e-09,6.423487319043024e-10,-0.04999999724463083,0.0,significant
0.1,avg_shortestPathLength,0.0318008707364405,30,two_sample_t_p_value,30.0,0.5,,0.6207230048851272,0.0221256834898545,0.5707230048851272,7.994544670776344e-256,non-significant
0.1,avg_shortestPathLength,0.0318008707364405,30,two_sample_t_p_value,30.0,1.0,,0.3253086154260302,0.0151367910306866,0.2753086154260302,1.281708689054123e-159,non-significant
0.1,avg_shortestPathLength,0.0318008707364405,30,two_sample_t_p_value,30.0,2.0,,0.054625044962983094,0.003615903699697,0.004625044962983091,0.09787849557409066,non-significant
0.1,avg_shortestPathLength,0.0318008707364405,30,two_sample_t_p_value,30.0,3.0,,0.005389964065651945,0.0004311601962054,-0.044610035934348057,0.0,significant
0.1,avg_shortestPathLength,0.0318008707364405,30,two_sample_t_p_value,30.0,4.0,,0.0003818456360837564,3.33728793760059e-05,-0.04961815436391625,0.0,significant
0.1,avg_shortestPathLength,0.0318008707364405,30,two_sample_t_p_value,30.0,5.0,,2.32966854670078e-05,2.0917914456968708e-06,-0.049976703314532994,0.0,significant
0.1,avg_shortestPathLength,0.0318008707364405,30,two_sample_t_p_value,30.0,6.0,,1.3942768767204764e-06,1.2393930854383617e-07,-0.049998605723123285,0.0,significant
0.1,avg_shortestPathLength,0.0318008707364405,50,two_sample_t_p_value,50.0,0.5,,0.6192685675117714,0.0222317254502218,0.5692685675117714,9.579513961788888e-253,non-significant
0.1,avg_shortestPathLength,0.0318008707364405,50,two_sample_t_p_value,50.0,1.0,,0.32212564510024433,0.0152371367534402,0.27212564510024434,6.9728639453894e-154,non-significant
0.1,avg_shortestPathLength,0.0318008707364405,50,two_sample_t_p_value,50.0,2.0,,0.05094706873769324,0.0035473331740998,0.0009470687376932352,0.40264395815901693,non-significant
0.1,avg_shortestPathLength,0.0318008707364405,50,two_sample_t_p_value,50.0,3.0,,0.004201703187068241,0.0003708656061453,-0.04579829681293176,0.0,significant
0.1,avg_shortestPathLength,0.0318008707364405,50,two_sample_t_p_value,50.0,4.0,,0.00020919024636403336,2.1260452298583457e-05,-0.04979080975363597,0.0,significant
0.1,avg_shortestPathLength,0.0318008707364405,50,two_sample_t_p_value,50.0,5.0,,7.4332122472325795e-06,8.163579743278185e-07,-0.04999256678775277,0.0,significant
0.1,avg_shortestPathLength,0.0318008707364405,50,two_sample_t_p_value,50.0,6.0,,2.1889394850799978e-07,2.490189222379092e-08,-0.049999781106051494,0.0,significant
0.1,avg_shortestPathLength,0.0318008707364405,75,two_sample_t_p_value,75.0,0.5,,0.6185389578679419,0.0222849833733119,0.5685389578679418,3.247180984347744e-251,non-significant
0.1,avg_shortestPathLength,0.0318008707364405,75,two_sample_t_p_value,75.0,1.0,,0.3205260061237414,0.0152877287992152,0.2705260061237414,4.619375918542523e-151,non-significant
0.1,avg_shortestPathLength,0.0318008707364405,75,two_sample_t_p_value,75.0,2.0,,0.04912138289485513,0.0035109933546428,-0.0008786171051448702,0.3930543223050482,significant
0.1,avg_shortestPathLength,0.0318008707364405,75,two_sample_t_p_value,75.0,3.0,,0.0036630774411349812,0.0003409153892547,-0.04633692255886502,0.0,significant
0.1,avg_shortestPathLength,0.0318008707364405,75,two_sample_t_p_value,75.0,4.0,,0.00014717180322168836,1.6281205887553384e-05,-0.04985282819677832,0.0,significant
0.1,avg_shortestPathLength,0.0318008707364405,75,two_sample_t_p_value,75.0,5.0,,3.657912410473166e-06,4.521259939305229e-07,-0.04999634208758953,0.0,significant
0.1,avg_shortestPathLength,0.0318008707364405,75,two_sample_t_p_value,75.0,6.0,,6.480298590623212e-08,8.57010775722057e-09,-0.049999935197014095,0.0,significant
0.1,avg_shortestPathLength,0.0318008707364405,100,two_sample_t_p_value,100.0,0.5,,0.6181735658308866,0.0223116711173738,0.5681735658308865,1.880587872624361e-250,non-significant
0.1,avg_shortestPathLength,0.0318008707364405,100,two_sample_t_p_value,100.0,1.0,,0.31972415578412333,0.0153131303319361,0.26972415578412334,1.1574971423775477e-149,non-significant
0.1,avg_shortestPathLength,0.0318008707364405,100,two_sample_t_p_value,100.0,2.0,,0.04821217873113365,0.0034922853355013,-0.0017878212688663547,0.2984660740874272,significant
0.1,avg_shortestPathLength,0.0318008707364405,100,two_sample_t_p_value,100.0,3.0,,0.0034079153433294465,0.0003260282320137,-0.04659208465667056,0.0,significant
0.1,avg_shortestPathLength,0.0318008707364405,100,two_sample_t_p_value,100.0,4.0,,0.00012152364430076177,1.4065814930647166e-05,-0.04987847635569924,0.0,significant
0.1,avg_shortestPathLength,0.0318008707364405,100,two_sample_t_p_value,100.0,5.0,,2.450173413503802e-06,3.2310055051231444e-07,-0.049997549826586496,0.0,significant
0.1,avg_shortestPathLength,0.0318008707364405,100,two_sample_t_p_value,100.0,6.0,,3.172491502802852e-08,4.5664476390757935e-09,-0.049999968275084974,0.0,significant
0.1,avg_shortestPathLength,0.0318008707364405,300,two_sample_t_p_value,300.0,0.5,,0.617441622554225,0.0223651635112199,0.5674416225542249,6.241028940863765e-249,non-significant
0.1,avg_shortestPathLength,0.0318008707364405,300,two_sample_t_p_value,300.0,1.0,,0.31811640443062633,0.0153641454546592,0.26811640443062634,6.888294590497821e-147,non-significant
0.1,avg_shortestPathLength,0.0318008707364405,300,two_sample_t_p_value,300.0,2.0,,0.0464015209831491,0.0034537560906649,-0.0035984790168509043,0.1490163533897828,significant
0.1,avg_shortestPathLength,0.0318008707364405,300,two_sample_t_p_value,300.0,3.0,,0.0029262198640661076,0.0002964932724371,-0.0470737801359339,0.0,significant
0.1,avg_shortestPathLength,0.0318008707364405,300,two_sample_t_p_value,300.0,4.0,,7.984004483719462e-05,1.018263233257925e-05,-0.04992015995516281,0.0,significant
0.1,avg_shortestPathLength,0.0318008707364405,300,two_sample_t_p_value,300.0,5.0,,9.769154730247779e-07,1.4870315042967945e-07,-0.04999902308452698,0.0,significant
0.1,avg_shortestPathLength,0.0318008707364405,300,two_sample_t_p_value,300.0,6.0,,5.676439092359154e-09,9.92441119010777e-10,-0.04999999432356091,0.0,significant
0.1,avg_shortestPathLength,0.0318008707364405,500,two_sample_t_p_value,500.0,0.5,,0.6172950500946657,0.0223758806224718,0.5672950500946656,1.2551868266408873e-248,non-significant
0.1,avg_shortestPathLength,0.0318008707364405,500,two_sample_t_p_value,500.0,1.0,,0.3177942072606085,0.0153743825225221,0.2677942072606085,2.450795714513219e-146,non-significant
0.1,avg_shortestPathLength,0.0318008707364405,500,two_sample_t_p_value,500.0,2.0,,0.046040682769031456,0.0034458679639546,-0.003959317230968547,0.12661640772438143,significant
0.1,avg_shortestPathLength,0.0318008707364405,500,two_sample_t_p_value,500.0,3.0,,0.002834491812851143,0.0002906320710627,-0.04716550818714886,0.0,significant
0.1,avg_shortestPathLength,0.0318008707364405,500,two_sample_t_p_value,500.0,4.0,,7.291606940371305e-05,9.49287483048425e-06,-0.04992708393059629,0.0,significant
0.1,avg_shortestPathLength,0.0318008707364405,500,two_sample_t_p_value,500.0,5.0,,7.94641504790956e-07,1.248080244405965e-07,-0.04999920535849521,0.0,significant
0.1,avg_shortestPathLength,0.0318008707364405,500,two_sample_t_p_value,500.0,6.0,,3.790442338479296e-09,6.924177526133092e-10,-0.04999999620955766,0.0,significant
0.1,avg_shortestPathLength,0.0318008707364405,1000,two_sample_t_p_value,1000.0,0.5,,0.6171850808338747,0.0223839225190929,0.5671850808338746,2.119020371757547e-248,non-significant
0.1,avg_shortestPathLength,0.0318008707364405,1000,two_sample_t_p_value,1000.0,1.0,,0.31755241808467255,0.0153820677903726,0.26755241808467256,6.337086683525602e-146,non-significant
0.1,avg_shortestPathLength,0.0318008707364405,1000,two_sample_t_p_value,1000.0,2.0,,0.04577034649325166,0.0034399112548829,-0.0042296535067483446,0.11145530869860099,significant
0.1,avg_shortestPathLength,0.0318008707364405,1000,two_sample_t_p_value,1000.0,3.0,,0.0027667090442381925,0.0002862475629204,-0.04723329095576181,0.0,significant
0.1,avg_shortestPathLength,0.0318008707364405,1000,two_sample_t_p_value,1000.0,4.0,,6.800991920878163e-05,8.994347682087462e-06,-0.04993199008079122,0.0,significant
0.1,avg_shortestPathLength,0.0318008707364405,1000,two_sample_t_p_value,1000.0,5.0,,6.767256364648635e-07,1.088869594614938e-07,-0.04999932327436354,0.0,significant
0.1,avg_shortestPathLength,0.0318008707364405,1000,two_sample_t_p_value,1000.0,6.0,,2.7553691733774752e-09,5.208502981390746e-10,-0.04999999724463083,0.0,significant
0.2,avg_shortestPathLength,0.0277506495043664,30,two_sample_t_p_value,30.0,0.5,,0.6207230048851272,0.0193077130705077,0.5707230048851272,0.0,non-significant
0.2,avg_shortestPathLength,0.0277506495043664,30,two_sample_t_p_value,30.0,1.0,,0.3253086154260302,0.0132089396543498,0.2753086154260302,5.641364245597511e-209,non-significant
0.2,avg_shortestPathLength,0.0277506495043664,30,two_sample_t_p_value,30.0,2.0,,0.054625044962983094,0.0031553751167212,0.004625044962983091,0.06832959689368134,non-significant
0.2,avg_shortestPathLength,0.0277506495043664,30,two_sample_t_p_value,30.0,3.0,,0.005389964065651945,0.0003762467884698,-0.044610035934348057,0.0,significant
0.2,avg_shortestPathLength,0.0277506495043664,30,two_sample_t_p_value,30.0,4.0,,0.0003818456360837564,2.9122444042194145e-05,-0.04961815436391625,0.0,significant
0.2,avg_shortestPathLength,0.0277506495043664,30,two_sample_t_p_value,30.0,5.0,,2.32966854670078e-05,1.825376786908168e-06,-0.049976703314532994,0.0,significant
0.2,avg_shortestPathLength,0.0277506495043664,30,two_sample_t_p_value,30.0,6.0,,1.3942768767204764e-06,1.0815415526570253e-07,-0.049998605723123285,0.0,significant
0.2,avg_shortestPathLength,0.0277506495043664,50,two_sample_t_p_value,50.0,0.5,,0.6192685675117714,0.0194002493189425,0.5692685675117714,0.0,non-significant
0.2,avg_shortestPathLength,0.0277506495043664,50,two_sample_t_p_value,50.0,1.0,,0.32212564510024433,0.0132965051491589,0.27212564510024434,1.913810213272978e-201,non-significant
0.2,avg_shortestPathLength,0.0277506495043664,50,two_sample_t_p_value,50.0,2.0,,0.05094706873769324,0.0030955378676739,0.0009470687376932352,0.38647570093449357,non-significant
0.2,avg_shortestPathLength,0.0277506495043664,50,two_sample_t_p_value,50.0,3.0,,0.004201703187068241,0.0003236314355873,-0.04579829681293176,0.0,significant
0.2,avg_shortestPathLength,0.0277506495043664,50,two_sample_t_p_value,50.0,4.0,,0.00020919024636403336,1.8552679419756317e-05,-0.04979080975363597,0.0,significant
0.2,avg_shortestPathLength,0.0277506495043664,50,two_sample_t_p_value,50.0,5.0,,7.4332122472325795e-06,7.123850225178321e-07,-0.04999256678775277,0.0,significant
0.2,avg_shortestPathLength,0.0277506495043664,50,two_sample_t_p_value,50.0,6.0,,2.1889394850799978e-07,2.1730338418251693e-08,-0.049999781106051494,0.0,significant
0.2,avg_shortestPathLength,0.0277506495043664,75,two_sample_t_p_value,75.0,0.5,,0.6185389578679419,0.0194467242085532,0.5685389578679418,0.0,non-significant
0.2,avg_shortestPathLength,0.0277506495043664,75,two_sample_t_p_value,75.0,1.0,,0.3205260061237414,0.0133406536928151,0.2705260061237414,9.680497291433856e-198,non-significant
0.2,avg_shortestPathLength,0.0277506495043664,75,two_sample_t_p_value,75.0,2.0,,0.04912138289485513,0.0030638263588552,-0.0008786171051448702,0.3802527391308239,significant
0.2,avg_shortestPathLength,0.0277506495043664,75,two_sample_t_p_value,75.0,3.0,,0.0036630774411349812,0.0002974957370274,-0.04633692255886502,0.0,significant
0.2,avg_shortestPathLength,0.0277506495043664,75,two_sample_t_p_value,75.0,4.0,,0.00014717180322168836,1.4207599591799496e-05,-0.04985282819677832,0.0,significant
0.2,avg_shortestPathLength,0.0277506495043664,75,two_sample_t_p_value,75.0,5.0,,3.657912410473166e-06,3.945423411001734e-07,-0.04999634208758953,0.0,significant
0.2,avg_shortestPathLength,0.0277506495043664,75,two_sample_t_p_value,75.0,6.0,,6.480298590623212e-08,7.478602034401394e-09,-0.049999935197014095,0.0,significant
0.2,avg_shortestPathLength,0.0277506495043664,100,two_sample_t_p_value,100.0,0.5,,0.6181735658308866,0.0194700129492189,0.5681735658308865,0.0,non-significant
0.2,avg_shortestPathLength,0.0277506495043664,100,two_sample_t_p_value,100.0,1.0,,0.31972415578412333,0.0133628200365373,0.26972415578412334,6.646543640973795e-196,non-significant
0.2,avg_shortestPathLength,0.0277506495043664,100,two_sample_t_p_value,100.0,2.0,,0.04821217873113365,0.0030475010297024,-0.0017878212688663547,0.2743276959630472,significant
0.2,avg_shortestPathLength,0.0277506495043664,100,two_sample_t_p_value,100.0,3.0,,0.0034079153433294465,0.000284504637314,-0.04659208465667056,0.0,significant
0.2,avg_shortestPathLength,0.0277506495043664,100,two_sample_t_p_value,100.0,4.0,,0.00012152364430076177,1.2274365169705536e-05,-0.04987847635569924,0.0,significant
0.2,avg_shortestPathLength,0.0277506495043664,100,two_sample_t_p_value,100.0,5.0,,2.450173413503802e-06,2.819498310673826e-07,-0.049997549826586496,0.0,significant
0.2,avg_shortestPathLength,0.0277506495043664,100,two_sample_t_p_value,100.0,6.0,,3.172491502802852e-08,3.984855916753991e-09,-0.049999968275084974,0.0,significant
0.2,avg_shortestPathLength,0.0277506495043664,300,two_sample_t_p_value,300.0,0.5,,0.617441622554225,0.0195166924469307,0.5674416225542249,0.0,non-significant
0.2,avg_shortestPathLength,0.0277506495043664,300,two_sample_t_p_value,300.0,1.0,,0.31811640443062633,0.0134073377732321,0.26811640443062634,2.9202001942637706e-192,non-significant
0.2,avg_shortestPathLength,0.0277506495043664,300,two_sample_t_p_value,300.0,2.0,,0.0464015209831491,0.0030138789450122,-0.0035984790168509043,0.11777421049710968,significant
0.2,avg_shortestPathLength,0.0277506495043664,300,two_sample_t_p_value,300.0,3.0,,0.0029262198640661076,0.0002587313080826,-0.0470737801359339,0.0,significant
0.2,avg_shortestPathLength,0.0277506495043664,300,two_sample_t_p_value,300.0,4.0,,7.984004483719462e-05,8.885752319021706e-06,-0.04992015995516281,0.0,significant
0.2,avg_shortestPathLength,0.0277506495043664,300,two_sample_t_p_value,300.0,5.0,,9.769154730247779e-07,1.2976402570764958e-07,-0.04999902308452698,0.0,significant
0.2,avg_shortestPathLength,0.0277506495043664,300,two_sample_t_p_value,300.0,6.0,,5.676439092359154e-09,8.66041872741247e-10,-0.04999999432356091,0.0,significant
0.2,avg_shortestPathLength,0.0277506495043664,500,two_sample_t_p_value,500.0,0.5,,0.6172950500946657,0.0195260446058862,0.5672950500946656,0.0,non-significant
0.2,avg_shortestPathLength,0.0277506495043664,500,two_sample_t_p_value,500.0,1.0,,0.3177942072606085,0.0134162710280656,0.2677942072606085,1.545560314258393e-191,non-significant
0.2,avg_shortestPathLength,0.0277506495043664,500,two_sample_t_p_value,500.0,2.0,,0.046040682769031456,0.0030069954655818,-0.003959317230968547,0.09630481908915645,significant
0.2,avg_shortestPathLength,0.0277506495043664,500,two_sample_t_p_value,500.0,3.0,,0.002834491812851143,0.0002536166008042,-0.04716550818714886,0.0,significant
0.2,avg_shortestPathLength,0.0277506495043664,500,two_sample_t_p_value,500.0,4.0,,7.291606940371305e-05,8.2838436844348e-06,-0.04992708393059629,0.0,significant
0.2,avg_shortestPathLength,0.0277506495043664,500,two_sample_t_p_value,500.0,5.0,,7.94641504790956e-07,1.0891222980302147e-07,-0.04999920535849521,0.0,significant
0.2,avg_shortestPathLength,0.0277506495043664,500,two_sample_t_p_value,500.0,6.0,,3.790442338479296e-09,6.042300703846635e-10,-0.04999999620955766,0.0,significant
0.2,avg_shortestPathLength,0.0277506495043664,1000,two_sample_t_p_value,1000.0,0.5,,0.6171850808338747,0.0195330622707902,0.5671850808338746,0.0,non-significant
0.2,avg_shortestPathLength,0.0277506495043664,1000,two_sample_t_p_value,1000.0,1.0,,0.31755241808467255,0.0134229774851383,0.26755241808467256,5.37986980284931e-191,non-significant
0.2,avg_shortestPathLength,0.0277506495043664,1000,two_sample_t_p_value,1000.0,2.0,,0.04577034649325166,0.0030017974146536,-0.0042296535067483446,0.08221827532119075,significant
0.2,avg_shortestPathLength,0.0277506495043664,1000,two_sample_t_p_value,1000.0,3.0,,0.0027667090442381925,0.0002497905122133,-0.04723329095576181,0.0,significant
0.2,avg_shortestPathLength,0.0277506495043664,1000,two_sample_t_p_value,1000.0,4.0,,6.800991920878163e-05,7.848809930855287e-06,-0.04993199008079122,0.0,significant
0.2,avg_shortestPathLength,0.0277506495043664,1000,two_sample_t_p_value,1000.0,5.0,,6.767256364648635e-07,9.501890286763537e-08,-0.04999932327436354,0.0,significant
0.2,avg_shortestPathLength,0.0277506495043664,1000,two_sample_t_p_value,1000.0,6.0,,2.7553691733774752e-09,4.545137832134733e-10,-0.04999999724463083,0.0,significant
0.3,avg_shortestPathLength,0.0241110187938018,30,two_sample_t_p_value,30.0,0.5,,0.6207230048851272,0.0167754139460807,0.5707230048851272,0.0,non-significant
0.3,avg_shortestPathLength,0.0241110187938018,30,two_sample_t_p_value,30.0,1.0,,0.3253086154260302,0.0114765238990932,0.2753086154260302,3.784992894343339e-276,non-significant
0.3,avg_shortestPathLength,0.0241110187938018,30,two_sample_t_p_value,30.0,2.0,,0.054625044962983094,0.0027415325442667,0.004625044962983091,0.04287693190146158,non-significant
0.3,avg_shortestPathLength,0.0241110187938018,30,two_sample_t_p_value,30.0,3.0,,0.005389964065651945,0.0003269002185508,-0.044610035934348057,0.0,significant
0.3,avg_shortestPathLength,0.0241110187938018,30,two_sample_t_p_value,30.0,4.0,,0.0003818456360837564,2.530289590203291e-05,-0.04961815436391625,0.0,significant
0.3,avg_shortestPathLength,0.0241110187938018,30,two_sample_t_p_value,30.0,5.0,,2.32966854670078e-05,1.5859698710110337e-06,-0.049976703314532994,0.0,significant
0.3,avg_shortestPathLength,0.0241110187938018,30,two_sample_t_p_value,30.0,6.0,,1.3942768767204764e-06,9.396921934489513e-08,-0.049998605723123285,0.0,significant
0.3,avg_shortestPathLength,0.0241110187938018,50,two_sample_t_p_value,50.0,0.5,,0.6192685675117714,0.0168558136219429,0.5692685675117714,0.0,non-significant
0.3,avg_shortestPathLength,0.0241110187938018,50,two_sample_t_p_value,50.0,1.0,,0.32212564510024433,0.0115526047594961,0.27212564510024434,3.565398260130405e-266,non-significant
0.3,avg_shortestPathLength,0.0241110187938018,50,two_sample_t_p_value,50.0,2.0,,0.05094706873769324,0.0026895432372733,0.0009470687376932352,0.3678705083916581,non-significant
0.3,avg_shortestPathLength,0.0241110187938018,50,two_sample_t_p_value,50.0,3.0,,0.004201703187068241,0.0002811856214206,-0.04579829681293176,0.0,significant
0.3,avg_shortestPathLength,0.0241110187938018,50,two_sample_t_p_value,50.0,4.0,,0.00020919024636403336,1.6119406578024075e-05,-0.04979080975363597,0.0,significant
0.3,avg_shortestPathLength,0.0241110187938018,50,two_sample_t_p_value,50.0,5.0,,7.4332122472325795e-06,6.189523118602243e-07,-0.04999256678775277,0.0,significant
0.3,avg_shortestPathLength,0.0241110187938018,50,two_sample_t_p_value,50.0,6.0,,2.1889394850799978e-07,1.8880300366148217e-08,-0.049999781106051494,0.0,significant
0.3,avg_shortestPathLength,0.0241110187938018,75,two_sample_t_p_value,75.0,0.5,,0.6185389578679419,0.0168961931069949,0.5685389578679418,0.0,non-significant
0.3,avg_shortestPathLength,0.0241110187938018,75,two_sample_t_p_value,75.0,1.0,,0.3205260061237414,0.0115909630100173,0.2705260061237414,2.8705685350138697e-261,non-significant
0.3,avg_shortestPathLength,0.0241110187938018,75,two_sample_t_p_value,75.0,2.0,,0.04912138289485513,0.0026619908448514,-0.0008786171051448702,0.36493979518010855,significant
0.3,avg_shortestPathLength,0.0241110187938018,75,two_sample_t_p_value,75.0,3.0,,0.0036630774411349812,0.0002584777450133,-0.04633692255886502,0.0,significant
0.3,avg_shortestPathLength,0.0241110187938018,75,two_sample_t_p_value,75.0,4.0,,0.00014717180322168836,1.2344204798478271e-05,-0.04985282819677832,0.0,significant
0.3,avg_shortestPathLength,0.0241110187938018,75,two_sample_t_p_value,75.0,5.0,,3.657912410473166e-06,3.427962217504155e-07,-0.04999634208758953,0.0,significant
0.3,avg_shortestPathLength,0.0241110187938018,75,two_sample_t_p_value,75.0,6.0,,6.480298590623212e-08,6.497747527474793e-09,-0.049999935197014095,0.0,significant
0.3,avg_shortestPathLength,0.0241110187938018,100,two_sample_t_p_value,100.0,0.5,,0.6181735658308866,0.0169164274176833,0.5681735658308865,0.0,non-significant
0.3,avg_shortestPathLength,0.0241110187938018,100,two_sample_t_p_value,100.0,1.0,,0.31972415578412333,0.0116102221315017,0.26972415578412334,7.773653779455244e-259,non-significant
0.3,avg_shortestPathLength,0.0241110187938018,100,two_sample_t_p_value,100.0,2.0,,0.04821217873113365,0.0026478066608756,-0.0017878212688663547,0.24676335901433322,significant
0.3,avg_shortestPathLength,0.0241110187938018,100,two_sample_t_p_value,100.0,3.0,,0.0034079153433294465,0.0002471904903027,-0.04659208465667056,0.0,significant
0.3,avg_shortestPathLength,0.0241110187938018,100,two_sample_t_p_value,100.0,4.0,,0.00012152364430076177,1.0664523338172348e-05,-0.04987847635569924,0.0,significant
0.3,avg_shortestPathLength,0.0241110187938018,100,two_sample_t_p_value,100.0,5.0,,2.450173413503802e-06,2.449707591422415e-07,-0.049997549826586496,0.0,significant
0.3,avg_shortestPathLength,0.0241110187938018,100,two_sample_t_p_value,100.0,6.0,,3.172491502802852e-08,3.462222961099715e-09,-0.049999968275084974,0.0,significant
0.3,avg_shortestPathLength,0.0241110187938018,300,two_sample_t_p_value,300.0,0.5,,0.617441622554225,0.016956984675503,0.5674416225542249,0.0,non-significant
0.3,avg_shortestPathLength,0.0241110187938018,300,two_sample_t_p_value,300.0,1.0,,0.31811640443062633,0.0116489011536247,0.26811640443062634,5.193074291198346e-254,non-significant
0.3,avg_shortestPathLength,0.0241110187938018,300,two_sample_t_p_value,300.0,2.0,,0.0464015209831491,0.0026185942737664,-0.0035984790168509043,0.08699120389153214,significant
0.3,avg_shortestPathLength,0.0241110187938018,300,two_sample_t_p_value,300.0,3.0,,0.0029262198640661076,0.0002247974567493,-0.0470737801359339,0.0,significant
0.3,avg_shortestPathLength,0.0241110187938018,300,two_sample_t_p_value,300.0,4.0,,7.984004483719462e-05,7.720343306822068e-06,-0.04992015995516281,0.0,significant
0.3,avg_shortestPathLength,0.0241110187938018,300,two_sample_t_p_value,300.0,5.0,,9.769154730247779e-07,1.1274485168731743e-07,-0.04999902308452698,0.0,significant
0.3,avg_shortestPathLength,0.0241110187938018,300,two_sample_t_p_value,300.0,6.0,,5.676439092359154e-09,7.524563295932221e-10,-0.04999999432356091,0.0,significant
0.3,avg_shortestPathLength,0.0241110187938018,500,two_sample_t_p_value,500.0,0.5,,0.6172950500946657,0.0169651102539801,0.5672950500946656,0.0,non-significant
0.3,avg_shortestPathLength,0.0241110187938018,500,two_sample_t_p_value,500.0,1.0,,0.3177942072606085,0.0116566627692635,0.2677942072606085,4.7196040323187845e-253,non-significant
0.3,avg_shortestPathLength,0.0241110187938018,500,two_sample_t_p_value,500.0,2.0,,0.046040682769031456,0.0026126135956605,-0.003959317230968547,0.06761114566469306,significant
0.3,avg_shortestPathLength,0.0241110187938018,500,two_sample_t_p_value,500.0,3.0,,0.002834491812851143,0.0002203535678488,-0.04716550818714886,0.0,significant
0.3,avg_shortestPathLength,0.0241110187938018,500,two_sample_t_p_value,500.0,4.0,,7.291606940371305e-05,7.197377875025849e-06,-0.04992708393059629,0.0,significant
0.3,avg_shortestPathLength,0.0241110187938018,500,two_sample_t_p_value,500.0,5.0,,7.94641504790956e-07,9.462786877266884e-08,-0.04999920535849521,0.0,significant
0.3,avg_shortestPathLength,0.0241110187938018,500,two_sample_t_p_value,500.0,6.0,,3.790442338479296e-09,5.249824001608511e-10,-0.04999999620955766,0.0,significant
0.3,avg_shortestPathLength,0.0241110187938018,1000,two_sample_t_p_value,1000.0,0.5,,0.6171850808338747,0.0169712075184914,0.5671850808338746,0.0,non-significant
0.3,avg_shortestPathLength,0.0241110187938018,1000,two_sample_t_p_value,1000.0,1.0,,0.31755241808467255,0.0116624896423424,0.26755241808467256,2.462349807287327e-252,non-significant
0.3,avg_shortestPathLength,0.0241110187938018,1000,two_sample_t_p_value,1000.0,2.0,,0.04577034649325166,0.0026080972940295,-0.0042296535067483446,0.055422932803406266,significant
0.3,avg_shortestPathLength,0.0241110187938018,1000,two_sample_t_p_value,1000.0,3.0,,0.0027667090442381925,0.0002170292891177,-0.04723329095576181,0.0,significant
0.3,avg_shortestPathLength,0.0241110187938018,1000,two_sample_t_p_value,1000.0,4.0,,6.800991920878163e-05,6.819400883646121e-06,-0.04993199008079122,0.0,significant
0.3,avg_shortestPathLength,0.0241110187938018,1000,two_sample_t_p_value,1000.0,5.0,,6.767256364648635e-07,8.2556718265189e-08,-0.04999932327436354,0.0,significant
0.3,avg_shortestPathLength,0.0241110187938018,1000,two_sample_t_p_value,1000.0,6.0,,2.7553691733774752e-09,3.949021217459328e-10,-0.04999999724463083,0.0,significant
0.4,avg_shortestPathLength,0.022590119386187,30,two_sample_t_p_value,30.0,0.5,,0.6207230048851272,0.015717237294514,0.5707230048851272,0.0,non-significant
0.4,avg_shortestPathLength,0.022590119386187,30,two_sample_t_p_value,30.0,1.0,,0.3253086154260302,0.010752596032383,0.2753086154260302,2.754757659e-314,non-significant
0.4,avg_shortestPathLength,0.022590119386187,30,two_sample_t_p_value,30.0,2.0,,0.054625044962983094,0.002568599361385,0.004625044962983091,0.03317802817211995,non-significant
0.4,avg_shortestPathLength,0.022590119386187,30,two_sample_t_p_value,30.0,3.0,,0.005389964065651945,0.0003062796735213,-0.044610035934348057,0.0,significant
0.4,avg_shortestPathLength,0.022590119386187,30,two_sample_t_p_value,30.0,4.0,,0.0003818456360837564,2.3706814055908948e-05,-0.04961815436391625,0.0,significant
0.4,avg_shortestPathLength,0.022590119386187,30,two_sample_t_p_value,30.0,5.0,,2.32966854670078e-05,1.485928447712252e-06,-0.049976703314532994,0.0,significant
0.4,avg_shortestPathLength,0.022590119386187,30,two_sample_t_p_value,30.0,6.0,,1.3942768767204764e-06,8.804173319186638e-08,-0.049998605723123285,0.0,significant
0.4,avg_shortestPathLength,0.022590119386187,50,two_sample_t_p_value,50.0,0.5,,0.6192685675117714,0.0157925654377115,0.5692685675117714,0.0,non-significant
0.4,avg_shortestPathLength,0.022590119386187,50,two_sample_t_p_value,50.0,1.0,,0.32212564510024433,0.0108238777867627,0.27212564510024434,6.334068837029572e-303,non-significant
0.4,avg_shortestPathLength,0.022590119386187,50,two_sample_t_p_value,50.0,2.0,,0.05094706873769324,0.0025198894888645,0.0009470687376932352,0.3585259625682683,non-significant
0.4,avg_shortestPathLength,0.022590119386187,50,two_sample_t_p_value,50.0,3.0,,0.004201703187068241,0.0002634487083227,-0.04579829681293176,0.0,significant
0.4,avg_shortestPathLength,0.022590119386187,50,two_sample_t_p_value,50.0,4.0,,0.00020919024636403336,1.510261022755542e-05,-0.04979080975363597,0.0,significant
0.4,avg_shortestPathLength,0.022590119386187,50,two_sample_t_p_value,50.0,5.0,,7.4332122472325795e-06,5.799094073483659e-07,-0.04999256678775277,0.0,significant
0.4,avg_shortestPathLength,0.022590119386187,50,two_sample_t_p_value,50.0,6.0,,2.1889394850799978e-07,1.7689349544532745e-08,-0.049999781106051494,0.0,significant
0.4,avg_shortestPathLength,0.022590119386187,75,two_sample_t_p_value,75.0,0.5,,0.6185389578679419,0.0158303978244671,0.5685389578679418,0.0,non-significant
0.4,avg_shortestPathLength,0.022590119386187,75,two_sample_t_p_value,75.0,1.0,,0.3205260061237414,0.0108598164364784,0.2705260061237414,2.4548157307856432e-297,non-significant
0.4,avg_shortestPathLength,0.022590119386187,75,two_sample_t_p_value,75.0,2.0,,0.04912138289485513,0.0024940750743219,-0.0008786171051448702,0.35706846934674874,significant
0.4,avg_shortestPathLength,0.022590119386187,75,two_sample_t_p_value,75.0,3.0,,0.0036630774411349812,0.000242173222478,-0.04633692255886502,0.0,significant
0.4,avg_shortestPathLength,0.022590119386187,75,two_sample_t_p_value,75.0,4.0,,0.00014717180322168836,1.1565544472009296e-05,-0.04985282819677832,0.0,significant
0.4,avg_shortestPathLength,0.022590119386187,75,two_sample_t_p_value,75.0,5.0,,3.657912410473166e-06,3.211729724364203e-07,-0.04999634208758953,0.0,significant
0.4,avg_shortestPathLength,0.022590119386187,75,two_sample_t_p_value,75.0,6.0,,6.480298590623212e-08,6.087875989076449e-09,-0.049999935197014095,0.0,significant
0.4,avg_shortestPathLength,0.022590119386187,100,two_sample_t_p_value,100.0,0.5,,0.6181735658308866,0.0158493557746913,0.5681735658308865,0.0,non-significant
0.4,avg_shortestPathLength,0.022590119386187,100,two_sample_t_p_value,100.0,1.0,,0.31972415578412333,0.0108778607114768,0.26972415578412334,1.4490763002825638e-294,non-significant
0.4,avg_shortestPathLength,0.022590119386187,100,two_sample_t_p_value,100.0,2.0,,0.04821217873113365,0.0024807856147537,-0.0017878212688663547,0.23313586349143145,significant
0.4,avg_shortestPathLength,0.022590119386187,100,two_sample_t_p_value,100.0,3.0,,0.0034079153433294465,0.0002315979567194,-0.04659208465667056,0.0,significant
0.4,avg_shortestPathLength,0.022590119386187,100,two_sample_t_p_value,100.0,4.0,,0.00012152364430076177,9.991815670104416e-06,-0.04987847635569924,0.0,significant
0.4,avg_shortestPathLength,0.022590119386187,100,two_sample_t_p_value,100.0,5.0,,2.450173413503802e-06,2.295182440225502e-07,-0.049997549826586496,0.0,significant
0.4,avg_shortestPathLength,0.022590119386187,100,two_sample_t_p_value,100.0,6.0,,3.172491502802852e-08,3.243829333870634e-09,-0.049999968275084974,0.0,significant
0.4,avg_shortestPathLength,0.022590119386187,300,two_sample_t_p_value,300.0,0.5,,0.617441622554225,0.0158873547204828,0.5674416225542249,0.0,non-significant
0.4,avg_shortestPathLength,0.022590119386187,300,two_sample_t_p_value,300.0,1.0,,0.31811640443062633,0.0109140998988363,0.26811640443062634,4.540240244715699e-289,non-significant
0.4,avg_shortestPathLength,0.022590119386187,300,two_sample_t_p_value,300.0,2.0,,0.0464015209831491,0.00245341591636,-0.0035984790168509043,0.07370384570359934,significant
0.4,avg_shortestPathLength,0.022590119386187,300,two_sample_t_p_value,300.0,3.0,,0.0029262198640661076,0.0002106174537504,-0.0470737801359339,0.0,significant
0.4,avg_shortestPathLength,0.022590119386187,300,two_sample_t_p_value,300.0,4.0,,7.984004483719462e-05,7.233351626281923e-06,-0.04992015995516281,0.0,significant
0.4,avg_shortestPathLength,0.022590119386187,300,two_sample_t_p_value,300.0,5.0,,9.769154730247779e-07,1.0563301706890884e-07,-0.04999902308452698,0.0,significant
0.4,avg_shortestPathLength,0.022590119386187,300,two_sample_t_p_value,300.0,6.0,,5.676439092359154e-09,7.04992122637831e-10,-0.04999999432356091,0.0,significant
0.4,avg_shortestPathLength,0.022590119386187,500,two_sample_t_p_value,500.0,0.5,,0.6172950500946657,0.0158949677454424,0.5672950500946656,0.0,non-significant
0.4,avg_shortestPathLength,0.022590119386187,500,two_sample_t_p_value,500.0,1.0,,0.3177942072606085,0.0109213719193764,0.2677942072606085,5.6091273212454675e-288,non-significant
0.4,avg_shortestPathLength,0.022590119386187,500,two_sample_t_p_value,500.0,2.0,,0.046040682769031456,0.0024478124935608,-0.003959317230968547,0.05568291334045017,significant
0.4,avg_shortestPathLength,0.022590119386187,500,two_sample_t_p_value,500.0,3.0,,0.002834491812851143,0.0002064538810014,-0.04716550818714886,0.0,significant
0.4,avg_shortestPathLength,0.022590119386187,500,two_sample_t_p_value,500.0,4.0,,7.291606940371305e-05,6.743374340786115e-06,-0.04992708393059629,0.0,significant
0.4,avg_shortestPathLength,0.022590119386187,500,two_sample_t_p_value,500.0,5.0,,7.94641504790956e-07,8.86588356600075e-08,-0.04999920535849521,0.0,significant
0.4,avg_shortestPathLength,0.022590119386187,500,two_sample_t_p_value,500.0,6.0,,3.790442338479296e-09,4.918670254750626e-10,-0.04999999620955766,0.0,significant
0.4,avg_shortestPathLength,0.022590119386187,1000,two_sample_t_p_value,1000.0,0.5,,0.6171850808338747,0.015900680400491,0.5671850808338746,0.0,non-significant
0.4,avg_shortestPathLength,0.022590119386187,1000,two_sample_t_p_value,1000.0,1.0,,0.31755241808467255,0.0109268312390189,0.26755241808467256,3.6825088090717387e-287,non-significant
0.4,avg_shortestPathLength,0.022590119386187,1000,two_sample_t_p_value,1000.0,2.0,,0.04577034649325166,0.0024435810758052,-0.0042296535067483446,0.04461916562878776,significant
0.4,avg_shortestPathLength,0.022590119386187,1000,two_sample_t_p_value,1000.0,3.0,,0.0027667090442381925,0.0002033392945108,-0.04723329095576181,0.0,significant
0.4,avg_shortestPathLength,0.022590119386187,1000,two_sample_t_p_value,1000.0,4.0,,6.800991920878163e-05,6.389239767148985e-06,-0.04993199008079122,0.0,significant
0.4,avg_shortestPathLength,0.022590119386187,1000,two_sample_t_p_value,1000.0,5.0,,6.767256364648635e-07,7.73491214822432e-08,-0.04999932327436354,0.0,significant
0.4,avg_shortestPathLength,0.022590119386187,1000,two_sample_t_p_value,1000.0,6.0,,2.7553691733774752e-09,3.6999208338688956e-10,-0.04999999724463083,0.0,significant
0.5,avg_shortestPathLength,0.033265867672949,30,two_sample_t_p_value,30.0,0.5,,0.6207230048851272,0.0231449655969212,0.5707230048851272,6.103705406740244e-234,non-significant
0.5,avg_shortestPathLength,0.033265867672949,30,two_sample_t_p_value,30.0,1.0,,0.3253086154260302,0.0158341100655115,0.2753086154260302,4.845459501408708e-146,non-significant
0.5,avg_shortestPathLength,0.033265867672949,30,two_sample_t_p_value,30.0,2.0,,0.054625044962983094,0.0037824805172523,0.004625044962983091,0.10844306744095301,non-significant
0.5,avg_shortestPathLength,0.033265867672949,30,two_sample_t_p_value,30.0,3.0,,0.005389964065651945,0.0004510228085163,-0.044610035934348057,0.0,significant
0.5,avg_shortestPathLength,0.033265867672949,30,two_sample_t_p_value,30.0,4.0,,0.0003818456360837564,3.491029533085559e-05,-0.04961815436391625,0.0,significant
0.5,avg_shortestPathLength,0.033265867672949,30,two_sample_t_p_value,30.0,5.0,,2.32966854670078e-05,2.1881557272021894e-06,-0.049976703314532994,0.0,significant
0.5,avg_shortestPathLength,0.033265867672949,30,two_sample_t_p_value,30.0,6.0,,1.3942768767204764e-06,1.296489228759255e-07,-0.049998605723123285,0.0,significant
0.5,avg_shortestPathLength,0.033265867672949,50,two_sample_t_p_value,50.0,0.5,,0.6192685675117714,0.0232558926797232,0.5692685675117714,3.9723614058386806e-231,non-significant
0.5,avg_shortestPathLength,0.033265867672949,50,two_sample_t_p_value,50.0,1.0,,0.32212564510024433,0.0159390784974243,0.27212564510024434,8.458930406746434e-141,non-significant
0.5,avg_shortestPathLength,0.033265867672949,50,two_sample_t_p_value,50.0,2.0,,0.05094706873769324,0.0037107510967065,0.0009470687376932352,0.4076223133439378,non-significant
0.5,avg_shortestPathLength,0.033265867672949,50,two_sample_t_p_value,50.0,3.0,,0.004201703187068241,0.0003879505778544,-0.04579829681293176,0.0,significant
0.5,avg_shortestPathLength,0.033265867672949,50,two_sample_t_p_value,50.0,4.0,,0.00020919024636403336,2.223987508685696e-05,-0.04979080975363597,0.0,significant
0.5,avg_shortestPathLength,0.033265867672949,50,two_sample_t_p_value,50.0,5.0,,7.4332122472325795e-06,8.539658103332046e-07,-0.04999256678775277,0.0,significant
0.5,avg_shortestPathLength,0.033265867672949,50,two_sample_t_p_value,50.0,6.0,,2.1889394850799978e-07,2.6049068227978593e-08,-0.049999781106051494,0.0,significant
0.5,avg_shortestPathLength,0.033265867672949,75,two_sample_t_p_value,75.0,0.5,,0.6185389578679419,0.0233116040794749,0.5685389578679418,9.941445275953417e-230,non-significant
0.5,avg_shortestPathLength,0.033265867672949,75,two_sample_t_p_value,75.0,1.0,,0.3205260061237414,0.0159920012086923,0.2705260061237414,3.203964318118108e-138,non-significant
0.5,avg_shortestPathLength,0.033265867672949,75,two_sample_t_p_value,75.0,2.0,,0.04912138289485513,0.0036727371808193,-0.0008786171051448702,0.39687419852080263,significant
0.5,avg_shortestPathLength,0.033265867672949,75,two_sample_t_p_value,75.0,3.0,,0.0036630774411349812,0.0003566206196242,-0.04633692255886502,0.0,significant
0.5,avg_shortestPathLength,0.033265867672949,75,two_sample_t_p_value,75.0,4.0,,0.00014717180322168836,1.7031245625320627e-05,-0.04985282819677832,0.0,significant
0.5,avg_shortestPathLength,0.033265867672949,75,two_sample_t_p_value,75.0,5.0,,3.657912410473166e-06,4.7295445493442485e-07,-0.04999634208758953,0.0,significant
0.5,avg_shortestPathLength,0.033265867672949,75,two_sample_t_p_value,75.0,6.0,,6.480298590623212e-08,8.964913978532271e-09,-0.049999935197014095,0.0,significant
0.5,avg_shortestPathLength,0.033265867672949,100,two_sample_t_p_value,100.0,0.5,,0.6181735658308866,0.0233395212698503,0.5681735658308865,4.9494074646041245e-229,non-significant
0.5,avg_shortestPathLength,0.033265867672949,100,two_sample_t_p_value,100.0,1.0,,0.31972415578412333,0.0160185729347682,0.26972415578412334,6.084552912798962e-137,non-significant
0.5,avg_shortestPathLength,0.033265867672949,100,two_sample_t_p_value,100.0,2.0,,0.04821217873113365,0.0036531673239326,-0.0017878212688663547,0.3058738342238634,significant
0.5,avg_shortestPathLength,0.033265867672949,100,two_sample_t_p_value,100.0,3.0,,0.0034079153433294465,0.0003410476434341,-0.04659208465667056,0.0,significant
0.5,avg_shortestPathLength,0.033265867672949,100,two_sample_t_p_value,100.0,4.0,,0.00012152364430076177,1.471379642630102e-05,-0.04987847635569924,0.0,significant
0.5,avg_shortestPathLength,0.033265867672949,100,two_sample_t_p_value,100.0,5.0,,2.450173413503802e-06,3.3798509001463535e-07,-0.049997549826586496,0.0,significant
0.5,avg_shortestPathLength,0.033265867672949,100,two_sample_t_p_value,100.0,6.0,,3.172491502802852e-08,4.77681394814376e-09,-0.049999968275084974,0.0,significant
0.5,avg_shortestPathLength,0.033265867672949,300,two_sample_t_p_value,300.0,0.5,,0.617441622554225,0.0233954779419158,0.5674416225542249,1.2149158180166457e-227,non-significant
0.5,avg_shortestPathLength,0.033265867672949,300,two_sample_t_p_value,300.0,1.0,,0.31811640443062633,0.0160719382132189,0.26811640443062634,2.089471214472403e-134,non-significant
0.5,avg_shortestPathLength,0.033265867672949,300,two_sample_t_p_value,300.0,2.0,,0.0464015209831491,0.0036128631206015,-0.0035984790168509043,0.15939960585524593,significant
0.5,avg_shortestPathLength,0.033265867672949,300,two_sample_t_p_value,300.0,3.0,,0.0029262198640661076,0.0003101520725189,-0.0470737801359339,0.0,significant
0.5,avg_shortestPathLength,0.033265867672949,300,two_sample_t_p_value,300.0,4.0,,7.984004483719462e-05,1.0651724053257424e-05,-0.04992015995516281,0.0,significant
0.5,avg_shortestPathLength,0.033265867672949,300,two_sample_t_p_value,300.0,5.0,,9.769154730247779e-07,1.555535810871963e-07,-0.04999902308452698,0.0,significant
0.5,avg_shortestPathLength,0.033265867672949,300,two_sample_t_p_value,300.0,6.0,,5.676439092359154e-09,1.0381607224476036e-09,-0.04999999432356091,0.0,significant
0.5,avg_shortestPathLength,0.033265867672949,500,two_sample_t_p_value,500.0,0.5,,0.6172950500946657,0.0234066887671695,0.5672950500946656,2.3007436303927538e-227,non-significant
0.5,avg_shortestPathLength,0.033265867672949,500,two_sample_t_p_value,500.0,1.0,,0.3177942072606085,0.016082646880529,0.2677942072606085,6.664935503378439e-134,non-significant
0.5,avg_shortestPathLength,0.033265867672949,500,two_sample_t_p_value,500.0,2.0,,0.046040682769031456,0.0036046116050531,-0.003959317230968547,0.13690679717965393,significant
0.5,avg_shortestPathLength,0.033265867672949,500,two_sample_t_p_value,500.0,3.0,,0.002834491812851143,0.0003040208583474,-0.04716550818714886,0.0,significant
0.5,avg_shortestPathLength,0.033265867672949,500,two_sample_t_p_value,500.0,4.0,,7.291606940371305e-05,9.93019092351129e-06,-0.04992708393059629,0.0,significant
0.5,avg_shortestPathLength,0.033265867672949,500,two_sample_t_p_value,500.0,5.0,,7.94641504790956e-07,1.3055765862428038e-07,-0.04999920535849521,0.0,significant
0.5,avg_shortestPathLength,0.033265867672949,500,two_sample_t_p_value,500.0,6.0,,3.790442338479296e-09,7.243159322188197e-10,-0.04999999620955766,0.0,significant
0.5,avg_shortestPathLength,0.033265867672949,1000,two_sample_t_p_value,1000.0,0.5,,0.6171850808338747,0.0234151011364739,0.5671850808338746,3.7128839578987516e-227,non-significant
0.5,avg_shortestPathLength,0.033265867672949,1000,two_sample_t_p_value,1000.0,1.0,,0.31755241808467255,0.0160906861919511,0.26755241808467256,1.5880778396393464e-133,non-significant
0.5,avg_shortestPathLength,0.033265867672949,1000,two_sample_t_p_value,1000.0,2.0,,0.04577034649325166,0.0035983804833525,-0.0042296535067483446,0.1215522304878014,significant
0.5,avg_shortestPathLength,0.033265867672949,1000,two_sample_t_p_value,1000.0,3.0,,0.0027667090442381925,0.0002994343654529,-0.04723329095576181,0.0,significant
0.5,avg_shortestPathLength,0.033265867672949,1000,two_sample_t_p_value,1000.0,4.0,,6.800991920878163e-05,9.40869771386352e-06,-0.04993199008079122,0.0,significant
0.5,avg_shortestPathLength,0.033265867672949,1000,two_sample_t_p_value,1000.0,5.0,,6.767256364648635e-07,1.1390314481562693e-07,-0.04999932327436354,0.0,significant
0.5,avg_shortestPathLength,0.033265867672949,1000,two_sample_t_p_value,1000.0,6.0,,2.7553691733774752e-09,5.448447383378116e-10,-0.04999999724463083,0.0,significant
0.05,betweeness,0.0555063752615685,30,two_sample_t_p_value,30.0,0.5,,0.6207230048851272,0.0386189579802689,0.5707230048851272,4.437064942214701e-85,non-significant
0.05,betweeness,0.0555063752615685,30,two_sample_t_p_value,30.0,1.0,,0.3253086154260302,0.0264202955374573,0.2753086154260302,1.2092896437172117e-53,non-significant
0.05,betweeness,0.0555063752615685,30,two_sample_t_p_value,30.0,2.0,,0.054625044962983094,0.0063113274264873,0.004625044962983091,0.23688758759561684,non-significant
0.05,betweeness,0.0555063752615685,30,two_sample_t_p_value,30.0,3.0,,0.005389964065651945,0.0007525624014127,-0.044610035934348057,0.0,significant
0.05,betweeness,0.0555063752615685,30,two_sample_t_p_value,30.0,4.0,,0.0003818456360837564,5.825021527102326e-05,-0.04961815436391625,0.0,significant
0.05,betweeness,0.0555063752615685,30,two_sample_t_p_value,30.0,5.0,,2.32966854670078e-05,3.6510874785809534e-06,-0.049976703314532994,0.0,significant
0.05,betweeness,0.0555063752615685,30,two_sample_t_p_value,30.0,6.0,,1.3942768767204764e-06,2.1632809449492177e-07,-0.049998605723123285,0.0,significant
0.05,betweeness,0.0555063752615685,50,two_sample_t_p_value,50.0,0.5,,0.6192685675117714,0.0388040474042157,0.5692685675117714,4.552858728943874e-84,non-significant
0.05,betweeness,0.0555063752615685,50,two_sample_t_p_value,50.0,1.0,,0.32212564510024433,0.0265954425448841,0.27212564510024434,9.298965235043993e-52,non-significant
0.05,betweeness,0.0555063752615685,50,two_sample_t_p_value,50.0,2.0,,0.05094706873769324,0.0061916419827389,0.0009470687376932352,0.4540835366123014,non-significant
0.05,betweeness,0.0555063752615685,50,two_sample_t_p_value,50.0,3.0,,0.004201703187068241,0.0006473220710501,-0.04579829681293176,0.0,significant
0.05,betweeness,0.0555063752615685,50,two_sample_t_p_value,50.0,4.0,,0.00020919024636403336,3.710875256518018e-05,-0.04979080975363597,0.0,significant
0.05,betweeness,0.0555063752615685,50,two_sample_t_p_value,50.0,5.0,,7.4332122472325795e-06,1.4249003571744882e-06,-0.04999256678775277,0.0,significant
0.05,betweeness,0.0555063752615685,50,two_sample_t_p_value,50.0,6.0,,2.1889394850799978e-07,4.3464651831466974e-08,-0.049999781106051494,0.0,significant
0.05,betweeness,0.0555063752615685,75,two_sample_t_p_value,75.0,0.5,,0.6185389578679419,0.0388970056847984,0.5685389578679418,1.448400350573986e-83,non-significant
0.05,betweeness,0.0555063752615685,75,two_sample_t_p_value,75.0,1.0,,0.3205260061237414,0.0266837477080136,0.2705260061237414,7.872344932413927e-51,non-significant
0.05,betweeness,0.0555063752615685,75,two_sample_t_p_value,75.0,2.0,,0.04912138289485513,0.0061282131643133,-0.0008786171051448702,0.42783060542972184,significant
0.05,betweeness,0.0555063752615685,75,two_sample_t_p_value,75.0,3.0,,0.0036630774411349812,0.0005950458930903,-0.04633692255886502,0.0,significant
0.05,betweeness,0.0555063752615685,75,two_sample_t_p_value,75.0,4.0,,0.00014717180322168836,2.8417798090976098e-05,-0.04985282819677832,0.0,significant
0.05,betweeness,0.0555063752615685,75,two_sample_t_p_value,75.0,5.0,,3.657912410473166e-06,7.891568533643946e-07,-0.04999634208758953,0.0,significant
0.05,betweeness,0.0555063752615685,75,two_sample_t_p_value,75.0,6.0,,6.480298590623212e-08,1.495857208272182e-08,-0.049999935197014095,0.0,significant
0.05,betweeness,0.0555063752615685,100,two_sample_t_p_value,100.0,0.5,,0.6181735658308866,0.0389435874261935,0.5681735658308865,2.5789208907459696e-83,non-significant
0.05,betweeness,0.0555063752615685,100,two_sample_t_p_value,100.0,1.0,,0.31972415578412333,0.0267280844502088,0.26972415578412334,2.2705008648703685e-50,non-significant
0.05,betweeness,0.0555063752615685,100,two_sample_t_p_value,100.0,2.0,,0.04821217873113365,0.0060955595197174,-0.0017878212688663547,0.3708197619188228,significant
0.05,betweeness,0.0555063752615685,100,two_sample_t_p_value,100.0,3.0,,0.0034079153433294465,0.0005690613172829,-0.04659208465667056,0.0,significant
0.05,betweeness,0.0555063752615685,100,two_sample_t_p_value,100.0,4.0,,0.00012152364430076177,2.455097561230061e-05,-0.04987847635569924,0.0,significant
0.05,betweeness,0.0555063752615685,100,two_sample_t_p_value,100.0,5.0,,2.450173413503802e-06,5.639512374548043e-07,-0.049997549826586496,0.0,significant
0.05,betweeness,0.0555063752615685,100,two_sample_t_p_value,100.0,6.0,,3.172491502802852e-08,7.970440758290233e-09,-0.049999968275084974,0.0,significant
0.05,betweeness,0.0555063752615685,300,two_sample_t_p_value,300.0,0.5,,0.617441622554225,0.0390369549604058,0.5674416225542249,8.147486191955149e-83,non-significant
0.05,betweeness,0.0555063752615685,300,two_sample_t_p_value,300.0,1.0,,0.31811640443062633,0.0268171280669496,0.26811640443062634,1.855787635505302e-49,non-significant
0.05,betweeness,0.0555063752615685,300,two_sample_t_p_value,300.0,2.0,,0.0464015209831491,0.0060283092000591,-0.0035984790168509043,0.26647162618874565,significant
0.05,betweeness,0.0555063752615685,300,two_sample_t_p_value,300.0,3.0,,0.0029262198640661076,0.000517509944266,-0.0470737801359339,0.0,significant
0.05,betweeness,0.0555063752615685,300,two_sample_t_p_value,300.0,4.0,,7.984004483719462e-05,1.7773130053167465e-05,-0.04992015995516281,0.0,significant
0.05,betweeness,0.0555063752615685,300,two_sample_t_p_value,300.0,5.0,,9.769154730247779e-07,2.595517883373256e-07,-0.04999902308452698,0.0,significant
0.05,betweeness,0.0555063752615685,300,two_sample_t_p_value,300.0,6.0,,5.676439092359154e-09,1.7322421651083712e-09,-0.04999999432356091,0.0,significant
0.05,betweeness,0.0555063752615685,500,two_sample_t_p_value,500.0,0.5,,0.6172950500946657,0.0390556609890486,0.5672950500946656,1.0249385716495484e-82,non-significant
0.05,betweeness,0.0555063752615685,500,two_sample_t_p_value,500.0,1.0,,0.3177942072606085,0.0268349962107211,0.2677942072606085,2.8170187317745265e-49,non-significant
0.05,betweeness,0.0555063752615685,500,two_sample_t_p_value,500.0,2.0,,0.046040682769031456,0.0060145409820464,-0.003959317230968547,0.24761789141337365,significant
0.05,betweeness,0.0555063752615685,500,two_sample_t_p_value,500.0,3.0,,0.002834491812851143,0.0005072795941078,-0.04716550818714886,0.0,significant
0.05,betweeness,0.0555063752615685,500,two_sample_t_p_value,500.0,4.0,,7.291606940371305e-05,1.656920268060985e-05,-0.04992708393059629,0.0,significant
0.05,betweeness,0.0555063752615685,500,two_sample_t_p_value,500.0,5.0,,7.94641504790956e-07,2.178443822393958e-07,-0.04999920535849521,0.0,significant
0.05,betweeness,0.0555063752615685,500,two_sample_t_p_value,500.0,6.0,,3.790442338479296e-09,1.2085706687988682e-09,-0.04999999620955766,0.0,significant
0.05,betweeness,0.0555063752615685,1000,two_sample_t_p_value,1000.0,0.5,,0.6171850808338747,0.0390696976025542,0.5671850808338746,1.2173072619263296e-82,non-significant
0.05,betweeness,0.0555063752615685,1000,two_sample_t_p_value,1000.0,1.0,,0.31755241808467255,0.0268484103516367,0.26755241808467256,3.850074308842171e-49,non-significant
0.05,betweeness,0.0555063752615685,1000,two_sample_t_p_value,1000.0,2.0,,0.04577034649325166,0.0060041439293432,-0.0042296535067483446,0.233978633942302,significant
0.05,betweeness,0.0555063752615685,1000,two_sample_t_p_value,1000.0,3.0,,0.0027667090442381925,0.0004996267170435,-0.04723329095576181,0.0,significant
0.05,betweeness,0.0555063752615685,1000,two_sample_t_p_value,1000.0,4.0,,6.800991920878163e-05,1.569905559544582e-05,-0.04993199008079122,0.0,significant
0.05,betweeness,0.0555063752615685,1000,two_sample_t_p_value,1000.0,5.0,,6.767256364648635e-07,1.900551869491789e-07,-0.04999932327436354,0.0,significant
0.05,betweeness,0.0555063752615685,1000,two_sample_t_p_value,1000.0,6.0,,2.7553691733774752e-09,9.091107077919995e-10,-0.04999999724463083,0.0,significant
0.1,betweeness,0.0558630930570324,30,two_sample_t_p_value,30.0,0.5,,0.6207230048851272,0.0388671469403463,0.5707230048851272,5.13423742001104e-84,non-significant
0.1,betweeness,0.0558630930570324,30,two_sample_t_p_value,30.0,1.0,,0.3253086154260302,0.0265900884582743,0.2753086154260302,5.5336270900931375e-53,non-significant
0.1,betweeness,0.0558630930570324,30,two_sample_t_p_value,30.0,2.0,,0.054625044962983094,0.0063518878629312,0.004625044962983091,0.23844873005821487,non-significant
0.1,betweeness,0.0558630930570324,30,two_sample_t_p_value,30.0,3.0,,0.005389964065651945,0.0007573988260489,-0.044610035934348057,0.0,significant
0.1,betweeness,0.0558630930570324,30,two_sample_t_p_value,30.0,4.0,,0.0003818456360837564,5.862456665460504e-05,-0.04961815436391625,0.0,significant
0.1,betweeness,0.0558630930570324,30,two_sample_t_p_value,30.0,5.0,,2.32966854670078e-05,3.674551591852048e-06,-0.049976703314532994,0.0,significant
0.1,betweeness,0.0558630930570324,30,two_sample_t_p_value,30.0,6.0,,1.3942768767204764e-06,2.1771835067002762e-07,-0.049998605723123285,0.0,significant
0.1,betweeness,0.0558630930570324,50,two_sample_t_p_value,50.0,0.5,,0.6192685675117714,0.0390534258617331,0.5692685675117714,5.114515508941656e-83,non-significant
0.1,betweeness,0.0558630930570324,50,two_sample_t_p_value,50.0,1.0,,0.32212564510024433,0.0267663610671131,0.27212564510024434,4.026864798023781e-51,non-significant
0.1,betweeness,0.0558630930570324,50,two_sample_t_p_value,50.0,2.0,,0.05094706873769324,0.0062314332475796,0.0009470687376932352,0.45457119800907486,non-significant
0.1,betweeness,0.0558630930570324,50,two_sample_t_p_value,50.0,3.0,,0.004201703187068241,0.0006514821571853,-0.04579829681293176,0.0,significant
0.1,betweeness,0.0558630930570324,50,two_sample_t_p_value,50.0,4.0,,0.00020919024636403336,3.734723602487444e-05,-0.04979080975363597,0.0,significant
0.1,betweeness,0.0558630930570324,50,two_sample_t_p_value,50.0,5.0,,7.4332122472325795e-06,1.4340576352668108e-06,-0.04999256678775277,0.0,significant
0.1,betweeness,0.0558630930570324,50,two_sample_t_p_value,50.0,6.0,,2.1889394850799978e-07,4.3743982173411724e-08,-0.049999781106051494,0.0,significant
0.1,betweeness,0.0558630930570324,75,two_sample_t_p_value,75.0,0.5,,0.6185389578679419,0.0391469815488796,0.5685389578679418,1.6033085541345682e-82,non-significant
0.1,betweeness,0.0558630930570324,75,two_sample_t_p_value,75.0,1.0,,0.3205260061237414,0.0268552337330379,0.2705260061237414,3.317859686042374e-50,non-significant
0.1,betweeness,0.0558630930570324,75,two_sample_t_p_value,75.0,2.0,,0.04912138289485513,0.0061675967969105,-0.0008786171051448702,0.42808850318814784,significant
0.1,betweeness,0.0558630930570324,75,two_sample_t_p_value,75.0,3.0,,0.0036630774411349812,0.0005988700206465,-0.04633692255886502,0.0,significant
0.1,betweeness,0.0558630930570324,75,two_sample_t_p_value,75.0,4.0,,0.00014717180322168836,2.8600428180568168e-05,-0.04985282819677832,0.0,significant
0.1,betweeness,0.0558630930570324,75,two_sample_t_p_value,75.0,5.0,,3.657912410473166e-06,7.942284562511046e-07,-0.04999634208758953,0.0,significant
0.1,betweeness,0.0558630930570324,75,two_sample_t_p_value,75.0,6.0,,6.480298590623212e-08,1.505470498333893e-08,-0.049999935197014095,0.0,significant
0.1,betweeness,0.0558630930570324,100,two_sample_t_p_value,100.0,0.5,,0.6181735658308866,0.0391938626529339,0.5681735658308865,2.833871668076093e-82,non-significant
0.1,betweeness,0.0558630930570324,100,two_sample_t_p_value,100.0,1.0,,0.31972415578412333,0.0268998554101592,0.26972415578412334,9.441370242823899e-50,non-significant
0.1,betweeness,0.0558630930570324,100,two_sample_t_p_value,100.0,2.0,,0.04821217873113365,0.0061347333000939,-0.0017878212688663547,0.3714227465343968,significant
0.1,betweeness,0.0558630930570324,100,two_sample_t_p_value,100.0,3.0,,0.0034079153433294465,0.0005727184521188,-0.04659208465667056,0.0,significant
0.1,betweeness,0.0558630930570324,100,two_sample_t_p_value,100.0,4.0,,0.00012152364430076177,2.470875514403255e-05,-0.04987847635569924,0.0,significant
0.1,betweeness,0.0558630930570324,100,two_sample_t_p_value,100.0,5.0,,2.450173413503802e-06,5.675755318034447e-07,-0.049997549826586496,0.0,significant
0.1,betweeness,0.0558630930570324,100,two_sample_t_p_value,100.0,6.0,,3.172491502802852e-08,8.021663668141121e-09,-0.049999968275084974,0.0,significant
0.1,betweeness,0.0558630930570324,300,two_sample_t_p_value,300.0,0.5,,0.617441622554225,0.0392878302238233,0.5674416225542249,8.822921347236795e-82,non-significant
0.1,betweeness,0.0558630930570324,300,two_sample_t_p_value,300.0,1.0,,0.31811640443062633,0.0269894712754484,0.26811640443062634,7.513770243278448e-49,non-significant
0.1,betweeness,0.0558630930570324,300,two_sample_t_p_value,300.0,2.0,,0.0464015209831491,0.0060670507888962,-0.0035984790168509043,0.2676095044533031,significant
0.1,betweeness,0.0558630930570324,300,two_sample_t_p_value,300.0,3.0,,0.0029262198640661076,0.0005208357785612,-0.0470737801359339,0.0,significant
0.1,betweeness,0.0558630930570324,300,two_sample_t_p_value,300.0,4.0,,7.984004483719462e-05,1.7887351018618418e-05,-0.04992015995516281,0.0,significant
0.1,betweeness,0.0558630930570324,300,two_sample_t_p_value,300.0,5.0,,9.769154730247779e-07,2.61219826311488e-07,-0.04999902308452698,0.0,significant
0.1,betweeness,0.0558630930570324,300,two_sample_t_p_value,300.0,6.0,,5.676439092359154e-09,1.7433746089661295e-09,-0.04999999432356091,0.0,significant
0.1,betweeness,0.0558630930570324,500,two_sample_t_p_value,500.0,0.5,,0.6172950500946657,0.0393066564688065,0.5672950500946656,1.1066722730292646e-81,non-significant
0.1,betweeness,0.0558630930570324,500,two_sample_t_p_value,500.0,1.0,,0.3177942072606085,0.0270074542508014,0.2677942072606085,1.1345357730134322e-48,non-significant
0.1,betweeness,0.0558630930570324,500,two_sample_t_p_value,500.0,2.0,,0.046040682769031456,0.0060531940879235,-0.003959317230968547,0.24883089074922382,significant
0.1,betweeness,0.0558630930570324,500,two_sample_t_p_value,500.0,3.0,,0.002834491812851143,0.000510539681938,-0.04716550818714886,0.0,significant
0.1,betweeness,0.0558630930570324,500,two_sample_t_p_value,500.0,4.0,,7.291606940371305e-05,1.667568647503831e-05,-0.04992708393059629,0.0,significant
0.1,betweeness,0.0558630930570324,500,two_sample_t_p_value,500.0,5.0,,7.94641504790956e-07,2.1924438300364027e-07,-0.04999920535849521,0.0,significant
0.1,betweeness,0.0558630930570324,500,two_sample_t_p_value,500.0,6.0,,3.790442338479296e-09,1.2163376804728363e-09,-0.04999999620955766,0.0,significant
0.1,betweeness,0.0558630930570324,1000,two_sample_t_p_value,1000.0,0.5,,0.6171850808338747,0.039320783290145,0.5671850808338746,1.3115093653533942e-81,non-significant
0.1,betweeness,0.0558630930570324,1000,two_sample_t_p_value,1000.0,1.0,,0.31755241808467255,0.0270209545991616,0.26755241808467256,1.544454413944287e-48,non-significant
0.1,betweeness,0.0558630930570324,1000,two_sample_t_p_value,1000.0,2.0,,0.04577034649325166,0.0060427302174232,-0.0042296535067483446,0.23524035508754726,significant
0.1,betweeness,0.0558630930570324,1000,two_sample_t_p_value,1000.0,3.0,,0.0027667090442381925,0.0005028376228218,-0.04723329095576181,0.0,significant
0.1,betweeness,0.0558630930570324,1000,two_sample_t_p_value,1000.0,4.0,,6.800991920878163e-05,1.5799947294399002e-05,-0.04993199008079122,0.0,significant
0.1,betweeness,0.0558630930570324,1000,two_sample_t_p_value,1000.0,5.0,,6.767256364648635e-07,1.912765974085272e-07,-0.04999932327436354,0.0,significant
0.1,betweeness,0.0558630930570324,1000,two_sample_t_p_value,1000.0,6.0,,2.7553691733774752e-09,9.149532072524303e-10,-0.04999999724463083,0.0,significant
0.2,betweeness,0.0760035551182675,30,two_sample_t_p_value,30.0,0.5,,0.6207230048851272,0.052880017612962,0.5707230048851272,4.579919489163212e-46,non-significant
0.2,betweeness,0.0760035551182675,30,two_sample_t_p_value,30.0,1.0,,0.3253086154260302,0.0361766802220353,0.2753086154260302,2.1246777978594252e-29,non-significant
0.2,betweeness,0.0760035551182675,30,two_sample_t_p_value,30.0,2.0,,0.054625044962983094,0.0086419500402972,0.004625044962983091,0.30871866796194947,non-significant
0.2,betweeness,0.0760035551182675,30,two_sample_t_p_value,30.0,3.0,,0.005389964065651945,0.0010304657381457,-0.044610035934348057,0.0,significant
0.2,betweeness,0.0760035551182675,30,two_sample_t_p_value,30.0,4.0,,0.0003818456360837564,7.976062976800945e-05,-0.04961815436391625,0.0,significant
0.2,betweeness,0.0760035551182675,30,two_sample_t_p_value,30.0,5.0,,2.32966854670078e-05,4.999346959917165e-06,-0.049976703314532994,0.0,significant
0.2,betweeness,0.0760035551182675,30,two_sample_t_p_value,30.0,6.0,,1.3942768767204764e-06,2.962128976373363e-07,-0.049998605723123285,0.0,significant
0.2,betweeness,0.0760035551182675,50,two_sample_t_p_value,50.0,0.5,,0.6192685675117714,0.0531334561444544,0.5692685675117714,1.5872960553082112e-45,non-significant
0.2,betweeness,0.0760035551182675,50,two_sample_t_p_value,50.0,1.0,,0.32212564510024433,0.0364165048398387,0.27212564510024434,2.1646176204869396e-28,non-significant
0.2,betweeness,0.0760035551182675,50,two_sample_t_p_value,50.0,2.0,,0.05094706873769324,0.0084780676181804,0.0009470687376932352,0.4762393500758044,non-significant
0.2,betweeness,0.0760035551182675,50,two_sample_t_p_value,50.0,3.0,,0.004201703187068241,0.00088636266509,-0.04579829681293176,0.0,significant
0.2,betweeness,0.0760035551182675,50,two_sample_t_p_value,50.0,4.0,,0.00020919024636403336,5.081212937553515e-05,-0.04979080975363597,0.0,significant
0.2,betweeness,0.0760035551182675,50,two_sample_t_p_value,50.0,5.0,,7.4332122472325795e-06,1.951082057226916e-06,-0.04999256678775277,0.0,significant
0.2,betweeness,0.0760035551182675,50,two_sample_t_p_value,50.0,6.0,,2.1889394850799978e-07,5.9515110572468993e-08,-0.049999781106051494,0.0,significant
0.2,betweeness,0.0760035551182675,75,two_sample_t_p_value,75.0,0.5,,0.6185389578679419,0.0532607416998283,0.5685389578679418,2.944178657013131e-45,non-significant
0.2,betweeness,0.0760035551182675,75,two_sample_t_p_value,75.0,1.0,,0.3205260061237414,0.0365374189925196,0.2705260061237414,6.780968664975088e-28,non-significant
0.2,betweeness,0.0760035551182675,75,two_sample_t_p_value,75.0,2.0,,0.04912138289485513,0.0083912160506879,-0.0008786171051448702,0.43722269584116,significant
0.2,betweeness,0.0760035551182675,75,two_sample_t_p_value,75.0,3.0,,0.0036630774411349812,0.0008147821420561,-0.04633692255886502,0.0,significant
0.2,betweeness,0.0760035551182675,75,two_sample_t_p_value,75.0,4.0,,0.00014717180322168836,3.8911812802929285e-05,-0.04985282819677832,0.0,significant
0.2,betweeness,0.0760035551182675,75,two_sample_t_p_value,75.0,5.0,,3.657912410473166e-06,1.080573647963775e-06,-0.04999634208758953,0.0,significant
0.2,betweeness,0.0760035551182675,75,two_sample_t_p_value,75.0,6.0,,6.480298590623212e-08,2.048241580218796e-08,-0.049999935197014095,0.0,significant
0.2,betweeness,0.0760035551182675,100,two_sample_t_p_value,100.0,0.5,,0.6181735658308866,0.0533245249667584,0.5681735658308865,4.006046095297298e-45,non-significant
0.2,betweeness,0.0760035551182675,100,two_sample_t_p_value,100.0,1.0,,0.31972415578412333,0.0365981282356168,0.26972415578412334,1.1945808701966009e-27,non-significant
0.2,betweeness,0.0760035551182675,100,two_sample_t_p_value,100.0,2.0,,0.04821217873113365,0.0083465041943441,-0.0017878212688663547,0.3950374323880266,significant
0.2,betweeness,0.0760035551182675,100,two_sample_t_p_value,100.0,3.0,,0.0034079153433294465,0.0007792020824629,-0.04659208465667056,0.0,significant
0.2,betweeness,0.0760035551182675,100,two_sample_t_p_value,100.0,4.0,,0.00012152364430076177,3.3617065055384447e-05,-0.04987847635569924,0.0,significant
0.2,betweeness,0.0760035551182675,100,two_sample_t_p_value,100.0,5.0,,2.450173413503802e-06,7.722049720942303e-07,-0.049997549826586496,0.0,significant
0.2,betweeness,0.0760035551182675,100,two_sample_t_p_value,100.0,6.0,,3.172491502802852e-08,1.0913734334748186e-08,-0.049999968275084974,0.0,significant
0.2,betweeness,0.0760035551182675,300,two_sample_t_p_value,300.0,0.5,,0.617441622554225,0.0534523709033615,0.5674416225542249,7.403086560536195e-45,non-significant
0.2,betweeness,0.0760035551182675,300,two_sample_t_p_value,300.0,1.0,,0.31811640443062633,0.0367200535352063,0.26811640443062634,3.672852676301316e-27,non-significant
0.2,betweeness,0.0760035551182675,300,two_sample_t_p_value,300.0,2.0,,0.0464015209831491,0.0082544199364047,-0.0035984790168509043,0.31512720790439774,significant
0.2,betweeness,0.0760035551182675,300,two_sample_t_p_value,300.0,3.0,,0.0029262198640661076,0.0007086140175416,-0.0470737801359339,0.0,significant
0.2,betweeness,0.0760035551182675,300,two_sample_t_p_value,300.0,4.0,,7.984004483719462e-05,2.4336322868399072e-05,-0.04992015995516281,0.0,significant
0.2,betweeness,0.0760035551182675,300,two_sample_t_p_value,300.0,5.0,,9.769154730247779e-07,3.5539807018526946e-07,-0.04999902308452698,0.0,significant
0.2,betweeness,0.0760035551182675,300,two_sample_t_p_value,300.0,6.0,,5.676439092359154e-09,2.3719178608507972e-09,-0.04999999432356091,0.0,significant
0.2,betweeness,0.0760035551182675,500,two_sample_t_p_value,500.0,0.5,,0.6172950500946657,0.0534779846220074,0.5672950500946656,8.368019901451235e-45,non-significant
0.2,betweeness,0.0760035551182675,500,two_sample_t_p_value,500.0,1.0,,0.3177942072606085,0.0367445199580919,0.2677942072606085,4.591049051523011e-27,non-significant
0.2,betweeness,0.0760035551182675,500,two_sample_t_p_value,500.0,2.0,,0.046040682769031456,0.0082355674440256,-0.003959317230968547,0.3000705605329397,significant
0.2,betweeness,0.0760035551182675,500,two_sample_t_p_value,500.0,3.0,,0.002834491812851143,0.0006946058431929,-0.04716550818714886,0.0,significant
0.2,betweeness,0.0760035551182675,500,two_sample_t_p_value,500.0,4.0,,7.291606940371305e-05,2.2687813846014243e-05,-0.04992708393059629,0.0,significant
0.2,betweeness,0.0760035551182675,500,two_sample_t_p_value,500.0,5.0,,7.94641504790956e-07,2.982891142632503e-07,-0.04999920535849521,0.0,significant
0.2,betweeness,0.0760035551182675,500,two_sample_t_p_value,500.0,6.0,,3.790442338479296e-09,1.6548669771267735e-09,-0.04999999620955766,0.0,significant
0.2,betweeness,0.0760035551182675,1000,two_sample_t_p_value,1000.0,0.5,,0.6171850808338747,0.0534972046219301,0.5671850808338746,9.172795465793745e-45,non-significant
0.2,betweeness,0.0760035551182675,1000,two_sample_t_p_value,1000.0,1.0,,0.31755241808467255,0.0367628876211511,0.26755241808467256,5.425644275155121e-27,non-significant
0.2,betweeness,0.0760035551182675,1000,two_sample_t_p_value,1000.0,2.0,,0.04577034649325166,0.00822133100786,-0.0042296535067483446,0.28901167046061704,significant
0.2,betweeness,0.0760035551182675,1000,two_sample_t_p_value,1000.0,3.0,,0.0027667090442381925,0.0006841269412465,-0.04723329095576181,0.0,significant
0.2,betweeness,0.0760035551182675,1000,two_sample_t_p_value,1000.0,4.0,,6.800991920878163e-05,2.1496342206286144e-05,-0.04993199008079122,0.0,significant
0.2,betweeness,0.0760035551182675,1000,two_sample_t_p_value,1000.0,5.0,,6.767256364648635e-07,2.602380322752924e-07,-0.04999932327436354,0.0,significant
0.2,betweeness,0.0760035551182675,1000,two_sample_t_p_value,1000.0,6.0,,2.7553691733774752e-09,1.244823598418556e-09,-0.04999999724463083,0.0,significant
0.3,betweeness,0.1000459571082236,30,two_sample_t_p_value,30.0,0.5,,0.6207230048851272,0.0696076909265123,0.5707230048851272,3.725038151428761e-27,non-significant
0.3,betweeness,0.1000459571082236,30,two_sample_t_p_value,30.0,1.0,,0.3253086154260302,0.0476205434361551,0.2753086154260302,1.254549596083799e-17,non-significant
0.3,betweeness,0.1000459571082236,30,two_sample_t_p_value,30.0,2.0,,0.054625044962983094,0.0113756805417537,0.004625044962983091,0.36273245800161147,non-significant
0.3,betweeness,0.1000459571082236,30,two_sample_t_p_value,30.0,3.0,,0.005389964065651945,0.0013564356414591,-0.044610035934348057,0.0,significant
0.3,betweeness,0.1000459571082236,30,two_sample_t_p_value,30.0,4.0,,0.0003818456360837564,0.0001049915169399,-0.04961815436391625,0.0,significant
0.3,betweeness,0.1000459571082236,30,two_sample_t_p_value,30.0,5.0,,2.32966854670078e-05,6.580803368246467e-06,-0.049976703314532994,0.0,significant
0.3,betweeness,0.1000459571082236,30,two_sample_t_p_value,30.0,6.0,,1.3942768767204764e-06,3.899146928826335e-07,-0.049998605723123285,0.0,significant
0.3,betweeness,0.1000459571082236,50,two_sample_t_p_value,50.0,0.5,,0.6192685675117714,0.0699413003269121,0.5692685675117714,7.640024502588468e-27,non-significant
0.3,betweeness,0.1000459571082236,50,two_sample_t_p_value,50.0,1.0,,0.32212564510024433,0.0479362323981901,0.27212564510024434,4.811383634707309e-17,non-significant
0.3,betweeness,0.1000459571082236,50,two_sample_t_p_value,50.0,2.0,,0.05094706873769324,0.0111599567674069,0.0009470687376932352,0.4936899403209252,non-significant
0.3,betweeness,0.1000459571082236,50,two_sample_t_p_value,50.0,3.0,,0.004201703187068241,0.0011667480690335,-0.04579829681293176,0.0,significant
0.3,betweeness,0.1000459571082236,50,two_sample_t_p_value,50.0,4.0,,0.00020919024636403336,6.688566223214031e-05,-0.04979080975363597,0.0,significant
0.3,betweeness,0.1000459571082236,50,two_sample_t_p_value,50.0,5.0,,7.4332122472325795e-06,2.568272911815841e-06,-0.04999256678775277,0.0,significant
0.3,betweeness,0.1000459571082236,50,two_sample_t_p_value,50.0,6.0,,2.1889394850799978e-07,7.834168007482206e-08,-0.049999781106051494,0.0,significant
0.3,betweeness,0.1000459571082236,75,two_sample_t_p_value,75.0,0.5,,0.6185389578679419,0.0701088504526084,0.5685389578679418,1.0918365575859966e-26,non-significant
0.3,betweeness,0.1000459571082236,75,two_sample_t_p_value,75.0,1.0,,0.3205260061237414,0.0480953956388315,0.2705260061237414,9.321425861407219e-17,non-significant
0.3,betweeness,0.1000459571082236,75,two_sample_t_p_value,75.0,2.0,,0.04912138289485513,0.0110456312179953,-0.0008786171051448702,0.4403334260141625,significant
0.3,betweeness,0.1000459571082236,75,two_sample_t_p_value,75.0,3.0,,0.0036630774411349812,0.0010725242932367,-0.04633692255886502,0.0,significant
0.3,betweeness,0.1000459571082236,75,two_sample_t_p_value,75.0,4.0,,0.00014717180322168836,5.122088761015617e-05,-0.04985282819677832,0.0,significant
0.3,betweeness,0.1000459571082236,75,two_sample_t_p_value,75.0,5.0,,3.657912410473166e-06,1.422394316532135e-06,-0.04999634208758953,0.0,significant
0.3,betweeness,0.1000459571082236,75,two_sample_t_p_value,75.0,6.0,,6.480298590623212e-08,2.6961671590622417e-08,-0.049999935197014095,0.0,significant
0.3,betweeness,0.1000459571082236,100,two_sample_t_p_value,100.0,0.5,,0.6181735658308866,0.0701928104460269,0.5681735658308865,1.3045406896776318e-26,non-significant
0.3,betweeness,0.1000459571082236,100,two_sample_t_p_value,100.0,1.0,,0.31972415578412333,0.048175309194474,0.26972415578412334,1.2939575133241678e-16,non-significant
0.3,betweeness,0.1000459571082236,100,two_sample_t_p_value,100.0,2.0,,0.04821217873113365,0.0109867755440069,-0.0017878212688663547,0.408017986375929,significant
0.3,betweeness,0.1000459571082236,100,two_sample_t_p_value,100.0,3.0,,0.0034079153433294465,0.0010256891009825,-0.04659208465667056,0.0,significant
0.3,betweeness,0.1000459571082236,100,two_sample_t_p_value,100.0,4.0,,0.00012152364430076177,4.4251238555905336e-05,-0.04987847635569924,0.0,significant
0.3,betweeness,0.1000459571082236,100,two_sample_t_p_value,100.0,5.0,,2.450173413503802e-06,1.016478576517638e-06,-0.049997549826586496,0.0,significant
0.3,betweeness,0.1000459571082236,100,two_sample_t_p_value,100.0,6.0,,3.172491502802852e-08,1.4366104262435107e-08,-0.049999968275084974,0.0,significant
0.3,betweeness,0.1000459571082236,300,two_sample_t_p_value,300.0,0.5,,0.617441622554225,0.0703610982198021,0.5674416225542249,1.8603404168500944e-26,non-significant
0.3,betweeness,0.1000459571082236,300,two_sample_t_p_value,300.0,1.0,,0.31811640443062633,0.0483358034407519,0.26811640443062634,2.480049012998645e-16,non-significant
0.3,betweeness,0.1000459571082236,300,two_sample_t_p_value,300.0,2.0,,0.0464015209831491,0.0108655620335887,-0.0035984790168509043,0.3457676300212691,significant
0.3,betweeness,0.1000459571082236,300,two_sample_t_p_value,300.0,3.0,,0.0029262198640661076,0.0009327717301505,-0.0470737801359339,0.0,significant
0.3,betweeness,0.1000459571082236,300,two_sample_t_p_value,300.0,4.0,,7.984004483719462e-05,3.203469508860568e-05,-0.04992015995516281,0.0,significant
0.3,betweeness,0.1000459571082236,300,two_sample_t_p_value,300.0,5.0,,9.769154730247779e-07,4.678220647806905e-07,-0.04999902308452698,0.0,significant
0.3,betweeness,0.1000459571082236,300,two_sample_t_p_value,300.0,6.0,,5.676439092359154e-09,3.1222327982112103e-09,-0.04999999432356091,0.0,significant
0.3,betweeness,0.1000459571082236,500,two_sample_t_p_value,500.0,0.5,,0.6172950500946657,0.0703948143925922,0.5672950500946656,1.9968465765674106e-26,non-significant
0.3,betweeness,0.1000459571082236,500,two_sample_t_p_value,500.0,1.0,,0.3177942072606085,0.048368009390734,0.2677942072606085,2.8222464104584135e-16,non-significant
0.3,betweeness,0.1000459571082236,500,two_sample_t_p_value,500.0,2.0,,0.046040682769031456,0.0108407458833309,-0.003959317230968547,0.33379856147532894,significant
0.3,betweeness,0.1000459571082236,500,two_sample_t_p_value,500.0,3.0,,0.002834491812851143,0.0009143323136274,-0.04716550818714886,0.0,significant
0.3,betweeness,0.1000459571082236,500,two_sample_t_p_value,500.0,4.0,,7.291606940371305e-05,2.9864708925598e-05,-0.04992708393059629,0.0,significant
0.3,betweeness,0.1000459571082236,500,two_sample_t_p_value,500.0,5.0,,7.94641504790956e-07,3.9264768450625357e-07,-0.04999920535849521,0.0,significant
0.3,betweeness,0.1000459571082236,500,two_sample_t_p_value,500.0,6.0,,3.790442338479296e-09,2.178355346086274e-09,-0.04999999620955766,0.0,significant
0.3,betweeness,0.1000459571082236,1000,two_sample_t_p_value,1000.0,0.5,,0.6171850808338747,0.0704201143050094,0.5671850808338746,2.1056807460498687e-26,non-significant
0.3,betweeness,0.1000459571082236,1000,two_sample_t_p_value,1000.0,1.0,,0.31755241808467255,0.0483921873443539,0.26755241808467256,3.1089539757649813e-16,non-significant
0.3,betweeness,0.1000459571082236,1000,two_sample_t_p_value,1000.0,2.0,,0.04577034649325166,0.0108220059983375,-0.0042296535067483446,0.32494256928276,significant
0.3,betweeness,0.1000459571082236,1000,two_sample_t_p_value,1000.0,3.0,,0.0027667090442381925,0.0009005385934122,-0.04723329095576181,0.0,significant
0.3,betweeness,0.1000459571082236,1000,two_sample_t_p_value,1000.0,4.0,,6.800991920878163e-05,2.8296335967538144e-05,-0.04993199008079122,0.0,significant
0.3,betweeness,0.1000459571082236,1000,two_sample_t_p_value,1000.0,5.0,,6.767256364648635e-07,3.4255980492529217e-07,-0.04999932327436354,0.0,significant
0.3,betweeness,0.1000459571082236,1000,two_sample_t_p_value,1000.0,6.0,,2.7553691733774752e-09,1.6386018804106474e-09,-0.04999999724463083,0.0,significant
0.4,betweeness,0.1101666834520229,30,two_sample_t_p_value,30.0,0.5,,0.6207230048851272,0.0766492587384823,0.5707230048851272,1.2838588942393603e-22,non-significant
0.4,betweeness,0.1101666834520229,30,two_sample_t_p_value,30.0,1.0,,0.3253086154260302,0.0524378744147471,0.2753086154260302,8.466133769451673e-15,non-significant
0.4,betweeness,0.1101666834520229,30,two_sample_t_p_value,30.0,2.0,,0.054625044962983094,0.0125264531773039,0.004625044962983091,0.37981308026756866,non-significant
0.4,betweeness,0.1101666834520229,30,two_sample_t_p_value,30.0,3.0,,0.005389964065651945,0.0014936537193004,-0.044610035934348057,0.0,significant
0.4,betweeness,0.1101666834520229,30,two_sample_t_p_value,30.0,4.0,,0.0003818456360837564,0.0001156125399386,-0.04961815436391625,0.0,significant
0.4,betweeness,0.1101666834520229,30,two_sample_t_p_value,30.0,5.0,,2.32966854670078e-05,7.24652252309776e-06,-0.049976703314532994,0.0,significant
0.4,betweeness,0.1101666834520229,30,two_sample_t_p_value,30.0,6.0,,1.3942768767204764e-06,4.293587645688377e-07,-0.049998605723123285,0.0,significant
0.4,betweeness,0.1101666834520229,50,two_sample_t_p_value,50.0,0.5,,0.6192685675117714,0.0770166163236639,0.5692685675117714,2.3226061506177785e-22,non-significant
0.4,betweeness,0.1101666834520229,50,two_sample_t_p_value,50.0,1.0,,0.32212564510024433,0.0527854987161688,0.27212564510024434,2.5700898362402838e-14,non-significant
0.4,betweeness,0.1101666834520229,50,two_sample_t_p_value,50.0,2.0,,0.05094706873769324,0.0122889066192173,0.0009470687376932352,0.49964220388914804,non-significant
0.4,betweeness,0.1101666834520229,50,two_sample_t_p_value,50.0,3.0,,0.004201703187068241,0.001284777205444,-0.04579829681293176,0.0,significant
0.4,betweeness,0.1101666834520229,50,two_sample_t_p_value,50.0,4.0,,0.00020919024636403336,7.365186751760748e-05,-0.04979080975363597,0.0,significant
0.4,betweeness,0.1101666834520229,50,two_sample_t_p_value,50.0,5.0,,7.4332122472325795e-06,2.828081384521673e-06,-0.04999256678775277,0.0,significant
0.4,betweeness,0.1101666834520229,50,two_sample_t_p_value,50.0,6.0,,2.1889394850799978e-07,8.626678497929178e-08,-0.049999781106051494,0.0,significant
0.4,betweeness,0.1101666834520229,75,two_sample_t_p_value,75.0,0.5,,0.6185389578679419,0.0772011159495705,0.5685389578679418,3.118508884223839e-22,non-significant
0.4,betweeness,0.1101666834520229,75,two_sample_t_p_value,75.0,1.0,,0.3205260061237414,0.0529607630332463,0.2705260061237414,4.438410559021176e-14,non-significant
0.4,betweeness,0.1101666834520229,75,two_sample_t_p_value,75.0,2.0,,0.04912138289485513,0.0121630158088681,-0.0008786171051448702,0.4403477012388253,significant
0.4,betweeness,0.1101666834520229,75,two_sample_t_p_value,75.0,3.0,,0.0036630774411349812,0.0011810216796646,-0.04633692255886502,0.0,significant
0.4,betweeness,0.1101666834520229,75,two_sample_t_p_value,75.0,4.0,,0.00014717180322168836,5.640243218799579e-05,-0.04985282819677832,0.0,significant
0.4,betweeness,0.1101666834520229,75,two_sample_t_p_value,75.0,5.0,,3.657912410473166e-06,1.5662848249214428e-06,-0.04999634208758953,0.0,significant
0.4,betweeness,0.1101666834520229,75,two_sample_t_p_value,75.0,6.0,,6.480298590623212e-08,2.9689135126654182e-08,-0.049999935197014095,0.0,significant
0.4,betweeness,0.1101666834520229,100,two_sample_t_p_value,100.0,0.5,,0.6181735658308866,0.0772935694008135,0.5681735658308865,3.611951359489803e-22,non-significant
0.4,betweeness,0.1101666834520229,100,two_sample_t_p_value,100.0,1.0,,0.31972415578412333,0.0530487607059406,0.26972415578412334,5.819758081982665e-14,non-significant
0.4,betweeness,0.1101666834520229,100,two_sample_t_p_value,100.0,2.0,,0.04821217873113365,0.0120982062494112,-0.0017878212688663547,0.41092026767889833,significant
0.4,betweeness,0.1101666834520229,100,two_sample_t_p_value,100.0,3.0,,0.0034079153433294465,0.0011294486031644,-0.04659208465667056,0.0,significant
0.4,betweeness,0.1101666834520229,100,two_sample_t_p_value,100.0,4.0,,0.00012152364430076177,4.872772804876947e-05,-0.04987847635569924,0.0,significant
0.4,betweeness,0.1101666834520229,100,two_sample_t_p_value,100.0,5.0,,2.450173413503802e-06,1.1193063349261188e-06,-0.049997549826586496,0.0,significant
0.4,betweeness,0.1101666834520229,100,two_sample_t_p_value,100.0,6.0,,3.172491502802852e-08,1.581939047278456e-08,-0.049999968275084974,0.0,significant
0.4,betweeness,0.1101666834520229,300,two_sample_t_p_value,300.0,0.5,,0.617441622554225,0.0774788812958487,0.5674416225542249,4.841146172793852e-22,non-significant
0.4,betweeness,0.1101666834520229,300,two_sample_t_p_value,300.0,1.0,,0.31811640443062633,0.0532254906742134,0.26811640443062634,9.961786595440445e-14,non-significant
0.4,betweeness,0.1101666834520229,300,two_sample_t_p_value,300.0,2.0,,0.0464015209831491,0.0119647306865966,-0.0035984790168509043,0.3540026075300966,significant
0.4,betweeness,0.1101666834520229,300,two_sample_t_p_value,300.0,3.0,,0.0029262198640661076,0.0010271316392858,-0.0470737801359339,0.0,significant
0.4,betweeness,0.1101666834520229,300,two_sample_t_p_value,300.0,4.0,,7.984004483719462e-05,3.527534960249188e-05,-0.04992015995516281,0.0,significant
0.4,betweeness,0.1101666834520229,300,two_sample_t_p_value,300.0,5.0,,9.769154730247779e-07,5.151473064205381e-07,-0.04999902308452698,0.0,significant
0.4,betweeness,0.1101666834520229,300,two_sample_t_p_value,300.0,6.0,,5.676439092359154e-09,3.438080281164952e-09,-0.04999999432356091,0.0,significant
0.4,betweeness,0.1101666834520229,500,two_sample_t_p_value,500.0,0.5,,0.6172950500946657,0.0775160082227366,0.5672950500946656,5.132487365711605e-22,non-significant
0.4,betweeness,0.1101666834520229,500,two_sample_t_p_value,500.0,1.0,,0.3177942072606085,0.0532609546029868,0.2677942072606085,1.1084504101860292e-13,non-significant
0.4,betweeness,0.1101666834520229,500,two_sample_t_p_value,500.0,2.0,,0.046040682769031456,0.0119374041153989,-0.003959317230968547,0.3430055320212966,significant
0.4,betweeness,0.1101666834520229,500,two_sample_t_p_value,500.0,3.0,,0.002834491812851143,0.001006826877136,-0.04716550818714886,0.0,significant
0.4,betweeness,0.1101666834520229,500,two_sample_t_p_value,500.0,4.0,,7.291606940371305e-05,3.288584596211252e-05,-0.04992708393059629,0.0,significant
0.4,betweeness,0.1101666834520229,500,two_sample_t_p_value,500.0,5.0,,7.94641504790956e-07,4.3236822773735613e-07,-0.04999920535849521,0.0,significant
0.4,betweeness,0.1101666834520229,500,two_sample_t_p_value,500.0,6.0,,3.790442338479296e-09,2.398719456486486e-09,-0.04999999620955766,0.0,significant
0.4,betweeness,0.1101666834520229,1000,two_sample_t_p_value,1000.0,0.5,,0.6171850808338747,0.0775438674938475,0.5671850808338746,5.362275900324524e-22,non-significant
0.4,betweeness,0.1101666834520229,1000,two_sample_t_p_value,1000.0,1.0,,0.31755241808467255,0.0532875784170813,0.26755241808467256,1.2006967366545876e-13,non-significant
0.4,betweeness,0.1101666834520229,1000,two_sample_t_p_value,1000.0,2.0,,0.04577034649325166,0.0119167684891561,-0.0042296535067483446,0.33485432932673076,significant
0.4,betweeness,0.1101666834520229,1000,two_sample_t_p_value,1000.0,3.0,,0.0027667090442381925,0.0009916377735229,-0.04723329095576181,0.0,significant
0.4,betweeness,0.1101666834520229,1000,two_sample_t_p_value,1000.0,4.0,,6.800991920878163e-05,3.1158815183463594e-05,-0.04993199008079122,0.0,significant
0.4,betweeness,0.1101666834520229,1000,two_sample_t_p_value,1000.0,5.0,,6.767256364648635e-07,3.772134195464589e-07,-0.04999932327436354,0.0,significant
0.4,betweeness,0.1101666834520229,1000,two_sample_t_p_value,1000.0,6.0,,2.7553691733774752e-09,1.804364113062705e-09,-0.04999999724463083,0.0,significant
0.5,betweeness,0.1116396841959687,30,two_sample_t_p_value,30.0,0.5,,0.6207230048851272,0.0776741095518759,0.5707230048851272,4.663637625656097e-22,non-significant
0.5,betweeness,0.1116396841959687,30,two_sample_t_p_value,30.0,1.0,,0.3253086154260302,0.0531390031553386,0.2753086154260302,1.8932436786359794e-14,non-significant
0.5,betweeness,0.1116396841959687,30,two_sample_t_p_value,30.0,2.0,,0.054625044962983094,0.012693940064183,0.004625044962983091,0.38209859692032516,non-significant
0.5,betweeness,0.1116396841959687,30,two_sample_t_p_value,30.0,3.0,,0.005389964065651945,0.0015136248482369,-0.044610035934348057,0.0,significant
0.5,betweeness,0.1116396841959687,30,two_sample_t_p_value,30.0,4.0,,0.0003818456360837564,0.0001171583553521,-0.04961815436391625,0.0,significant
0.5,betweeness,0.1116396841959687,30,two_sample_t_p_value,30.0,5.0,,2.32966854670078e-05,7.34341327748079e-06,-0.049976703314532994,0.0,significant
0.5,betweeness,0.1116396841959687,30,two_sample_t_p_value,30.0,6.0,,1.3942768767204764e-06,4.350995725863993e-07,-0.049998605723123285,0.0,significant
0.5,betweeness,0.1116396841959687,50,two_sample_t_p_value,50.0,0.5,,0.6192685675117714,0.0780463789486806,0.5692685675117714,8.307319765363909e-22,non-significant
0.5,betweeness,0.1116396841959687,50,two_sample_t_p_value,50.0,1.0,,0.32212564510024433,0.0534912754214495,0.27212564510024434,5.5840438009987675e-14,non-significant
0.5,betweeness,0.1116396841959687,50,two_sample_t_p_value,50.0,2.0,,0.05094706873769324,0.0124532173529635,0.0009470687376932352,0.5004616578273305,non-significant
0.5,betweeness,0.1116396841959687,50,two_sample_t_p_value,50.0,3.0,,0.004201703187068241,0.0013019555185249,-0.04579829681293176,0.0,significant
0.5,betweeness,0.1116396841959687,50,two_sample_t_p_value,50.0,4.0,,0.00020919024636403336,7.46366412463517e-05,-0.04979080975363597,0.0,significant
0.5,betweeness,0.1116396841959687,50,two_sample_t_p_value,50.0,5.0,,7.4332122472325795e-06,2.865894685719525e-06,-0.04999256678775277,0.0,significant
0.5,betweeness,0.1116396841959687,50,two_sample_t_p_value,50.0,6.0,,2.1889394850799978e-07,8.742022842036304e-08,-0.049999781106051494,0.0,significant
0.5,betweeness,0.1116396841959687,75,two_sample_t_p_value,75.0,0.5,,0.6185389578679419,0.0782333454554781,0.5685389578679418,1.106856128752513e-21,non-significant
0.5,betweeness,0.1116396841959687,75,two_sample_t_p_value,75.0,1.0,,0.3205260061237414,0.0536688831372874,0.2705260061237414,9.507568017209384e-14,non-significant
0.5,betweeness,0.1116396841959687,75,two_sample_t_p_value,75.0,2.0,,0.04912138289485513,0.0123256432999906,-0.0008786171051448702,0.44030603915240574,significant
0.5,betweeness,0.1116396841959687,75,two_sample_t_p_value,75.0,3.0,,0.0036630774411349812,0.0011968127133805,-0.04633692255886502,0.0,significant
0.5,betweeness,0.1116396841959687,75,two_sample_t_p_value,75.0,4.0,,0.00014717180322168836,5.715656966377314e-05,-0.04985282819677832,0.0,significant
0.5,betweeness,0.1116396841959687,75,two_sample_t_p_value,75.0,5.0,,3.657912410473166e-06,1.5872270793312802e-06,-0.04999634208758953,0.0,significant
0.5,betweeness,0.1116396841959687,75,two_sample_t_p_value,75.0,6.0,,6.480298590623212e-08,3.008609831696129e-08,-0.049999935197014095,0.0,significant
0.5,betweeness,0.1116396841959687,100,two_sample_t_p_value,100.0,0.5,,0.6181735658308866,0.0783270350699439,0.5681735658308865,1.2770870776904355e-21,non-significant
0.5,betweeness,0.1116396841959687,100,two_sample_t_p_value,100.0,1.0,,0.31972415578412333,0.0537580573965256,0.26972415578412334,1.2379214259981e-13,non-significant
0.5,betweeness,0.1116396841959687,100,two_sample_t_p_value,100.0,2.0,,0.04821217873113365,0.0122599671942576,-0.0017878212688663547,0.4112557697660266,significant
0.5,betweeness,0.1116396841959687,100,two_sample_t_p_value,100.0,3.0,,0.0034079153433294465,0.0011445500710545,-0.04659208465667056,0.0,significant
0.5,betweeness,0.1116396841959687,100,two_sample_t_p_value,100.0,4.0,,0.00012152364430076177,4.937924970139218e-05,-0.04987847635569924,0.0,significant
0.5,betweeness,0.1116396841959687,100,two_sample_t_p_value,100.0,5.0,,2.450173413503802e-06,1.1342721940442018e-06,-0.049997549826586496,0.0,significant
0.5,betweeness,0.1116396841959687,100,two_sample_t_p_value,100.0,6.0,,3.172491502802852e-08,1.6030906088985615e-08,-0.049999968275084974,0.0,significant
0.5,betweeness,0.1116396841959687,300,two_sample_t_p_value,300.0,0.5,,0.617441622554225,0.0785148247064405,0.5674416225542249,1.6986572051614934e-21,non-significant
0.5,betweeness,0.1116396841959687,300,two_sample_t_p_value,300.0,1.0,,0.31811640443062633,0.0539371503602757,0.26811640443062634,2.089626194426336e-13,non-significant
0.5,betweeness,0.1116396841959687,300,two_sample_t_p_value,300.0,2.0,,0.0464015209831491,0.0121247069757089,-0.0035984790168509043,0.3550393494867773,significant
0.5,betweeness,0.1116396841959687,300,two_sample_t_p_value,300.0,3.0,,0.0029262198640661076,0.0010408650623261,-0.0470737801359339,0.0,significant
0.5,betweeness,0.1116396841959687,300,two_sample_t_p_value,300.0,4.0,,7.984004483719462e-05,3.574700414068125e-05,-0.04992015995516281,0.0,significant
0.5,betweeness,0.1116396841959687,300,two_sample_t_p_value,300.0,5.0,,9.769154730247779e-07,5.220351634551885e-07,-0.04999902308452698,0.0,significant
0.5,betweeness,0.1116396841959687,300,two_sample_t_p_value,300.0,6.0,,5.676439092359154e-09,3.484049667309782e-09,-0.04999999432356091,0.0,significant
0.5,betweeness,0.1116396841959687,500,two_sample_t_p_value,500.0,0.5,,0.6172950500946657,0.0785524480446681,0.5672950500946656,1.7981372693465676e-21,non-significant
0.5,betweeness,0.1116396841959687,500,two_sample_t_p_value,500.0,1.0,,0.3177942072606085,0.0539730884650144,0.2677942072606085,2.318699221851314e-13,non-significant
0.5,betweeness,0.1116396841959687,500,two_sample_t_p_value,500.0,2.0,,0.046040682769031456,0.0120970150303488,-0.003959317230968547,0.3441712304354587,significant
0.5,betweeness,0.1116396841959687,500,two_sample_t_p_value,500.0,3.0,,0.002834491812851143,0.0010202888122018,-0.04716550818714886,0.0,significant
0.5,betweeness,0.1116396841959687,500,two_sample_t_p_value,500.0,4.0,,7.291606940371305e-05,3.33255512709192e-05,-0.04992708393059629,0.0,significant
0.5,betweeness,0.1116396841959687,500,two_sample_t_p_value,500.0,5.0,,7.94641504790956e-07,4.381492742494172e-07,-0.04999920535849521,0.0,significant
0.5,betweeness,0.1116396841959687,500,two_sample_t_p_value,500.0,6.0,,3.790442338479296e-09,2.430791907369158e-09,-0.04999999620955766,0.0,significant
0.5,betweeness,0.1116396841959687,1000,two_sample_t_p_value,1000.0,0.5,,0.6171850808338747,0.0785806798124885,0.5671850808338746,1.8764954549375703e-21,non-significant
0.5,betweeness,0.1116396841959687,1000,two_sample_t_p_value,1000.0,1.0,,0.31755241808467255,0.0540000682569485,0.26755241808467256,2.506460356738494e-13,non-significant
0.5,betweeness,0.1116396841959687,1000,two_sample_t_p_value,1000.0,2.0,,0.04577034649325166,0.0120761034922617,-0.0042296535067483446,0.3361138521423548,significant
0.5,betweeness,0.1116396841959687,1000,two_sample_t_p_value,1000.0,3.0,,0.0027667090442381925,0.0010048966203208,-0.04723329095576181,0.0,significant
0.5,betweeness,0.1116396841959687,1000,two_sample_t_p_value,1000.0,4.0,,6.800991920878163e-05,3.157542895913108e-05,-0.04993199008079122,0.0,significant
0.5,betweeness,0.1116396841959687,1000,two_sample_t_p_value,1000.0,5.0,,6.767256364648635e-07,3.822570101330835e-07,-0.04999932327436354,0.0,significant
0.5,betweeness,0.1116396841959687,1000,two_sample_t_p_value,1000.0,6.0,,2.7553691733774752e-09,1.8284896435553054e-09,-0.04999999724463083,0.0,significant
0.05,clusteringcoef,0.0443606862238838,30,two_sample_t_p_value,30.0,0.5,,0.6207230048851272,0.030864265035916,0.5707230048851272,2.6653737752623436e-132,non-significant
0.05,clusteringcoef,0.0443606862238838,30,two_sample_t_p_value,30.0,1.0,,0.3253086154260302,0.0211150959643172,0.2753086154260302,5.78806984569127e-83,non-significant
0.05,clusteringcoef,0.0443606862238838,30,two_sample_t_p_value,30.0,2.0,,0.054625044962983094,0.0050440118689653,0.004625044962983091,0.18060353264679824,non-significant
0.05,clusteringcoef,0.0443606862238838,30,two_sample_t_p_value,30.0,3.0,,0.005389964065651945,0.0006014477507429,-0.044610035934348057,0.0,significant
0.05,clusteringcoef,0.0443606862238838,30,two_sample_t_p_value,30.0,4.0,,0.0003818456360837564,4.655356272022091e-05,-0.04961815436391625,0.0,significant
0.05,clusteringcoef,0.0443606862238838,30,two_sample_t_p_value,30.0,5.0,,2.32966854670078e-05,2.9179485284354697e-06,-0.049976703314532994,0.0,significant
0.05,clusteringcoef,0.0443606862238838,30,two_sample_t_p_value,30.0,6.0,,1.3942768767204764e-06,1.728893784917047e-07,-0.049998605723123285,0.0,significant
0.05,clusteringcoef,0.0443606862238838,50,two_sample_t_p_value,50.0,0.5,,0.6192685675117714,0.0310121884739062,0.5692685675117714,1.0193648404828445e-130,non-significant
0.05,clusteringcoef,0.0443606862238838,50,two_sample_t_p_value,50.0,1.0,,0.32212564510024433,0.0212550734246161,0.27212564510024434,5.1575091635818785e-80,non-significant
0.05,clusteringcoef,0.0443606862238838,50,two_sample_t_p_value,50.0,2.0,,0.05094706873769324,0.0049483592814802,0.0009470687376932352,0.4357501944875808,non-significant
0.05,clusteringcoef,0.0443606862238838,50,two_sample_t_p_value,50.0,3.0,,0.004201703187068241,0.0005173396955634,-0.04579829681293176,0.0,significant
0.05,clusteringcoef,0.0443606862238838,50,two_sample_t_p_value,50.0,4.0,,0.00020919024636403336,2.9657309109922657e-05,-0.04979080975363597,0.0,significant
0.05,clusteringcoef,0.0443606862238838,50,two_sample_t_p_value,50.0,5.0,,7.4332122472325795e-06,1.1387801373634725e-06,-0.04999256678775277,0.0,significant
0.05,clusteringcoef,0.0443606862238838,50,two_sample_t_p_value,50.0,6.0,,2.1889394850799978e-07,3.4736942786120925e-08,-0.049999781106051494,0.0,significant
0.05,clusteringcoef,0.0443606862238838,75,two_sample_t_p_value,75.0,0.5,,0.6185389578679419,0.0310864807168676,0.5685389578679418,6.23639513076798e-130,non-significant
0.05,clusteringcoef,0.0443606862238838,75,two_sample_t_p_value,75.0,1.0,,0.3205260061237414,0.0213256468968537,0.2705260061237414,1.4569488412195381e-78,non-significant
0.05,clusteringcoef,0.0443606862238838,75,two_sample_t_p_value,75.0,2.0,,0.04912138289485513,0.0048976669799478,-0.0008786171051448702,0.4169064876898152,significant
0.05,clusteringcoef,0.0443606862238838,75,two_sample_t_p_value,75.0,3.0,,0.0036630774411349812,0.000475560582506,-0.04633692255886502,0.0,significant
0.05,clusteringcoef,0.0443606862238838,75,two_sample_t_p_value,75.0,4.0,,0.00014717180322168836,2.271149968533996e-05,-0.04985282819677832,0.0,significant
0.05,clusteringcoef,0.0443606862238838,75,two_sample_t_p_value,75.0,5.0,,3.657912410473166e-06,6.306940308848433e-07,-0.04999634208758953,0.0,significant
0.05,clusteringcoef,0.0443606862238838,75,two_sample_t_p_value,75.0,6.0,,6.480298590623212e-08,1.1954888414023586e-08,-0.049999935197014095,0.0,significant
0.05,clusteringcoef,0.0443606862238838,100,two_sample_t_p_value,100.0,0.5,,0.6181735658308866,0.031123708837134,0.5681735658308865,1.5383555714982767e-129,non-significant
0.05,clusteringcoef,0.0443606862238838,100,two_sample_t_p_value,100.0,1.0,,0.31972415578412333,0.021361080814119,0.26972415578412334,7.637735184140713e-78,non-significant
0.05,clusteringcoef,0.0443606862238838,100,two_sample_t_p_value,100.0,2.0,,0.04821217873113365,0.0048715701924138,-0.0017878212688663547,0.3465925599547538,significant
0.05,clusteringcoef,0.0443606862238838,100,two_sample_t_p_value,100.0,3.0,,0.0034079153433294465,0.0004547937136802,-0.04659208465667056,0.0,significant
0.05,clusteringcoef,0.0443606862238838,100,two_sample_t_p_value,100.0,4.0,,0.00012152364430076177,1.962113577936263e-05,-0.04987847635569924,0.0,significant
0.05,clusteringcoef,0.0443606862238838,100,two_sample_t_p_value,100.0,5.0,,2.450173413503802e-06,4.507097386996014e-07,-0.049997549826586496,0.0,significant
0.05,clusteringcoef,0.0443606862238838,100,two_sample_t_p_value,100.0,6.0,,3.172491502802852e-08,6.369974978160304e-09,-0.049999968275084974,0.0,significant
0.05,clusteringcoef,0.0443606862238838,300,two_sample_t_p_value,300.0,0.5,,0.617441622554225,0.0311983281555307,0.5674416225542249,9.309650477348656e-129,non-significant
0.05,clusteringcoef,0.0443606862238838,300,two_sample_t_p_value,300.0,1.0,,0.31811640443062633,0.0214322444583647,0.26811640443062634,2.0419755594647728e-76,non-significant
0.05,clusteringcoef,0.0443606862238838,300,two_sample_t_p_value,300.0,2.0,,0.0464015209831491,0.004817823747708,-0.0035984790168509043,0.22308887790697018,significant
0.05,clusteringcoef,0.0443606862238838,300,two_sample_t_p_value,300.0,3.0,,0.0029262198640661076,0.0004135938646172,-0.0470737801359339,0.0,significant
0.05,clusteringcoef,0.0443606862238838,300,two_sample_t_p_value,300.0,4.0,,7.984004483719462e-05,1.4204282693464456e-05,-0.04992015995516281,0.0,significant
0.05,clusteringcoef,0.0443606862238838,300,two_sample_t_p_value,300.0,5.0,,9.769154730247779e-07,2.074337476915376e-07,-0.04999902308452698,0.0,significant
0.05,clusteringcoef,0.0443606862238838,300,two_sample_t_p_value,300.0,6.0,,5.676439092359154e-09,1.3844076610666096e-09,-0.04999999432356091,0.0,significant
0.05,clusteringcoef,0.0443606862238838,500,two_sample_t_p_value,500.0,0.5,,0.6172950500946657,0.0312132780106277,0.5672950500946656,1.333301320710605e-128,non-significant
0.05,clusteringcoef,0.0443606862238838,500,two_sample_t_p_value,500.0,1.0,,0.3177942072606085,0.0214465246760066,0.2677942072606085,3.922437792030415e-76,non-significant
0.05,clusteringcoef,0.0443606862238838,500,two_sample_t_p_value,500.0,2.0,,0.046040682769031456,0.0048068201900761,-0.003959317230968547,0.20188669018000382,significant
0.05,clusteringcoef,0.0443606862238838,500,two_sample_t_p_value,500.0,3.0,,0.002834491812851143,0.0004054177704083,-0.04716550818714886,0.0,significant
0.05,clusteringcoef,0.0443606862238838,500,two_sample_t_p_value,500.0,4.0,,7.291606940371305e-05,1.3242104130034624e-05,-0.04992708393059629,0.0,significant
0.05,clusteringcoef,0.0443606862238838,500,two_sample_t_p_value,500.0,5.0,,7.94641504790956e-07,1.7410119541436912e-07,-0.04999920535849521,0.0,significant
0.05,clusteringcoef,0.0443606862238838,500,two_sample_t_p_value,500.0,6.0,,3.790442338479296e-09,9.658894850425687e-10,-0.04999999620955766,0.0,significant
0.05,clusteringcoef,0.0443606862238838,1000,two_sample_t_p_value,1000.0,0.5,,0.6171850808338747,0.0312244960698944,0.5671850808338746,1.7451834250372147e-128,non-significant
0.05,clusteringcoef,0.0443606862238838,1000,two_sample_t_p_value,1000.0,1.0,,0.31755241808467255,0.021457245255279,0.26755241808467256,6.393920477084446e-76,non-significant
0.05,clusteringcoef,0.0443606862238838,1000,two_sample_t_p_value,1000.0,2.0,,0.04577034649325166,0.00479851086722,-0.0042296535067483446,0.1868279480806594,significant
0.05,clusteringcoef,0.0443606862238838,1000,two_sample_t_p_value,1000.0,3.0,,0.0027667090442381925,0.0003993015922836,-0.04723329095576181,0.0,significant
0.05,clusteringcoef,0.0443606862238838,1000,two_sample_t_p_value,1000.0,4.0,,6.800991920878163e-05,1.254668271885999e-05,-0.04993199008079122,0.0,significant
0.05,clusteringcoef,0.0443606862238838,1000,two_sample_t_p_value,1000.0,5.0,,6.767256364648635e-07,1.5189207498677258e-07,-0.04999932327436354,0.0,significant
0.05,clusteringcoef,0.0443606862238838,1000,two_sample_t_p_value,1000.0,6.0,,2.7553691733774752e-09,7.265611321418178e-10,-0.04999999724463083,0.0,significant
0.1,clusteringcoef,0.0413590397537194,30,two_sample_t_p_value,30.0,0.5,,0.6207230048851272,0.0287758480143281,0.5707230048851272,5.961962739623498e-152,non-significant
0.1,clusteringcoef,0.0413590397537194,30,two_sample_t_p_value,30.0,1.0,,0.3253086154260302,0.019686352212505,0.2753086154260302,3.675278343535894e-95,non-significant
0.1,clusteringcoef,0.0413590397537194,30,two_sample_t_p_value,30.0,2.0,,0.054625044962983094,0.0047027110075328,0.004625044962983091,0.16268537783807652,non-significant
0.1,clusteringcoef,0.0413590397537194,30,two_sample_t_p_value,30.0,3.0,,0.005389964065651945,0.0005607510512172,-0.044610035934348057,0.0,significant
0.1,clusteringcoef,0.0413590397537194,30,two_sample_t_p_value,30.0,4.0,,0.0003818456360837564,4.340353621910936e-05,-0.04961815436391625,0.0,significant
0.1,clusteringcoef,0.0413590397537194,30,two_sample_t_p_value,30.0,5.0,,2.32966854670078e-05,2.720506814925996e-06,-0.049976703314532994,0.0,significant
0.1,clusteringcoef,0.0413590397537194,30,two_sample_t_p_value,30.0,6.0,,1.3942768767204764e-06,1.6119089416124505e-07,-0.049998605723123285,0.0,significant
0.1,clusteringcoef,0.0413590397537194,50,two_sample_t_p_value,50.0,0.5,,0.6192685675117714,0.0289137622774545,0.5692685675117714,3.9432546395227385e-150,non-significant
0.1,clusteringcoef,0.0413590397537194,50,two_sample_t_p_value,50.0,1.0,,0.32212564510024433,0.0198168581590521,0.27212564510024434,9.082153963003736e-92,non-significant
0.1,clusteringcoef,0.0413590397537194,50,two_sample_t_p_value,50.0,2.0,,0.05094706873769324,0.0046135307106281,0.0009470687376932352,0.4294362014418914,non-significant
0.1,clusteringcoef,0.0413590397537194,50,two_sample_t_p_value,50.0,3.0,,0.004201703187068241,0.0004823341308788,-0.04579829681293176,0.0,significant
0.1,clusteringcoef,0.0413590397537194,50,two_sample_t_p_value,50.0,4.0,,0.00020919024636403336,2.765056023423811e-05,-0.04979080975363597,0.0,significant
0.1,clusteringcoef,0.0413590397537194,50,two_sample_t_p_value,50.0,5.0,,7.4332122472325795e-06,1.0617250764395045e-06,-0.04999256678775277,0.0,significant
0.1,clusteringcoef,0.0413590397537194,50,two_sample_t_p_value,50.0,6.0,,2.1889394850799978e-07,3.2386482714966195e-08,-0.049999781106051494,0.0,significant
0.1,clusteringcoef,0.0413590397537194,75,two_sample_t_p_value,75.0,0.5,,0.6185389578679419,0.028983027568224,0.5685389578679418,3.1673885049219327e-149,non-significant
0.1,clusteringcoef,0.0413590397537194,75,two_sample_t_p_value,75.0,1.0,,0.3205260061237414,0.0198826563080957,0.2705260061237414,4.237221362536577e-90,non-significant
0.1,clusteringcoef,0.0413590397537194,75,two_sample_t_p_value,75.0,2.0,,0.04912138289485513,0.004566268481552,-0.0008786171051448702,0.4126893551812463,significant
0.1,clusteringcoef,0.0413590397537194,75,two_sample_t_p_value,75.0,3.0,,0.0036630774411349812,0.0004433819832701,-0.04633692255886502,0.0,significant
0.1,clusteringcoef,0.0413590397537194,75,two_sample_t_p_value,75.0,4.0,,0.00014717180322168836,2.117473597256545e-05,-0.04985282819677832,0.0,significant
0.1,clusteringcoef,0.0413590397537194,75,two_sample_t_p_value,75.0,5.0,,3.657912410473166e-06,5.880183945791996e-07,-0.04999634208758953,0.0,significant
0.1,clusteringcoef,0.0413590397537194,75,two_sample_t_p_value,75.0,6.0,,6.480298590623212e-08,1.1145966107726102e-08,-0.049999935197014095,0.0,significant
0.1,clusteringcoef,0.0413590397537194,100,two_sample_t_p_value,100.0,0.5,,0.6181735658308866,0.0290177366639824,0.5681735658308865,8.948872547828228e-149,non-significant
0.1,clusteringcoef,0.0413590397537194,100,two_sample_t_p_value,100.0,1.0,,0.31972415578412333,0.0199156926048158,0.26972415578412334,2.8486833744425926e-89,non-significant
0.1,clusteringcoef,0.0413590397537194,100,two_sample_t_p_value,100.0,2.0,,0.04821217873113365,0.0045419375217554,-0.0017878212688663547,0.3377126607297686,significant
0.1,clusteringcoef,0.0413590397537194,100,two_sample_t_p_value,100.0,3.0,,0.0034079153433294465,0.0004240202955588,-0.04659208465667056,0.0,significant
0.1,clusteringcoef,0.0413590397537194,100,two_sample_t_p_value,100.0,4.0,,0.00012152364430076177,1.829348019136069e-05,-0.04987847635569924,0.0,significant
0.1,clusteringcoef,0.0413590397537194,100,two_sample_t_p_value,100.0,5.0,,2.450173413503802e-06,4.20212660962603e-07,-0.049997549826586496,0.0,significant
0.1,clusteringcoef,0.0413590397537194,100,two_sample_t_p_value,100.0,6.0,,3.172491502802852e-08,5.9389534017191356e-09,-0.049999968275084974,0.0,significant
0.1,clusteringcoef,0.0413590397537194,300,two_sample_t_p_value,300.0,0.5,,0.617441622554225,0.0290873068987707,0.5674416225542249,7.098656840033239e-148,non-significant
0.1,clusteringcoef,0.0413590397537194,300,two_sample_t_p_value,300.0,1.0,,0.31811640443062633,0.0199820409921362,0.26811640443062634,1.2474248417505684e-87,non-significant
0.1,clusteringcoef,0.0413590397537194,300,two_sample_t_p_value,300.0,2.0,,0.0464015209831491,0.0044918278067706,-0.0035984790168509043,0.20824195714108373,significant
0.1,clusteringcoef,0.0413590397537194,300,two_sample_t_p_value,300.0,3.0,,0.0029262198640661076,0.0003856082162991,-0.0470737801359339,0.0,significant
0.1,clusteringcoef,0.0413590397537194,300,two_sample_t_p_value,300.0,4.0,,7.984004483719462e-05,1.324315610509578e-05,-0.04992015995516281,0.0,significant
0.1,clusteringcoef,0.0413590397537194,300,two_sample_t_p_value,300.0,5.0,,9.769154730247779e-07,1.933978336975822e-07,-0.04999902308452698,0.0,significant
0.1,clusteringcoef,0.0413590397537194,300,two_sample_t_p_value,300.0,6.0,,5.676439092359154e-09,1.2907323209662164e-09,-0.04999999432356091,0.0,significant
0.1,clusteringcoef,0.0413590397537194,500,two_sample_t_p_value,500.0,0.5,,0.6172950500946657,0.0291012451784481,0.5672950500946656,1.0730503962173534e-147,non-significant
0.1,clusteringcoef,0.0413590397537194,500,two_sample_t_p_value,500.0,1.0,,0.3177942072606085,0.0199953549450846,0.2677942072606085,2.6429486933329127e-87,non-significant
0.1,clusteringcoef,0.0413590397537194,500,two_sample_t_p_value,500.0,2.0,,0.046040682769031456,0.0044815688000629,-0.003959317230968547,0.1864861298959274,significant
0.1,clusteringcoef,0.0413590397537194,500,two_sample_t_p_value,500.0,3.0,,0.002834491812851143,0.0003779853539361,-0.04716550818714886,0.0,significant
0.1,clusteringcoef,0.0413590397537194,500,two_sample_t_p_value,500.0,4.0,,7.291606940371305e-05,1.2346082934175229e-05,-0.04992708393059629,0.0,significant
0.1,clusteringcoef,0.0413590397537194,500,two_sample_t_p_value,500.0,5.0,,7.94641504790956e-07,1.6232071402078826e-07,-0.04999920535849521,0.0,significant
0.1,clusteringcoef,0.0413590397537194,500,two_sample_t_p_value,500.0,6.0,,3.790442338479296e-09,9.00532994642157e-10,-0.04999999620955766,0.0,significant
0.1,clusteringcoef,0.0413590397537194,1000,two_sample_t_p_value,1000.0,0.5,,0.6171850808338747,0.0291117041726311,0.5671850808338746,1.462537763712942e-147,non-significant
0.1,clusteringcoef,0.0413590397537194,1000,two_sample_t_p_value,1000.0,1.0,,0.31755241808467255,0.02000535012104,0.26755241808467256,4.6362146432681165e-87,non-significant
0.1,clusteringcoef,0.0413590397537194,1000,two_sample_t_p_value,1000.0,2.0,,0.04577034649325166,0.0044738217239109,-0.0042296535067483446,0.17115203489991626,significant
0.1,clusteringcoef,0.0413590397537194,1000,two_sample_t_p_value,1000.0,3.0,,0.0027667090442381925,0.0003722830243345,-0.04723329095576181,0.0,significant
0.1,clusteringcoef,0.0413590397537194,1000,two_sample_t_p_value,1000.0,4.0,,6.800991920878163e-05,1.1697716909240431e-05,-0.04993199008079122,0.0,significant
0.1,clusteringcoef,0.0413590397537194,1000,two_sample_t_p_value,1000.0,5.0,,6.767256364648635e-07,1.416143640327765e-07,-0.04999932327436354,0.0,significant
0.1,clusteringcoef,0.0413590397537194,1000,two_sample_t_p_value,1000.0,6.0,,2.7553691733774752e-09,6.773986902750383e-10,-0.04999999724463083,0.0,significant
0.2,clusteringcoef,0.0453369211976855,30,two_sample_t_p_value,30.0,0.5,,0.6207230048851272,0.0315434875081897,0.5707230048851272,9.8191285771746e-127,non-significant
0.2,clusteringcoef,0.0453369211976855,30,two_sample_t_p_value,30.0,1.0,,0.3253086154260302,0.0215797708129323,0.2753086154260302,1.6517052287712787e-79,non-significant
0.2,clusteringcoef,0.0453369211976855,30,two_sample_t_p_value,30.0,2.0,,0.054625044962983094,0.0051550142274479,0.004625044962983091,0.18616464352580567,non-significant
0.2,clusteringcoef,0.0453369211976855,30,two_sample_t_p_value,30.0,3.0,,0.005389964065651945,0.0006146836670275,-0.044610035934348057,0.0,significant
0.2,clusteringcoef,0.0453369211976855,30,two_sample_t_p_value,30.0,4.0,,0.0003818456360837564,4.757805580071979e-05,-0.04961815436391625,0.0,significant
0.2,clusteringcoef,0.0453369211976855,30,two_sample_t_p_value,30.0,5.0,,2.32966854670078e-05,2.9821631213034724e-06,-0.049976703314532994,0.0,significant
0.2,clusteringcoef,0.0453369211976855,30,two_sample_t_p_value,30.0,6.0,,1.3942768767204764e-06,1.7669411354541017e-07,-0.049998605723123285,0.0,significant
0.2,clusteringcoef,0.0453369211976855,50,two_sample_t_p_value,50.0,0.5,,0.6192685675117714,0.0316946662617736,0.5692685675117714,3.2156362728922443e-125,non-significant
0.2,clusteringcoef,0.0453369211976855,50,two_sample_t_p_value,50.0,1.0,,0.32212564510024433,0.0217228287236011,0.27212564510024434,1.1024834214619843e-76,non-significant
0.2,clusteringcoef,0.0453369211976855,50,two_sample_t_p_value,50.0,2.0,,0.05094706873769324,0.0050572566364295,0.0009470687376932352,0.4376502413344056,non-significant
0.2,clusteringcoef,0.0453369211976855,50,two_sample_t_p_value,50.0,3.0,,0.004201703187068241,0.0005287246660662,-0.04579829681293176,0.0,significant
0.2,clusteringcoef,0.0453369211976855,50,two_sample_t_p_value,50.0,4.0,,0.00020919024636403336,3.0309970392839567e-05,-0.04979080975363597,0.0,significant
0.2,clusteringcoef,0.0453369211976855,50,two_sample_t_p_value,50.0,5.0,,7.4332122472325795e-06,1.1638409985042178e-06,-0.04999256678775277,0.0,significant
0.2,clusteringcoef,0.0453369211976855,50,two_sample_t_p_value,50.0,6.0,,2.1889394850799978e-07,3.550139034808181e-08,-0.049999781106051494,0.0,significant
0.2,clusteringcoef,0.0453369211976855,75,two_sample_t_p_value,75.0,0.5,,0.6185389578679419,0.0317705934362934,0.5685389578679418,1.8213006383271283e-124,non-significant
0.2,clusteringcoef,0.0453369211976855,75,two_sample_t_p_value,75.0,1.0,,0.3205260061237414,0.0217949552893025,0.2705260061237414,2.7018729756847844e-75,non-significant
0.2,clusteringcoef,0.0453369211976855,75,two_sample_t_p_value,75.0,2.0,,0.04912138289485513,0.005005448761585,-0.0008786171051448702,0.4181358067251493,significant
0.2,clusteringcoef,0.0453369211976855,75,two_sample_t_p_value,75.0,3.0,,0.0036630774411349812,0.0004860261300961,-0.04633692255886502,0.0,significant
0.2,clusteringcoef,0.0453369211976855,75,two_sample_t_p_value,75.0,4.0,,0.00014717180322168836,2.321130620745769e-05,-0.04985282819677832,0.0,significant
0.2,clusteringcoef,0.0453369211976855,75,two_sample_t_p_value,75.0,5.0,,3.657912410473166e-06,6.445735630365859e-07,-0.04999634208758953,0.0,significant
0.2,clusteringcoef,0.0453369211976855,75,two_sample_t_p_value,75.0,6.0,,6.480298590623212e-08,1.2217976773810572e-08,-0.049999935197014095,0.0,significant
0.2,clusteringcoef,0.0453369211976855,100,two_sample_t_p_value,100.0,0.5,,0.6181735658308866,0.0318086408268667,0.5681735658308865,4.323250089169375e-124,non-significant
0.2,clusteringcoef,0.0453369211976855,100,two_sample_t_p_value,100.0,1.0,,0.31972415578412333,0.0218311689922797,0.26972415578412334,1.3200329277157203e-74,non-significant
0.2,clusteringcoef,0.0453369211976855,100,two_sample_t_p_value,100.0,2.0,,0.04821217873113365,0.0049787776683117,-0.0017878212688663547,0.3492210125762719,significant
0.2,clusteringcoef,0.0453369211976855,100,two_sample_t_p_value,100.0,3.0,,0.0034079153433294465,0.0004648022497727,-0.04659208465667056,0.0,significant
0.2,clusteringcoef,0.0453369211976855,100,two_sample_t_p_value,100.0,4.0,,0.00012152364430076177,2.005293340478378e-05,-0.04987847635569924,0.0,significant
0.2,clusteringcoef,0.0453369211976855,100,two_sample_t_p_value,100.0,5.0,,2.450173413503802e-06,4.6062839973498206e-07,-0.049997549826586496,0.0,significant
0.2,clusteringcoef,0.0453369211976855,100,two_sample_t_p_value,100.0,6.0,,3.172491502802852e-08,6.510157488515019e-09,-0.049999968275084974,0.0,significant
0.2,clusteringcoef,0.0453369211976855,300,two_sample_t_p_value,300.0,0.5,,0.617441622554225,0.0318849022746924,0.5674416225542249,2.423255567684201e-123,non-significant
0.2,clusteringcoef,0.0453369211976855,300,two_sample_t_p_value,300.0,1.0,,0.31811640443062633,0.0219038987177629,0.26811640443062634,3.068880220773282e-73,non-significant
0.2,clusteringcoef,0.0453369211976855,300,two_sample_t_p_value,300.0,2.0,,0.0464015209831491,0.0049238484384981,-0.0035984790168509043,0.22758821047440037,significant
0.2,clusteringcoef,0.0453369211976855,300,two_sample_t_p_value,300.0,3.0,,0.0029262198640661076,0.0004226957255206,-0.0470737801359339,0.0,significant
0.2,clusteringcoef,0.0453369211976855,300,two_sample_t_p_value,300.0,4.0,,7.984004483719462e-05,1.4516872933235377e-05,-0.04992015995516281,0.0,significant
0.2,clusteringcoef,0.0453369211976855,300,two_sample_t_p_value,300.0,5.0,,9.769154730247779e-07,2.1199869238651414e-07,-0.04999902308452698,0.0,significant
0.2,clusteringcoef,0.0453369211976855,300,two_sample_t_p_value,300.0,6.0,,5.676439092359154e-09,1.4148739881633394e-09,-0.04999999432356091,0.0,significant
0.2,clusteringcoef,0.0453369211976855,500,two_sample_t_p_value,500.0,0.5,,0.6172950500946657,0.0319001811276621,0.5672950500946656,3.41784848603231e-123,non-significant
0.2,clusteringcoef,0.0453369211976855,500,two_sample_t_p_value,500.0,1.0,,0.3177942072606085,0.0219184931967268,0.2677942072606085,5.733619747224182e-73,non-significant
0.2,clusteringcoef,0.0453369211976855,500,two_sample_t_p_value,500.0,2.0,,0.046040682769031456,0.0049126027282146,-0.003959317230968547,0.20658047444219196,significant
0.2,clusteringcoef,0.0453369211976855,500,two_sample_t_p_value,500.0,3.0,,0.002834491812851143,0.000414339701969,-0.04716550818714886,0.0,significant
0.2,clusteringcoef,0.0453369211976855,500,two_sample_t_p_value,500.0,4.0,,7.291606940371305e-05,1.353351993711255e-05,-0.04992708393059629,0.0,significant
0.2,clusteringcoef,0.0453369211976855,500,two_sample_t_p_value,500.0,5.0,,7.94641504790956e-07,1.7793259863221846e-07,-0.04999920535849521,0.0,significant
0.2,clusteringcoef,0.0453369211976855,500,two_sample_t_p_value,500.0,6.0,,3.790442338479296e-09,9.871455830967554e-10,-0.04999999620955766,0.0,significant
0.2,clusteringcoef,0.0453369211976855,1000,two_sample_t_p_value,1000.0,0.5,,0.6171850808338747,0.0319116460600664,0.5671850808338746,4.4227065316598704e-123,non-significant
0.2,clusteringcoef,0.0453369211976855,1000,two_sample_t_p_value,1000.0,1.0,,0.31755241808467255,0.021929449701214,0.26755241808467256,9.1540959070646e-73,non-significant
0.2,clusteringcoef,0.0453369211976855,1000,two_sample_t_p_value,1000.0,2.0,,0.04577034649325166,0.0049041105440849,-0.0042296535067483446,0.19162745084429134,significant
0.2,clusteringcoef,0.0453369211976855,1000,two_sample_t_p_value,1000.0,3.0,,0.0027667090442381925,0.0004080889265803,-0.04723329095576181,0.0,significant
0.2,clusteringcoef,0.0453369211976855,1000,two_sample_t_p_value,1000.0,4.0,,6.800991920878163e-05,1.2822794553864696e-05,-0.04993199008079122,0.0,significant
0.2,clusteringcoef,0.0453369211976855,1000,two_sample_t_p_value,1000.0,5.0,,6.767256364648635e-07,1.5523472742224284e-07,-0.04999932327436354,0.0,significant
0.2,clusteringcoef,0.0453369211976855,1000,two_sample_t_p_value,1000.0,6.0,,2.7553691733774752e-09,7.425503885798736e-10,-0.04999999724463083,0.0,significant
0.3,clusteringcoef,0.0519469416879584,30,two_sample_t_p_value,30.0,0.5,,0.6207230048851272,0.0361424565880408,0.5707230048851272,6.455495728140296e-97,non-significant
0.3,clusteringcoef,0.0519469416879584,30,two_sample_t_p_value,30.0,1.0,,0.3253086154260302,0.0247260525515378,0.2753086154260302,5.384260525941197e-61,non-significant
0.3,clusteringcoef,0.0519469416879584,30,two_sample_t_p_value,30.0,2.0,,0.054625044962983094,0.0059066036334091,0.004625044962983091,0.22054738669765234,non-significant
0.3,clusteringcoef,0.0519469416879584,30,two_sample_t_p_value,30.0,3.0,,0.005389964065651945,0.0007043031543406,-0.044610035934348057,0.0,significant
0.3,clusteringcoef,0.0519469416879584,30,two_sample_t_p_value,30.0,4.0,,0.0003818456360837564,5.4514828643295616e-05,-0.04961815436391625,0.0,significant
0.3,clusteringcoef,0.0519469416879584,30,two_sample_t_p_value,30.0,5.0,,2.32966854670078e-05,3.4169557542482627e-06,-0.049976703314532994,0.0,significant
0.3,clusteringcoef,0.0519469416879584,30,two_sample_t_p_value,30.0,6.0,,1.3942768767204764e-06,2.0245571535231443e-07,-0.049998605723123285,0.0,significant
0.3,clusteringcoef,0.0519469416879584,50,two_sample_t_p_value,50.0,0.5,,0.6192685675117714,0.0363156768617034,0.5692685675117714,9.210764438785374e-96,non-significant
0.3,clusteringcoef,0.0519469416879584,50,two_sample_t_p_value,50.0,1.0,,0.32212564510024433,0.0248899679817698,0.27212564510024434,7.649799835672326e-59,non-significant
0.3,clusteringcoef,0.0519469416879584,50,two_sample_t_p_value,50.0,2.0,,0.05094706873769324,0.005794593206895,0.0009470687376932352,0.44892913678972507,non-significant
0.3,clusteringcoef,0.0519469416879584,50,two_sample_t_p_value,50.0,3.0,,0.004201703187068241,0.0006058115256077,-0.04579829681293176,0.0,significant
0.3,clusteringcoef,0.0519469416879584,50,two_sample_t_p_value,50.0,4.0,,0.00020919024636403336,3.472909546934482e-05,-0.04979080975363597,0.0,significant
0.3,clusteringcoef,0.0519469416879584,50,two_sample_t_p_value,50.0,5.0,,7.4332122472325795e-06,1.3335263817261663e-06,-0.04999256678775277,0.0,significant
0.3,clusteringcoef,0.0519469416879584,50,two_sample_t_p_value,50.0,6.0,,2.1889394850799978e-07,4.067741270325615e-08,-0.049999781106051494,0.0,significant
0.3,clusteringcoef,0.0519469416879584,75,two_sample_t_p_value,75.0,0.5,,0.6185389578679419,0.0364026740464066,0.5685389578679418,3.451953784447297e-95,non-significant
0.3,clusteringcoef,0.0519469416879584,75,two_sample_t_p_value,75.0,1.0,,0.3205260061237414,0.0249726104374917,0.2705260061237414,8.759067373967553e-58,non-significant
0.3,clusteringcoef,0.0519469416879584,75,two_sample_t_p_value,75.0,2.0,,0.04912138289485513,0.0057352318611656,-0.0008786171051448702,0.424990374896439,significant
0.3,clusteringcoef,0.0519469416879584,75,two_sample_t_p_value,75.0,3.0,,0.0036630774411349812,0.0005568876397415,-0.04633692255886502,0.0,significant
0.3,clusteringcoef,0.0519469416879584,75,two_sample_t_p_value,75.0,4.0,,0.00014717180322168836,2.6595462113596425e-05,-0.04985282819677832,0.0,significant
0.3,clusteringcoef,0.0519469416879584,75,two_sample_t_p_value,75.0,5.0,,3.657912410473166e-06,7.385509295318112e-07,-0.04999634208758953,0.0,significant
0.3,clusteringcoef,0.0519469416879584,75,two_sample_t_p_value,75.0,6.0,,6.480298590623212e-08,1.399933013198014e-08,-0.049999935197014095,0.0,significant
0.3,clusteringcoef,0.0519469416879584,100,two_sample_t_p_value,100.0,0.5,,0.6181735658308866,0.036446268660405,0.5681735658308865,6.669450214936456e-95,non-significant
0.3,clusteringcoef,0.0519469416879584,100,two_sample_t_p_value,100.0,1.0,,0.31972415578412333,0.0250141040163931,0.26972415578412334,2.9342840907588917e-57,non-significant
0.3,clusteringcoef,0.0519469416879584,100,two_sample_t_p_value,100.0,2.0,,0.04821217873113365,0.0057046721828632,-0.0017878212688663547,0.3642971613494399,significant
0.3,clusteringcoef,0.0519469416879584,100,two_sample_t_p_value,100.0,3.0,,0.0034079153433294465,0.0005325693657073,-0.04659208465667056,0.0,significant
0.3,clusteringcoef,0.0519469416879584,100,two_sample_t_p_value,100.0,4.0,,0.00012152364430076177,2.2976605705285422e-05,-0.04987847635569924,0.0,significant
0.3,clusteringcoef,0.0519469416879584,100,two_sample_t_p_value,100.0,5.0,,2.450173413503802e-06,5.277869777816378e-07,-0.049997549826586496,0.0,significant
0.3,clusteringcoef,0.0519469416879584,100,two_sample_t_p_value,100.0,6.0,,3.172491502802852e-08,7.45932371456622e-09,-0.049999968275084974,0.0,significant
0.3,clusteringcoef,0.0519469416879584,300,two_sample_t_p_value,300.0,0.5,,0.617441622554225,0.0365336488547055,0.5674416225542249,2.479775603820064e-94,non-significant
0.3,clusteringcoef,0.0519469416879584,300,two_sample_t_p_value,300.0,1.0,,0.31811640443062633,0.0250974375712276,0.26811640443062634,3.2275888056203105e-56,non-significant
0.3,clusteringcoef,0.0519469416879584,300,two_sample_t_p_value,300.0,2.0,,0.0464015209831491,0.0056417343956754,-0.0035984790168509043,0.25435433868778423,significant
0.3,clusteringcoef,0.0519469416879584,300,two_sample_t_p_value,300.0,3.0,,0.0029262198640661076,0.0004843238055276,-0.0470737801359339,0.0,significant
0.3,clusteringcoef,0.0519469416879584,300,two_sample_t_p_value,300.0,4.0,,7.984004483719462e-05,1.663340014788604e-05,-0.04992015995516281,0.0,significant
0.3,clusteringcoef,0.0519469416879584,300,two_sample_t_p_value,300.0,5.0,,9.769154730247779e-07,2.429076218763592e-07,-0.04999902308452698,0.0,significant
0.3,clusteringcoef,0.0519469416879584,300,two_sample_t_p_value,300.0,6.0,,5.676439092359154e-09,1.6211594130631506e-09,-0.04999999432356091,0.0,significant
0.3,clusteringcoef,0.0519469416879584,500,two_sample_t_p_value,500.0,0.5,,0.6172950500946657,0.0365511553298545,0.5672950500946656,3.222548668342245e-94,non-significant
0.3,clusteringcoef,0.0519469416879584,500,two_sample_t_p_value,500.0,1.0,,0.3177942072606085,0.0251141598921897,0.2677942072606085,5.197089499550668e-56,non-significant
0.3,clusteringcoef,0.0519469416879584,500,two_sample_t_p_value,500.0,2.0,,0.046040682769031456,0.0056288490862873,-0.003959317230968547,0.23474202356820395,significant
0.3,clusteringcoef,0.0519469416879584,500,two_sample_t_p_value,500.0,3.0,,0.002834491812851143,0.0004747494926561,-0.04716550818714886,0.0,significant
0.3,clusteringcoef,0.0519469416879584,500,two_sample_t_p_value,500.0,4.0,,7.291606940371305e-05,1.550667651075297e-05,-0.04992708393059629,0.0,significant
0.3,clusteringcoef,0.0519469416879584,500,two_sample_t_p_value,500.0,5.0,,7.94641504790956e-07,2.0387476876146205e-07,-0.04999920535849521,0.0,significant
0.3,clusteringcoef,0.0519469416879584,500,two_sample_t_p_value,500.0,6.0,,3.790442338479296e-09,1.1310691747032591e-09,-0.04999999620955766,0.0,significant
0.3,clusteringcoef,0.0519469416879584,1000,two_sample_t_p_value,1000.0,0.5,,0.6171850808338747,0.0365642918234524,0.5671850808338746,3.921741629682275e-94,non-significant
0.3,clusteringcoef,0.0519469416879584,1000,two_sample_t_p_value,1000.0,1.0,,0.31755241808467255,0.0251267138302311,0.26755241808467256,7.423642906243439e-56,non-significant
0.3,clusteringcoef,0.0519469416879584,1000,two_sample_t_p_value,1000.0,2.0,,0.04577034649325166,0.0056191187609336,-0.0042296535067483446,0.22061920560664494,significant
0.3,clusteringcoef,0.0519469416879584,1000,two_sample_t_p_value,1000.0,3.0,,0.0027667090442381925,0.0004675873683644,-0.04723329095576181,0.0,significant
0.3,clusteringcoef,0.0519469416879584,1000,two_sample_t_p_value,1000.0,4.0,,6.800991920878163e-05,1.4692328975358066e-05,-0.04993199008079122,0.0,significant
0.3,clusteringcoef,0.0519469416879584,1000,two_sample_t_p_value,1000.0,5.0,,6.767256364648635e-07,1.778675993058179e-07,-0.04999932327436354,0.0,significant
0.3,clusteringcoef,0.0519469416879584,1000,two_sample_t_p_value,1000.0,6.0,,2.7553691733774752e-09,8.508125544682721e-10,-0.04999999724463083,0.0,significant
0.4,clusteringcoef,0.0707951287754349,30,two_sample_t_p_value,30.0,0.5,,0.6207230048851272,0.0492562176957578,0.5707230048851272,7.099639466772325e-53,non-significant
0.4,clusteringcoef,0.0707951287754349,30,two_sample_t_p_value,30.0,1.0,,0.3253086154260302,0.0336975386348887,0.2753086154260302,1.2385600366277798e-33,non-significant
0.4,clusteringcoef,0.0707951287754349,30,two_sample_t_p_value,30.0,2.0,,0.054625044962983094,0.0080497282662856,0.004625044962983091,0.2934115709273007,non-significant
0.4,clusteringcoef,0.0707951287754349,30,two_sample_t_p_value,30.0,3.0,,0.005389964065651945,0.0009598492401728,-0.044610035934348057,0.0,significant
0.4,clusteringcoef,0.0707951287754349,30,two_sample_t_p_value,30.0,4.0,,0.0003818456360837564,7.42947359087264e-05,-0.04961815436391625,0.0,significant
0.4,clusteringcoef,0.0707951287754349,30,two_sample_t_p_value,30.0,5.0,,2.32966854670078e-05,4.656748112238601e-06,-0.049976703314532994,0.0,significant
0.4,clusteringcoef,0.0707951287754349,30,two_sample_t_p_value,30.0,6.0,,1.3942768767204764e-06,2.759138069337455e-07,-0.049998605723123285,0.0,significant
0.4,clusteringcoef,0.0707951287754349,50,two_sample_t_p_value,50.0,0.5,,0.6192685675117714,0.0494922884091046,0.5692685675117714,2.9732336974346353e-52,non-significant
0.4,clusteringcoef,0.0707951287754349,50,two_sample_t_p_value,50.0,1.0,,0.32212564510024433,0.033920928378625,0.27212564510024434,1.7950106012660827e-32,non-significant
0.4,clusteringcoef,0.0707951287754349,50,two_sample_t_p_value,50.0,2.0,,0.05094706873769324,0.0078970764967765,0.0009470687376932352,0.47150461466135524,non-significant
0.4,clusteringcoef,0.0707951287754349,50,two_sample_t_p_value,50.0,3.0,,0.004201703187068241,0.0008256213662524,-0.04579829681293176,0.0,significant
0.4,clusteringcoef,0.0707951287754349,50,two_sample_t_p_value,50.0,4.0,,0.00020919024636403336,4.733003919221231e-05,-0.04979080975363597,0.0,significant
0.4,clusteringcoef,0.0707951287754349,50,two_sample_t_p_value,50.0,5.0,,7.4332122472325795e-06,1.81737690135525e-06,-0.04999256678775277,0.0,significant
0.4,clusteringcoef,0.0707951287754349,50,two_sample_t_p_value,50.0,6.0,,2.1889394850799978e-07,5.543661622809405e-08,-0.049999781106051494,0.0,significant
0.4,clusteringcoef,0.0707951287754349,75,two_sample_t_p_value,75.0,0.5,,0.6185389578679419,0.0496108512483023,0.5685389578679418,6.058822103183014e-52,non-significant
0.4,clusteringcoef,0.0707951287754349,75,two_sample_t_p_value,75.0,1.0,,0.3205260061237414,0.0340335564392006,0.2705260061237414,6.687472457096842e-32,non-significant
0.4,clusteringcoef,0.0707951287754349,75,two_sample_t_p_value,75.0,2.0,,0.04912138289485513,0.0078161767560286,-0.0008786171051448702,0.4356644244810919,significant
0.4,clusteringcoef,0.0707951287754349,75,two_sample_t_p_value,75.0,3.0,,0.0036630774411349812,0.0007589461648344,-0.04633692255886502,0.0,significant
0.4,clusteringcoef,0.0707951287754349,75,two_sample_t_p_value,75.0,4.0,,0.00014717180322168836,3.624523608115912e-05,-0.04985282819677832,0.0,significant
0.4,clusteringcoef,0.0707951287754349,75,two_sample_t_p_value,75.0,5.0,,3.657912410473166e-06,1.0065233190723502e-06,-0.04999634208758953,0.0,significant
0.4,clusteringcoef,0.0707951287754349,75,two_sample_t_p_value,75.0,6.0,,6.480298590623212e-08,1.9078782066069137e-08,-0.049999935197014095,0.0,significant
0.4,clusteringcoef,0.0707951287754349,100,two_sample_t_p_value,100.0,0.5,,0.6181735658308866,0.0496702635295964,0.5681735658308865,8.639829287444034e-52,non-significant
0.4,clusteringcoef,0.0707951287754349,100,two_sample_t_p_value,100.0,1.0,,0.31972415578412333,0.03409010535558,0.26972415578412334,1.2838571258740819e-31,non-significant
0.4,clusteringcoef,0.0707951287754349,100,two_sample_t_p_value,100.0,2.0,,0.04821217873113365,0.0077745289459661,-0.0017878212688663547,0.39048803640476704,significant
0.4,clusteringcoef,0.0707951287754349,100,two_sample_t_p_value,100.0,3.0,,0.0034079153433294465,0.0007258043611804,-0.04659208465667056,0.0,significant
0.4,clusteringcoef,0.0707951287754349,100,two_sample_t_p_value,100.0,4.0,,0.00012152364430076177,3.1313330619137024e-05,-0.04987847635569924,0.0,significant
0.4,clusteringcoef,0.0707951287754349,100,two_sample_t_p_value,100.0,5.0,,2.450173413503802e-06,7.192867538284742e-07,-0.049997549826586496,0.0,significant
0.4,clusteringcoef,0.0707951287754349,100,two_sample_t_p_value,100.0,6.0,,3.172491502802852e-08,1.0165830091067396e-08,-0.049999968275084974,0.0,significant
0.4,clusteringcoef,0.0707951287754349,300,two_sample_t_p_value,300.0,0.5,,0.617441622554225,0.0497893483478151,0.5674416225542249,1.7531101930024642e-51,non-significant
0.4,clusteringcoef,0.0707951287754349,300,two_sample_t_p_value,300.0,1.0,,0.31811640443062633,0.0342036752704609,0.26811640443062634,4.681059430299469e-31,non-significant
0.4,clusteringcoef,0.0707951287754349,300,two_sample_t_p_value,300.0,2.0,,0.0464015209831491,0.0076887551043495,-0.0035984790168509043,0.3054251639127923,significant
0.4,clusteringcoef,0.0707951287754349,300,two_sample_t_p_value,300.0,3.0,,0.0029262198640661076,0.0006600536059908,-0.0470737801359339,0.0,significant
0.4,clusteringcoef,0.0707951287754349,300,two_sample_t_p_value,300.0,4.0,,7.984004483719462e-05,2.266858581428088e-05,-0.04992015995516281,0.0,significant
0.4,clusteringcoef,0.0707951287754349,300,two_sample_t_p_value,300.0,5.0,,9.769154730247779e-07,3.3104309536778333e-07,-0.04999902308452698,0.0,significant
0.4,clusteringcoef,0.0707951287754349,300,two_sample_t_p_value,300.0,6.0,,5.676439092359154e-09,2.20937336605359e-09,-0.04999999432356091,0.0,significant
0.4,clusteringcoef,0.0707951287754349,500,two_sample_t_p_value,500.0,0.5,,0.6172950500946657,0.0498132067911094,0.5672950500946656,2.0189276204396698e-51,non-significant
0.4,clusteringcoef,0.0707951287754349,500,two_sample_t_p_value,500.0,1.0,,0.3177942072606085,0.0342264650407047,0.2677942072606085,6.052864861367883e-31,non-significant
0.4,clusteringcoef,0.0707951287754349,500,two_sample_t_p_value,500.0,2.0,,0.046040682769031456,0.0076711945491408,-0.003959317230968547,0.289514233302434,significant
0.4,clusteringcoef,0.0707951287754349,500,two_sample_t_p_value,500.0,3.0,,0.002834491812851143,0.0006470053938989,-0.04716550818714886,0.0,significant
0.4,clusteringcoef,0.0707951287754349,500,two_sample_t_p_value,500.0,4.0,,7.291606940371305e-05,2.113304700500287e-05,-0.04992708393059629,0.0,significant
0.4,clusteringcoef,0.0707951287754349,500,two_sample_t_p_value,500.0,5.0,,7.94641504790956e-07,2.7784774309197585e-07,-0.04999920535849521,0.0,significant
0.4,clusteringcoef,0.0707951287754349,500,two_sample_t_p_value,500.0,6.0,,3.790442338479296e-09,1.541461061520081e-09,-0.04999999620955766,0.0,significant
0.4,clusteringcoef,0.0707951287754349,1000,two_sample_t_p_value,1000.0,0.5,,0.6171850808338747,0.0498311096690402,0.5671850808338746,2.244252206670313e-51,non-significant
0.4,clusteringcoef,0.0707951287754349,1000,two_sample_t_p_value,1000.0,1.0,,0.31755241808467255,0.0342435739913262,0.26755241808467256,7.336854460274987e-31,non-significant
0.4,clusteringcoef,0.0707951287754349,1000,two_sample_t_p_value,1000.0,2.0,,0.04577034649325166,0.007657933717722,-0.0042296535067483446,0.27785878249791773,significant
0.4,clusteringcoef,0.0707951287754349,1000,two_sample_t_p_value,1000.0,3.0,,0.0027667090442381925,0.0006372445976892,-0.04723329095576181,0.0,significant
0.4,clusteringcoef,0.0707951287754349,1000,two_sample_t_p_value,1000.0,4.0,,6.800991920878163e-05,2.0023225391585263e-05,-0.04993199008079122,0.0,significant
0.4,clusteringcoef,0.0707951287754349,1000,two_sample_t_p_value,1000.0,5.0,,6.767256364648635e-07,2.424042530448288e-07,-0.04999932327436354,0.0,significant
0.4,clusteringcoef,0.0707951287754349,1000,two_sample_t_p_value,1000.0,6.0,,2.7553691733774752e-09,1.1595174306729295e-09,-0.04999999724463083,0.0,significant
0.5,clusteringcoef,0.0773808621205257,30,two_sample_t_p_value,30.0,0.5,,0.6207230048851272,0.0538382888204672,0.5707230048851272,1.723472237772251e-44,non-significant
0.5,clusteringcoef,0.0773808621205257,30,two_sample_t_p_value,30.0,1.0,,0.3253086154260302,0.0368322600157795,0.2753086154260302,2.028845082875241e-28,non-significant
0.5,clusteringcoef,0.0773808621205257,30,two_sample_t_p_value,30.0,2.0,,0.054625044962983094,0.0087985561133308,0.004625044962983091,0.31250171729785864,non-significant
0.5,clusteringcoef,0.0773808621205257,30,two_sample_t_p_value,30.0,3.0,,0.005389964065651945,0.0010491394393236,-0.044610035934348057,0.0,significant
0.5,clusteringcoef,0.0773808621205257,30,two_sample_t_p_value,30.0,4.0,,0.0003818456360837564,8.120602102257721e-05,-0.04961815436391625,0.0,significant
0.5,clusteringcoef,0.0773808621205257,30,two_sample_t_p_value,30.0,5.0,,2.32966854670078e-05,5.089943190105314e-06,-0.049976703314532994,0.0,significant
0.5,clusteringcoef,0.0773808621205257,30,two_sample_t_p_value,30.0,6.0,,1.3942768767204764e-06,3.015807530941008e-07,-0.049998605723123285,0.0,significant
0.5,clusteringcoef,0.0773808621205257,50,two_sample_t_p_value,50.0,0.5,,0.6192685675117714,0.0540963200669125,0.5692685675117714,5.717360126069795e-44,non-significant
0.5,clusteringcoef,0.0773808621205257,50,two_sample_t_p_value,50.0,1.0,,0.32212564510024433,0.0370764306424625,0.27212564510024434,1.9051876210992088e-27,non-significant
0.5,clusteringcoef,0.0773808621205257,50,two_sample_t_p_value,50.0,2.0,,0.05094706873769324,0.0086317038774049,0.0009470687376932352,0.4774180239750142,non-significant
0.5,clusteringcoef,0.0773808621205257,50,two_sample_t_p_value,50.0,3.0,,0.004201703187068241,0.0009024249861652,-0.04579829681293176,0.0,significant
0.5,clusteringcoef,0.0773808621205257,50,two_sample_t_p_value,50.0,4.0,,0.00020919024636403336,5.173292711295248e-05,-0.04979080975363597,0.0,significant
0.5,clusteringcoef,0.0773808621205257,50,two_sample_t_p_value,50.0,5.0,,7.4332122472325795e-06,1.986438810936889e-06,-0.04999256678775277,0.0,significant
0.5,clusteringcoef,0.0773808621205257,50,two_sample_t_p_value,50.0,6.0,,2.1889394850799978e-07,6.059362036591326e-08,-0.049999781106051494,0.0,significant
0.5,clusteringcoef,0.0773808621205257,75,two_sample_t_p_value,75.0,0.5,,0.6185389578679419,0.0542259122418442,0.5685389578679418,1.0376565791469593e-43,non-significant
0.5,clusteringcoef,0.0773808621205257,75,two_sample_t_p_value,75.0,1.0,,0.3205260061237414,0.0371995359546082,0.2705260061237414,5.733726131697566e-27,non-significant
0.5,clusteringcoef,0.0773808621205257,75,two_sample_t_p_value,75.0,2.0,,0.04912138289485513,0.0085432784194296,-0.0008786171051448702,0.43756683550763675,significant
0.5,clusteringcoef,0.0773808621205257,75,two_sample_t_p_value,75.0,3.0,,0.0036630774411349812,0.0008295473086042,-0.04633692255886502,0.0,significant
0.5,clusteringcoef,0.0773808621205257,75,two_sample_t_p_value,75.0,4.0,,0.00014717180322168836,3.961695761044045e-05,-0.04985282819677832,0.0,significant
0.5,clusteringcoef,0.0773808621205257,75,two_sample_t_p_value,75.0,5.0,,3.657912410473166e-06,1.100155385284882e-06,-0.04999634208758953,0.0,significant
0.5,clusteringcoef,0.0773808621205257,75,two_sample_t_p_value,75.0,6.0,,6.480298590623212e-08,2.085359021190629e-08,-0.049999935197014095,0.0,significant
0.5,clusteringcoef,0.0773808621205257,100,two_sample_t_p_value,100.0,0.5,,0.6181735658308866,0.0542908513644449,0.5681735658308865,1.3966755688565025e-43,non-significant
0.5,clusteringcoef,0.0773808621205257,100,two_sample_t_p_value,100.0,1.0,,0.31972415578412333,0.0372613453471061,0.26972415578412334,9.902095051957536e-27,non-significant
0.5,clusteringcoef,0.0773808621205257,100,two_sample_t_p_value,100.0,2.0,,0.04821217873113365,0.0084977563121347,-0.0017878212688663547,0.396107630763582,significant
0.5,clusteringcoef,0.0773808621205257,100,two_sample_t_p_value,100.0,3.0,,0.0034079153433294465,0.0007933224809454,-0.04659208465667056,0.0,significant
0.5,clusteringcoef,0.0773808621205257,100,two_sample_t_p_value,100.0,4.0,,0.00012152364430076177,3.4226260493993896e-05,-0.04987847635569924,0.0,significant
0.5,clusteringcoef,0.0773808621205257,100,two_sample_t_p_value,100.0,5.0,,2.450173413503802e-06,7.861985716513694e-07,-0.049997549826586496,0.0,significant
0.5,clusteringcoef,0.0773808621205257,100,two_sample_t_p_value,100.0,6.0,,3.172491502802852e-08,1.1111508803279876e-08,-0.049999968275084974,0.0,significant
0.5,clusteringcoef,0.0773808621205257,300,two_sample_t_p_value,300.0,0.5,,0.617441622554225,0.0544210140756176,0.5674416225542249,2.5258126391886198e-43,non-significant
0.5,clusteringcoef,0.0773808621205257,300,two_sample_t_p_value,300.0,1.0,,0.31811640443062633,0.0373854801297733,0.26811640443062634,2.926790253542202e-26,non-significant
0.5,clusteringcoef,0.0773808621205257,300,two_sample_t_p_value,300.0,2.0,,0.0464015209831491,0.0084040033389219,-0.0035984790168509043,0.31746322246844483,significant
0.5,clusteringcoef,0.0773808621205257,300,two_sample_t_p_value,300.0,3.0,,0.0029262198640661076,0.0007214552464386,-0.0470737801359339,0.0,significant
0.5,clusteringcoef,0.0773808621205257,300,two_sample_t_p_value,300.0,4.0,,7.984004483719462e-05,2.477733628999106e-05,-0.04992015995516281,0.0,significant
0.5,clusteringcoef,0.0773808621205257,300,two_sample_t_p_value,300.0,5.0,,9.769154730247779e-07,3.61838456426328e-07,-0.04999902308452698,0.0,significant
0.5,clusteringcoef,0.0773808621205257,300,two_sample_t_p_value,300.0,6.0,,5.676439092359154e-09,2.4149008380740014e-09,-0.04999999432356091,0.0,significant
0.5,clusteringcoef,0.0773808621205257,500,two_sample_t_p_value,500.0,0.5,,0.6172950500946657,0.0544470919561568,0.5672950500946656,2.8427412068277175e-43,non-significant
0.5,clusteringcoef,0.0773808621205257,500,two_sample_t_p_value,500.0,1.0,,0.3177942072606085,0.0374103899237027,0.2677942072606085,3.629930812595177e-26,non-significant
0.5,clusteringcoef,0.0773808621205257,500,two_sample_t_p_value,500.0,2.0,,0.046040682769031456,0.0083848092089743,-0.003959317230968547,0.3026200455907183,significant
0.5,clusteringcoef,0.0773808621205257,500,two_sample_t_p_value,500.0,3.0,,0.002834491812851143,0.0007071932213774,-0.04716550818714886,0.0,significant
0.5,clusteringcoef,0.0773808621205257,500,two_sample_t_p_value,500.0,4.0,,7.291606940371305e-05,2.309895362529722e-05,-0.04992708393059629,0.0,significant
0.5,clusteringcoef,0.0773808621205257,500,two_sample_t_p_value,500.0,5.0,,7.94641504790956e-07,3.0369459411393454e-07,-0.04999920535849521,0.0,significant
0.5,clusteringcoef,0.0773808621205257,500,two_sample_t_p_value,500.0,6.0,,3.790442338479296e-09,1.6848558358302363e-09,-0.04999999620955766,0.0,significant
0.5,clusteringcoef,0.0773808621205257,1000,two_sample_t_p_value,1000.0,0.5,,0.6171850808338747,0.0544666602534775,0.5671850808338746,3.1060759440224204e-43,non-significant
0.5,clusteringcoef,0.0773808621205257,1000,two_sample_t_p_value,1000.0,1.0,,0.31755241808467255,0.037429090438441,0.26755241808467256,4.2647296395559364e-26,non-significant
0.5,clusteringcoef,0.0773808621205257,1000,two_sample_t_p_value,1000.0,2.0,,0.04577034649325166,0.0083703147856239,-0.0042296535067483446,0.2917112668623033,significant
0.5,clusteringcoef,0.0773808621205257,1000,two_sample_t_p_value,1000.0,3.0,,0.0027667090442381925,0.0006965244248266,-0.04723329095576181,0.0,significant
0.5,clusteringcoef,0.0773808621205257,1000,two_sample_t_p_value,1000.0,4.0,,6.800991920878163e-05,2.188589059777369e-05,-0.04993199008079122,0.0,significant
0.5,clusteringcoef,0.0773808621205257,1000,two_sample_t_p_value,1000.0,5.0,,6.767256364648635e-07,2.649539651490759e-07,-0.04999932327436354,0.0,significant
0.5,clusteringcoef,0.0773808621205257,1000,two_sample_t_p_value,1000.0,6.0,,2.7553691733774752e-09,1.2673818097549891e-09,-0.04999999724463083,0.0,significant
0.05,degree,0.0997691639225307,30,two_sample_t_p_value,30.0,0.5,,0.6207230048851272,0.0694151100858949,0.5707230048851272,2.6756698433197104e-27,non-significant
0.05,degree,0.0997691639225307,30,two_sample_t_p_value,30.0,1.0,,0.3253086154260302,0.0474887935653646,0.2753086154260302,1.0207786339514019e-17,non-significant
0.05,degree,0.0997691639225307,30,two_sample_t_p_value,30.0,2.0,,0.054625044962983094,0.0113442078971053,0.004625044962983091,0.3622279794212796,non-significant
0.05,degree,0.0997691639225307,30,two_sample_t_p_value,30.0,3.0,,0.005389964065651945,0.0013526828447121,-0.044610035934348057,0.0,significant
0.05,degree,0.0997691639225307,30,two_sample_t_p_value,30.0,4.0,,0.0003818456360837564,0.0001047010410698,-0.04961815436391625,0.0,significant
0.05,degree,0.0997691639225307,30,two_sample_t_p_value,30.0,5.0,,2.32966854670078e-05,6.562596520300127e-06,-0.049976703314532994,0.0,significant
0.05,degree,0.0997691639225307,30,two_sample_t_p_value,30.0,6.0,,1.3942768767204764e-06,3.888359313503238e-07,-0.049998605723123285,0.0,significant
0.05,degree,0.0997691639225307,50,two_sample_t_p_value,50.0,0.5,,0.6192685675117714,0.0697477965023843,0.5692685675117714,5.509652879171691e-27,non-significant
0.05,degree,0.0997691639225307,50,two_sample_t_p_value,50.0,1.0,,0.32212564510024433,0.047803609123256,0.27212564510024434,3.9439507738331854e-17,non-significant
0.05,degree,0.0997691639225307,50,two_sample_t_p_value,50.0,2.0,,0.05094706873769324,0.011129080957178,0.0009470687376932352,0.4935183126618655,non-significant
0.05,degree,0.0997691639225307,50,two_sample_t_p_value,50.0,3.0,,0.004201703187068241,0.0011635200733777,-0.04579829681293176,0.0,significant
0.05,degree,0.0997691639225307,50,two_sample_t_p_value,50.0,4.0,,0.00020919024636403336,6.670061232046435e-05,-0.04979080975363597,0.0,significant
0.05,degree,0.0997691639225307,50,two_sample_t_p_value,50.0,5.0,,7.4332122472325795e-06,2.561167372906145e-06,-0.04999256678775277,0.0,significant
0.05,degree,0.0997691639225307,50,two_sample_t_p_value,50.0,6.0,,2.1889394850799978e-07,7.81249352524702e-08,-0.049999781106051494,0.0,significant
0.05,degree,0.0997691639225307,75,two_sample_t_p_value,75.0,0.5,,0.6185389578679419,0.0699148830737862,0.5685389578679418,7.889433976287094e-27,non-significant
0.05,degree,0.0997691639225307,75,two_sample_t_p_value,75.0,1.0,,0.3205260061237414,0.0479623320132656,0.2705260061237414,7.668784550522395e-17,non-significant
0.05,degree,0.0997691639225307,75,two_sample_t_p_value,75.0,2.0,,0.04912138289485513,0.0110150717077343,-0.0008786171051448702,0.4403247980974444,significant
0.05,degree,0.0997691639225307,75,two_sample_t_p_value,75.0,3.0,,0.0036630774411349812,0.0010695569827682,-0.04633692255886502,0.0,significant
0.05,degree,0.0997691639225307,75,two_sample_t_p_value,75.0,4.0,,0.00014717180322168836,5.1079176809785735e-05,-0.04985282819677832,0.0,significant
0.05,degree,0.0997691639225307,75,two_sample_t_p_value,75.0,5.0,,3.657912410473166e-06,1.4184590345320984e-06,-0.04999634208758953,0.0,significant
0.05,degree,0.0997691639225307,75,two_sample_t_p_value,75.0,6.0,,6.480298590623212e-08,2.688707780205881e-08,-0.049999935197014095,0.0,significant
0.05,degree,0.0997691639225307,100,two_sample_t_p_value,100.0,0.5,,0.6181735658308866,0.0699986107784174,0.5681735658308865,9.43569555458398e-27,non-significant
0.05,degree,0.0997691639225307,100,two_sample_t_p_value,100.0,1.0,,0.31972415578412333,0.0480420244752399,0.26972415578412334,1.0664708886516468e-16,non-significant
0.05,degree,0.0997691639225307,100,two_sample_t_p_value,100.0,2.0,,0.04821217873113365,0.0109563788674073,-0.0017878212688663547,0.4079222595622237,significant
0.05,degree,0.0997691639225307,100,two_sample_t_p_value,100.0,3.0,,0.0034079153433294465,0.0010228513675848,-0.04659208465667056,0.0,significant
0.05,degree,0.0997691639225307,100,two_sample_t_p_value,100.0,4.0,,0.00012152364430076177,4.412881040743457e-05,-0.04987847635569924,0.0,significant
0.05,degree,0.0997691639225307,100,two_sample_t_p_value,100.0,5.0,,2.450173413503802e-06,1.0136663255130464e-06,-0.049997549826586496,0.0,significant
0.05,degree,0.0997691639225307,100,two_sample_t_p_value,100.0,6.0,,3.172491502802852e-08,1.4326358130959806e-08,-0.049999968275084974,0.0,significant
0.05,degree,0.0997691639225307,300,two_sample_t_p_value,300.0,0.5,,0.617441622554225,0.0701664329570765,0.5674416225542249,1.3482246817853606e-26,non-significant
0.05,degree,0.0997691639225307,300,two_sample_t_p_value,300.0,1.0,,0.31811640443062633,0.0482020746884454,0.26811640443062634,2.05137840686986e-16,non-significant
0.05,degree,0.0997691639225307,300,two_sample_t_p_value,300.0,2.0,,0.0464015209831491,0.0108355007136059,-0.0035984790168509043,0.3455121253660032,significant
0.05,degree,0.0997691639225307,300,two_sample_t_p_value,300.0,3.0,,0.0029262198640661076,0.0009301910675613,-0.0470737801359339,0.0,significant
0.05,degree,0.0997691639225307,300,two_sample_t_p_value,300.0,4.0,,7.984004483719462e-05,3.194606596692429e-05,-0.04992015995516281,0.0,significant
0.05,degree,0.0997691639225307,300,two_sample_t_p_value,300.0,5.0,,9.769154730247779e-07,4.665277600092542e-07,-0.04999902308452698,0.0,significant
0.05,degree,0.0997691639225307,300,two_sample_t_p_value,300.0,6.0,,5.676439092359154e-09,3.113594640431812e-09,-0.04999999432356091,0.0,significant
0.05,degree,0.0997691639225307,500,two_sample_t_p_value,500.0,0.5,,0.6172950500946657,0.0702000558486671,0.5672950500946656,1.4477209087609045e-26,non-significant
0.05,degree,0.0997691639225307,500,two_sample_t_p_value,500.0,1.0,,0.3177942072606085,0.0482341915355017,0.2677942072606085,2.336090481565072e-16,non-significant
0.05,degree,0.0997691639225307,500,two_sample_t_p_value,500.0,2.0,,0.046040682769031456,0.0108107532212077,-0.003959317230968547,0.33351418213083805,significant
0.05,degree,0.0997691639225307,500,two_sample_t_p_value,500.0,3.0,,0.002834491812851143,0.0009118026666413,-0.04716550818714886,0.0,significant
0.05,degree,0.0997691639225307,500,two_sample_t_p_value,500.0,4.0,,7.291606940371305e-05,2.9782083418658564e-05,-0.04992708393059629,0.0,significant
0.05,degree,0.0997691639225307,500,two_sample_t_p_value,500.0,5.0,,7.94641504790956e-07,3.9156136171430046e-07,-0.04999920535849521,0.0,significant
0.05,degree,0.0997691639225307,500,two_sample_t_p_value,500.0,6.0,,3.790442338479296e-09,2.1723285766570802e-09,-0.04999999620955766,0.0,significant
0.05,degree,0.0997691639225307,1000,two_sample_t_p_value,1000.0,0.5,,0.6171850808338747,0.0702252857648191,0.5671850808338746,1.5270747847182845e-26,non-significant
0.05,degree,0.0997691639225307,1000,two_sample_t_p_value,1000.0,1.0,,0.31755241808467255,0.0482583025969352,0.26755241808467256,2.57478207627664e-16,non-significant
0.05,degree,0.0997691639225307,1000,two_sample_t_p_value,1000.0,2.0,,0.04577034649325166,0.0107920651831117,-0.0042296535067483446,0.3246373218936913,significant
0.05,degree,0.0997691639225307,1000,two_sample_t_p_value,1000.0,3.0,,0.0027667090442381925,0.0008980471089653,-0.04723329095576181,0.0,significant
0.05,degree,0.0997691639225307,1000,two_sample_t_p_value,1000.0,4.0,,6.800991920878163e-05,2.8218049615922563e-05,-0.04993199008079122,0.0,significant
0.05,degree,0.0997691639225307,1000,two_sample_t_p_value,1000.0,5.0,,6.767256364648635e-07,3.416120582852851e-07,-0.04999932327436354,0.0,significant
0.05,degree,0.0997691639225307,1000,two_sample_t_p_value,1000.0,6.0,,2.7553691733774752e-09,1.6340684255098103e-09,-0.04999999724463083,0.0,significant
0.1,degree,0.0649245935644161,30,two_sample_t_p_value,30.0,0.5,,0.6207230048851272,0.0451717507932145,0.5707230048851272,1.3591254267816055e-62,non-significant
0.1,degree,0.0649245935644161,30,two_sample_t_p_value,30.0,1.0,,0.3253086154260302,0.0309032420426997,0.2753086154260302,1.1283075330428735e-39,non-significant
0.1,degree,0.0649245935644161,30,two_sample_t_p_value,30.0,2.0,,0.054625044962983094,0.0073822217013034,0.004625044962983091,0.27399441546169934,non-significant
0.1,degree,0.0649245935644161,30,two_sample_t_p_value,30.0,3.0,,0.005389964065651945,0.0008802557870755,-0.044610035934348057,0.0,significant
0.1,degree,0.0649245935644161,30,two_sample_t_p_value,30.0,4.0,,0.0003818456360837564,6.813400323276778e-05,-0.04961815436391625,0.0,significant
0.1,degree,0.0649245935644161,30,two_sample_t_p_value,30.0,5.0,,2.32966854670078e-05,4.270597197131744e-06,-0.049976703314532994,0.0,significant
0.1,degree,0.0649245935644161,30,two_sample_t_p_value,30.0,6.0,,1.3942768767204764e-06,2.530342423813771e-07,-0.049998605723123285,0.0,significant
0.1,degree,0.0649245935644161,50,two_sample_t_p_value,50.0,0.5,,0.6192685675117714,0.0453882458456512,0.5692685675117714,7.458080984689413e-62,non-significant
0.1,degree,0.0649245935644161,50,two_sample_t_p_value,50.0,1.0,,0.32212564510024433,0.0311081076679116,0.27212564510024434,2.7049137830032913e-38,non-significant
0.1,degree,0.0649245935644161,50,two_sample_t_p_value,50.0,2.0,,0.05094706873769324,0.0072422282545268,0.0009470687376932352,0.465541828081192,non-significant
0.1,degree,0.0649245935644161,50,two_sample_t_p_value,50.0,3.0,,0.004201703187068241,0.0007571584736015,-0.04579829681293176,0.0,significant
0.1,degree,0.0649245935644161,50,two_sample_t_p_value,50.0,4.0,,0.00020919024636403336,4.340529653798052e-05,-0.04979080975363597,0.0,significant
0.1,degree,0.0649245935644161,50,two_sample_t_p_value,50.0,5.0,,7.4332122472325795e-06,1.6666747940825778e-06,-0.04999256678775277,0.0,significant
0.1,degree,0.0649245935644161,50,two_sample_t_p_value,50.0,6.0,,2.1889394850799978e-07,5.0839652945788584e-08,-0.049999781106051494,0.0,significant
0.1,degree,0.0649245935644161,75,two_sample_t_p_value,75.0,0.5,,0.6185389578679419,0.0454969771140295,0.5685389578679418,1.738305364129104e-61,non-significant
0.1,degree,0.0649245935644161,75,two_sample_t_p_value,75.0,1.0,,0.3205260061237414,0.0312113962865397,0.2705260061237414,1.2907921376051789e-37,non-significant
0.1,degree,0.0649245935644161,75,two_sample_t_p_value,75.0,2.0,,0.04912138289485513,0.0071680369524079,-0.0008786171051448702,0.433328579622303,significant
0.1,degree,0.0649245935644161,75,two_sample_t_p_value,75.0,3.0,,0.0036630774411349812,0.0006960121711967,-0.04633692255886502,0.0,significant
0.1,degree,0.0649245935644161,75,two_sample_t_p_value,75.0,4.0,,0.00014717180322168836,3.32396771065992e-05,-0.04985282819677832,0.0,significant
0.1,degree,0.0649245935644161,75,two_sample_t_p_value,75.0,5.0,,3.657912410473166e-06,9.23059517430449e-07,-0.04999634208758953,0.0,significant
0.1,degree,0.0649245935644161,75,two_sample_t_p_value,75.0,6.0,,6.480298590623212e-08,1.7496714714267434e-08,-0.049999935197014095,0.0,significant
0.1,degree,0.0649245935644161,100,two_sample_t_p_value,100.0,0.5,,0.6181735658308866,0.0455514627584866,0.5681735658308865,2.650485419357172e-61,non-significant
0.1,degree,0.0649245935644161,100,two_sample_t_p_value,100.0,1.0,,0.31972415578412333,0.0312632560045168,0.26972415578412334,2.801691498270181e-37,non-significant
0.1,degree,0.0649245935644161,100,two_sample_t_p_value,100.0,2.0,,0.04821217873113365,0.0071298426982561,-0.0017878212688663547,0.3842320727959381,significant
0.1,degree,0.0649245935644161,100,two_sample_t_p_value,100.0,3.0,,0.0034079153433294465,0.0006656185809957,-0.04659208465667056,0.0,significant
0.1,degree,0.0649245935644161,100,two_sample_t_p_value,100.0,4.0,,0.00012152364430076177,2.8716739396638928e-05,-0.04987847635569924,0.0,significant
0.1,degree,0.0649245935644161,100,two_sample_t_p_value,100.0,5.0,,2.450173413503802e-06,6.596414323464875e-07,-0.049997549826586496,0.0,significant
0.1,degree,0.0649245935644161,100,two_sample_t_p_value,100.0,6.0,,3.172491502802852e-08,9.32285029102848e-09,-0.049999968275084974,0.0,significant
0.1,degree,0.0649245935644161,300,two_sample_t_p_value,300.0,0.5,,0.617441622554225,0.0456606727218877,0.5674416225542249,6.146364783841917e-61,non-significant
0.1,degree,0.0649245935644161,300,two_sample_t_p_value,300.0,1.0,,0.31811640443062633,0.0313674083761888,0.26811640443062634,1.3031001005528794e-36,non-significant
0.1,degree,0.0649245935644161,300,two_sample_t_p_value,300.0,2.0,,0.0464015209831491,0.0070511814696979,-0.0035984790168509043,0.2925767255244316,significant
0.1,degree,0.0649245935644161,300,two_sample_t_p_value,300.0,3.0,,0.0029262198640661076,0.0006053200670856,-0.0470737801359339,0.0,significant
0.1,degree,0.0649245935644161,300,two_sample_t_p_value,300.0,4.0,,7.984004483719462e-05,2.0788841635428374e-05,-0.04992015995516281,0.0,significant
0.1,degree,0.0649245935644161,300,two_sample_t_p_value,300.0,5.0,,9.769154730247779e-07,3.035920520356104e-07,-0.04999902308452698,0.0,significant
0.1,degree,0.0649245935644161,300,two_sample_t_p_value,300.0,6.0,,5.676439092359154e-09,2.026165787169925e-09,-0.04999999432356091,0.0,significant
0.1,degree,0.0649245935644161,500,two_sample_t_p_value,500.0,0.5,,0.6172950500946657,0.0456825527546068,0.5672950500946656,7.26941390584574e-61,non-significant
0.1,degree,0.0649245935644161,500,two_sample_t_p_value,500.0,1.0,,0.3177942072606085,0.0313883083532932,0.2677942072606085,1.7684732807627074e-36,non-significant
0.1,degree,0.0649245935644161,500,two_sample_t_p_value,500.0,2.0,,0.046040682769031456,0.0070350770861137,-0.003959317230968547,0.275610593030468,significant
0.1,degree,0.0649245935644161,500,two_sample_t_p_value,500.0,3.0,,0.002834491812851143,0.0005933538501797,-0.04716550818714886,0.0,significant
0.1,degree,0.0649245935644161,500,two_sample_t_p_value,500.0,4.0,,7.291606940371305e-05,1.9380634110147977e-05,-0.04992708393059629,0.0,significant
0.1,degree,0.0649245935644161,500,two_sample_t_p_value,500.0,5.0,,7.94641504790956e-07,2.5480781100431044e-07,-0.04999920535849521,0.0,significant
0.1,degree,0.0649245935644161,500,two_sample_t_p_value,500.0,6.0,,3.790442338479296e-09,1.4136386873737963e-09,-0.04999999620955766,0.0,significant
0.1,degree,0.0649245935644161,1000,two_sample_t_p_value,1000.0,0.5,,0.6171850808338747,0.0456989710745308,0.5671850808338746,8.243682616644867e-61,non-significant
0.1,degree,0.0649245935644161,1000,two_sample_t_p_value,1000.0,1.0,,0.31755241808467255,0.0314039985806383,0.26755241808467256,2.2226408148072564e-36,non-significant
0.1,degree,0.0649245935644161,1000,two_sample_t_p_value,1000.0,2.0,,0.04577034649325166,0.0070229158808855,-0.0042296535067483446,0.2632290370619528,significant
0.1,degree,0.0649245935644161,1000,two_sample_t_p_value,1000.0,3.0,,0.0027667090442381925,0.0005844024471984,-0.04723329095576181,0.0,significant
0.1,degree,0.0649245935644161,1000,two_sample_t_p_value,1000.0,4.0,,6.800991920878163e-05,1.8362842089333903e-05,-0.04993199008079122,0.0,significant
0.1,degree,0.0649245935644161,1000,two_sample_t_p_value,1000.0,5.0,,6.767256364648635e-07,2.2230339685012746e-07,-0.04999932327436354,0.0,significant
0.1,degree,0.0649245935644161,1000,two_sample_t_p_value,1000.0,6.0,,2.7553691733774752e-09,1.0633669183100307e-09,-0.04999999724463083,0.0,significant
0.2,degree,0.0499583480462569,30,two_sample_t_p_value,30.0,0.5,,0.6207230048851272,0.0347588783247008,0.5707230048851272,1.1740746750017103e-104,non-significant
0.2,degree,0.0499583480462569,30,two_sample_t_p_value,30.0,1.0,,0.3253086154260302,0.0237795084569167,0.2753086154260302,8.410025131245371e-66,non-significant
0.2,degree,0.0499583480462569,30,two_sample_t_p_value,30.0,2.0,,0.054625044962983094,0.0056804914880588,0.004625044962983091,0.21078088644046697,non-significant
0.2,degree,0.0499583480462569,30,two_sample_t_p_value,30.0,3.0,,0.005389964065651945,0.0006773415521934,-0.044610035934348057,0.0,significant
0.2,degree,0.0499583480462569,30,two_sample_t_p_value,30.0,4.0,,0.0003818456360837564,5.242793308995e-05,-0.04961815436391625,0.0,significant
0.2,degree,0.0499583480462569,30,two_sample_t_p_value,30.0,5.0,,2.32966854670078e-05,3.286150431238293e-06,-0.049976703314532994,0.0,significant
0.2,degree,0.0499583480462569,30,two_sample_t_p_value,30.0,6.0,,1.3942768767204764e-06,1.94705458355586e-07,-0.049998605723123285,0.0,significant
0.2,degree,0.0499583480462569,50,two_sample_t_p_value,50.0,0.5,,0.6192685675117714,0.0349254675104951,0.5692685675117714,2.0782956956484657e-103,non-significant
0.2,degree,0.0499583480462569,50,two_sample_t_p_value,50.0,1.0,,0.32212564510024433,0.0239371490002787,0.27212564510024434,1.785269193247126e-63,non-significant
0.2,degree,0.0499583480462569,50,two_sample_t_p_value,50.0,2.0,,0.05094706873769324,0.0055727689602108,0.0009470687376932352,0.4457947254583296,non-significant
0.2,degree,0.0499583480462569,50,two_sample_t_p_value,50.0,3.0,,0.004201703187068241,0.0005826203057063,-0.04579829681293176,0.0,significant
0.2,degree,0.0499583480462569,50,two_sample_t_p_value,50.0,4.0,,0.00020919024636403336,3.3399622430349866e-05,-0.04979080975363597,0.0,significant
0.2,degree,0.0499583480462569,50,two_sample_t_p_value,50.0,5.0,,7.4332122472325795e-06,1.2824773305679423e-06,-0.04999256678775277,0.0,significant
0.2,degree,0.0499583480462569,50,two_sample_t_p_value,50.0,6.0,,2.1889394850799978e-07,3.9120230670318226e-08,-0.049999781106051494,0.0,significant
0.2,degree,0.0499583480462569,75,two_sample_t_p_value,75.0,0.5,,0.6185389578679419,0.0350091343345895,0.5685389578679418,8.670059779621039e-103,non-significant
0.2,degree,0.0499583480462569,75,two_sample_t_p_value,75.0,1.0,,0.3205260061237414,0.0240166277998421,0.2705260061237414,2.4904761888743523e-62,non-significant
0.2,degree,0.0499583480462569,75,two_sample_t_p_value,75.0,2.0,,0.04912138289485513,0.0055156800407465,-0.0008786171051448702,0.4231678219881695,significant
0.2,degree,0.0499583480462569,75,two_sample_t_p_value,75.0,3.0,,0.0036630774411349812,0.0005355692871389,-0.04633692255886502,0.0,significant
0.2,degree,0.0499583480462569,75,two_sample_t_p_value,75.0,4.0,,0.00014717180322168836,2.5577354692087325e-05,-0.04985282819677832,0.0,significant
0.2,degree,0.0499583480462569,75,two_sample_t_p_value,75.0,5.0,,3.657912410473166e-06,7.102782798855253e-07,-0.04999634208758953,0.0,significant
0.2,degree,0.0499583480462569,75,two_sample_t_p_value,75.0,6.0,,6.480298590623212e-08,1.3463418334597291e-08,-0.049999935197014095,0.0,significant
0.2,degree,0.0499583480462569,100,two_sample_t_p_value,100.0,0.5,,0.6181735658308866,0.0350510600924552,0.5681735658308865,1.7670549499563068e-102,non-significant
0.2,degree,0.0499583480462569,100,two_sample_t_p_value,100.0,1.0,,0.31972415578412333,0.0240565329528517,0.26972415578412334,9.201473045042965e-62,non-significant
0.2,degree,0.0499583480462569,100,two_sample_t_p_value,100.0,2.0,,0.04821217873113365,0.0054862902249998,-0.0017878212688663547,0.3602085461188844,significant
0.2,degree,0.0499583480462569,100,two_sample_t_p_value,100.0,3.0,,0.0034079153433294465,0.0005121819469297,-0.04659208465667056,0.0,significant
0.2,degree,0.0499583480462569,100,two_sample_t_p_value,100.0,4.0,,0.00012152364430076177,2.2097032615345373e-05,-0.04987847635569924,0.0,significant
0.2,degree,0.0499583480462569,100,two_sample_t_p_value,100.0,5.0,,2.450173413503802e-06,5.075826347715331e-07,-0.049997549826586496,0.0,significant
0.2,degree,0.0499583480462569,100,two_sample_t_p_value,100.0,6.0,,3.172491502802852e-08,7.1737715101788315e-09,-0.049999968275084974,0.0,significant
0.2,degree,0.0499583480462569,300,two_sample_t_p_value,300.0,0.5,,0.617441622554225,0.0351350952640624,0.5674416225542249,7.308661535276987e-102,non-significant
0.2,degree,0.0499583480462569,300,two_sample_t_p_value,300.0,1.0,,0.31811640443062633,0.0241366763953928,0.26811640443062634,1.2290957721886295e-60,non-significant
0.2,degree,0.0499583480462569,300,two_sample_t_p_value,300.0,2.0,,0.0464015209831491,0.0054257617747114,-0.0035984790168509043,0.2469295085784171,significant
0.2,degree,0.0499583480462569,300,two_sample_t_p_value,300.0,3.0,,0.0029262198640661076,0.0004657832868964,-0.0470737801359339,0.0,significant
0.2,degree,0.0499583480462569,300,two_sample_t_p_value,300.0,4.0,,7.984004483719462e-05,1.59966528688517e-05,-0.04992015995516281,0.0,significant
0.2,degree,0.0499583480462569,300,two_sample_t_p_value,300.0,5.0,,9.769154730247779e-07,2.3360881550416166e-07,-0.04999902308452698,0.0,significant
0.2,degree,0.0499583480462569,300,two_sample_t_p_value,300.0,6.0,,5.676439092359154e-09,1.5590994111410508e-09,-0.04999999432356091,0.0,significant
0.2,degree,0.0499583480462569,500,two_sample_t_p_value,500.0,0.5,,0.6172950500946657,0.0351519315695336,0.5672950500946656,9.701871314762663e-102,non-significant
0.2,degree,0.0499583480462569,500,two_sample_t_p_value,500.0,1.0,,0.3177942072606085,0.0241527585650764,0.2677942072606085,2.0569550652864456e-60,non-significant
0.2,degree,0.0499583480462569,500,two_sample_t_p_value,500.0,2.0,,0.046040682769031456,0.0054133697310189,-0.003959317230968547,0.2268905248631875,significant
0.2,degree,0.0499583480462569,500,two_sample_t_p_value,500.0,3.0,,0.002834491812851143,0.000456575490649,-0.04716550818714886,0.0,significant
0.2,degree,0.0499583480462569,500,two_sample_t_p_value,500.0,4.0,,7.291606940371305e-05,1.4913061616185394e-05,-0.04992708393059629,0.0,significant
0.2,degree,0.0499583480462569,500,two_sample_t_p_value,500.0,5.0,,7.94641504790956e-07,1.960701886324188e-07,-0.04999920535849521,0.0,significant
0.2,degree,0.0499583480462569,500,two_sample_t_p_value,500.0,6.0,,3.790442338479296e-09,1.0877704376447723e-09,-0.04999999620955766,0.0,significant
0.2,degree,0.0499583480462569,1000,two_sample_t_p_value,1000.0,0.5,,0.6171850808338747,0.0351645651817916,0.5671850808338746,1.1996456397133416e-101,non-significant
0.2,degree,0.0499583480462569,1000,two_sample_t_p_value,1000.0,1.0,,0.31755241808467255,0.0241648319227302,0.26755241808467256,3.0242988514180546e-60,non-significant
0.2,degree,0.0499583480462569,1000,two_sample_t_p_value,1000.0,2.0,,0.04577034649325166,0.0054040118946414,-0.0042296535067483446,0.2125038798513873,significant
0.2,degree,0.0499583480462569,1000,two_sample_t_p_value,1000.0,3.0,,0.0027667090442381925,0.0004496875413976,-0.04723329095576181,0.0,significant
0.2,degree,0.0499583480462569,1000,two_sample_t_p_value,1000.0,4.0,,6.800991920878163e-05,1.4129888318934272e-05,-0.04993199008079122,0.0,significant
0.2,degree,0.0499583480462569,1000,two_sample_t_p_value,1000.0,5.0,,6.767256364648635e-07,1.7105860602246066e-07,-0.04999932327436354,0.0,significant
0.2,degree,0.0499583480462569,1000,two_sample_t_p_value,1000.0,6.0,,2.7553691733774752e-09,8.182423899673731e-10,-0.04999999724463083,0.0,significant
0.3,degree,0.0430113775336123,30,two_sample_t_p_value,30.0,0.5,,0.6207230048851272,0.0299254738544265,0.5707230048851272,1.2593663657005471e-140,non-significant
0.3,degree,0.0430113775336123,30,two_sample_t_p_value,30.0,1.0,,0.3253086154260302,0.0204728429942711,0.2753086154260302,3.931185012554352e-88,non-significant
0.3,degree,0.0430113775336123,30,two_sample_t_p_value,30.0,2.0,,0.054625044962983094,0.0048905893313995,0.004625044962983091,0.172702739010106,non-significant
0.3,degree,0.0430113775336123,30,two_sample_t_p_value,30.0,3.0,,0.005389964065651945,0.0005831536541925,-0.044610035934348057,0.0,significant
0.3,degree,0.0430113775336123,30,two_sample_t_p_value,30.0,4.0,,0.0003818456360837564,4.5137553814847536e-05,-0.04961815436391625,0.0,significant
0.3,degree,0.0430113775336123,30,two_sample_t_p_value,30.0,5.0,,2.32966854670078e-05,2.829193965728477e-06,-0.049976703314532994,0.0,significant
0.3,degree,0.0430113775336123,30,two_sample_t_p_value,30.0,6.0,,1.3942768767204764e-06,1.6763064241902198e-07,-0.049998605723123285,0.0,significant
0.3,degree,0.0430113775336123,50,two_sample_t_p_value,50.0,0.5,,0.6192685675117714,0.030068897939558,0.5692685675117714,6.074490800427612e-139,non-significant
0.3,degree,0.0430113775336123,50,two_sample_t_p_value,50.0,1.0,,0.32212564510024433,0.0206085627926693,0.27212564510024434,5.396449473345806e-85,non-significant
0.3,degree,0.0430113775336123,50,two_sample_t_p_value,50.0,2.0,,0.05094706873769324,0.004797846186453,0.0009470687376932352,0.4330046623641098,non-significant
0.3,degree,0.0430113775336123,50,two_sample_t_p_value,50.0,3.0,,0.004201703187068241,0.0005016038941936,-0.04579829681293176,0.0,significant
0.3,degree,0.0430113775336123,50,two_sample_t_p_value,50.0,4.0,,0.00020919024636403336,2.8755229626523195e-05,-0.04979080975363597,0.0,significant
0.3,degree,0.0430113775336123,50,two_sample_t_p_value,50.0,5.0,,7.4332122472325795e-06,1.104142126402636e-06,-0.04999256678775277,0.0,significant
0.3,degree,0.0430113775336123,50,two_sample_t_p_value,50.0,6.0,,2.1889394850799978e-07,3.36803572649181e-08,-0.049999781106051494,0.0,significant
0.3,degree,0.0430113775336123,75,two_sample_t_p_value,75.0,0.5,,0.6185389578679419,0.0301409304526193,0.5685389578679418,4.1706958735036493e-138,non-significant
0.3,degree,0.0430113775336123,75,two_sample_t_p_value,75.0,1.0,,0.3205260061237414,0.0206769896479924,0.2705260061237414,1.885484461376873e-83,non-significant
0.3,degree,0.0430113775336123,75,two_sample_t_p_value,75.0,2.0,,0.04912138289485513,0.0047486957808832,-0.0008786171051448702,0.4150967636400298,significant
0.3,degree,0.0430113775336123,75,two_sample_t_p_value,75.0,3.0,,0.0036630774411349812,0.0004610955667151,-0.04633692255886502,0.0,significant
0.3,degree,0.0430113775336123,75,two_sample_t_p_value,75.0,4.0,,0.00014717180322168836,2.202068927407025e-05,-0.04985282819677832,0.0,significant
0.3,degree,0.0430113775336123,75,two_sample_t_p_value,75.0,5.0,,3.657912410473166e-06,6.115103570237049e-07,-0.04999634208758953,0.0,significant
0.3,degree,0.0430113775336123,75,two_sample_t_p_value,75.0,6.0,,6.480298590623212e-08,1.1591259349611521e-08,-0.049999935197014095,0.0,significant
0.3,degree,0.0430113775336123,100,two_sample_t_p_value,100.0,0.5,,0.6181735658308866,0.0301770262137977,0.5681735658308865,1.08969211885662e-137,non-significant
0.3,degree,0.0430113775336123,100,two_sample_t_p_value,100.0,1.0,,0.31972415578412333,0.0207113457800255,0.26972415578412334,1.098289156772721e-82,non-significant
0.3,degree,0.0430113775336123,100,two_sample_t_p_value,100.0,2.0,,0.04821217873113365,0.0047233927732747,-0.0017878212688663547,0.34275716428066605,significant
0.3,degree,0.0430113775336123,100,two_sample_t_p_value,100.0,3.0,,0.0034079153433294465,0.0004409603589153,-0.04659208465667056,0.0,significant
0.3,degree,0.0430113775336123,100,two_sample_t_p_value,100.0,4.0,,0.00012152364430076177,1.9024324249295792e-05,-0.04987847635569924,0.0,significant
0.3,degree,0.0430113775336123,100,two_sample_t_p_value,100.0,5.0,,2.450173413503802e-06,4.3700060525319533e-07,-0.049997549826586496,0.0,significant
0.3,degree,0.0430113775336123,100,two_sample_t_p_value,100.0,6.0,,3.172491502802852e-08,6.176220928652023e-09,-0.049999968275084974,0.0,significant
0.3,degree,0.0430113775336123,300,two_sample_t_p_value,300.0,0.5,,0.617441622554225,0.0302493758537168,0.5674416225542249,7.395605996529055e-137,non-significant
0.3,degree,0.0430113775336123,300,two_sample_t_p_value,300.0,1.0,,0.31811640443062633,0.0207803448562317,0.26811640443062634,3.6189820619927887e-81,non-significant
0.3,degree,0.0430113775336123,300,two_sample_t_p_value,300.0,2.0,,0.0464015209831491,0.0046712811216951,-0.0035984790168509043,0.21660969119406837,significant
0.3,degree,0.0430113775336123,300,two_sample_t_p_value,300.0,3.0,,0.0029262198640661076,0.0004010136760927,-0.0470737801359339,0.0,significant
0.3,degree,0.0430113775336123,300,two_sample_t_p_value,300.0,4.0,,7.984004483719462e-05,1.377223432566789e-05,-0.04992015995516281,0.0,significant
0.3,degree,0.0430113775336123,300,two_sample_t_p_value,300.0,5.0,,9.769154730247779e-07,2.0112428356370174e-07,-0.04999902308452698,0.0,significant
0.3,degree,0.0430113775336123,300,two_sample_t_p_value,300.0,6.0,,5.676439092359154e-09,1.3422984547633515e-09,-0.04999999432356091,0.0,significant
0.3,degree,0.0430113775336123,500,two_sample_t_p_value,500.0,0.5,,0.6172950500946657,0.0302638709825433,0.5672950500946656,1.0836851225079064e-136,non-significant
0.3,degree,0.0430113775336123,500,two_sample_t_p_value,500.0,1.0,,0.3177942072606085,0.0207941907158101,0.2677942072606085,7.246473115583775e-81,non-significant
0.3,degree,0.0430113775336123,500,two_sample_t_p_value,500.0,2.0,,0.046040682769031456,0.0046606122567202,-0.003959317230968547,0.19514897310931023,significant
0.3,degree,0.0430113775336123,500,two_sample_t_p_value,500.0,3.0,,0.002834491812851143,0.0003930862722425,-0.04716550818714886,0.0,significant
0.3,degree,0.0430113775336123,500,two_sample_t_p_value,500.0,4.0,,7.291606940371305e-05,1.2839322124139596e-05,-0.04992708393059629,0.0,significant
0.3,degree,0.0430113775336123,500,two_sample_t_p_value,500.0,5.0,,7.94641504790956e-07,1.6880559978778965e-07,-0.04999920535849521,0.0,significant
0.3,degree,0.0430113775336123,500,two_sample_t_p_value,500.0,6.0,,3.790442338479296e-09,9.36510248900182e-10,-0.04999999620955766,0.0,significant
0.3,degree,0.0430113775336123,1000,two_sample_t_p_value,1000.0,0.5,,0.6171850808338747,0.0302747478247067,0.5671850808338746,1.4429835226640433e-136,non-significant
0.3,degree,0.0430113775336123,1000,two_sample_t_p_value,1000.0,1.0,,0.31755241808467255,0.0208045852097127,0.26755241808467256,1.2185327817489245e-80,non-significant
0.3,degree,0.0430113775336123,1000,two_sample_t_p_value,1000.0,2.0,,0.04577034649325166,0.0046525556766076,-0.0042296535067483446,0.17995597526228646,significant
0.3,degree,0.0430113775336123,1000,two_sample_t_p_value,1000.0,3.0,,0.0027667090442381925,0.0003871561284874,-0.04723329095576181,0.0,significant
0.3,degree,0.0430113775336123,1000,two_sample_t_p_value,1000.0,4.0,,6.800991920878163e-05,1.2165053184519688e-05,-0.04993199008079122,0.0,significant
0.3,degree,0.0430113775336123,1000,two_sample_t_p_value,1000.0,5.0,,6.767256364648635e-07,1.4727200901825565e-07,-0.04999932327436354,0.0,significant
0.3,degree,0.0430113775336123,1000,two_sample_t_p_value,1000.0,6.0,,2.7553691733774752e-09,7.044614909265152e-10,-0.04999999724463083,0.0,significant
0.4,degree,0.0398833995946593,30,two_sample_t_p_value,30.0,0.5,,0.6207230048851272,0.0277491608089722,0.5707230048851272,2.820880539598429e-163,non-significant
0.4,degree,0.0398833995946593,30,two_sample_t_p_value,30.0,1.0,,0.3253086154260302,0.0189839671454638,0.2753086154260302,3.4385201435819902e-102,non-significant
0.4,degree,0.0398833995946593,30,two_sample_t_p_value,30.0,2.0,,0.054625044962983094,0.0045349240071457,0.004625044962983091,0.15342065035969357,non-significant
0.4,degree,0.0398833995946593,30,two_sample_t_p_value,30.0,3.0,,0.005389964065651945,0.0005407441367593,-0.044610035934348057,0.0,significant
0.4,degree,0.0398833995946593,30,two_sample_t_p_value,30.0,4.0,,0.0003818456360837564,4.185495091656066e-05,-0.04961815436391625,0.0,significant
0.4,degree,0.0398833995946593,30,two_sample_t_p_value,30.0,5.0,,2.32966854670078e-05,2.6234424456126232e-06,-0.049976703314532994,0.0,significant
0.4,degree,0.0398833995946593,30,two_sample_t_p_value,30.0,6.0,,1.3942768767204764e-06,1.5543979940383474e-07,-0.049998605723123285,0.0,significant
0.4,degree,0.0398833995946593,50,two_sample_t_p_value,50.0,0.5,,0.6192685675117714,0.0278821544591832,0.5692685675117714,2.5584442913468643e-161,non-significant
0.4,degree,0.0398833995946593,50,two_sample_t_p_value,50.0,1.0,,0.32212564510024433,0.0191098167988071,0.27212564510024434,1.529739034153412e-98,non-significant
0.4,degree,0.0398833995946593,50,two_sample_t_p_value,50.0,2.0,,0.05094706873769324,0.0044489255546042,0.0009470687376932352,0.42603638956081974,non-significant
0.4,degree,0.0398833995946593,50,two_sample_t_p_value,50.0,3.0,,0.004201703187068241,0.0004651250366191,-0.04579829681293176,0.0,significant
0.4,degree,0.0398833995946593,50,two_sample_t_p_value,50.0,4.0,,0.00020919024636403336,2.6664021926165264e-05,-0.04979080975363597,0.0,significant
0.4,degree,0.0398833995946593,50,two_sample_t_p_value,50.0,5.0,,7.4332122472325795e-06,1.0238440189970527e-06,-0.04999256678775277,0.0,significant
0.4,degree,0.0398833995946593,50,two_sample_t_p_value,50.0,6.0,,2.1889394850799978e-07,3.1230972461597415e-08,-0.049999781106051494,0.0,significant
0.4,degree,0.0398833995946593,75,two_sample_t_p_value,75.0,0.5,,0.6185389578679419,0.0279489484487499,0.5685389578679418,2.4042479725372218e-160,non-significant
0.4,degree,0.0398833995946593,75,two_sample_t_p_value,75.0,1.0,,0.3205260061237414,0.0191732673500414,0.2705260061237414,9.530230296190563e-97,non-significant
0.4,degree,0.0398833995946593,75,two_sample_t_p_value,75.0,2.0,,0.04912138289485513,0.0044033495842915,-0.0008786171051448702,0.41034192262871727,significant
0.4,degree,0.0398833995946593,75,two_sample_t_p_value,75.0,3.0,,0.0036630774411349812,0.0004275626541896,-0.04633692255886502,0.0,significant
0.4,degree,0.0398833995946593,75,two_sample_t_p_value,75.0,4.0,,0.00014717180322168836,2.0419247185962226e-05,-0.04985282819677832,0.0,significant
0.4,degree,0.0398833995946593,75,two_sample_t_p_value,75.0,5.0,,3.657912410473166e-06,5.670386145244878e-07,-0.04999634208758953,0.0,significant
0.4,degree,0.0398833995946593,75,two_sample_t_p_value,75.0,6.0,,6.480298590623212e-08,1.0748291613878494e-08,-0.049999935197014095,0.0,significant
0.4,degree,0.0398833995946593,100,two_sample_t_p_value,100.0,0.5,,0.6181735658308866,0.0279824191662508,0.5681735658308865,7.345517300575482e-160,non-significant
0.4,degree,0.0398833995946593,100,two_sample_t_p_value,100.0,1.0,,0.31972415578412333,0.019205124951936,0.26972415578412334,7.395095637360032e-96,non-significant
0.4,degree,0.0398833995946593,100,two_sample_t_p_value,100.0,2.0,,0.04821217873113365,0.004379886723503,-0.0017878212688663547,0.3328514960126402,significant
0.4,degree,0.0398833995946593,100,two_sample_t_p_value,100.0,3.0,,0.0034079153433294465,0.0004088917679114,-0.04659208465667056,0.0,significant
0.4,degree,0.0398833995946593,100,two_sample_t_p_value,100.0,4.0,,0.00012152364430076177,1.7640791101379707e-05,-0.04987847635569924,0.0,significant
0.4,degree,0.0398833995946593,100,two_sample_t_p_value,100.0,5.0,,2.450173413503802e-06,4.0521998507954753e-07,-0.049997549826586496,0.0,significant
0.4,degree,0.0398833995946593,100,two_sample_t_p_value,100.0,6.0,,3.172491502802852e-08,5.727058778571479e-09,-0.049999968275084974,0.0,significant
0.4,degree,0.0398833995946593,300,two_sample_t_p_value,300.0,0.5,,0.617441622554225,0.0280495072198052,0.5674416225542249,6.810468770569513e-159,non-significant
0.4,degree,0.0398833995946593,300,two_sample_t_p_value,300.0,1.0,,0.31811640443062633,0.0192691061096156,0.26811640443062634,4.3035861541159634e-94,non-significant
0.4,degree,0.0398833995946593,300,two_sample_t_p_value,300.0,2.0,,0.0464015209831491,0.0043315648621103,-0.0035984790168509043,0.200342358662563,significant
0.4,degree,0.0398833995946593,300,two_sample_t_p_value,300.0,3.0,,0.0029262198640661076,0.00037185018485,-0.0470737801359339,0.0,significant
0.4,degree,0.0398833995946593,300,two_sample_t_p_value,300.0,4.0,,7.984004483719462e-05,1.2770656426724409e-05,-0.04992015995516281,0.0,significant
0.4,degree,0.0398833995946593,300,two_sample_t_p_value,300.0,5.0,,9.769154730247779e-07,1.8649763456871545e-07,-0.04999902308452698,0.0,significant
0.4,degree,0.0398833995946593,300,two_sample_t_p_value,300.0,6.0,,5.676439092359154e-09,1.2446805639922575e-09,-0.04999999432356091,0.0,significant
0.4,degree,0.0398833995946593,500,two_sample_t_p_value,500.0,0.5,,0.6172950500946657,0.0280629481986419,0.5672950500946656,1.0620312641544627e-158,non-significant
0.4,degree,0.0398833995946593,500,two_sample_t_p_value,500.0,1.0,,0.3177942072606085,0.0192819450369405,0.2677942072606085,9.64810714072188e-94,non-significant
0.4,degree,0.0398833995946593,500,two_sample_t_p_value,500.0,2.0,,0.046040682769031456,0.0043216718842655,-0.003959317230968547,0.17834969139874857,significant
0.4,degree,0.0398833995946593,500,two_sample_t_p_value,500.0,3.0,,0.002834491812851143,0.0003644992969307,-0.04716550818714886,0.0,significant
0.4,degree,0.0398833995946593,500,two_sample_t_p_value,500.0,4.0,,7.291606940371305e-05,1.1905589733819504e-05,-0.04992708393059629,0.0,significant
0.4,degree,0.0398833995946593,500,two_sample_t_p_value,500.0,5.0,,7.94641504790956e-07,1.5652930866702046e-07,-0.04999920535849521,0.0,significant
0.4,degree,0.0398833995946593,500,two_sample_t_p_value,500.0,6.0,,3.790442338479296e-09,8.684030743305253e-10,-0.04999999620955766,0.0,significant
0.4,degree,0.0398833995946593,1000,two_sample_t_p_value,1000.0,0.5,,0.6171850808338747,0.0280730340286525,0.5671850808338746,1.4816796091084161e-158,non-significant
0.4,degree,0.0398833995946593,1000,two_sample_t_p_value,1000.0,1.0,,0.31755241808467255,0.019291583597193,0.26755241808467256,1.7655644348248256e-93,non-significant
0.4,degree,0.0398833995946593,1000,two_sample_t_p_value,1000.0,2.0,,0.04577034649325166,0.0043142012143539,-0.0042296535067483446,0.16291694227157194,significant
0.4,degree,0.0398833995946593,1000,two_sample_t_p_value,1000.0,3.0,,0.0027667090442381925,0.0003590004195033,-0.04723329095576181,0.0,significant
0.4,degree,0.0398833995946593,1000,two_sample_t_p_value,1000.0,4.0,,6.800991920878163e-05,1.1280356618881197e-05,-0.04993199008079122,0.0,significant
0.4,degree,0.0398833995946593,1000,two_sample_t_p_value,1000.0,5.0,,6.767256364648635e-07,1.36561736024223e-07,-0.04999932327436354,0.0,significant
0.4,degree,0.0398833995946593,1000,two_sample_t_p_value,1000.0,6.0,,2.7553691733774752e-09,6.532299301438346e-10,-0.04999999724463083,0.0,significant
0.5,degree,0.0462737403214584,30,two_sample_t_p_value,30.0,0.5,,0.6207230048851272,0.0321952861206123,0.5707230048851272,1.0143282405639449e-121,non-significant
0.5,degree,0.0462737403214584,30,two_sample_t_p_value,30.0,1.0,,0.3253086154260302,0.0220256842417697,0.2753086154260302,2.1412842481044243e-76,non-significant
0.5,degree,0.0462737403214584,30,two_sample_t_p_value,30.0,2.0,,0.054625044962983094,0.0052615348244363,0.004625044962983091,0.19138030571582385,non-significant
0.5,degree,0.0462737403214584,30,two_sample_t_p_value,30.0,3.0,,0.005389964065651945,0.0006273851782711,-0.044610035934348057,0.0,significant
0.5,degree,0.0462737403214584,30,two_sample_t_p_value,30.0,4.0,,0.0003818456360837564,4.856118459218973e-05,-0.04961815436391625,0.0,significant
0.5,degree,0.0462737403214584,30,two_sample_t_p_value,30.0,5.0,,2.32966854670078e-05,3.0437850261096155e-06,-0.049976703314532994,0.0,significant
0.5,degree,0.0462737403214584,30,two_sample_t_p_value,30.0,6.0,,1.3942768767204764e-06,1.80345231006732e-07,-0.049998605723123285,0.0,significant
0.5,degree,0.0462737403214584,50,two_sample_t_p_value,50.0,0.5,,0.6192685675117714,0.0323495887552125,0.5692685675117714,2.888574771280164e-120,non-significant
0.5,degree,0.0462737403214584,50,two_sample_t_p_value,50.0,1.0,,0.32212564510024433,0.0221716982284794,0.27212564510024434,1.1017989034867606e-73,non-significant
0.5,degree,0.0462737403214584,50,two_sample_t_p_value,50.0,2.0,,0.05094706873769324,0.005161757220185,0.0009470687376932352,0.4394100879990678,non-significant
0.5,degree,0.0462737403214584,50,two_sample_t_p_value,50.0,3.0,,0.004201703187068241,0.0005396499641521,-0.04579829681293176,0.0,significant
0.5,degree,0.0462737403214584,50,two_sample_t_p_value,50.0,4.0,,0.00020919024636403336,3.093628023380098e-05,-0.04979080975363597,0.0,significant
0.5,degree,0.0462737403214584,50,two_sample_t_p_value,50.0,5.0,,7.4332122472325795e-06,1.1878900180588443e-06,-0.04999256678775277,0.0,significant
0.5,degree,0.0462737403214584,50,two_sample_t_p_value,50.0,6.0,,2.1889394850799978e-07,3.6234973055508975e-08,-0.049999781106051494,0.0,significant
0.5,degree,0.0462737403214584,75,two_sample_t_p_value,75.0,0.5,,0.6185389578679419,0.0324270848503212,0.5685389578679418,1.5262778995363647e-119,non-significant
0.5,degree,0.0462737403214584,75,two_sample_t_p_value,75.0,1.0,,0.3205260061237414,0.0222453151809185,0.2705260061237414,2.3758002141699796e-72,non-significant
0.5,degree,0.0462737403214584,75,two_sample_t_p_value,75.0,2.0,,0.04912138289485513,0.0051088788137156,-0.0008786171051448702,0.41925667722025783,significant
0.5,degree,0.0462737403214584,75,two_sample_t_p_value,75.0,3.0,,0.0036630774411349812,0.0004960691273112,-0.04633692255886502,0.0,significant
0.5,degree,0.0462737403214584,75,two_sample_t_p_value,75.0,4.0,,0.00014717180322168836,2.3690932855418185e-05,-0.04985282819677832,0.0,significant
0.5,degree,0.0462737403214584,75,two_sample_t_p_value,75.0,5.0,,3.657912410473166e-06,6.578927039173287e-07,-0.04999634208758953,0.0,significant
0.5,degree,0.0462737403214584,75,two_sample_t_p_value,75.0,6.0,,6.480298590623212e-08,1.2470442843255604e-08,-0.049999935197014095,0.0,significant
0.5,degree,0.0462737403214584,100,two_sample_t_p_value,100.0,0.5,,0.6181735658308866,0.032465918432858,0.5681735658308865,3.4996549643315073e-119,non-significant
0.5,degree,0.0462737403214584,100,two_sample_t_p_value,100.0,1.0,,0.31972415578412333,0.0222822771854697,0.26972415578412334,1.0893489887982588e-71,non-significant
0.5,degree,0.0462737403214584,100,two_sample_t_p_value,100.0,2.0,,0.04821217873113365,0.0050816566025109,-0.0017878212688663547,0.3516351510016116,significant
0.5,degree,0.0462737403214584,100,two_sample_t_p_value,100.0,3.0,,0.0034079153433294465,0.0004744066874993,-0.04659208465667056,0.0,significant
0.5,degree,0.0462737403214584,100,two_sample_t_p_value,100.0,4.0,,0.00012152364430076177,2.046729704053735e-05,-0.04987847635569924,0.0,significant
0.5,degree,0.0462737403214584,100,two_sample_t_p_value,100.0,5.0,,2.450173413503802e-06,4.701465911433273e-07,-0.049997549826586496,0.0,significant
0.5,degree,0.0462737403214584,100,two_sample_t_p_value,100.0,6.0,,3.172491502802852e-08,6.644680077894678e-09,-0.049999968275084974,0.0,significant
0.5,degree,0.0462737403214584,300,two_sample_t_p_value,300.0,0.5,,0.617441622554225,0.0325437557085265,0.5674416225542249,1.8307575583381538e-118,non-significant
0.5,degree,0.0462737403214584,300,two_sample_t_p_value,300.0,1.0,,0.31811640443062633,0.0223565097610781,0.26811640443062634,2.2330387986973165e-70,non-significant
0.5,degree,0.0462737403214584,300,two_sample_t_p_value,300.0,2.0,,0.0464015209831491,0.0050255923429779,-0.0035984790168509043,0.2317634515903485,significant
0.5,degree,0.0462737403214584,300,two_sample_t_p_value,300.0,3.0,,0.0029262198640661076,0.0004314300954059,-0.0470737801359339,0.0,significant
0.5,degree,0.0462737403214584,300,two_sample_t_p_value,300.0,4.0,,7.984004483719462e-05,1.4816842225855323e-05,-0.04992015995516281,0.0,significant
0.5,degree,0.0462737403214584,300,two_sample_t_p_value,300.0,5.0,,9.769154730247779e-07,2.1637932574219681e-07,-0.04999902308452698,0.0,significant
0.5,degree,0.0462737403214584,300,two_sample_t_p_value,300.0,6.0,,5.676439092359154e-09,1.4441102259762398e-09,-0.04999999432356091,0.0,significant
0.5,degree,0.0462737403214584,500,two_sample_t_p_value,500.0,0.5,,0.6172950500946657,0.0325593502759575,0.5672950500946656,2.5468441771308415e-118,non-significant
0.5,degree,0.0462737403214584,500,two_sample_t_p_value,500.0,1.0,,0.3177942072606085,0.0223714058129462,0.2677942072606085,4.0689795743952815e-70,non-significant
0.5,degree,0.0462737403214584,500,two_sample_t_p_value,500.0,2.0,,0.046040682769031456,0.0050141142570461,-0.003959317230968547,0.21094683585770735,significant
0.5,degree,0.0462737403214584,500,two_sample_t_p_value,500.0,3.0,,0.002834491812851143,0.0004229014072257,-0.04716550818714886,0.0,significant
0.5,degree,0.0462737403214584,500,two_sample_t_p_value,500.0,4.0,,7.291606940371305e-05,1.3813169722632088e-05,-0.04992708393059629,0.0,significant
0.5,degree,0.0462737403214584,500,two_sample_t_p_value,500.0,5.0,,7.94641504790956e-07,1.816093075206416e-07,-0.04999920535849521,0.0,significant
0.5,degree,0.0462737403214584,500,two_sample_t_p_value,500.0,6.0,,3.790442338479296e-09,1.0075434582890432e-09,-0.04999999620955766,0.0,significant
0.5,degree,0.0462737403214584,1000,two_sample_t_p_value,1000.0,0.5,,0.6171850808338747,0.0325710521139047,0.5671850808338746,3.261777682616472e-118,non-significant
0.5,degree,0.0462737403214584,1000,two_sample_t_p_value,1000.0,1.0,,0.31755241808467255,0.02238258871708,0.26755241808467256,6.37592743630577e-70,non-significant
0.5,degree,0.0462737403214584,1000,two_sample_t_p_value,1000.0,2.0,,0.04577034649325166,0.0050054465947347,-0.0042296535067483446,0.19610088176057927,significant
0.5,degree,0.0462737403214584,1000,two_sample_t_p_value,1000.0,3.0,,0.0027667090442381925,0.0004165214689877,-0.04723329095576181,0.0,significant
0.5,degree,0.0462737403214584,1000,two_sample_t_p_value,1000.0,4.0,,6.800991920878163e-05,1.3087758270873446e-05,-0.04993199008079122,0.0,significant
0.5,degree,0.0462737403214584,1000,two_sample_t_p_value,1000.0,5.0,,6.767256364648635e-07,1.5844241902284177e-07,-0.04999932327436354,0.0,significant
0.5,degree,0.0462737403214584,1000,two_sample_t_p_value,1000.0,6.0,,2.7553691733774752e-09,7.5789407284448e-10,-0.04999999724463083,0.0,significant
0.05,eigenvec,0.1398679445345351,30,two_sample_t_p_value,30.0,0.5,,0.6207230048851272,0.0973141237796827,0.5707230048851272,1.7428029211767094e-14,non-significant
0.05,eigenvec,0.1398679445345351,30,two_sample_t_p_value,30.0,1.0,,0.3253086154260302,0.0665752792072102,0.2753086154260302,1.0205702137911073e-09,non-significant
0.05,eigenvec,0.1398679445345351,30,two_sample_t_p_value,30.0,2.0,,0.054625044962983094,0.0159036217059272,0.004625044962983091,0.4186448528837427,non-significant
0.05,eigenvec,0.1398679445345351,30,two_sample_t_p_value,30.0,3.0,,0.005389964065651945,0.0018963471443333,-0.044610035934348057,0.0,significant
0.05,eigenvec,0.1398679445345351,30,two_sample_t_p_value,30.0,4.0,,0.0003818456360837564,0.0001467820199077,-0.04961815436391625,0.0,significant
0.05,eigenvec,0.1398679445345351,30,two_sample_t_p_value,30.0,5.0,,2.32966854670078e-05,9.200206256279796e-06,-0.049976703314532994,0.0,significant
0.05,eigenvec,0.1398679445345351,30,two_sample_t_p_value,30.0,6.0,,1.3942768767204764e-06,5.451151472149359e-07,-0.049998605723123285,0.0,significant
0.05,eigenvec,0.1398679445345351,50,two_sample_t_p_value,50.0,0.5,,0.6192685675117714,0.097780522047639,0.5692685675117714,2.5197932684042542e-14,non-significant
0.05,eigenvec,0.1398679445345351,50,two_sample_t_p_value,50.0,1.0,,0.32212564510024433,0.0670166240402085,0.27212564510024434,2.0406541050417416e-09,non-significant
0.05,eigenvec,0.1398679445345351,50,two_sample_t_p_value,50.0,2.0,,0.05094706873769324,0.01560203189883,0.0009470687376932352,0.5145231648864802,non-significant
0.05,eigenvec,0.1398679445345351,50,two_sample_t_p_value,50.0,3.0,,0.004201703187068241,0.0016311569095074,-0.04579829681293176,0.0,significant
0.05,eigenvec,0.1398679445345351,50,two_sample_t_p_value,50.0,4.0,,0.00020919024636403336,9.350862709145568e-05,-0.04979080975363597,0.0,significant
0.05,eigenvec,0.1398679445345351,50,two_sample_t_p_value,50.0,5.0,,7.4332122472325795e-06,3.590540423245948e-06,-0.04999256678775277,0.0,significant
0.05,eigenvec,0.1398679445345351,50,two_sample_t_p_value,50.0,6.0,,2.1889394850799978e-07,1.0952456331238216e-07,-0.049999781106051494,0.0,significant
0.05,eigenvec,0.1398679445345351,75,two_sample_t_p_value,75.0,0.5,,0.6185389578679419,0.0980147633140032,0.5685389578679418,3.0265912037472096e-14,non-significant
0.05,eigenvec,0.1398679445345351,75,two_sample_t_p_value,75.0,1.0,,0.3205260061237414,0.0672391401313873,0.2705260061237414,2.8698244437247586e-09,non-significant
0.05,eigenvec,0.1398679445345351,75,two_sample_t_p_value,75.0,2.0,,0.04912138289485513,0.015442200556653,-0.0008786171051448702,0.4379646790336692,significant
0.05,eigenvec,0.1398679445345351,75,two_sample_t_p_value,75.0,3.0,,0.0036630774411349812,0.001499428589564,-0.04633692255886502,0.0,significant
0.05,eigenvec,0.1398679445345351,75,two_sample_t_p_value,75.0,4.0,,0.00014717180322168836,7.160869338795199e-05,-0.04985282819677832,0.0,significant
0.05,eigenvec,0.1398679445345351,75,two_sample_t_p_value,75.0,5.0,,3.657912410473166e-06,1.988559809125975e-06,-0.04999634208758953,0.0,significant
0.05,eigenvec,0.1398679445345351,75,two_sample_t_p_value,75.0,6.0,,6.480298590623212e-08,3.769341306332059e-08,-0.049999935197014095,0.0,significant
0.05,eigenvec,0.1398679445345351,100,two_sample_t_p_value,100.0,0.5,,0.6181735658308866,0.0981321424869554,0.5681735658308865,3.316118015553277e-14,non-significant
0.05,eigenvec,0.1398679445345351,100,two_sample_t_p_value,100.0,1.0,,0.31972415578412333,0.0673508622348209,0.26972415578412334,3.3986356985366935e-09,non-significant
0.05,eigenvec,0.1398679445345351,100,two_sample_t_p_value,100.0,2.0,,0.04821217873113365,0.0153599181498183,-0.0017878212688663547,0.414614760059303,significant
0.05,eigenvec,0.1398679445345351,100,two_sample_t_p_value,100.0,3.0,,0.0034079153433294465,0.0014339512603264,-0.04659208465667056,0.0,significant
0.05,eigenvec,0.1398679445345351,100,two_sample_t_p_value,100.0,4.0,,0.00012152364430076177,6.186486649557073e-05,-0.04987847635569924,0.0,significant
0.05,eigenvec,0.1398679445345351,100,two_sample_t_p_value,100.0,5.0,,2.450173413503802e-06,1.42107460681413e-06,-0.049997549826586496,0.0,significant
0.05,eigenvec,0.1398679445345351,100,two_sample_t_p_value,100.0,6.0,,3.172491502802852e-08,2.008434455759189e-08,-0.049999968275084974,0.0,significant
0.05,eigenvec,0.1398679445345351,300,two_sample_t_p_value,300.0,0.5,,0.617441622554225,0.0983674150125885,0.5674416225542249,3.978732907593663e-14,non-significant
0.05,eigenvec,0.1398679445345351,300,two_sample_t_p_value,300.0,1.0,,0.31811640443062633,0.0675752391210575,0.26811640443062634,4.753537119126665e-09,non-significant
0.05,eigenvec,0.1398679445345351,300,two_sample_t_p_value,300.0,2.0,,0.0464015209831491,0.0151904571836579,-0.0035984790168509043,0.369118028565796,significant
0.05,eigenvec,0.1398679445345351,300,two_sample_t_p_value,300.0,3.0,,0.0029262198640661076,0.001304049342793,-0.0470737801359339,0.0,significant
0.05,eigenvec,0.1398679445345351,300,two_sample_t_p_value,300.0,4.0,,7.984004483719462e-05,4.4785687351533606e-05,-0.04992015995516281,0.0,significant
0.05,eigenvec,0.1398679445345351,300,two_sample_t_p_value,300.0,5.0,,9.769154730247779e-07,6.540325316493853e-07,-0.04999902308452698,0.0,significant
0.05,eigenvec,0.1398679445345351,300,two_sample_t_p_value,300.0,6.0,,5.676439092359154e-09,4.36499681213221e-09,-0.04999999432356091,0.0,significant
0.05,eigenvec,0.1398679445345351,500,two_sample_t_p_value,500.0,0.5,,0.6172950500946657,0.0984145514678939,0.5672950500946656,4.1260035878993337e-14,non-significant
0.05,eigenvec,0.1398679445345351,500,two_sample_t_p_value,500.0,1.0,,0.3177942072606085,0.0676202642290777,0.2677942072606085,5.081239475465196e-09,non-significant
0.05,eigenvec,0.1398679445345351,500,two_sample_t_p_value,500.0,2.0,,0.046040682769031456,0.0151557632886905,-0.003959317230968547,0.36025018851261503,significant
0.05,eigenvec,0.1398679445345351,500,two_sample_t_p_value,500.0,3.0,,0.002834491812851143,0.0012782703571943,-0.04716550818714886,0.0,significant
0.05,eigenvec,0.1398679445345351,500,two_sample_t_p_value,500.0,4.0,,7.291606940371305e-05,4.175196651901714e-05,-0.04992708393059629,0.0,significant
0.05,eigenvec,0.1398679445345351,500,two_sample_t_p_value,500.0,5.0,,7.94641504790956e-07,5.489359704833097e-07,-0.04999920535849521,0.0,significant
0.05,eigenvec,0.1398679445345351,500,two_sample_t_p_value,500.0,6.0,,3.790442338479296e-09,3.0454212596848527e-09,-0.04999999620955766,0.0,significant
0.05,eigenvec,0.1398679445345351,1000,two_sample_t_p_value,1000.0,0.5,,0.6171850808338747,0.0984499216802342,0.5671850808338746,4.239941322992847e-14,non-significant
0.05,eigenvec,0.1398679445345351,1000,two_sample_t_p_value,1000.0,1.0,,0.31755241808467255,0.0676540659015652,0.26755241808467256,5.341248379719086e-09,non-significant
0.05,eigenvec,0.1398679445345351,1000,two_sample_t_p_value,1000.0,2.0,,0.04577034649325166,0.0151295642370687,-0.0042296535067483446,0.3536562443948843,significant
0.05,eigenvec,0.1398679445345351,1000,two_sample_t_p_value,1000.0,3.0,,0.0027667090442381925,0.0012589862266831,-0.04723329095576181,0.0,significant
0.05,eigenvec,0.1398679445345351,1000,two_sample_t_p_value,1000.0,4.0,,6.800991920878163e-05,3.9559323175417707e-05,-0.04993199008079122,0.0,significant
0.05,eigenvec,0.1398679445345351,1000,two_sample_t_p_value,1000.0,5.0,,6.767256364648635e-07,4.789112641825439e-07,-0.04999932327436354,0.0,significant
0.05,eigenvec,0.1398679445345351,1000,two_sample_t_p_value,1000.0,6.0,,2.7553691733774752e-09,2.29082597186351e-09,-0.04999999724463083,0.0,significant
0.1,eigenvec,0.0905767239637379,30,two_sample_t_p_value,30.0,0.5,,0.6207230048851272,0.0630194041722616,0.5707230048851272,7.683658699895415e-33,non-significant
0.1,eigenvec,0.0905767239637379,30,two_sample_t_p_value,30.0,1.0,,0.3253086154260302,0.0431133145455736,0.2753086154260302,3.603329750183143e-21,non-significant
0.1,eigenvec,0.0905767239637379,30,two_sample_t_p_value,30.0,2.0,,0.054625044962983094,0.010298985647321,0.004625044962983091,0.3441330500122124,non-significant
0.1,eigenvec,0.0905767239637379,30,two_sample_t_p_value,30.0,3.0,,0.005389964065651945,0.0012280505901714,-0.044610035934348057,0.0,significant
0.1,eigenvec,0.0905767239637379,30,two_sample_t_p_value,30.0,4.0,,0.0003818456360837564,9.505419232599142e-05,-0.04961815436391625,0.0,significant
0.1,eigenvec,0.0905767239637379,30,two_sample_t_p_value,30.0,5.0,,2.32966854670078e-05,5.957938005435916e-06,-0.049976703314532994,0.0,significant
0.1,eigenvec,0.0905767239637379,30,two_sample_t_p_value,30.0,6.0,,1.3942768767204764e-06,3.53009722006377e-07,-0.049998605723123285,0.0,significant
0.1,eigenvec,0.0905767239637379,50,two_sample_t_p_value,50.0,0.5,,0.6192685675117714,0.0633214378320429,0.5692685675117714,1.8447776270354375e-32,non-significant
0.1,eigenvec,0.0905767239637379,50,two_sample_t_p_value,50.0,1.0,,0.32212564510024433,0.0433991239155786,0.27212564510024434,1.8530932381334843e-20,non-significant
0.1,eigenvec,0.0905767239637379,50,two_sample_t_p_value,50.0,2.0,,0.05094706873769324,0.0101036798765912,0.0009470687376932352,0.48749328669610226,non-significant
0.1,eigenvec,0.0905767239637379,50,two_sample_t_p_value,50.0,3.0,,0.004201703187068241,0.0010563167252201,-0.04579829681293176,0.0,significant
0.1,eigenvec,0.0905767239637379,50,two_sample_t_p_value,50.0,4.0,,0.00020919024636403336,6.055501231877767e-05,-0.04979080975363597,0.0,significant
0.1,eigenvec,0.0905767239637379,50,two_sample_t_p_value,50.0,5.0,,7.4332122472325795e-06,2.325188876402557e-06,-0.04999256678775277,0.0,significant
0.1,eigenvec,0.0905767239637379,50,two_sample_t_p_value,50.0,6.0,,2.1889394850799978e-07,7.092673143520112e-08,-0.049999781106051494,0.0,significant
0.1,eigenvec,0.0905767239637379,75,two_sample_t_p_value,75.0,0.5,,0.6185389578679419,0.0634731295337762,0.5685389578679418,2.85108575679068e-32,non-significant
0.1,eigenvec,0.0905767239637379,75,two_sample_t_p_value,75.0,1.0,,0.3205260061237414,0.0435432225411448,0.2705260061237414,4.147419153534668e-20,non-significant
0.1,eigenvec,0.0905767239637379,75,two_sample_t_p_value,75.0,2.0,,0.04912138289485513,0.0100001751070795,-0.0008786171051448702,0.43973585585852293,significant
0.1,eigenvec,0.0905767239637379,75,two_sample_t_p_value,75.0,3.0,,0.0036630774411349812,0.0009710111198978,-0.04633692255886502,0.0,significant
0.1,eigenvec,0.0905767239637379,75,two_sample_t_p_value,75.0,4.0,,0.00014717180322168836,4.637289034302623e-05,-0.04985282819677832,0.0,significant
0.1,eigenvec,0.0905767239637379,75,two_sample_t_p_value,75.0,5.0,,3.657912410473166e-06,1.2877663535844244e-06,-0.04999634208758953,0.0,significant
0.1,eigenvec,0.0905767239637379,75,two_sample_t_p_value,75.0,6.0,,6.480298590623212e-08,2.440978082325752e-08,-0.049999935197014095,0.0,significant
0.1,eigenvec,0.0905767239637379,100,two_sample_t_p_value,100.0,0.5,,0.6181735658308866,0.0635491428117504,0.5681735658308865,3.5421011216745066e-32,non-significant
0.1,eigenvec,0.0905767239637379,100,two_sample_t_p_value,100.0,1.0,,0.31972415578412333,0.0436155723719586,0.26972415578412334,6.184301526554708e-20,non-significant
0.1,eigenvec,0.0905767239637379,100,two_sample_t_p_value,100.0,2.0,,0.04821217873113365,0.0099468900539836,-0.0017878212688663547,0.4041440200466657,significant
0.1,eigenvec,0.0905767239637379,100,two_sample_t_p_value,100.0,3.0,,0.0034079153433294465,0.0009286088239608,-0.04659208465667056,0.0,significant
0.1,eigenvec,0.0905767239637379,100,two_sample_t_p_value,100.0,4.0,,0.00012152364430076177,4.0062910442208085e-05,-0.04987847635569924,0.0,significant
0.1,eigenvec,0.0905767239637379,100,two_sample_t_p_value,100.0,5.0,,2.450173413503802e-06,9.202700648932408e-07,-0.049997549826586496,0.0,significant
0.1,eigenvec,0.0905767239637379,100,two_sample_t_p_value,100.0,6.0,,3.172491502802852e-08,1.3006369250936018e-08,-0.049999968275084974,0.0,significant
0.1,eigenvec,0.0905767239637379,300,two_sample_t_p_value,300.0,0.5,,0.617441622554225,0.0637015023440323,0.5674416225542249,5.460024194669615e-32,non-significant
0.1,eigenvec,0.0905767239637379,300,two_sample_t_p_value,300.0,1.0,,0.31811640443062633,0.0437608760250303,0.26811640443062634,1.366039437237426e-19,non-significant
0.1,eigenvec,0.0905767239637379,300,two_sample_t_p_value,300.0,2.0,,0.0464015209831491,0.0098371492609404,-0.0035984790168509043,0.3359285023418235,significant
0.1,eigenvec,0.0905767239637379,300,two_sample_t_p_value,300.0,3.0,,0.0029262198640661076,0.0008444859738972,-0.0470737801359339,0.0,significant
0.1,eigenvec,0.0905767239637379,300,two_sample_t_p_value,300.0,4.0,,7.984004483719462e-05,2.9002648564443e-05,-0.04992015995516281,0.0,significant
0.1,eigenvec,0.0905767239637379,300,two_sample_t_p_value,300.0,5.0,,9.769154730247779e-07,4.235432520271573e-07,-0.04999902308452698,0.0,significant
0.1,eigenvec,0.0905767239637379,300,two_sample_t_p_value,300.0,6.0,,5.676439092359154e-09,2.8267171057016156e-09,-0.04999999432356091,0.0,significant
0.1,eigenvec,0.0905767239637379,500,two_sample_t_p_value,500.0,0.5,,0.6172950500946657,0.0637320273203951,0.5672950500946656,5.952373130624918e-32,non-significant
0.1,eigenvec,0.0905767239637379,500,two_sample_t_p_value,500.0,1.0,,0.3177942072606085,0.0437900337194124,0.2677942072606085,1.5989746192687237e-19,non-significant
0.1,eigenvec,0.0905767239637379,500,two_sample_t_p_value,500.0,2.0,,0.046040682769031456,0.0098146819303584,-0.003959317230968547,0.3228920748439208,significant
0.1,eigenvec,0.0905767239637379,500,two_sample_t_p_value,500.0,3.0,,0.002834491812851143,0.00082779182664,-0.04716550818714886,0.0,significant
0.1,eigenvec,0.0905767239637379,500,two_sample_t_p_value,500.0,4.0,,7.291606940371305e-05,2.7038049060644345e-05,-0.04992708393059629,0.0,significant
0.1,eigenvec,0.0905767239637379,500,two_sample_t_p_value,500.0,5.0,,7.94641504790956e-07,3.55484039160643e-07,-0.04999920535849521,0.0,significant
0.1,eigenvec,0.0905767239637379,500,two_sample_t_p_value,500.0,6.0,,3.790442338479296e-09,1.9721765534608573e-09,-0.04999999620955766,0.0,significant
0.1,eigenvec,0.0905767239637379,1000,two_sample_t_p_value,1000.0,0.5,,0.6171850808338747,0.0637549326256125,0.5671850808338746,6.350264916653789e-32,non-significant
0.1,eigenvec,0.0905767239637379,1000,two_sample_t_p_value,1000.0,1.0,,0.31755241808467255,0.0438119232579238,0.26755241808467256,1.7989768728291243e-19,non-significant
0.1,eigenvec,0.0905767239637379,1000,two_sample_t_p_value,1000.0,2.0,,0.04577034649325166,0.009797715753621,-0.0042296535067483446,0.3132676489960322,significant
0.1,eigenvec,0.0905767239637379,1000,two_sample_t_p_value,1000.0,3.0,,0.0027667090442381925,0.0008153036659537,-0.04723329095576181,0.0,significant
0.1,eigenvec,0.0905767239637379,1000,two_sample_t_p_value,1000.0,4.0,,6.800991920878163e-05,2.5618120773680097e-05,-0.04993199008079122,0.0,significant
0.1,eigenvec,0.0905767239637379,1000,two_sample_t_p_value,1000.0,5.0,,6.767256364648635e-07,3.101369189584139e-07,-0.04999932327436354,0.0,significant
0.1,eigenvec,0.0905767239637379,1000,two_sample_t_p_value,1000.0,6.0,,2.7553691733774752e-09,1.4835101237310996e-09,-0.04999999724463083,0.0,significant
0.2,eigenvec,0.0713615239924139,30,two_sample_t_p_value,30.0,0.5,,0.6207230048851272,0.0496502912230177,0.5707230048851272,4.6178968922906334e-52,non-significant
0.2,eigenvec,0.0713615239924139,30,two_sample_t_p_value,30.0,1.0,,0.3253086154260302,0.0339671352164178,0.2753086154260302,3.9674045716155624e-33,non-significant
0.2,eigenvec,0.0713615239924139,30,two_sample_t_p_value,30.0,2.0,,0.054625044962983094,0.0081141299796078,0.004625044962983091,0.2951577950062003,non-significant
0.2,eigenvec,0.0713615239924139,30,two_sample_t_p_value,30.0,3.0,,0.005389964065651945,0.0009675284976028,-0.044610035934348057,0.0,significant
0.2,eigenvec,0.0713615239924139,30,two_sample_t_p_value,30.0,4.0,,0.0003818456360837564,7.488912967272253e-05,-0.04961815436391625,0.0,significant
0.2,eigenvec,0.0713615239924139,30,two_sample_t_p_value,30.0,5.0,,2.32966854670078e-05,4.694004345867534e-06,-0.049976703314532994,0.0,significant
0.2,eigenvec,0.0713615239924139,30,two_sample_t_p_value,30.0,6.0,,1.3942768767204764e-06,2.781212506272439e-07,-0.049998605723123285,0.0,significant
0.2,eigenvec,0.0713615239924139,50,two_sample_t_p_value,50.0,0.5,,0.6192685675117714,0.0498882506160691,0.5692685675117714,1.8906833708366462e-51,non-significant
0.2,eigenvec,0.0713615239924139,50,two_sample_t_p_value,50.0,1.0,,0.32212564510024433,0.0341923121859783,0.27212564510024434,5.512807515418948e-32,non-significant
0.2,eigenvec,0.0713615239924139,50,two_sample_t_p_value,50.0,2.0,,0.05094706873769324,0.0079602569222275,0.0009470687376932352,0.4720425460227257,non-significant
0.2,eigenvec,0.0713615239924139,50,two_sample_t_p_value,50.0,3.0,,0.004201703187068241,0.0008322267358727,-0.04579829681293176,0.0,significant
0.2,eigenvec,0.0713615239924139,50,two_sample_t_p_value,50.0,4.0,,0.00020919024636403336,4.770870236129747e-05,-0.04979080975363597,0.0,significant
0.2,eigenvec,0.0713615239924139,50,two_sample_t_p_value,50.0,5.0,,7.4332122472325795e-06,1.8319167941724647e-06,-0.04999256678775277,0.0,significant
0.2,eigenvec,0.0713615239924139,50,two_sample_t_p_value,50.0,6.0,,2.1889394850799978e-07,5.5880135928110314e-08,-0.049999781106051494,0.0,significant
0.2,eigenvec,0.0713615239924139,75,two_sample_t_p_value,75.0,0.5,,0.6185389578679419,0.0500077620152342,0.5685389578679418,3.8097628673218966e-51,non-significant
0.2,eigenvec,0.0713615239924139,75,two_sample_t_p_value,75.0,1.0,,0.3205260061237414,0.0343058413254262,0.2705260061237414,2.0117541617405194e-31,non-significant
0.2,eigenvec,0.0713615239924139,75,two_sample_t_p_value,75.0,2.0,,0.04912138289485513,0.0078787099444874,-0.0008786171051448702,0.43585521382495807,significant
0.2,eigenvec,0.0713615239924139,75,two_sample_t_p_value,75.0,3.0,,0.0036630774411349812,0.0007650181006461,-0.04633692255886502,0.0,significant
0.2,eigenvec,0.0713615239924139,75,two_sample_t_p_value,75.0,4.0,,0.00014717180322168836,3.653521547253452e-05,-0.04985282819677832,0.0,significant
0.2,eigenvec,0.0713615239924139,75,two_sample_t_p_value,75.0,5.0,,3.657912410473166e-06,1.0145759916723077e-06,-0.04999634208758953,0.0,significant
0.2,eigenvec,0.0713615239924139,75,two_sample_t_p_value,75.0,6.0,,6.480298590623212e-08,1.923142153568976e-08,-0.049999935197014095,0.0,significant
0.2,eigenvec,0.0713615239924139,100,two_sample_t_p_value,100.0,0.5,,0.6181735658308866,0.0500676496234686,0.5681735658308865,5.402343796230046e-51,non-significant
0.2,eigenvec,0.0713615239924139,100,two_sample_t_p_value,100.0,1.0,,0.31972415578412333,0.034362842660444,0.26972415578412334,3.8227010489012693e-31,non-significant
0.2,eigenvec,0.0713615239924139,100,two_sample_t_p_value,100.0,2.0,,0.04821217873113365,0.0078367289318327,-0.0017878212688663547,0.39102440592728227,significant
0.2,eigenvec,0.0713615239924139,100,two_sample_t_p_value,100.0,3.0,,0.0034079153433294465,0.0007316111465588,-0.04659208465667056,0.0,significant
0.2,eigenvec,0.0713615239924139,100,two_sample_t_p_value,100.0,4.0,,0.00012152364430076177,3.1563852385212485e-05,-0.04987847635569924,0.0,significant
0.2,eigenvec,0.0713615239924139,100,two_sample_t_p_value,100.0,5.0,,2.450173413503802e-06,7.250413952007231e-07,-0.049997549826586496,0.0,significant
0.2,eigenvec,0.0713615239924139,100,two_sample_t_p_value,100.0,6.0,,3.172491502802852e-08,1.0247161640847692e-08,-0.049999968275084974,0.0,significant
0.2,eigenvec,0.0713615239924139,300,two_sample_t_p_value,300.0,0.5,,0.617441622554225,0.0501876871777388,0.5674416225542249,1.0840158054124066e-50,non-significant
0.2,eigenvec,0.0713615239924139,300,two_sample_t_p_value,300.0,1.0,,0.31811640443062633,0.0344773211894865,0.26811640443062634,1.3656946229810249e-30,non-significant
0.2,eigenvec,0.0713615239924139,300,two_sample_t_p_value,300.0,2.0,,0.0464015209831491,0.0077502688580633,-0.0035984790168509043,0.3065516026880202,significant
0.2,eigenvec,0.0713615239924139,300,two_sample_t_p_value,300.0,3.0,,0.0029262198640661076,0.0006653343535769,-0.0470737801359339,0.0,significant
0.2,eigenvec,0.0713615239924139,300,two_sample_t_p_value,300.0,4.0,,7.984004483719462e-05,2.2849945447393685e-05,-0.04992015995516281,0.0,significant
0.2,eigenvec,0.0713615239924139,300,two_sample_t_p_value,300.0,5.0,,9.769154730247779e-07,3.3369159999053774e-07,-0.04999902308452698,0.0,significant
0.2,eigenvec,0.0713615239924139,300,two_sample_t_p_value,300.0,6.0,,5.676439092359154e-09,2.2270494198824204e-09,-0.04999999432356091,0.0,significant
0.2,eigenvec,0.0713615239924139,500,two_sample_t_p_value,500.0,0.5,,0.6172950500946657,0.0502117365001006,0.5672950500946656,1.245602238256371e-50,non-significant
0.2,eigenvec,0.0713615239924139,500,two_sample_t_p_value,500.0,1.0,,0.3177942072606085,0.0345002932888974,0.2677942072606085,1.7587879013574045e-30,non-significant
0.2,eigenvec,0.0713615239924139,500,two_sample_t_p_value,500.0,2.0,,0.046040682769031456,0.0077325678099329,-0.003959317230968547,0.29073725696340014,significant
0.2,eigenvec,0.0713615239924139,500,two_sample_t_p_value,500.0,3.0,,0.002834491812851143,0.0006521817494872,-0.04716550818714886,0.0,significant
0.2,eigenvec,0.0713615239924139,500,two_sample_t_p_value,500.0,4.0,,7.291606940371305e-05,2.130212158613393e-05,-0.04992708393059629,0.0,significant
0.2,eigenvec,0.0713615239924139,500,two_sample_t_p_value,500.0,5.0,,7.94641504790956e-07,2.800706592086327e-07,-0.04999920535849521,0.0,significant
0.2,eigenvec,0.0713615239924139,500,two_sample_t_p_value,500.0,6.0,,3.790442338479296e-09,1.553793494379604e-09,-0.04999999620955766,0.0,significant
0.2,eigenvec,0.0713615239924139,1000,two_sample_t_p_value,1000.0,0.5,,0.6171850808338747,0.0502297826097002,0.5671850808338746,1.382308512508399e-50,non-significant
0.2,eigenvec,0.0713615239924139,1000,two_sample_t_p_value,1000.0,1.0,,0.31755241808467255,0.0345175391193857,0.26755241808467256,2.1254323185238597e-30,non-significant
0.2,eigenvec,0.0713615239924139,1000,two_sample_t_p_value,1000.0,2.0,,0.04577034649325166,0.0077192008854592,-0.0042296535067483446,0.2791488954287136,significant
0.2,eigenvec,0.0713615239924139,1000,two_sample_t_p_value,1000.0,3.0,,0.0027667090442381925,0.0006423428621944,-0.04723329095576181,0.0,significant
0.2,eigenvec,0.0713615239924139,1000,two_sample_t_p_value,1000.0,4.0,,6.800991920878163e-05,2.0183420863879137e-05,-0.04993199008079122,0.0,significant
0.2,eigenvec,0.0713615239924139,1000,two_sample_t_p_value,1000.0,5.0,,6.767256364648635e-07,2.443436041255433e-07,-0.04999932327436354,0.0,significant
0.2,eigenvec,0.0713615239924139,1000,two_sample_t_p_value,1000.0,6.0,,2.7553691733774752e-09,1.1687941300461332e-09,-0.04999999724463083,0.0,significant
0.3,eigenvec,0.0642381897342349,30,two_sample_t_p_value,30.0,0.5,,0.6207230048851272,0.0446941804141302,0.5707230048851272,6.612104379359951e-64,non-significant
0.3,eigenvec,0.0642381897342349,30,two_sample_t_p_value,30.0,1.0,,0.3253086154260302,0.0305765229592436,0.2753086154260302,1.7239150212949712e-40,non-significant
0.3,eigenvec,0.0642381897342349,30,two_sample_t_p_value,30.0,2.0,,0.054625044962983094,0.0073041744626096,0.004625044962983091,0.2715548886148104,non-significant
0.3,eigenvec,0.0642381897342349,30,two_sample_t_p_value,30.0,3.0,,0.005389964065651945,0.0008709494378076,-0.044610035934348057,0.0,significant
0.3,eigenvec,0.0642381897342349,30,two_sample_t_p_value,30.0,4.0,,0.0003818456360837564,6.741366848414669e-05,-0.04961815436391625,0.0,significant
0.3,eigenvec,0.0642381897342349,30,two_sample_t_p_value,30.0,5.0,,2.32966854670078e-05,4.225447060452584e-06,-0.049976703314532994,0.0,significant
0.3,eigenvec,0.0642381897342349,30,two_sample_t_p_value,30.0,6.0,,1.3942768767204764e-06,2.503590824211495e-07,-0.049998605723123285,0.0,significant
0.3,eigenvec,0.0642381897342349,50,two_sample_t_p_value,50.0,0.5,,0.6192685675117714,0.0449083866107567,0.5692685675117714,3.763314318259605e-63,non-significant
0.3,eigenvec,0.0642381897342349,50,two_sample_t_p_value,50.0,1.0,,0.32212564510024433,0.0307792226787163,0.27212564510024434,4.4236645215491773e-39,non-significant
0.3,eigenvec,0.0642381897342349,50,two_sample_t_p_value,50.0,2.0,,0.05094706873769324,0.0071656610718917,0.0009470687376932352,0.46479344839551473,non-significant
0.3,eigenvec,0.0642381897342349,50,two_sample_t_p_value,50.0,3.0,,0.004201703187068241,0.000749153548999,-0.04579829681293176,0.0,significant
0.3,eigenvec,0.0642381897342349,50,two_sample_t_p_value,50.0,4.0,,0.00020919024636403336,4.294640168538109e-05,-0.04979080975363597,0.0,significant
0.3,eigenvec,0.0642381897342349,50,two_sample_t_p_value,50.0,5.0,,7.4332122472325795e-06,1.649054168376393e-06,-0.04999256678775277,0.0,significant
0.3,eigenvec,0.0642381897342349,50,two_sample_t_p_value,50.0,6.0,,2.1889394850799978e-07,5.0302159669493376e-08,-0.049999781106051494,0.0,significant
0.3,eigenvec,0.0642381897342349,75,two_sample_t_p_value,75.0,0.5,,0.6185389578679419,0.0450159683369511,0.5685389578679418,8.932110963482765e-63,non-significant
0.3,eigenvec,0.0642381897342349,75,two_sample_t_p_value,75.0,1.0,,0.3205260061237414,0.0308814192966164,0.2705260061237414,2.1828036893177066e-38,non-significant
0.3,eigenvec,0.0642381897342349,75,two_sample_t_p_value,75.0,2.0,,0.04912138289485513,0.0070922541442471,-0.0008786171051448702,0.43300810156610525,significant
0.3,eigenvec,0.0642381897342349,75,two_sample_t_p_value,75.0,3.0,,0.0036630774411349812,0.0006886537051066,-0.04633692255886502,0.0,significant
0.3,eigenvec,0.0642381897342349,75,two_sample_t_p_value,75.0,4.0,,0.00014717180322168836,3.288825647495029e-05,-0.04985282819677832,0.0,significant
0.3,eigenvec,0.0642381897342349,75,two_sample_t_p_value,75.0,5.0,,3.657912410473166e-06,9.133006332624512e-07,-0.04999634208758953,0.0,significant
0.3,eigenvec,0.0642381897342349,75,two_sample_t_p_value,75.0,6.0,,6.480298590623212e-08,1.7311733779676832e-08,-0.049999935197014095,0.0,significant
0.3,eigenvec,0.0642381897342349,100,two_sample_t_p_value,100.0,0.5,,0.6181735658308866,0.0450698779415287,0.5681735658308865,1.3743076087420417e-62,non-significant
0.3,eigenvec,0.0642381897342349,100,two_sample_t_p_value,100.0,1.0,,0.31972415578412333,0.0309327307368592,0.26972415578412334,4.817074815612104e-38,non-significant
0.3,eigenvec,0.0642381897342349,100,two_sample_t_p_value,100.0,2.0,,0.04821217873113365,0.0070544636921201,-0.0017878212688663547,0.3834088067978578,significant
0.3,eigenvec,0.0642381897342349,100,two_sample_t_p_value,100.0,3.0,,0.0034079153433294465,0.0006585814457847,-0.04659208465667056,0.0,significant
0.3,eigenvec,0.0642381897342349,100,two_sample_t_p_value,100.0,4.0,,0.00012152364430076177,2.841313672729589e-05,-0.04987847635569924,0.0,significant
0.3,eigenvec,0.0642381897342349,100,two_sample_t_p_value,100.0,5.0,,2.450173413503802e-06,6.526674894867665e-07,-0.049997549826586496,0.0,significant
0.3,eigenvec,0.0642381897342349,100,two_sample_t_p_value,100.0,6.0,,3.172491502802852e-08,9.224286098375984e-09,-0.049999968275084974,0.0,significant
0.3,eigenvec,0.0642381897342349,300,two_sample_t_p_value,300.0,0.5,,0.617441622554225,0.0451779333018271,0.5674416225542249,3.244995300392146e-62,non-significant
0.3,eigenvec,0.0642381897342349,300,two_sample_t_p_value,300.0,1.0,,0.31811640443062633,0.0310357819759263,0.26811640443062634,2.315422140537599e-37,non-significant
0.3,eigenvec,0.0642381897342349,300,two_sample_t_p_value,300.0,2.0,,0.0464015209831491,0.006976634095546,-0.0035984790168509043,0.2909218265677702,significant
0.3,eigenvec,0.0642381897342349,300,two_sample_t_p_value,300.0,3.0,,0.0029262198640661076,0.0005989204272924,-0.0470737801359339,0.0,significant
0.3,eigenvec,0.0642381897342349,300,two_sample_t_p_value,300.0,4.0,,7.984004483719462e-05,2.0569055268811685e-05,-0.04992015995516281,0.0,significant
0.3,eigenvec,0.0642381897342349,300,two_sample_t_p_value,300.0,5.0,,9.769154730247779e-07,3.0038237853764605e-07,-0.04999902308452698,0.0,significant
0.3,eigenvec,0.0642381897342349,300,two_sample_t_p_value,300.0,6.0,,5.676439092359154e-09,2.004744506257081e-09,-0.04999999432356091,0.0,significant
0.3,eigenvec,0.0642381897342349,500,two_sample_t_p_value,500.0,0.5,,0.6172950500946657,0.0451995820117541,0.5672950500946656,3.85175595533962e-62,non-significant
0.3,eigenvec,0.0642381897342349,500,two_sample_t_p_value,500.0,1.0,,0.3177942072606085,0.0310564609917039,0.2677942072606085,3.1629298924309076e-37,non-significant
0.3,eigenvec,0.0642381897342349,500,two_sample_t_p_value,500.0,2.0,,0.046040682769031456,0.0069606999727208,-0.003959317230968547,0.27382588624775417,significant
0.3,eigenvec,0.0642381897342349,500,two_sample_t_p_value,500.0,3.0,,0.002834491812851143,0.000587080721107,-0.04716550818714886,0.0,significant
0.3,eigenvec,0.0642381897342349,500,two_sample_t_p_value,500.0,4.0,,7.291606940371305e-05,1.917573576956233e-05,-0.04992708393059629,0.0,significant
0.3,eigenvec,0.0642381897342349,500,two_sample_t_p_value,500.0,5.0,,7.94641504790956e-07,2.521139003021985e-07,-0.04999920535849521,0.0,significant
0.3,eigenvec,0.0642381897342349,500,two_sample_t_p_value,500.0,6.0,,3.790442338479296e-09,1.3986932413381123e-09,-0.04999999620955766,0.0,significant
0.3,eigenvec,0.0642381897342349,1000,two_sample_t_p_value,1000.0,0.5,,0.6171850808338747,0.0452158267518825,0.5671850808338746,4.379782156859808e-62,non-significant
0.3,eigenvec,0.0642381897342349,1000,two_sample_t_p_value,1000.0,1.0,,0.31755241808467255,0.0310719853368839,0.26755241808467256,3.994708960855541e-37,non-significant
0.3,eigenvec,0.0642381897342349,1000,two_sample_t_p_value,1000.0,2.0,,0.04577034649325166,0.0069486673396929,-0.0042296535067483446,0.26135596782158155,significant
0.3,eigenvec,0.0642381897342349,1000,two_sample_t_p_value,1000.0,3.0,,0.0027667090442381925,0.0005782239552572,-0.04723329095576181,0.0,significant
0.3,eigenvec,0.0642381897342349,1000,two_sample_t_p_value,1000.0,4.0,,6.800991920878163e-05,1.816870417562289e-05,-0.04993199008079122,0.0,significant
0.3,eigenvec,0.0642381897342349,1000,two_sample_t_p_value,1000.0,5.0,,6.767256364648635e-07,2.199531333416032e-07,-0.04999932327436354,0.0,significant
0.3,eigenvec,0.0642381897342349,1000,two_sample_t_p_value,1000.0,6.0,,2.7553691733774752e-09,1.0521246588588135e-09,-0.04999999724463083,0.0,significant
0.4,eigenvec,0.0617705742838201,30,two_sample_t_p_value,30.0,0.5,,0.6207230048851272,0.0429773192978719,0.5707230048851272,5.423744842591457e-69,non-significant
0.4,eigenvec,0.0617705742838201,30,two_sample_t_p_value,30.0,1.0,,0.3253086154260302,0.02940197086202,0.2753086154260302,1.1915942611784646e-43,non-significant
0.4,eigenvec,0.0617705742838201,30,two_sample_t_p_value,30.0,2.0,,0.054625044962983094,0.0070235953580142,0.004625044962983091,0.2624632995131629,non-significant
0.4,eigenvec,0.0617705742838201,30,two_sample_t_p_value,30.0,3.0,,0.005389964065651945,0.0008374931978644,-0.044610035934348057,0.0,significant
0.4,eigenvec,0.0617705742838201,30,two_sample_t_p_value,30.0,4.0,,0.0003818456360837564,6.482407169431115e-05,-0.04961815436391625,0.0,significant
0.4,eigenvec,0.0617705742838201,30,two_sample_t_p_value,30.0,5.0,,2.32966854670078e-05,4.063132734746643e-06,-0.049976703314532994,0.0,significant
0.4,eigenvec,0.0617705742838201,30,two_sample_t_p_value,30.0,6.0,,1.3942768767204764e-06,2.407419069918603e-07,-0.049998605723123285,0.0,significant
0.4,eigenvec,0.0617705742838201,50,two_sample_t_p_value,50.0,0.5,,0.6192685675117714,0.0431832970789318,0.5692685675117714,3.5562497739532218e-68,non-significant
0.4,eigenvec,0.0617705742838201,50,two_sample_t_p_value,50.0,1.0,,0.32212564510024433,0.0295968841702997,0.27212564510024434,3.979686165463603e-42,non-significant
0.4,eigenvec,0.0617705742838201,50,two_sample_t_p_value,50.0,2.0,,0.05094706873769324,0.006890402755202,0.0009470687376932352,0.4620017194497682,non-significant
0.4,eigenvec,0.0617705742838201,50,two_sample_t_p_value,50.0,3.0,,0.004201703187068241,0.0007203759187468,-0.04579829681293176,0.0,significant
0.4,eigenvec,0.0617705742838201,50,two_sample_t_p_value,50.0,4.0,,0.00020919024636403336,4.1296678914907554e-05,-0.04979080975363597,0.0,significant
0.4,eigenvec,0.0617705742838201,50,two_sample_t_p_value,50.0,5.0,,7.4332122472325795e-06,1.5857081811794988e-06,-0.04999256678775277,0.0,significant
0.4,eigenvec,0.0617705742838201,50,two_sample_t_p_value,50.0,6.0,,2.1889394850799978e-07,4.8369876289416715e-08,-0.049999781106051494,0.0,significant
0.4,eigenvec,0.0617705742838201,75,two_sample_t_p_value,75.0,0.5,,0.6185389578679419,0.0432867462115579,0.5685389578679418,9.055761405112135e-68,non-significant
0.4,eigenvec,0.0617705742838201,75,two_sample_t_p_value,75.0,1.0,,0.3205260061237414,0.0296951550556355,0.2705260061237414,2.235507919735636e-41,non-significant
0.4,eigenvec,0.0617705742838201,75,two_sample_t_p_value,75.0,2.0,,0.04912138289485513,0.0068198156465712,-0.0008786171051448702,0.4317622572569252,significant
0.4,eigenvec,0.0617705742838201,75,two_sample_t_p_value,75.0,3.0,,0.0036630774411349812,0.000662200087255,-0.04633692255886502,0.0,significant
0.4,eigenvec,0.0617705742838201,75,two_sample_t_p_value,75.0,4.0,,0.00014717180322168836,3.16249025393779e-05,-0.04985282819677832,0.0,significant
0.4,eigenvec,0.0617705742838201,75,two_sample_t_p_value,75.0,5.0,,3.657912410473166e-06,8.782175345195398e-07,-0.04999634208758953,0.0,significant
0.4,eigenvec,0.0617705742838201,75,two_sample_t_p_value,75.0,6.0,,6.480298590623212e-08,1.6646729022772355e-08,-0.049999935197014095,0.0,significant
0.4,eigenvec,0.0617705742838201,100,two_sample_t_p_value,100.0,0.5,,0.6181735658308866,0.0433385849580723,0.5681735658308865,1.4430571540422188e-67,non-significant
0.4,eigenvec,0.0617705742838201,100,two_sample_t_p_value,100.0,1.0,,0.31972415578412333,0.0297444954424715,0.26972415578412334,5.260893804682498e-41,non-significant
0.4,eigenvec,0.0617705742838201,100,two_sample_t_p_value,100.0,2.0,,0.04821217873113365,0.0067834768590059,-0.0017878212688663547,0.3802682602563434,significant
0.4,eigenvec,0.0617705742838201,100,two_sample_t_p_value,100.0,3.0,,0.0034079153433294465,0.0006332830094854,-0.04659208465667056,0.0,significant
0.4,eigenvec,0.0617705742838201,100,two_sample_t_p_value,100.0,4.0,,0.00012152364430076177,2.732168792599728e-05,-0.04987847635569924,0.0,significant
0.4,eigenvec,0.0617705742838201,100,two_sample_t_p_value,100.0,5.0,,2.450173413503802e-06,6.275962291087259e-07,-0.049997549826586496,0.0,significant
0.4,eigenvec,0.0617705742838201,100,two_sample_t_p_value,100.0,6.0,,3.172491502802852e-08,8.869948733179838e-09,-0.049999968275084974,0.0,significant
0.4,eigenvec,0.0617705742838201,300,two_sample_t_p_value,300.0,0.5,,0.617441622554225,0.0434424895308457,0.5674416225542249,3.654087764270678e-67,non-significant
0.4,eigenvec,0.0617705742838201,300,two_sample_t_p_value,300.0,1.0,,0.31811640443062633,0.0298435881199608,0.26811640443062634,2.8725673377406593e-40,non-significant
0.4,eigenvec,0.0617705742838201,300,two_sample_t_p_value,300.0,2.0,,0.0464015209831491,0.006708636971759,-0.0035984790168509043,0.28467704857800635,significant
0.4,eigenvec,0.0617705742838201,300,two_sample_t_p_value,300.0,3.0,,0.0029262198640661076,0.0005759137811514,-0.0470737801359339,0.0,significant
0.4,eigenvec,0.0617705742838201,300,two_sample_t_p_value,300.0,4.0,,7.984004483719462e-05,1.9778925304194925e-05,-0.04992015995516281,0.0,significant
0.4,eigenvec,0.0617705742838201,300,two_sample_t_p_value,300.0,5.0,,9.769154730247779e-07,2.888436318609661e-07,-0.04999902308452698,0.0,significant
0.4,eigenvec,0.0617705742838201,300,two_sample_t_p_value,300.0,6.0,,5.676439092359154e-09,1.927735198581374e-09,-0.04999999432356091,0.0,significant
0.4,eigenvec,0.0617705742838201,500,two_sample_t_p_value,500.0,0.5,,0.6172950500946657,0.0434633066374645,0.5672950500946656,4.3982705512267874e-67,non-significant
0.4,eigenvec,0.0617705742838201,500,two_sample_t_p_value,500.0,1.0,,0.3177942072606085,0.0298634727818027,0.2677942072606085,4.024648617353341e-40,non-significant
0.4,eigenvec,0.0617705742838201,500,two_sample_t_p_value,500.0,2.0,,0.046040682769031456,0.0066933149347947,-0.003959317230968547,0.26710365173331985,significant
0.4,eigenvec,0.0617705742838201,500,two_sample_t_p_value,500.0,3.0,,0.002834491812851143,0.0005645288798419,-0.04716550818714886,0.0,significant
0.4,eigenvec,0.0617705742838201,500,two_sample_t_p_value,500.0,4.0,,7.291606940371305e-05,1.843912812146689e-05,-0.04992708393059629,0.0,significant
0.4,eigenvec,0.0617705742838201,500,two_sample_t_p_value,500.0,5.0,,7.94641504790956e-07,2.42429316128456e-07,-0.04999920535849521,0.0,significant
0.4,eigenvec,0.0617705742838201,500,two_sample_t_p_value,500.0,6.0,,3.790442338479296e-09,1.3449645004287576e-09,-0.04999999620955766,0.0,significant
0.4,eigenvec,0.0617705742838201,1000,two_sample_t_p_value,1000.0,0.5,,0.6171850808338747,0.0434789273598257,0.5671850808338746,5.0537778952716796e-67,non-significant
0.4,eigenvec,0.0617705742838201,1000,two_sample_t_p_value,1000.0,1.0,,0.31755241808467255,0.0298784007821266,0.26755241808467256,5.180313614810303e-40,non-significant
0.4,eigenvec,0.0617705742838201,1000,two_sample_t_p_value,1000.0,2.0,,0.04577034649325166,0.0066817445176433,-0.0042296535067483446,0.25431080404909734,significant
0.4,eigenvec,0.0617705742838201,1000,two_sample_t_p_value,1000.0,3.0,,0.0027667090442381925,0.0005560123336082,-0.04723329095576181,0.0,significant
0.4,eigenvec,0.0617705742838201,1000,two_sample_t_p_value,1000.0,4.0,,6.800991920878163e-05,1.74707801630804e-05,-0.04993199008079122,0.0,significant
0.4,eigenvec,0.0617705742838201,1000,two_sample_t_p_value,1000.0,5.0,,6.767256364648635e-07,2.1150395766516546e-07,-0.04999932327436354,0.0,significant
0.4,eigenvec,0.0617705742838201,1000,two_sample_t_p_value,1000.0,6.0,,2.7553691733774752e-09,1.011708839628796e-09,-0.04999999724463083,0.0,significant
0.5,eigenvec,0.059867389460399,30,two_sample_t_p_value,30.0,0.5,,0.6207230048851272,0.0416531648313258,0.5707230048851272,2.3745569429636233e-73,non-significant
0.5,eigenvec,0.059867389460399,30,two_sample_t_p_value,30.0,1.0,,0.3253086154260302,0.0284960802276517,0.2753086154260302,2.3337593290496194e-46,non-significant
0.5,eigenvec,0.059867389460399,30,two_sample_t_p_value,30.0,2.0,,0.054625044962983094,0.0068071945839206,0.004625044962983091,0.255088865996024,non-significant
0.5,eigenvec,0.059867389460399,30,two_sample_t_p_value,30.0,3.0,,0.005389964065651945,0.0008116895791936,-0.044610035934348057,0.0,significant
0.5,eigenvec,0.059867389460399,30,two_sample_t_p_value,30.0,4.0,,0.0003818456360837564,6.282680696314463e-05,-0.04961815436391625,0.0,significant
0.5,eigenvec,0.059867389460399,30,two_sample_t_p_value,30.0,5.0,,2.32966854670078e-05,3.937945416254434e-06,-0.049976703314532994,0.0,significant
0.5,eigenvec,0.059867389460399,30,two_sample_t_p_value,30.0,6.0,,1.3942768767204764e-06,2.333245185498627e-07,-0.049998605723123285,0.0,significant
0.5,eigenvec,0.059867389460399,50,two_sample_t_p_value,50.0,0.5,,0.6192685675117714,0.0418527963254779,0.5692685675117714,1.7577637127504915e-72,non-significant
0.5,eigenvec,0.059867389460399,50,two_sample_t_p_value,50.0,1.0,,0.32212564510024433,0.0286849881514178,0.27212564510024434,9.769789359058637e-45,non-significant
0.5,eigenvec,0.059867389460399,50,two_sample_t_p_value,50.0,2.0,,0.05094706873769324,0.0066781057172839,0.0009470687376932352,0.45973123880240613,non-significant
0.5,eigenvec,0.059867389460399,50,two_sample_t_p_value,50.0,3.0,,0.004201703187068241,0.0006981807468285,-0.04579829681293176,0.0,significant
0.5,eigenvec,0.059867389460399,50,two_sample_t_p_value,50.0,4.0,,0.00020919024636403336,4.002430588810969e-05,-0.04979080975363597,0.0,significant
0.5,eigenvec,0.059867389460399,50,two_sample_t_p_value,50.0,5.0,,7.4332122472325795e-06,1.53685165394488e-06,-0.04999256678775277,0.0,significant
0.5,eigenvec,0.059867389460399,50,two_sample_t_p_value,50.0,6.0,,2.1889394850799978e-07,4.687957422355284e-08,-0.049999781106051494,0.0,significant
0.5,eigenvec,0.059867389460399,75,two_sample_t_p_value,75.0,0.5,,0.6185389578679419,0.0419530581343418,0.5685389578679418,4.754224041896641e-72,non-significant
0.5,eigenvec,0.059867389460399,75,two_sample_t_p_value,75.0,1.0,,0.3205260061237414,0.0287802312575929,0.2705260061237414,6.13292848482384e-44,non-significant
0.5,eigenvec,0.059867389460399,75,two_sample_t_p_value,75.0,2.0,,0.04912138289485513,0.0066096934356711,-0.0008786171051448702,0.43069284480685455,significant
0.5,eigenvec,0.059867389460399,75,two_sample_t_p_value,75.0,3.0,,0.0036630774411349812,0.0006417973441893,-0.04633692255886502,0.0,significant
0.5,eigenvec,0.059867389460399,75,two_sample_t_p_value,75.0,4.0,,0.00014717180322168836,3.065052217699747e-05,-0.04985282819677832,0.0,significant
0.5,eigenvec,0.059867389460399,75,two_sample_t_p_value,75.0,5.0,,3.657912410473166e-06,8.511591769967462e-07,-0.04999634208758953,0.0,significant
0.5,eigenvec,0.059867389460399,75,two_sample_t_p_value,75.0,6.0,,6.480298590623212e-08,1.6133834292505253e-08,-0.049999935197014095,0.0,significant
0.5,eigenvec,0.059867389460399,100,two_sample_t_p_value,100.0,0.5,,0.6181735658308866,0.0420032997010214,0.5681735658308865,7.80714304237073e-72,non-significant
0.5,eigenvec,0.059867389460399,100,two_sample_t_p_value,100.0,1.0,,0.31972415578412333,0.0288280514404079,0.26972415578412334,1.525033178643558e-43,non-significant
0.5,eigenvec,0.059867389460399,100,two_sample_t_p_value,100.0,2.0,,0.04821217873113365,0.006574474265817,-0.0017878212688663547,0.3776371425635572,significant
0.5,eigenvec,0.059867389460399,100,two_sample_t_p_value,100.0,3.0,,0.0034079153433294465,0.0006137712172355,-0.04659208465667056,0.0,significant
0.5,eigenvec,0.059867389460399,100,two_sample_t_p_value,100.0,4.0,,0.00012152364430076177,2.6479891934720155e-05,-0.04987847635569924,0.0,significant
0.5,eigenvec,0.059867389460399,100,two_sample_t_p_value,100.0,5.0,,2.450173413503802e-06,6.082596496398685e-07,-0.049997549826586496,0.0,significant
0.5,eigenvec,0.059867389460399,100,two_sample_t_p_value,100.0,6.0,,3.172491502802852e-08,8.59666081236585e-09,-0.049999968275084974,0.0,significant
0.5,eigenvec,0.059867389460399,300,two_sample_t_p_value,300.0,0.5,,0.617441622554225,0.0421040029176754,0.5674416225542249,2.099019529919286e-71,non-significant
0.5,eigenvec,0.059867389460399,300,two_sample_t_p_value,300.0,1.0,,0.31811640443062633,0.0289240910188756,0.26811640443062634,9.28853526650727e-43,non-significant
0.5,eigenvec,0.059867389460399,300,two_sample_t_p_value,300.0,2.0,,0.0464015209831491,0.0065019402359989,-0.0035984790168509043,0.27952350755202793,significant
0.5,eigenvec,0.059867389460399,300,two_sample_t_p_value,300.0,3.0,,0.0029262198640661076,0.0005581695658742,-0.0470737801359339,0.0,significant
0.5,eigenvec,0.059867389460399,300,two_sample_t_p_value,300.0,4.0,,7.984004483719462e-05,1.9169525911377827e-05,-0.04992015995516281,0.0,significant
0.5,eigenvec,0.059867389460399,300,two_sample_t_p_value,300.0,5.0,,9.769154730247779e-07,2.799442032434857e-07,-0.04999902308452698,0.0,significant
0.5,eigenvec,0.059867389460399,300,two_sample_t_p_value,300.0,6.0,,5.676439092359154e-09,1.86834063383834e-09,-0.04999999432356091,0.0,significant
0.5,eigenvec,0.059867389460399,500,two_sample_t_p_value,500.0,0.5,,0.6172950500946657,0.0421241786379732,0.5672950500946656,2.5568929748142172e-71,non-significant
0.5,eigenvec,0.059867389460399,500,two_sample_t_p_value,500.0,1.0,,0.3177942072606085,0.0289433630235248,0.2677942072606085,1.3299418480642809e-42,non-significant
0.5,eigenvec,0.059867389460399,500,two_sample_t_p_value,500.0,2.0,,0.046040682769031456,0.0064870902792856,-0.003959317230968547,0.2615707829554377,significant
0.5,eigenvec,0.059867389460399,500,two_sample_t_p_value,500.0,3.0,,0.002834491812851143,0.0005471354395355,-0.04716550818714886,0.0,significant
0.5,eigenvec,0.059867389460399,500,two_sample_t_p_value,500.0,4.0,,7.291606940371305e-05,1.7871008604937074e-05,-0.04992708393059629,0.0,significant
0.5,eigenvec,0.059867389460399,500,two_sample_t_p_value,500.0,5.0,,7.94641504790956e-07,2.3495993769774762e-07,-0.04999920535849521,0.0,significant
0.5,eigenvec,0.059867389460399,500,two_sample_t_p_value,500.0,6.0,,3.790442338479296e-09,1.3035254162866074e-09,-0.04999999620955766,0.0,significant
0.5,eigenvec,0.059867389460399,1000,two_sample_t_p_value,1000.0,0.5,,0.6171850808338747,0.0421393180774246,0.5671850808338746,2.9644136786487902e-71,non-significant
0.5,eigenvec,0.059867389460399,1000,two_sample_t_p_value,1000.0,1.0,,0.31755241808467255,0.0289578310840797,0.26755241808467256,1.739872959245787e-42,non-significant
0.5,eigenvec,0.059867389460399,1000,two_sample_t_p_value,1000.0,2.0,,0.04577034649325166,0.0064758763529485,-0.0042296535067483446,0.24852393709456444,significant
0.5,eigenvec,0.059867389460399,1000,two_sample_t_p_value,1000.0,3.0,,0.0027667090442381925,0.0005388812927003,-0.04723329095576181,0.0,significant
0.5,eigenvec,0.059867389460399,1000,two_sample_t_p_value,1000.0,4.0,,6.800991920878163e-05,1.6932495971210573e-05,-0.04993199008079122,0.0,significant
0.5,eigenvec,0.059867389460399,1000,two_sample_t_p_value,1000.0,5.0,,6.767256364648635e-07,2.0498740626526565e-07,-0.04999932327436354,0.0,significant
0.5,eigenvec,0.059867389460399,1000,two_sample_t_p_value,1000.0,6.0,,2.7553691733774752e-09,9.805375427511686e-10,-0.04999999724463083,0.0,significant
0.05,smallworldness,0.1417213236964526,30,two_sample_t_p_value,30.0,0.5,,0.6207230048851272,0.0986036256006591,0.5707230048851272,3.872043359772847e-14,non-significant
0.05,smallworldness,0.1417213236964526,30,two_sample_t_p_value,30.0,1.0,,0.3253086154260302,0.0674574630098828,0.2753086154260302,1.6822924408482711e-09,non-significant
0.05,smallworldness,0.1417213236964526,30,two_sample_t_p_value,30.0,2.0,,0.054625044962983094,0.0161143593496873,0.004625044962983091,0.4206622385584545,non-significant
0.05,smallworldness,0.1417213236964526,30,two_sample_t_p_value,30.0,3.0,,0.005389964065651945,0.0019214754915952,-0.044610035934348057,0.0,significant
0.05,smallworldness,0.1417213236964526,30,two_sample_t_p_value,30.0,4.0,,0.0003818456360837564,0.0001487270169401,-0.04961815436391625,0.0,significant
0.05,smallworldness,0.1417213236964526,30,two_sample_t_p_value,30.0,5.0,,2.32966854670078e-05,9.322117467726255e-06,-0.049976703314532994,0.0,significant
0.05,smallworldness,0.1417213236964526,30,two_sample_t_p_value,30.0,6.0,,1.3942768767204764e-06,5.523384252723631e-07,-0.049998605723123285,0.0,significant
0.05,smallworldness,0.1417213236964526,50,two_sample_t_p_value,50.0,0.5,,0.6192685675117714,0.0990762040754804,0.5692685675117714,5.545278207797681e-14,non-significant
0.05,smallworldness,0.1417213236964526,50,two_sample_t_p_value,50.0,1.0,,0.32212564510024433,0.0679046560686445,0.27212564510024434,3.3046531356602595e-09,non-significant
0.05,smallworldness,0.1417213236964526,50,two_sample_t_p_value,50.0,2.0,,0.05094706873769324,0.0158087731997128,0.0009470687376932352,0.5153617202270508,non-significant
0.05,smallworldness,0.1417213236964526,50,two_sample_t_p_value,50.0,3.0,,0.004201703187068241,0.0016527712417689,-0.04579829681293176,0.0,significant
0.05,smallworldness,0.1417213236964526,50,two_sample_t_p_value,50.0,4.0,,0.00020919024636403336,9.474770257431605e-05,-0.04979080975363597,0.0,significant
0.05,smallworldness,0.1417213236964526,50,two_sample_t_p_value,50.0,5.0,,7.4332122472325795e-06,3.638118392755776e-06,-0.04999256678775277,0.0,significant
0.05,smallworldness,0.1417213236964526,50,two_sample_t_p_value,50.0,6.0,,2.1889394850799978e-07,1.1097586470983113e-07,-0.049999781106051494,0.0,significant
0.05,smallworldness,0.1417213236964526,75,two_sample_t_p_value,75.0,0.5,,0.6185389578679419,0.0993135492544915,0.5685389578679418,6.629147507979339e-14,non-significant
0.05,smallworldness,0.1417213236964526,75,two_sample_t_p_value,75.0,1.0,,0.3205260061237414,0.0681301207030936,0.2705260061237414,4.60705465075326e-09,non-significant
0.05,smallworldness,0.1417213236964526,75,two_sample_t_p_value,75.0,2.0,,0.04912138289485513,0.0156468239449576,-0.0008786171051448702,0.43773084480034985,significant
0.05,smallworldness,0.1417213236964526,75,two_sample_t_p_value,75.0,3.0,,0.0036630774411349812,0.0015192974001906,-0.04633692255886502,0.0,significant
0.05,smallworldness,0.1417213236964526,75,two_sample_t_p_value,75.0,4.0,,0.00014717180322168836,7.255757456711738e-05,-0.04985282819677832,0.0,significant
0.05,smallworldness,0.1417213236964526,75,two_sample_t_p_value,75.0,5.0,,3.657912410473166e-06,2.014910059175948e-06,-0.04999634208758953,0.0,significant
0.05,smallworldness,0.1417213236964526,75,two_sample_t_p_value,75.0,6.0,,6.480298590623212e-08,3.8192885523186896e-08,-0.049999935197014095,0.0,significant
0.05,smallworldness,0.1417213236964526,100,two_sample_t_p_value,100.0,0.5,,0.6181735658308866,0.0994324838096573,0.5681735658308865,7.246190079411988e-14,non-significant
0.05,smallworldness,0.1417213236964526,100,two_sample_t_p_value,100.0,1.0,,0.31972415578412333,0.0682433232273564,0.26972415578412334,5.432429026834635e-09,non-significant
0.05,smallworldness,0.1417213236964526,100,two_sample_t_p_value,100.0,2.0,,0.04821217873113365,0.015563451220404,-0.0017878212688663547,0.4146758335888536,significant
0.05,smallworldness,0.1417213236964526,100,two_sample_t_p_value,100.0,3.0,,0.0034079153433294465,0.0014529524359992,-0.04659208465667056,0.0,significant
0.05,smallworldness,0.1417213236964526,100,two_sample_t_p_value,100.0,4.0,,0.00012152364430076177,6.268463298888177e-05,-0.04987847635569924,0.0,significant
0.05,smallworldness,0.1417213236964526,100,two_sample_t_p_value,100.0,5.0,,2.450173413503802e-06,1.4399051549612723e-06,-0.049997549826586496,0.0,significant
0.05,smallworldness,0.1417213236964526,100,two_sample_t_p_value,100.0,6.0,,3.172491502802852e-08,2.0350480631927492e-08,-0.049999968275084974,0.0,significant
0.05,smallworldness,0.1417213236964526,300,two_sample_t_p_value,300.0,0.5,,0.617441622554225,0.0996708739130731,0.5674416225542249,8.65331232700914e-14,non-significant
0.05,smallworldness,0.1417213236964526,300,two_sample_t_p_value,300.0,1.0,,0.31811640443062633,0.0684706733141126,0.26811640443062634,7.5332158694394e-09,non-significant
0.05,smallworldness,0.1417213236964526,300,two_sample_t_p_value,300.0,2.0,,0.0464015209831491,0.0153917447402734,-0.0035984790168509043,0.36973936980690314,significant
0.05,smallworldness,0.1417213236964526,300,two_sample_t_p_value,300.0,3.0,,0.0029262198640661076,0.0013213291983459,-0.0470737801359339,0.0,significant
0.05,smallworldness,0.1417213236964526,300,two_sample_t_p_value,300.0,4.0,,7.984004483719462e-05,4.537913898168171e-05,-0.04992015995516281,0.0,significant
0.05,smallworldness,0.1417213236964526,300,two_sample_t_p_value,300.0,5.0,,9.769154730247779e-07,6.626990654245765e-07,-0.04999902308452698,0.0,significant
0.05,smallworldness,0.1417213236964526,300,two_sample_t_p_value,300.0,6.0,,5.676439092359154e-09,4.422837042503542e-09,-0.04999999432356091,0.0,significant
0.05,smallworldness,0.1417213236964526,500,two_sample_t_p_value,500.0,0.5,,0.6172950500946657,0.0997186349698504,0.5672950500946656,8.96519538545756e-14,non-significant
0.05,smallworldness,0.1417213236964526,500,two_sample_t_p_value,500.0,1.0,,0.3177942072606085,0.0685162950463075,0.2677942072606085,8.038832862259979e-09,non-significant
0.05,smallworldness,0.1417213236964526,500,two_sample_t_p_value,500.0,2.0,,0.046040682769031456,0.0153565911192251,-0.003959317230968547,0.36097742703998936,significant
0.05,smallworldness,0.1417213236964526,500,two_sample_t_p_value,500.0,3.0,,0.002834491812851143,0.0012952086174312,-0.04716550818714886,0.0,significant
0.05,smallworldness,0.1417213236964526,500,two_sample_t_p_value,500.0,4.0,,7.291606940371305e-05,4.230521855237576e-05,-0.04992708393059629,0.0,significant
0.05,smallworldness,0.1417213236964526,500,two_sample_t_p_value,500.0,5.0,,7.94641504790956e-07,5.562098779701643e-07,-0.04999920535849521,0.0,significant
0.05,smallworldness,0.1417213236964526,500,two_sample_t_p_value,500.0,6.0,,3.790442338479296e-09,3.085775897916966e-09,-0.04999999620955766,0.0,significant
0.05,smallworldness,0.1417213236964526,1000,two_sample_t_p_value,1000.0,0.5,,0.6171850808338747,0.0997544738701,0.5671850808338746,9.206289879620318e-14,non-significant
0.05,smallworldness,0.1417213236964526,1000,two_sample_t_p_value,1000.0,1.0,,0.31755241808467255,0.0685505446221057,0.26755241808467256,8.439409533132465e-09,non-significant
0.05,smallworldness,0.1417213236964526,1000,two_sample_t_p_value,1000.0,2.0,,0.04577034649325166,0.0153300449060253,-0.0042296535067483446,0.3544613345786386,significant
0.05,smallworldness,0.1417213236964526,1000,two_sample_t_p_value,1000.0,3.0,,0.0027667090442381925,0.0012756689544192,-0.04723329095576181,0.0,significant
0.05,smallworldness,0.1417213236964526,1000,two_sample_t_p_value,1000.0,4.0,,6.800991920878163e-05,4.008352066381917e-05,-0.04993199008079122,0.0,significant
0.05,smallworldness,0.1417213236964526,1000,two_sample_t_p_value,1000.0,5.0,,6.767256364648635e-07,4.852572797788791e-07,-0.04999932327436354,0.0,significant
0.05,smallworldness,0.1417213236964526,1000,two_sample_t_p_value,1000.0,6.0,,2.7553691733774752e-09,2.321181527126445e-09,-0.04999999724463083,0.0,significant
0.1,smallworldness,0.098866466207878,30,two_sample_t_p_value,30.0,0.5,,0.6207230048851272,0.0687870516881563,0.5707230048851272,8.921242556602881e-28,non-significant
0.1,smallworldness,0.098866466207878,30,two_sample_t_p_value,30.0,1.0,,0.3253086154260302,0.0470591214729297,0.2753086154260302,5.1483229960497714e-18,non-significant
0.1,smallworldness,0.098866466207878,30,two_sample_t_p_value,30.0,2.0,,0.054625044962983094,0.0112415670595895,0.004625044962983091,0.3605675350761123,non-significant
0.1,smallworldness,0.098866466207878,30,two_sample_t_p_value,30.0,3.0,,0.005389964065651945,0.0013404439558153,-0.044610035934348057,0.0,significant
0.1,smallworldness,0.098866466207878,30,two_sample_t_p_value,30.0,4.0,,0.0003818456360837564,0.0001037537204069,-0.04961815436391625,0.0,significant
0.1,smallworldness,0.098866466207878,30,two_sample_t_p_value,30.0,5.0,,2.32966854670078e-05,6.503219046858909e-06,-0.049976703314532994,0.0,significant
0.1,smallworldness,0.098866466207878,30,two_sample_t_p_value,30.0,6.0,,1.3942768767204764e-06,3.853177971613139e-07,-0.049998605723123285,0.0,significant
0.1,smallworldness,0.098866466207878,50,two_sample_t_p_value,50.0,0.5,,0.6192685675117714,0.0691167280035678,0.5692685675117714,1.861455710278635e-27,non-significant
0.1,smallworldness,0.098866466207878,50,two_sample_t_p_value,50.0,1.0,,0.32212564510024433,0.0473710886228214,0.27212564510024434,2.0386755354380674e-17,non-significant
0.1,smallworldness,0.098866466207878,50,two_sample_t_p_value,50.0,2.0,,0.05094706873769324,0.0110283865587161,0.0009470687376932352,0.4929549441582797,non-significant
0.1,smallworldness,0.098866466207878,50,two_sample_t_p_value,50.0,3.0,,0.004201703187068241,0.0011529927032976,-0.04579829681293176,0.0,significant
0.1,smallworldness,0.098866466207878,50,two_sample_t_p_value,50.0,4.0,,0.00020919024636403336,6.609711432629081e-05,-0.04979080975363597,0.0,significant
0.1,smallworldness,0.098866466207878,50,two_sample_t_p_value,50.0,5.0,,7.4332122472325795e-06,2.5379942817077405e-06,-0.04999256678775277,0.0,significant
0.1,smallworldness,0.098866466207878,50,two_sample_t_p_value,50.0,6.0,,2.1889394850799978e-07,7.741807155093056e-08,-0.049999781106051494,0.0,significant
0.1,smallworldness,0.098866466207878,75,two_sample_t_p_value,75.0,0.5,,0.6185389578679419,0.0692823027985829,0.5685389578679418,2.6830276808894836e-27,non-significant
0.1,smallworldness,0.098866466207878,75,two_sample_t_p_value,75.0,1.0,,0.3205260061237414,0.0475283754098866,0.2705260061237414,4.01233705959904e-17,non-significant
0.1,smallworldness,0.098866466207878,75,two_sample_t_p_value,75.0,2.0,,0.04912138289485513,0.0109154088493282,-0.0008786171051448702,0.44029326820067494,significant
0.1,smallworldness,0.098866466207878,75,two_sample_t_p_value,75.0,3.0,,0.0036630774411349812,0.0010598797778476,-0.04633692255886502,0.0,significant
0.1,smallworldness,0.098866466207878,75,two_sample_t_p_value,75.0,4.0,,0.00014717180322168836,5.061701942207486e-05,-0.04985282819677832,0.0,significant
0.1,smallworldness,0.098866466207878,75,two_sample_t_p_value,75.0,5.0,,3.657912410473166e-06,1.4056250116891804e-06,-0.04999634208758953,0.0,significant
0.1,smallworldness,0.098866466207878,75,two_sample_t_p_value,75.0,6.0,,6.480298590623212e-08,2.6643807208907873e-08,-0.049999935197014095,0.0,significant
0.1,smallworldness,0.098866466207878,100,two_sample_t_p_value,100.0,0.5,,0.6181735658308866,0.0693652729464234,0.5681735658308865,3.219395770761518e-27,non-significant
0.1,smallworldness,0.098866466207878,100,two_sample_t_p_value,100.0,1.0,,0.31972415578412333,0.0476073468253925,0.26972415578412334,5.613390824105447e-17,non-significant
0.1,smallworldness,0.098866466207878,100,two_sample_t_p_value,100.0,2.0,,0.04821217873113365,0.0108572470537724,-0.0017878212688663547,0.4076033418744973,significant
0.1,smallworldness,0.098866466207878,100,two_sample_t_p_value,100.0,3.0,,0.0034079153433294465,0.001013596748666,-0.04659208465667056,0.0,significant
0.1,smallworldness,0.098866466207878,100,two_sample_t_p_value,100.0,4.0,,0.00012152364430076177,4.372953898188604e-05,-0.04987847635569924,0.0,significant
0.1,smallworldness,0.098866466207878,100,two_sample_t_p_value,100.0,5.0,,2.450173413503802e-06,1.0044948115954644e-06,-0.049997549826586496,0.0,significant
0.1,smallworldness,0.098866466207878,100,two_sample_t_p_value,100.0,6.0,,3.172491502802852e-08,1.4196735207045606e-08,-0.049999968275084974,0.0,significant
0.1,smallworldness,0.098866466207878,300,two_sample_t_p_value,300.0,0.5,,0.617441622554225,0.0695315766930221,0.5674416225542249,4.6301643916457185e-27,non-significant
0.1,smallworldness,0.098866466207878,300,two_sample_t_p_value,300.0,1.0,,0.31811640443062633,0.0477659489262152,0.26811640443062634,1.0926710897803876e-16,non-significant
0.1,smallworldness,0.098866466207878,300,two_sample_t_p_value,300.0,2.0,,0.0464015209831491,0.0107374625889316,-0.0035984790168509043,0.34466646323326033,significant
0.1,smallworldness,0.098866466207878,300,two_sample_t_p_value,300.0,3.0,,0.0029262198640661076,0.0009217748263314,-0.0470737801359339,0.0,significant
0.1,smallworldness,0.098866466207878,300,two_sample_t_p_value,300.0,4.0,,7.984004483719462e-05,3.165702234255475e-05,-0.04992015995516281,0.0,significant
0.1,smallworldness,0.098866466207878,300,two_sample_t_p_value,300.0,5.0,,9.769154730247779e-07,4.623066808077747e-07,-0.04999902308452698,0.0,significant
0.1,smallworldness,0.098866466207878,300,two_sample_t_p_value,300.0,6.0,,5.676439092359154e-09,3.085423263066606e-09,-0.04999999432356091,0.0,significant
0.1,smallworldness,0.098866466207878,500,two_sample_t_p_value,500.0,0.5,,0.6172950500946657,0.0695648953693001,0.5672950500946656,4.978337567040214e-27,non-significant
0.1,smallworldness,0.098866466207878,500,two_sample_t_p_value,500.0,1.0,,0.3177942072606085,0.0477977751844433,0.2677942072606085,1.2472682598999626e-16,non-significant
0.1,smallworldness,0.098866466207878,500,two_sample_t_p_value,500.0,2.0,,0.046040682769031456,0.0107129390084512,-0.003959317230968547,0.3325734348579209,significant
0.1,smallworldness,0.098866466207878,500,two_sample_t_p_value,500.0,3.0,,0.002834491812851143,0.0009035528011415,-0.04716550818714886,0.0,significant
0.1,smallworldness,0.098866466207878,500,two_sample_t_p_value,500.0,4.0,,7.291606940371305e-05,2.951261921165675e-05,-0.04992708393059629,0.0,significant
0.1,smallworldness,0.098866466207878,500,two_sample_t_p_value,500.0,5.0,,7.94641504790956e-07,3.880185682050729e-07,-0.04999920535849521,0.0,significant
0.1,smallworldness,0.098866466207878,500,two_sample_t_p_value,500.0,6.0,,3.790442338479296e-09,2.1526736455688957e-09,-0.04999999620955766,0.0,significant
0.1,smallworldness,0.098866466207878,1000,two_sample_t_p_value,1000.0,0.5,,0.6171850808338747,0.0695898970086303,0.5671850808338746,5.2563408120451355e-27,non-significant
0.1,smallworldness,0.098866466207878,1000,two_sample_t_p_value,1000.0,1.0,,0.31755241808467255,0.0478216680922991,0.26755241808467256,1.3771431106515158e-16,non-significant
0.1,smallworldness,0.098866466207878,1000,two_sample_t_p_value,1000.0,2.0,,0.04577034649325166,0.0106944200571614,-0.0042296535067483446,0.32362788540159293,significant
0.1,smallworldness,0.098866466207878,1000,two_sample_t_p_value,1000.0,3.0,,0.0027667090442381925,0.0008899217018651,-0.04723329095576181,0.0,significant
0.1,smallworldness,0.098866466207878,1000,two_sample_t_p_value,1000.0,4.0,,6.800991920878163e-05,2.7962736572304917e-05,-0.04993199008079122,0.0,significant
0.1,smallworldness,0.098866466207878,1000,two_sample_t_p_value,1000.0,5.0,,6.767256364648635e-07,3.385211992243495e-07,-0.04999932327436354,0.0,significant
0.1,smallworldness,0.098866466207878,1000,two_sample_t_p_value,1000.0,6.0,,2.7553691733774752e-09,1.619283598462054e-09,-0.04999999724463083,0.0,significant
0.2,smallworldness,0.0404746405905467,30,two_sample_t_p_value,30.0,0.5,,0.6207230048851272,0.0281605209647883,0.5707230048851272,1.369914131592417e-158,non-significant
0.2,smallworldness,0.0404746405905467,30,two_sample_t_p_value,30.0,1.0,,0.3253086154260302,0.0192653899869229,0.2753086154260302,2.785477087599123e-99,non-significant
0.2,smallworldness,0.0404746405905467,30,two_sample_t_p_value,30.0,2.0,,0.054625044962983094,0.0046021507985804,0.004625044962983091,0.15716864857294427,non-significant
0.2,smallworldness,0.0404746405905467,30,two_sample_t_p_value,30.0,3.0,,0.005389964065651945,0.0005487602563777,-0.044610035934348057,0.0,significant
0.2,smallworldness,0.0404746405905467,30,two_sample_t_p_value,30.0,4.0,,0.0003818456360837564,4.247541865788227e-05,-0.04961815436391625,0.0,significant
0.2,smallworldness,0.0404746405905467,30,two_sample_t_p_value,30.0,5.0,,2.32966854670078e-05,2.6623329800194493e-06,-0.049976703314532994,0.0,significant
0.2,smallworldness,0.0404746405905467,30,two_sample_t_p_value,30.0,6.0,,1.3942768767204764e-06,1.577440759382846e-07,-0.049998605723123285,0.0,significant
0.2,smallworldness,0.0404746405905467,50,two_sample_t_p_value,50.0,0.5,,0.6192685675117714,0.0282954861444827,0.5692685675117714,1.0902850488386946e-156,non-significant
0.2,smallworldness,0.0404746405905467,50,two_sample_t_p_value,50.0,1.0,,0.32212564510024433,0.0193931052654419,0.27212564510024434,9.715812425250354e-96,non-significant
0.2,smallworldness,0.0404746405905467,50,two_sample_t_p_value,50.0,2.0,,0.05094706873769324,0.0045148774845366,0.0009470687376932352,0.4274241755269647,non-significant
0.2,smallworldness,0.0404746405905467,50,two_sample_t_p_value,50.0,3.0,,0.004201703187068241,0.0004720201607223,-0.04579829681293176,0.0,significant
0.2,smallworldness,0.0404746405905467,50,two_sample_t_p_value,50.0,4.0,,0.00020919024636403336,2.705929572524483e-05,-0.04979080975363597,0.0,significant
0.2,smallworldness,0.0404746405905467,50,two_sample_t_p_value,50.0,5.0,,7.4332122472325795e-06,1.0390217261026985e-06,-0.04999256678775277,0.0,significant
0.2,smallworldness,0.0404746405905467,50,two_sample_t_p_value,50.0,6.0,,2.1889394850799978e-07,3.1693947820979754e-08,-0.049999781106051494,0.0,significant
0.2,smallworldness,0.0404746405905467,75,two_sample_t_p_value,75.0,0.5,,0.6185389578679419,0.0283632703040277,0.5685389578679418,9.60150050147281e-156,non-significant
0.2,smallworldness,0.0404746405905467,75,two_sample_t_p_value,75.0,1.0,,0.3205260061237414,0.0194574964227299,0.2705260061237414,5.370227776406714e-94,non-significant
0.2,smallworldness,0.0404746405905467,75,two_sample_t_p_value,75.0,2.0,,0.04912138289485513,0.0044686258852066,-0.0008786171051448702,0.4113061987050919,significant
0.2,smallworldness,0.0404746405905467,75,two_sample_t_p_value,75.0,3.0,,0.0036630774411349812,0.0004339009446071,-0.04633692255886502,0.0,significant
0.2,smallworldness,0.0404746405905467,75,two_sample_t_p_value,75.0,4.0,,0.00014717180322168836,2.0721946959908176e-05,-0.04985282819677832,0.0,significant
0.2,smallworldness,0.0404746405905467,75,two_sample_t_p_value,75.0,5.0,,3.657912410473166e-06,5.754445297314494e-07,-0.04999634208758953,0.0,significant
0.2,smallworldness,0.0404746405905467,75,two_sample_t_p_value,75.0,6.0,,6.480298590623212e-08,1.0907626843634802e-08,-0.049999935197014095,0.0,significant
0.2,smallworldness,0.0404746405905467,100,two_sample_t_p_value,100.0,0.5,,0.6181735658308866,0.0283972371994008,0.5681735658308865,2.840026732309524e-155,non-significant
0.2,smallworldness,0.0404746405905467,100,two_sample_t_p_value,100.0,1.0,,0.31972415578412333,0.0194898262892876,0.26972415578412334,3.927008612773124e-93,non-significant
0.2,smallworldness,0.0404746405905467,100,two_sample_t_p_value,100.0,2.0,,0.04821217873113365,0.0044448152053926,-0.0017878212688663547,0.33484180464415325,significant
0.2,smallworldness,0.0404746405905467,100,two_sample_t_p_value,100.0,3.0,,0.0034079153433294465,0.0004149532766726,-0.04659208465667056,0.0,significant
0.2,smallworldness,0.0404746405905467,100,two_sample_t_p_value,100.0,4.0,,0.00012152364430076177,1.790230238188795e-05,-0.04987847635569924,0.0,significant
0.2,smallworldness,0.0404746405905467,100,two_sample_t_p_value,100.0,5.0,,2.450173413503802e-06,4.1122706245928e-07,-0.049997549826586496,0.0,significant
0.2,smallworldness,0.0404746405905467,100,two_sample_t_p_value,100.0,6.0,,3.172491502802852e-08,5.811958059228631e-09,-0.049999968275084974,0.0,significant
0.2,smallworldness,0.0404746405905467,300,two_sample_t_p_value,300.0,0.5,,0.617441622554225,0.0284653197822079,0.5674416225542249,2.4685531284323667e-154,non-significant
0.2,smallworldness,0.0404746405905467,300,two_sample_t_p_value,300.0,1.0,,0.31811640443062633,0.0195547559188569,0.26811640443062634,2.0315882690341784e-91,non-significant
0.2,smallworldness,0.0404746405905467,300,two_sample_t_p_value,300.0,2.0,,0.0464015209831491,0.0043957770092405,-0.0035984790168509043,0.20355731273137345,significant
0.2,smallworldness,0.0404746405905467,300,two_sample_t_p_value,300.0,3.0,,0.0029262198640661076,0.0003773625803791,-0.0470737801359339,0.0,significant
0.2,smallworldness,0.0404746405905467,300,two_sample_t_p_value,300.0,4.0,,7.984004483719462e-05,1.2959971673183072e-05,-0.04992015995516281,0.0,significant
0.2,smallworldness,0.0404746405905467,300,two_sample_t_p_value,300.0,5.0,,9.769154730247779e-07,1.8926231983410641e-07,-0.04999902308452698,0.0,significant
0.2,smallworldness,0.0404746405905467,300,two_sample_t_p_value,300.0,6.0,,5.676439092359154e-09,1.263132004533826e-09,-0.04999999432356091,0.0,significant
0.2,smallworldness,0.0404746405905467,500,two_sample_t_p_value,500.0,0.5,,0.6172950500946657,0.0284789600133098,0.5672950500946656,3.8002267767127466e-154,non-significant
0.2,smallworldness,0.0404746405905467,500,two_sample_t_p_value,500.0,1.0,,0.3177942072606085,0.0195677851734923,0.2677942072606085,4.449317976284898e-91,non-significant
0.2,smallworldness,0.0404746405905467,500,two_sample_t_p_value,500.0,2.0,,0.046040682769031456,0.0043857373755406,-0.003959317230968547,0.18165602244710222,significant
0.2,smallworldness,0.0404746405905467,500,two_sample_t_p_value,500.0,3.0,,0.002834491812851143,0.00036990272115,-0.04716550818714886,0.0,significant
0.2,smallworldness,0.0404746405905467,500,two_sample_t_p_value,500.0,4.0,,7.291606940371305e-05,1.208208102599593e-05,-0.04992708393059629,0.0,significant
0.2,smallworldness,0.0404746405905467,500,two_sample_t_p_value,500.0,5.0,,7.94641504790956e-07,1.588497363457645e-07,-0.04999920535849521,0.0,significant
0.2,smallworldness,0.0404746405905467,500,two_sample_t_p_value,500.0,6.0,,3.790442338479296e-09,8.812764879240748e-10,-0.04999999620955766,0.0,significant
0.2,smallworldness,0.0404746405905467,1000,two_sample_t_p_value,1000.0,0.5,,0.6171850808338747,0.028489195358062,0.5671850808338746,5.250909883640239e-154,non-significant
0.2,smallworldness,0.0404746405905467,1000,two_sample_t_p_value,1000.0,1.0,,0.31755241808467255,0.019577566618053,0.26755241808467256,8.00082036381366e-91,non-significant
0.2,smallworldness,0.0404746405905467,1000,two_sample_t_p_value,1000.0,2.0,,0.04577034649325166,0.0043781559586424,-0.0042296535067483446,0.1662592933540037,significant
0.2,smallworldness,0.0404746405905467,1000,two_sample_t_p_value,1000.0,3.0,,0.0027667090442381925,0.0003643223270566,-0.04723329095576181,0.0,significant
0.2,smallworldness,0.0404746405905467,1000,two_sample_t_p_value,1000.0,4.0,,6.800991920878163e-05,1.1447579306743676e-05,-0.04993199008079122,0.0,significant
0.2,smallworldness,0.0404746405905467,1000,two_sample_t_p_value,1000.0,5.0,,6.767256364648635e-07,1.385861596598121e-07,-0.04999932327436354,0.0,significant
0.2,smallworldness,0.0404746405905467,1000,two_sample_t_p_value,1000.0,6.0,,2.7553691733774752e-09,6.629135659012392e-10,-0.04999999724463083,0.0,significant
0.3,smallworldness,0.0231688025024007,30,two_sample_t_p_value,30.0,0.5,,0.6207230048851272,0.0161198602156403,0.5707230048851272,0.0,non-significant
0.3,smallworldness,0.0231688025024007,30,two_sample_t_p_value,30.0,1.0,,0.3253086154260302,0.01102804149033,0.2753086154260302,6.884238160377436e-299,non-significant
0.3,smallworldness,0.0231688025024007,30,two_sample_t_p_value,30.0,2.0,,0.054625044962983094,0.0026343982647613,0.004625044962983091,0.0367758805116597,non-significant
0.3,smallworldness,0.0231688025024007,30,two_sample_t_p_value,30.0,3.0,,0.005389964065651945,0.0003141255318312,-0.044610035934348057,0.0,significant
0.3,smallworldness,0.0231688025024007,30,two_sample_t_p_value,30.0,4.0,,0.0003818456360837564,2.4314103145392937e-05,-0.04961815436391625,0.0,significant
0.3,smallworldness,0.0231688025024007,30,two_sample_t_p_value,30.0,5.0,,2.32966854670078e-05,1.5239929523699164e-06,-0.049976703314532994,0.0,significant
0.3,smallworldness,0.0231688025024007,30,two_sample_t_p_value,30.0,6.0,,1.3942768767204764e-06,9.029706720092333e-08,-0.049998605723123285,0.0,significant
0.3,smallworldness,0.0231688025024007,50,two_sample_t_p_value,50.0,0.5,,0.6192685675117714,0.0161971180132987,0.5692685675117714,0.0,non-significant
0.3,smallworldness,0.0231688025024007,50,two_sample_t_p_value,50.0,1.0,,0.32212564510024433,0.0111011492442562,0.27212564510024434,4.357419038651866e-288,non-significant
0.3,smallworldness,0.0231688025024007,50,two_sample_t_p_value,50.0,2.0,,0.05094706873769324,0.0025844406086263,0.0009470687376932352,0.362210155217833,non-significant
0.3,smallworldness,0.0231688025024007,50,two_sample_t_p_value,50.0,3.0,,0.004201703187068241,0.0002701973809121,-0.04579829681293176,0.0,significant
0.3,smallworldness,0.0231688025024007,50,two_sample_t_p_value,50.0,4.0,,0.00020919024636403336,1.5489488464010715e-05,-0.04979080975363597,0.0,significant
0.3,smallworldness,0.0231688025024007,50,two_sample_t_p_value,50.0,5.0,,7.4332122472325795e-06,5.947647419851181e-07,-0.04999256678775277,0.0,significant
0.3,smallworldness,0.0231688025024007,50,two_sample_t_p_value,50.0,6.0,,2.1889394850799978e-07,1.814249136920512e-08,-0.049999781106051494,0.0,significant
0.3,smallworldness,0.0231688025024007,75,two_sample_t_p_value,75.0,0.5,,0.6185389578679419,0.0162359195389546,0.5685389578679418,0.0,non-significant
0.3,smallworldness,0.0231688025024007,75,two_sample_t_p_value,75.0,1.0,,0.3205260061237414,0.0111380085216788,0.2705260061237414,8.953970111834484e-283,non-significant
0.3,smallworldness,0.0231688025024007,75,two_sample_t_p_value,75.0,2.0,,0.04912138289485513,0.0025579649153363,-0.0008786171051448702,0.3601843938834681,significant
0.3,smallworldness,0.0231688025024007,75,two_sample_t_p_value,75.0,3.0,,0.0036630774411349812,0.0002483768884548,-0.04633692255886502,0.0,significant
0.3,smallworldness,0.0231688025024007,75,two_sample_t_p_value,75.0,4.0,,0.00014717180322168836,1.1861814943242965e-05,-0.04985282819677832,0.0,significant
0.3,smallworldness,0.0231688025024007,75,two_sample_t_p_value,75.0,5.0,,3.657912410473166e-06,3.2940034712868375e-07,-0.04999634208758953,0.0,significant
0.3,smallworldness,0.0231688025024007,75,two_sample_t_p_value,75.0,6.0,,6.480298590623212e-08,6.243826959863946e-09,-0.049999935197014095,0.0,significant
0.3,smallworldness,0.0231688025024007,100,two_sample_t_p_value,100.0,0.5,,0.6181735658308866,0.0162553631282994,0.5681735658308865,0.0,non-significant
0.3,smallworldness,0.0231688025024007,100,two_sample_t_p_value,100.0,1.0,,0.31972415578412333,0.011156515030502,0.26972415578412334,3.8588055738755844e-280,non-significant
0.3,smallworldness,0.0231688025024007,100,two_sample_t_p_value,100.0,2.0,,0.04821217873113365,0.0025443350243723,-0.0017878212688663547,0.2384864940255642,significant
0.3,smallworldness,0.0231688025024007,100,two_sample_t_p_value,100.0,3.0,,0.0034079153433294465,0.0002375307198453,-0.04659208465667056,0.0,significant
0.3,smallworldness,0.0231688025024007,100,two_sample_t_p_value,100.0,4.0,,0.00012152364430076177,1.0247772485992005e-05,-0.04987847635569924,0.0,significant
0.3,smallworldness,0.0231688025024007,100,two_sample_t_p_value,100.0,5.0,,2.450173413503802e-06,2.353977318821885e-07,-0.049997549826586496,0.0,significant
0.3,smallworldness,0.0231688025024007,100,two_sample_t_p_value,100.0,6.0,,3.172491502802852e-08,3.326925365161973e-09,-0.049999968275084974,0.0,significant
0.3,smallworldness,0.0231688025024007,300,two_sample_t_p_value,300.0,0.5,,0.617441622554225,0.0162943354796754,0.5674416225542249,0.0,non-significant
0.3,smallworldness,0.0231688025024007,300,two_sample_t_p_value,300.0,1.0,,0.31811640443062633,0.0111936825443353,0.26811640443062634,6.478108339330582e-275,non-significant
0.3,smallworldness,0.0231688025024007,300,two_sample_t_p_value,300.0,2.0,,0.0464015209831491,0.0025162642060736,-0.0035984790168509043,0.07876908680338723,significant
0.3,smallworldness,0.0231688025024007,300,two_sample_t_p_value,300.0,3.0,,0.0029262198640661076,0.0002160127667358,-0.0470737801359339,0.0,significant
0.3,smallworldness,0.0231688025024007,300,two_sample_t_p_value,300.0,4.0,,7.984004483719462e-05,7.418645842226869e-06,-0.04992015995516281,0.0,significant
0.3,smallworldness,0.0231688025024007,300,two_sample_t_p_value,300.0,5.0,,9.769154730247779e-07,1.0833898078904169e-07,-0.04999902308452698,0.0,significant
0.3,smallworldness,0.0231688025024007,300,two_sample_t_p_value,300.0,6.0,,5.676439092359154e-09,7.230516570501912e-10,-0.04999999432356091,0.0,significant
0.3,smallworldness,0.0231688025024007,500,two_sample_t_p_value,500.0,0.5,,0.6172950500946657,0.0163021435248087,0.5672950500946656,0.0,non-significant
0.3,smallworldness,0.0231688025024007,500,two_sample_t_p_value,500.0,1.0,,0.3177942072606085,0.0112011408496592,0.2677942072606085,7.070180231730391e-274,non-significant
0.3,smallworldness,0.0231688025024007,500,two_sample_t_p_value,500.0,2.0,,0.046040682769031456,0.00251051724237,-0.003959317230968547,0.060192626195378685,significant
0.3,smallworldness,0.0231688025024007,500,two_sample_t_p_value,500.0,3.0,,0.002834491812851143,0.000211742537213,-0.04716550818714886,0.0,significant
0.3,smallworldness,0.0231688025024007,500,two_sample_t_p_value,500.0,4.0,,7.291606940371305e-05,6.9161169815225645e-06,-0.04992708393059629,0.0,significant
0.3,smallworldness,0.0231688025024007,500,two_sample_t_p_value,500.0,5.0,,7.94641504790956e-07,9.0929977765214e-08,-0.04999920535849521,0.0,significant
0.3,smallworldness,0.0231688025024007,500,two_sample_t_p_value,500.0,6.0,,3.790442338479296e-09,5.044670094857143e-10,-0.04999999620955766,0.0,significant
0.3,smallworldness,0.0231688025024007,1000,two_sample_t_p_value,1000.0,0.5,,0.6171850808338747,0.0163080025189257,0.5671850808338746,0.0,non-significant
0.3,smallworldness,0.0231688025024007,1000,two_sample_t_p_value,1000.0,1.0,,0.31755241808467255,0.0112067400187663,0.26755241808467256,4.230415144932198e-273,non-significant
0.3,smallworldness,0.0231688025024007,1000,two_sample_t_p_value,1000.0,2.0,,0.04577034649325166,0.002506177429879,-0.0042296535067483446,0.04867634662635001,significant
0.3,smallworldness,0.0231688025024007,1000,two_sample_t_p_value,1000.0,3.0,,0.0027667090442381925,0.0002085481654594,-0.04723329095576181,0.0,significant
0.3,smallworldness,0.0231688025024007,1000,two_sample_t_p_value,1000.0,4.0,,6.800991920878163e-05,6.552910667487433e-06,-0.04993199008079122,0.0,significant
0.3,smallworldness,0.0231688025024007,1000,two_sample_t_p_value,1000.0,5.0,,6.767256364648635e-07,7.933054663058067e-08,-0.04999932327436354,0.0,significant
0.3,smallworldness,0.0231688025024007,1000,two_sample_t_p_value,1000.0,6.0,,2.7553691733774752e-09,3.794700400160007e-10,-0.04999999724463083,0.0,significant
0.4,smallworldness,0.028089923471353,30,two_sample_t_p_value,30.0,0.5,,0.6207230048851272,0.0195437653620348,0.5707230048851272,0.0,non-significant
0.4,smallworldness,0.028089923471353,30,two_sample_t_p_value,30.0,1.0,,0.3253086154260302,0.0133704295450823,0.2753086154260302,5.241796413452177e-204,non-significant
0.4,smallworldness,0.028089923471353,30,two_sample_t_p_value,30.0,2.0,,0.054625044962983094,0.0031939521104961,0.004625044962983091,0.07079144795707437,non-significant
0.4,smallworldness,0.028089923471353,30,two_sample_t_p_value,30.0,3.0,,0.005389964065651945,0.0003808467074905,-0.044610035934348057,0.0,significant
0.4,smallworldness,0.028089923471353,30,two_sample_t_p_value,30.0,4.0,,0.0003818456360837564,2.9478489298611863e-05,-0.04961815436391625,0.0,significant
0.4,smallworldness,0.028089923471353,30,two_sample_t_p_value,30.0,5.0,,2.32966854670078e-05,1.8476934834468248e-06,-0.049976703314532994,0.0,significant
0.4,smallworldness,0.028089923471353,30,two_sample_t_p_value,30.0,6.0,,1.3942768767204764e-06,1.0947642663442513e-07,-0.049998605723123285,0.0,significant
0.4,smallworldness,0.028089923471353,50,two_sample_t_p_value,50.0,0.5,,0.6192685675117714,0.01963743294039,0.5692685675117714,2e-323,non-significant
0.4,smallworldness,0.028089923471353,50,two_sample_t_p_value,50.0,1.0,,0.32212564510024433,0.0134590655983586,0.27212564510024434,1.1730073136452062e-196,non-significant
0.4,smallworldness,0.028089923471353,50,two_sample_t_p_value,50.0,2.0,,0.05094706873769324,0.003133383303045,0.0009470687376932352,0.3879891153294346,non-significant
0.4,smallworldness,0.028089923471353,50,two_sample_t_p_value,50.0,3.0,,0.004201703187068241,0.0003275880896821,-0.04579829681293176,0.0,significant
0.4,smallworldness,0.028089923471353,50,two_sample_t_p_value,50.0,4.0,,0.00020919024636403336,1.877950081880072e-05,-0.04979080975363597,0.0,significant
0.4,smallworldness,0.028089923471353,50,two_sample_t_p_value,50.0,5.0,,7.4332122472325795e-06,7.210945012842097e-07,-0.04999256678775277,0.0,significant
0.4,smallworldness,0.028089923471353,50,two_sample_t_p_value,50.0,6.0,,2.1889394850799978e-07,2.199600924941409e-08,-0.049999781106051494,0.0,significant
0.4,smallworldness,0.028089923471353,75,two_sample_t_p_value,75.0,0.5,,0.6185389578679419,0.0196844760228339,0.5685389578679418,1.833e-321,non-significant
0.4,smallworldness,0.028089923471353,75,two_sample_t_p_value,75.0,1.0,,0.3205260061237414,0.0135037538934011,0.2705260061237414,4.835308994571538e-193,non-significant
0.4,smallworldness,0.028089923471353,75,two_sample_t_p_value,75.0,2.0,,0.04912138289485513,0.0031012840955746,-0.0008786171051448702,0.3814734965970935,significant
0.4,smallworldness,0.028089923471353,75,two_sample_t_p_value,75.0,3.0,,0.0036630774411349812,0.0003011328612269,-0.04633692255886502,0.0,significant
0.4,smallworldness,0.028089923471353,75,two_sample_t_p_value,75.0,4.0,,0.00014717180322168836,1.4381298901940276e-05,-0.04985282819677832,0.0,significant
0.4,smallworldness,0.028089923471353,75,two_sample_t_p_value,75.0,5.0,,3.657912410473166e-06,3.993659379384447e-07,-0.04999634208758953,0.0,significant
0.4,smallworldness,0.028089923471353,75,two_sample_t_p_value,75.0,6.0,,6.480298590623212e-08,7.570033947709449e-09,-0.049999935197014095,0.0,significant
0.4,smallworldness,0.028089923471353,100,two_sample_t_p_value,100.0,0.5,,0.6181735658308866,0.0197080494870493,0.5681735658308865,1.7396e-320,non-significant
0.4,smallworldness,0.028089923471353,100,two_sample_t_p_value,100.0,1.0,,0.31972415578412333,0.0135261912384694,0.26972415578412334,2.999524478592208e-191,non-significant
0.4,smallworldness,0.028089923471353,100,two_sample_t_p_value,100.0,2.0,,0.04821217873113365,0.0030847591761678,-0.0017878212688663547,0.2765856111906446,significant
0.4,smallworldness,0.028089923471353,100,two_sample_t_p_value,100.0,3.0,,0.0034079153433294465,0.0002879829348909,-0.04659208465667056,0.0,significant
0.4,smallworldness,0.028089923471353,100,two_sample_t_p_value,100.0,4.0,,0.00012152364430076177,1.2424429137134944e-05,-0.04987847635569924,0.0,significant
0.4,smallworldness,0.028089923471353,100,two_sample_t_p_value,100.0,5.0,,2.450173413503802e-06,2.853968940870205e-07,-0.049997549826586496,0.0,significant
0.4,smallworldness,0.028089923471353,100,two_sample_t_p_value,100.0,6.0,,3.172491502802852e-08,4.033573979173915e-09,-0.049999968275084974,0.0,significant
0.4,smallworldness,0.028089923471353,300,two_sample_t_p_value,300.0,0.5,,0.617441622554225,0.0197552996790925,0.5674416225542249,1.547695e-318,non-significant
0.4,smallworldness,0.028089923471353,300,two_sample_t_p_value,300.0,1.0,,0.31811640443062633,0.0135712532402319,0.26811640443062634,1.0776155810525985e-187,non-significant
0.4,smallworldness,0.028089923471353,300,two_sample_t_p_value,300.0,2.0,,0.0464015209831491,0.0030507260345021,-0.0035984790168509043,0.12052755814118477,significant
0.4,smallworldness,0.028089923471353,300,two_sample_t_p_value,300.0,3.0,,0.0029262198640661076,0.0002618945060201,-0.0470737801359339,0.0,significant
0.4,smallworldness,0.028089923471353,300,two_sample_t_p_value,300.0,4.0,,7.984004483719462e-05,8.994387774147198e-06,-0.04992015995516281,0.0,significant
0.4,smallworldness,0.028089923471353,300,two_sample_t_p_value,300.0,5.0,,9.769154730247779e-07,1.3135049508981873e-07,-0.04999902308452698,0.0,significant
0.4,smallworldness,0.028089923471353,300,two_sample_t_p_value,300.0,6.0,,5.676439092359154e-09,8.76629929849431e-10,-0.04999999432356091,0.0,significant
0.4,smallworldness,0.028089923471353,500,two_sample_t_p_value,500.0,0.5,,0.6172950500946657,0.0197647661756986,0.5672950500946656,3.78951e-318,non-significant
0.4,smallworldness,0.028089923471353,500,two_sample_t_p_value,500.0,1.0,,0.3177942072606085,0.0135802957112769,0.2677942072606085,5.479912470925653e-187,non-significant
0.4,smallworldness,0.028089923471353,500,two_sample_t_p_value,500.0,2.0,,0.046040682769031456,0.00304375839901,-0.003959317230968547,0.09893271037268414,significant
0.4,smallworldness,0.028089923471353,500,two_sample_t_p_value,500.0,3.0,,0.002834491812851143,0.0002567172673394,-0.04716550818714886,0.0,significant
0.4,smallworldness,0.028089923471353,500,two_sample_t_p_value,500.0,4.0,,7.291606940371305e-05,8.385120323321138e-06,-0.04992708393059629,0.0,significant
0.4,smallworldness,0.028089923471353,500,two_sample_t_p_value,500.0,5.0,,7.94641504790956e-07,1.1024376924150609e-07,-0.04999920535849521,0.0,significant
0.4,smallworldness,0.028089923471353,500,two_sample_t_p_value,500.0,6.0,,3.790442338479296e-09,6.11617268039974e-10,-0.04999999620955766,0.0,significant
0.4,smallworldness,0.028089923471353,1000,two_sample_t_p_value,1000.0,0.5,,0.6171850808338747,0.0197718696371894,0.5671850808338746,7.41392e-318,non-significant
0.4,smallworldness,0.028089923471353,1000,two_sample_t_p_value,1000.0,1.0,,0.31755241808467255,0.0135870841601708,0.26755241808467256,1.851238778368953e-186,non-significant
0.4,smallworldness,0.028089923471353,1000,two_sample_t_p_value,1000.0,2.0,,0.04577034649325166,0.0030384967977365,-0.0042296535067483446,0.08471942571210433,significant
0.4,smallworldness,0.028089923471353,1000,two_sample_t_p_value,1000.0,3.0,,0.0027667090442381925,0.0002528444017441,-0.04723329095576181,0.0,significant
0.4,smallworldness,0.028089923471353,1000,two_sample_t_p_value,1000.0,4.0,,6.800991920878163e-05,7.94476793288137e-06,-0.04993199008079122,0.0,significant
0.4,smallworldness,0.028089923471353,1000,two_sample_t_p_value,1000.0,5.0,,6.767256364648635e-07,9.618058523148579e-08,-0.04999932327436354,0.0,significant
0.4,smallworldness,0.028089923471353,1000,two_sample_t_p_value,1000.0,6.0,,2.7553691733774752e-09,4.600705790735723e-10,-0.04999999724463083,0.0,significant
0.5,smallworldness,0.0243950885940395,30,two_sample_t_p_value,30.0,0.5,,0.6207230048851272,0.0169730575433638,0.5707230048851272,0.0,non-significant
0.5,smallworldness,0.0243950885940395,30,two_sample_t_p_value,30.0,1.0,,0.3253086154260302,0.0116117373415164,0.2753086154260302,8.370301489387009e-270,non-significant
0.5,smallworldness,0.0243950885940395,30,two_sample_t_p_value,30.0,2.0,,0.054625044962983094,0.0027738325730981,0.004625044962983091,0.04476803353068682,non-significant
0.5,smallworldness,0.0243950885940395,30,two_sample_t_p_value,30.0,3.0,,0.005389964065651945,0.0003307516725509,-0.044610035934348057,0.0,significant
0.5,smallworldness,0.0243950885940395,30,two_sample_t_p_value,30.0,4.0,,0.0003818456360837564,2.560100809072954e-05,-0.04961815436391625,0.0,significant
0.5,smallworldness,0.0243950885940395,30,two_sample_t_p_value,30.0,5.0,,2.32966854670078e-05,1.6046553586834551e-06,-0.049976703314532994,0.0,significant
0.5,smallworldness,0.0243950885940395,30,two_sample_t_p_value,30.0,6.0,,1.3942768767204764e-06,9.507634043322753e-08,-0.049998605723123285,0.0,significant
0.5,smallworldness,0.0243950885940395,50,two_sample_t_p_value,50.0,0.5,,0.6192685675117714,0.0170544044674554,0.5692685675117714,0.0,non-significant
0.5,smallworldness,0.0243950885940395,50,two_sample_t_p_value,50.0,1.0,,0.32212564510024433,0.0116887145669796,0.27212564510024434,4.634068694316962e-260,non-significant
0.5,smallworldness,0.0243950885940395,50,two_sample_t_p_value,50.0,2.0,,0.05094706873769324,0.0027212307415085,0.0009470687376932352,0.3695003712344434,non-significant
0.5,smallworldness,0.0243950885940395,50,two_sample_t_p_value,50.0,3.0,,0.004201703187068241,0.0002844984778366,-0.04579829681293176,0.0,significant
0.5,smallworldness,0.0243950885940395,50,two_sample_t_p_value,50.0,4.0,,0.00020919024636403336,1.630932126581598e-05,-0.04979080975363597,0.0,significant
0.5,smallworldness,0.0243950885940395,50,two_sample_t_p_value,50.0,5.0,,7.4332122472325795e-06,6.262446482434547e-07,-0.04999256678775277,0.0,significant
0.5,smallworldness,0.0243950885940395,50,two_sample_t_p_value,50.0,6.0,,2.1889394850799978e-07,1.910274319194943e-08,-0.049999781106051494,0.0,significant
0.5,smallworldness,0.0243950885940395,75,two_sample_t_p_value,75.0,0.5,,0.6185389578679419,0.0170952596931781,0.5685389578679418,0.0,non-significant
0.5,smallworldness,0.0243950885940395,75,two_sample_t_p_value,75.0,1.0,,0.3205260061237414,0.0117275247445079,0.2705260061237414,2.8727089330605416e-255,non-significant
0.5,smallworldness,0.0243950885940395,75,two_sample_t_p_value,75.0,2.0,,0.04912138289485513,0.0026933537339105,-0.0008786171051448702,0.36630150112153026,significant
0.5,smallworldness,0.0243950885940395,75,two_sample_t_p_value,75.0,3.0,,0.0036630774411349812,0.0002615230630905,-0.04633692255886502,0.0,significant
0.5,smallworldness,0.0243950885940395,75,two_sample_t_p_value,75.0,4.0,,0.00014717180322168836,1.2489641033304584e-05,-0.04985282819677832,0.0,significant
0.5,smallworldness,0.0243950885940395,75,two_sample_t_p_value,75.0,5.0,,3.657912410473166e-06,3.4683495835742734e-07,-0.04999634208758953,0.0,significant
0.5,smallworldness,0.0243950885940395,75,two_sample_t_p_value,75.0,6.0,,6.480298590623212e-08,6.574302311737965e-09,-0.049999935197014095,0.0,significant
0.5,smallworldness,0.0243950885940395,100,two_sample_t_p_value,100.0,0.5,,0.6181735658308866,0.0171157323992924,0.5681735658308865,0.0,non-significant
0.5,smallworldness,0.0243950885940395,100,two_sample_t_p_value,100.0,1.0,,0.31972415578412333,0.0117470107719908,0.26972415578412334,6.833656705546138e-253,non-significant
0.5,smallworldness,0.0243950885940395,100,two_sample_t_p_value,100.0,2.0,,0.04821217873113365,0.0026790024355401,-0.0017878212688663547,0.24915809041212023,significant
0.5,smallworldness,0.0243950885940395,100,two_sample_t_p_value,100.0,3.0,,0.0034079153433294465,0.0002501028248581,-0.04659208465667056,0.0,significant
0.5,smallworldness,0.0243950885940395,100,two_sample_t_p_value,100.0,4.0,,0.00012152364430076177,1.079016999956866e-05,-0.04987847635569924,0.0,significant
0.5,smallworldness,0.0243950885940395,100,two_sample_t_p_value,100.0,5.0,,2.450173413503802e-06,2.478569413981113e-07,-0.049997549826586496,0.0,significant
0.5,smallworldness,0.0243950885940395,100,two_sample_t_p_value,100.0,6.0,,3.172491502802852e-08,3.503013978407984e-09,-0.049999968275084974,0.0,significant
0.5,smallworldness,0.0243950885940395,300,two_sample_t_p_value,300.0,0.5,,0.617441622554225,0.0171567674922557,0.5674416225542249,0.0,non-significant
0.5,smallworldness,0.0243950885940395,300,two_sample_t_p_value,300.0,1.0,,0.31811640443062633,0.0117861455003692,0.26811640443062634,3.530202004693199e-248,non-significant
0.5,smallworldness,0.0243950885940395,300,two_sample_t_p_value,300.0,2.0,,0.0464015209831491,0.0026494458756259,-0.0035984790168509043,0.08945794196880719,significant
0.5,smallworldness,0.0243950885940395,300,two_sample_t_p_value,300.0,3.0,,0.0029262198640661076,0.0002274459623633,-0.0470737801359339,0.0,significant
0.5,smallworldness,0.0243950885940395,300,two_sample_t_p_value,300.0,4.0,,7.984004483719462e-05,7.811302398998595e-06,-0.04992015995516281,0.0,significant
0.5,smallworldness,0.0243950885940395,300,two_sample_t_p_value,300.0,5.0,,9.769154730247779e-07,1.1407318242981092e-07,-0.04999902308452698,0.0,significant
0.5,smallworldness,0.0243950885940395,300,two_sample_t_p_value,300.0,6.0,,5.676439092359154e-09,7.613215758552379e-10,-0.04999999432356091,0.0,significant
0.5,smallworldness,0.0243950885940395,500,two_sample_t_p_value,500.0,0.5,,0.6172950500946657,0.0171649888042012,0.5672950500946656,0.0,non-significant
0.5,smallworldness,0.0243950885940395,500,two_sample_t_p_value,500.0,1.0,,0.3177942072606085,0.0117939985613601,0.2677942072606085,3.0485974402966163e-247,non-significant
0.5,smallworldness,0.0243950885940395,500,two_sample_t_p_value,500.0,2.0,,0.046040682769031456,0.0026433947347142,-0.003959317230968547,0.06985904933188825,significant
0.5,smallworldness,0.0243950885940395,500,two_sample_t_p_value,500.0,3.0,,0.002834491812851143,0.0002229497167107,-0.04716550818714886,0.0,significant
0.5,smallworldness,0.0243950885940395,500,two_sample_t_p_value,500.0,4.0,,7.291606940371305e-05,7.282175523465302e-06,-0.04992708393059629,0.0,significant
0.5,smallworldness,0.0243950885940395,500,two_sample_t_p_value,500.0,5.0,,7.94641504790956e-07,9.574274989855812e-08,-0.04999920535849521,0.0,significant
0.5,smallworldness,0.0243950885940395,500,two_sample_t_p_value,500.0,6.0,,3.790442338479296e-09,5.311676072986075e-10,-0.04999999620955766,0.0,significant
0.5,smallworldness,0.0243950885940395,1000,two_sample_t_p_value,1000.0,0.5,,0.6171850808338747,0.0171711579051092,0.5671850808338746,0.0,non-significant
0.5,smallworldness,0.0243950885940395,1000,two_sample_t_p_value,1000.0,1.0,,0.31755241808467255,0.0117998940851537,0.26755241808467256,1.5308819562738397e-246,non-significant
0.5,smallworldness,0.0243950885940395,1000,two_sample_t_p_value,1000.0,2.0,,0.04577034649325166,0.002638825223183,-0.0042296535067483446,0.05748375061399835,significant
0.5,smallworldness,0.0243950885940395,1000,two_sample_t_p_value,1000.0,3.0,,0.0027667090442381925,0.0002195862721856,-0.04723329095576181,0.0,significant
0.5,smallworldness,0.0243950885940395,1000,two_sample_t_p_value,1000.0,4.0,,6.800991920878163e-05,6.899745304731146e-06,-0.04993199008079122,0.0,significant
0.5,smallworldness,0.0243950885940395,1000,two_sample_t_p_value,1000.0,5.0,,6.767256364648635e-07,8.352938021143166e-08,-0.04999932327436354,0.0,significant
0.5,smallworldness,0.0243950885940395,1000,two_sample_t_p_value,1000.0,6.0,,2.7553691733774752e-09,3.995547566178632e-10,-0.04999999724463083,0.0,significant
0.05,avg_shortestPathLength,0.039219040603392,30,partial_correlation_p_value,30.0,0.05,,0.7858069815820645,0.0304380844226471,0.7358069815820645,2.5335810801087897e-147,non-significant
0.05,avg_shortestPathLength,0.039219040603392,30,partial_correlation_p_value,30.0,0.1,,0.5860649647763356,0.0272828996556585,0.5360649647763356,1.900093336097082e-157,non-significant
0.05,avg_shortestPathLength,0.039219040603392,30,partial_correlation_p_value,30.0,0.2,,0.27242589732757794,0.0174627679543125,0.22242589732757795,1.053447349525218e-77,non-significant
0.05,avg_shortestPathLength,0.039219040603392,30,partial_correlation_p_value,30.0,0.3,,0.09527344416868826,0.0080404506871239,0.045273444168688254,7.294090208848991e-12,non-significant
0.05,avg_shortestPathLength,0.039219040603392,30,partial_correlation_p_value,30.0,0.4,,0.023307657869861772,0.002519009770201,-0.02669234213013823,1.1102230246251565e-16,significant
0.05,avg_shortestPathLength,0.039219040603392,30,partial_correlation_p_value,30.0,0.5,,0.0035685233088176825,0.0004870443652437,-0.04643147669118232,0.0,significant
0.05,avg_shortestPathLength,0.039219040603392,50,partial_correlation_p_value,50.0,0.05,,0.724830244916418,0.0295814064177078,0.674830244916418,6.832577633180451e-160,non-significant
0.05,avg_shortestPathLength,0.039219040603392,50,partial_correlation_p_value,50.0,0.1,,0.4805913120761051,0.0245875314869668,0.4305913120761051,7.973536994643126e-141,non-significant
0.05,avg_shortestPathLength,0.039219040603392,50,partial_correlation_p_value,50.0,0.2,,0.15515112469544967,0.0115690546051246,0.10515112469544967,1.259074558395017e-34,non-significant
0.05,avg_shortestPathLength,0.039219040603392,50,partial_correlation_p_value,50.0,0.3,,0.030712033725595562,0.0031200874980921,-0.01928796627440444,6.300699839645318e-08,significant
0.05,avg_shortestPathLength,0.039219040603392,50,partial_correlation_p_value,50.0,0.4,,0.003302727162238229,0.0004390309829009,-0.046697272837761775,0.0,significant
0.05,avg_shortestPathLength,0.039219040603392,50,partial_correlation_p_value,50.0,0.5,,0.0001605349566003264,2.7330879950178547e-05,-0.04983946504339968,0.0,significant
0.05,avg_shortestPathLength,0.039219040603392,75,partial_correlation_p_value,75.0,0.05,,0.6658561263349685,0.0286207924781646,0.6158561263349684,4.952805580064581e-164,non-significant
0.05,avg_shortestPathLength,0.039219040603392,75,partial_correlation_p_value,75.0,0.1,,0.3868655898413166,0.0216474324720128,0.3368655898413166,4.459462834123342e-117,non-significant
0.05,avg_shortestPathLength,0.039219040603392,75,partial_correlation_p_value,75.0,0.2,,0.08116706380718447,0.0069332971843454,0.031167063807184467,1.2435226858401373e-07,non-significant
0.05,avg_shortestPathLength,0.039219040603392,75,partial_correlation_p_value,75.0,0.3,,0.008030434893107933,0.0009581548656038,-0.04196956510689207,0.0,significant
0.05,avg_shortestPathLength,0.039219040603392,75,partial_correlation_p_value,75.0,0.4,,0.00031301084080057913,4.957215257796338e-05,-0.049686989159199425,0.0,significant
0.05,avg_shortestPathLength,0.039219040603392,75,partial_correlation_p_value,75.0,0.5,,3.657912410473166e-06,7.48464039082109e-07,-0.04999634208758953,0.0,significant
0.05,avg_shortestPathLength,0.039219040603392,100,partial_correlation_p_value,100.0,0.05,,0.6177343076882446,0.0277154846514925,0.5677343076882445,8.600841101431676e-163,non-significant
0.05,avg_shortestPathLength,0.039219040603392,100,partial_correlation_p_value,100.0,0.1,,0.3173043978741975,0.0190754962153245,0.2673043978741975,2.1835431357255892e-95,non-significant
0.05,avg_shortestPathLength,0.039219040603392,100,partial_correlation_p_value,100.0,0.2,,0.043860884260170395,0.00415872063262,-0.006139115739829608,0.07424755305729436,significant
0.05,avg_shortestPathLength,0.039219040603392,100,partial_correlation_p_value,100.0,0.3,,0.0021883947254214523,0.0002944981910552,-0.04781160527457855,0.0,significant
0.05,avg_shortestPathLength,0.039219040603392,100,partial_correlation_p_value,100.0,0.4,,3.109559952288662e-05,5.602196935988888e-06,-0.04996890440047712,0.0,significant
0.05,avg_shortestPathLength,0.039219040603392,100,partial_correlation_p_value,100.0,0.5,,8.769694091866885e-08,2.0514750973967818e-08,-0.049999912303059085,0.0,significant
0.05,avg_shortestPathLength,0.039219040603392,300,partial_correlation_p_value,300.0,0.05,,0.3865747744849377,0.0215416691003336,0.3365747744849377,5.103581338723964e-118,non-significant
0.05,avg_shortestPathLength,0.039219040603392,300,partial_correlation_p_value,300.0,0.1,,0.0827480032540806,0.006970464843916,0.0327480032540806,2.9511547312123645e-08,non-significant
0.05,avg_shortestPathLength,0.039219040603392,300,partial_correlation_p_value,300.0,0.2,,0.00047121211121644706,7.004054039783473e-05,-0.04952878788878356,0.0,significant
0.05,avg_shortestPathLength,0.039219040603392,300,partial_correlation_p_value,300.0,0.3,,1.0680987893806553e-07,2.357698682530861e-08,-0.04999989319012106,0.0,significant
0.05,avg_shortestPathLength,0.039219040603392,300,partial_correlation_p_value,300.0,0.4,,4.961369134212258e-13,1.4981435024579884e-13,-0.049999999999503865,0.0,significant
0.05,avg_shortestPathLength,0.039219040603392,300,partial_correlation_p_value,300.0,0.5,,1.6558627351112573e-20,6.568391431265713e-21,-0.05,0.0,significant
0.05,avg_shortestPathLength,0.039219040603392,500,partial_correlation_p_value,500.0,0.05,,0.2634924310858535,0.0167657986739743,0.21349243108585353,3.2357404855766972e-77,non-significant
0.05,avg_shortestPathLength,0.039219040603392,500,partial_correlation_p_value,500.0,0.1,,0.025054006060311104,0.0025505606866578,-0.0249459939396889,4.218847493575595e-15,significant
0.05,avg_shortestPathLength,0.039219040603392,500,partial_correlation_p_value,500.0,0.2,,6.313699919191115e-06,1.1812103743610882e-06,-0.04999368630008081,0.0,significant
0.05,avg_shortestPathLength,0.039219040603392,500,partial_correlation_p_value,500.0,0.3,,6.716109043816408e-12,1.8900878631722915e-12,-0.049999999993283896,0.0,significant
0.05,avg_shortestPathLength,0.039219040603392,500,partial_correlation_p_value,500.0,0.4,,1.0365018011564428e-20,4.0117742059442156e-21,-0.05,0.0,significant
0.05,avg_shortestPathLength,0.039219040603392,500,partial_correlation_p_value,500.0,0.5,,4.1307211551450724e-33,2.105910090378074e-33,-0.05,0.0,significant
0.05,avg_shortestPathLength,0.039219040603392,1000,partial_correlation_p_value,1000.0,0.05,,0.11371053994288459,0.0089648171616071,0.06371053994288459,2.423281746693265e-19,non-significant
0.05,avg_shortestPathLength,0.039219040603392,1000,partial_correlation_p_value,1000.0,0.1,,0.0015273578790529936,0.0002066928296145,-0.04847264212094701,0.0,significant
0.05,avg_shortestPathLength,0.039219040603392,1000,partial_correlation_p_value,1000.0,0.2,,1.6849007397872172e-10,4.365425817365119e-11,-0.04999999983150993,0.0,significant
0.05,avg_shortestPathLength,0.039219040603392,1000,partial_correlation_p_value,1000.0,0.3,,2.761398881915165e-22,1.088231201363197e-22,-0.05,0.0,significant
0.05,avg_shortestPathLength,0.039219040603392,1000,partial_correlation_p_value,1000.0,0.4,,8.653026414338422e-40,4.7103057362322715e-40,-0.05,0.0,significant
0.05,avg_shortestPathLength,0.039219040603392,1000,partial_correlation_p_value,1000.0,0.5,,1.706877942166305e-64,1.2264413187331202e-64,-0.05,0.0,significant
0.1,avg_shortestPathLength,0.0318008707364405,30,partial_correlation_p_value,30.0,0.05,,0.7858069815820645,0.0246808074164299,0.7358069815820645,2.8435483006163705e-223,non-significant
0.1,avg_shortestPathLength,0.0318008707364405,30,partial_correlation_p_value,30.0,0.1,,0.5860649647763356,0.0221224168647775,0.5360649647763356,1.5006362248102421e-238,non-significant
0.1,avg_shortestPathLength,0.0318008707364405,30,partial_correlation_p_value,30.0,0.2,,0.27242589732757794,0.0141597351151807,0.22242589732757795,3.575954745650625e-117,non-significant
0.1,avg_shortestPathLength,0.0318008707364405,30,partial_correlation_p_value,30.0,0.3,,0.09527344416868826,0.0065196223321648,0.045273444168688254,3.7261084817308624e-17,non-significant
0.1,avg_shortestPathLength,0.0318008707364405,30,partial_correlation_p_value,30.0,0.4,,0.023307657869861772,0.0020425462442103,-0.02669234213013823,0.0,significant
0.1,avg_shortestPathLength,0.0318008707364405,30,partial_correlation_p_value,30.0,0.5,,0.0035685233088176825,0.0003949213102548,-0.04643147669118232,0.0,significant
0.1,avg_shortestPathLength,0.0318008707364405,50,partial_correlation_p_value,50.0,0.05,,0.724830244916418,0.0239861676170191,0.674830244916418,2.3974976796796992e-242,non-significant
0.1,avg_shortestPathLength,0.0318008707364405,50,partial_correlation_p_value,50.0,0.1,,0.4805913120761051,0.019936869911029,0.4305913120761051,3.209317407555657e-213,non-significant
0.1,avg_shortestPathLength,0.0318008707364405,50,partial_correlation_p_value,50.0,0.2,,0.15515112469544967,0.0093808008656022,0.10515112469544967,1.0971098849115135e-51,non-significant
0.1,avg_shortestPathLength,0.0318008707364405,50,partial_correlation_p_value,50.0,0.3,,0.030712033725595562,0.0025299318312398,-0.01928796627440444,3.8960834558565693e-11,significant
0.1,avg_shortestPathLength,0.0318008707364405,50,partial_correlation_p_value,50.0,0.4,,0.003302727162238229,0.0003559895224799,-0.046697272837761775,0.0,significant
0.1,avg_shortestPathLength,0.0318008707364405,50,partial_correlation_p_value,50.0,0.5,,0.0001605349566003264,2.2161321823197025e-05,-0.04983946504339968,0.0,significant
0.1,avg_shortestPathLength,0.0318008707364405,75,partial_correlation_p_value,75.0,0.05,,0.6658561263349685,0.0232072510691116,0.6158561263349684,1.319760649360966e-248,non-significant
0.1,avg_shortestPathLength,0.0318008707364405,75,partial_correlation_p_value,75.0,0.1,,0.3868655898413166,0.017552882253799,0.3368655898413166,4.525074147745665e-177,non-significant
0.1,avg_shortestPathLength,0.0318008707364405,75,partial_correlation_p_value,75.0,0.2,,0.08116706380718447,0.0056218837621852,0.031167063807184467,9.182798543748908e-11,non-significant
0.1,avg_shortestPathLength,0.0318008707364405,75,partial_correlation_p_value,75.0,0.3,,0.008030434893107933,0.0007769226008023,-0.04196956510689207,0.0,significant
0.1,avg_shortestPathLength,0.0318008707364405,75,partial_correlation_p_value,75.0,0.4,,0.00031301084080057913,4.019572105806625e-05,-0.049686989159199425,0.0,significant
0.1,avg_shortestPathLength,0.0318008707364405,75,partial_correlation_p_value,75.0,0.5,,3.657912410473166e-06,6.068941970922592e-07,-0.04999634208758953,0.0,significant
0.1,avg_shortestPathLength,0.0318008707364405,100,partial_correlation_p_value,100.0,0.05,,0.6177343076882446,0.0224731796402914,0.5677343076882445,1.079682212734207e-246,non-significant
0.1,avg_shortestPathLength,0.0318008707364405,100,partial_correlation_p_value,100.0,0.1,,0.3173043978741975,0.0154674204173299,0.2673043978741975,4.550766818153345e-144,non-significant
0.1,avg_shortestPathLength,0.0318008707364405,100,partial_correlation_p_value,100.0,0.2,,0.043860884260170395,0.0033721104655344,-0.006139115739829608,0.038406540714571724,significant
0.1,avg_shortestPathLength,0.0318008707364405,100,partial_correlation_p_value,100.0,0.3,,0.0021883947254214523,0.0002387946967028,-0.04781160527457855,0.0,significant
0.1,avg_shortestPathLength,0.0318008707364405,100,partial_correlation_p_value,100.0,0.4,,3.109559952288662e-05,4.542557335939965e-06,-0.04996890440047712,0.0,significant
0.1,avg_shortestPathLength,0.0318008707364405,100,partial_correlation_p_value,100.0,0.5,,8.769694091866885e-08,1.6634444236175256e-08,-0.049999912303059085,0.0,significant
0.1,avg_shortestPathLength,0.0318008707364405,300,partial_correlation_p_value,300.0,0.05,,0.3865747744849377,0.0174671237227469,0.3365747744849377,1.6782789809383152e-178,non-significant
0.1,avg_shortestPathLength,0.0318008707364405,300,partial_correlation_p_value,300.0,0.1,,0.0827480032540806,0.0056520212647706,0.0327480032540806,1.0512445419210863e-11,non-significant
0.1,avg_shortestPathLength,0.0318008707364405,300,partial_correlation_p_value,300.0,0.2,,0.00047121211121644706,5.679257159873872e-05,-0.04952878788878356,0.0,significant
0.1,avg_shortestPathLength,0.0318008707364405,300,partial_correlation_p_value,300.0,0.3,,1.0680987893806553e-07,1.9117466894933512e-08,-0.04999989319012106,0.0,significant
0.1,avg_shortestPathLength,0.0318008707364405,300,partial_correlation_p_value,300.0,0.4,,4.961369134212258e-13,1.2147739244336385e-13,-0.049999999999503865,0.0,significant
0.1,avg_shortestPathLength,0.0318008707364405,300,partial_correlation_p_value,300.0,0.5,,1.6558627351112573e-20,5.3259988933528006e-21,-0.05,0.0,significant
0.1,avg_shortestPathLength,0.0318008707364405,500,partial_correlation_p_value,500.0,0.05,,0.2634924310858535,0.0135945955898301,0.21349243108585353,1.9885107781554539e-116,non-significant
0.1,avg_shortestPathLength,0.0318008707364405,500,partial_correlation_p_value,500.0,0.1,,0.025054006060311104,0.0020681293946501,-0.0249459939396889,0.0,significant
0.1,avg_shortestPathLength,0.0318008707364405,500,partial_correlation_p_value,500.0,0.2,,6.313699919191115e-06,9.577877951545465e-07,-0.04999368630008081,0.0,significant
0.1,avg_shortestPathLength,0.0318008707364405,500,partial_correlation_p_value,500.0,0.3,,6.716109043816408e-12,1.5325831252501005e-12,-0.049999999993283896,0.0,significant
0.1,avg_shortestPathLength,0.0318008707364405,500,partial_correlation_p_value,500.0,0.4,,1.0365018011564428e-20,3.252958537083241e-21,-0.05,0.0,significant
0.1,avg_shortestPathLength,0.0318008707364405,500,partial_correlation_p_value,500.0,0.5,,4.1307211551450724e-33,1.707583192661953e-33,-0.05,0.0,significant
0.1,avg_shortestPathLength,0.0318008707364405,1000,partial_correlation_p_value,1000.0,0.05,,0.11371053994288459,0.0072691475198257,0.06371053994288459,1.7510165937960783e-28,non-significant
0.1,avg_shortestPathLength,0.0318008707364405,1000,partial_correlation_p_value,1000.0,0.1,,0.0015273578790529936,0.0001675974693821,-0.04847264212094701,0.0,significant
0.1,avg_shortestPathLength,0.0318008707364405,1000,partial_correlation_p_value,1000.0,0.2,,1.6849007397872172e-10,3.539717953109275e-11,-0.04999999983150993,0.0,significant
0.1,avg_shortestPathLength,0.0318008707364405,1000,partial_correlation_p_value,1000.0,0.3,,2.761398881915165e-22,8.823953680019213e-23,-0.05,0.0,significant
0.1,avg_shortestPathLength,0.0318008707364405,1000,partial_correlation_p_value,1000.0,0.4,,8.653026414338422e-40,3.819364817253622e-40,-0.05,0.0,significant
0.1,avg_shortestPathLength,0.0318008707364405,1000,partial_correlation_p_value,1000.0,0.5,,1.706877942166305e-64,9.94463435178686e-65,-0.05,0.0,significant
0.2,avg_shortestPathLength,0.0277506495043664,30,partial_correlation_p_value,30.0,0.05,,0.7858069815820645,0.0215374114053197,0.7358069815820645,1.0676212745065481e-292,non-significant
0.2,avg_shortestPathLength,0.0277506495043664,30,partial_correlation_p_value,30.0,0.1,,0.5860649647763356,0.0193048624892036,0.5360649647763356,1.09451397278e-312,non-significant
0.2,avg_shortestPathLength,0.0277506495043664,30,partial_correlation_p_value,30.0,0.2,,0.27242589732757794,0.0123563234954374,0.22242589732757795,3.063698631952278e-153,non-significant
0.2,avg_shortestPathLength,0.0277506495043664,30,partial_correlation_p_value,30.0,0.3,,0.09527344416868826,0.0056892704523786,0.045273444168688254,5.694670607839301e-22,non-significant
0.2,avg_shortestPathLength,0.0277506495043664,30,partial_correlation_p_value,30.0,0.4,,0.023307657869861772,0.0017824035508119,-0.02669234213013823,0.0,significant
0.2,avg_shortestPathLength,0.0277506495043664,30,partial_correlation_p_value,30.0,0.5,,0.0035685233088176825,0.0003446233580682,-0.04643147669118232,0.0,significant
0.2,avg_shortestPathLength,0.0277506495043664,50,partial_correlation_p_value,50.0,0.05,,0.724830244916418,0.0209312422923733,0.674830244916418,1.0141947e-317,non-significant
0.2,avg_shortestPathLength,0.0277506495043664,50,partial_correlation_p_value,50.0,0.1,,0.4805913120761051,0.017397671079526,0.4305913120761051,2.1447351034679448e-279,non-significant
0.2,avg_shortestPathLength,0.0277506495043664,50,partial_correlation_p_value,50.0,0.2,,0.15515112469544967,0.0081860436794041,0.10515112469544967,2.9131104853969615e-67,non-significant
0.2,avg_shortestPathLength,0.0277506495043664,50,partial_correlation_p_value,50.0,0.3,,0.030712033725595562,0.0022077147541192,-0.01928796627440444,4.7628567756419216e-14,significant
0.2,avg_shortestPathLength,0.0277506495043664,50,partial_correlation_p_value,50.0,0.4,,0.003302727162238229,0.0003106499990973,-0.046697272837761775,0.0,significant
0.2,avg_shortestPathLength,0.0277506495043664,50,partial_correlation_p_value,50.0,0.5,,0.0001605349566003264,1.9338812435858585e-05,-0.04983946504339968,0.0,significant
0.2,avg_shortestPathLength,0.0277506495043664,75,partial_correlation_p_value,75.0,0.05,,0.6658561263349685,0.0202515300828154,0.6158561263349684,0.0,non-significant
0.2,avg_shortestPathLength,0.0277506495043664,75,partial_correlation_p_value,75.0,0.1,,0.3868655898413166,0.0153173127633395,0.3368655898413166,6.618028311838713e-232,non-significant
0.2,avg_shortestPathLength,0.0277506495043664,75,partial_correlation_p_value,75.0,0.2,,0.08116706380718447,0.004905869626391,0.031167063807184467,1.3231775199282446e-13,non-significant
0.2,avg_shortestPathLength,0.0277506495043664,75,partial_correlation_p_value,75.0,0.3,,0.008030434893107933,0.0006779722154645,-0.04196956510689207,0.0,significant
0.2,avg_shortestPathLength,0.0277506495043664,75,partial_correlation_p_value,75.0,0.4,,0.00031301084080057913,3.5076315233704524e-05,-0.049686989159199425,0.0,significant
0.2,avg_shortestPathLength,0.0277506495043664,75,partial_correlation_p_value,75.0,0.5,,3.657912410473166e-06,5.295989625353968e-07,-0.04999634208758953,0.0,significant
0.2,avg_shortestPathLength,0.0277506495043664,100,partial_correlation_p_value,100.0,0.05,,0.6177343076882446,0.0196109514300738,0.5677343076882445,2e-323,non-significant
0.2,avg_shortestPathLength,0.0277506495043664,100,partial_correlation_p_value,100.0,0.1,,0.3173043978741975,0.0134974594342207,0.2673043978741975,1.4707136281642293e-188,non-significant
0.2,avg_shortestPathLength,0.0277506495043664,100,partial_correlation_p_value,100.0,0.2,,0.043860884260170395,0.0029426318667375,-0.006139115739829608,0.021628311600244476,significant
0.2,avg_shortestPathLength,0.0277506495043664,100,partial_correlation_p_value,100.0,0.3,,0.0021883947254214523,0.0002083813360527,-0.04781160527457855,0.0,significant
0.2,avg_shortestPathLength,0.0277506495043664,100,partial_correlation_p_value,100.0,0.4,,3.109559952288662e-05,3.9640083294545735e-06,-0.04996890440047712,0.0,significant
0.2,avg_shortestPathLength,0.0277506495043664,100,partial_correlation_p_value,100.0,0.5,,8.769694091866885e-08,1.4515848811934026e-08,-0.049999912303059085,0.0,significant
0.2,avg_shortestPathLength,0.0277506495043664,300,partial_correlation_p_value,300.0,0.05,,0.3865747744849377,0.0152424766069034,0.3365747744849377,8.759827820655509e-234,non-significant
0.2,avg_shortestPathLength,0.0277506495043664,300,partial_correlation_p_value,300.0,0.1,,0.0827480032540806,0.0049321687575725,0.0327480032540806,7.78020767916553e-15,non-significant
0.2,avg_shortestPathLength,0.0277506495043664,300,partial_correlation_p_value,300.0,0.2,,0.00047121211121644706,4.9559358356885e-05,-0.04952878788878356,0.0,significant
0.2,avg_shortestPathLength,0.0277506495043664,300,partial_correlation_p_value,300.0,0.3,,1.0680987893806553e-07,1.6682628837728785e-08,-0.04999989319012106,0.0,significant
0.2,avg_shortestPathLength,0.0277506495043664,300,partial_correlation_p_value,300.0,0.4,,4.961369134212258e-13,1.0600579362555799e-13,-0.049999999999503865,0.0,significant
0.2,avg_shortestPathLength,0.0277506495043664,300,partial_correlation_p_value,300.0,0.5,,1.6558627351112573e-20,4.6476692344374545e-21,-0.05,0.0,significant
0.2,avg_shortestPathLength,0.0277506495043664,500,partial_correlation_p_value,500.0,0.05,,0.2634924310858535,0.0118631612478045,0.21349243108585353,2.9315061256479766e-152,non-significant
0.2,avg_shortestPathLength,0.0277506495043664,500,partial_correlation_p_value,500.0,0.1,,0.025054006060311104,0.0018047283810643,-0.0249459939396889,0.0,significant
0.2,avg_shortestPathLength,0.0277506495043664,500,partial_correlation_p_value,500.0,0.2,,6.313699919191115e-06,8.358020641377174e-07,-0.04999368630008081,0.0,significant
0.2,avg_shortestPathLength,0.0277506495043664,500,partial_correlation_p_value,500.0,0.3,,6.716109043816408e-12,1.3373903342963133e-12,-0.049999999993283896,0.0,significant
0.2,avg_shortestPathLength,0.0277506495043664,500,partial_correlation_p_value,500.0,0.4,,1.0365018011564428e-20,2.8386553614518323e-21,-0.05,0.0,significant
0.2,avg_shortestPathLength,0.0277506495043664,500,partial_correlation_p_value,500.0,0.5,,4.1307211551450724e-33,1.4901020500928848e-33,-0.05,0.0,significant
0.2,avg_shortestPathLength,0.0277506495043664,1000,partial_correlation_p_value,1000.0,0.05,,0.11371053994288459,0.0063433346429431,0.06371053994288459,8.091564186230292e-37,non-significant
0.2,avg_shortestPathLength,0.0277506495043664,1000,partial_correlation_p_value,1000.0,0.1,,0.0015273578790529936,0.0001462519271622,-0.04847264212094701,0.0,significant
0.2,avg_shortestPathLength,0.0277506495043664,1000,partial_correlation_p_value,1000.0,0.2,,1.6849007397872172e-10,3.0888925361558716e-11,-0.04999999983150993,0.0,significant
0.2,avg_shortestPathLength,0.0277506495043664,1000,partial_correlation_p_value,1000.0,0.3,,2.761398881915165e-22,7.700117642891492e-23,-0.05,0.0,significant
0.2,avg_shortestPathLength,0.0277506495043664,1000,partial_correlation_p_value,1000.0,0.4,,8.653026414338422e-40,3.332923027527681e-40,-0.05,0.0,significant
0.2,avg_shortestPathLength,0.0277506495043664,1000,partial_correlation_p_value,1000.0,0.5,,1.706877942166305e-64,8.6780662275793e-65,-0.05,0.0,significant
0.3,avg_shortestPathLength,0.0241110187938018,30,partial_correlation_p_value,30.0,0.05,,0.7858069815820645,0.018712676655795,0.7358069815820645,0.0,non-significant
0.3,avg_shortestPathLength,0.0241110187938018,30,partial_correlation_p_value,30.0,0.1,,0.5860649647763356,0.0167729372321794,0.5360649647763356,0.0,non-significant
0.3,avg_shortestPathLength,0.0241110187938018,30,partial_correlation_p_value,30.0,0.2,,0.27242589732757794,0.0107357324366015,0.22242589732757795,2.5387872763911927e-202,non-significant
0.3,avg_shortestPathLength,0.0241110187938018,30,partial_correlation_p_value,30.0,0.3,,0.09527344416868826,0.0049430953599388,0.045273444168688254,1.6527394421890151e-28,non-significant
0.3,avg_shortestPathLength,0.0241110187938018,30,partial_correlation_p_value,30.0,0.4,,0.023307657869861772,0.0015486327808292,-0.02669234213013823,0.0,significant
0.3,avg_shortestPathLength,0.0241110187938018,30,partial_correlation_p_value,30.0,0.5,,0.0035685233088176825,0.0002994243526393,-0.04643147669118232,0.0,significant
0.3,avg_shortestPathLength,0.0241110187938018,50,partial_correlation_p_value,50.0,0.05,,0.724830244916418,0.0181860095277995,0.674830244916418,0.0,non-significant
0.3,avg_shortestPathLength,0.0241110187938018,50,partial_correlation_p_value,50.0,0.1,,0.4805913120761051,0.0151158831183692,0.4305913120761051,0.0,non-significant
0.3,avg_shortestPathLength,0.0241110187938018,50,partial_correlation_p_value,50.0,0.2,,0.15515112469544967,0.007112404809478,0.10515112469544967,1.900988946362298e-88,non-significant
0.3,avg_shortestPathLength,0.0241110187938018,50,partial_correlation_p_value,50.0,0.3,,0.030712033725595562,0.0019181623810118,-0.01928796627440444,0.0,significant
0.3,avg_shortestPathLength,0.0241110187938018,50,partial_correlation_p_value,50.0,0.4,,0.003302727162238229,0.0002699067625552,-0.046697272837761775,0.0,significant
0.3,avg_shortestPathLength,0.0241110187938018,50,partial_correlation_p_value,50.0,0.5,,0.0001605349566003264,1.6802434480584973e-05,-0.04983946504339968,0.0,significant
0.3,avg_shortestPathLength,0.0241110187938018,75,partial_correlation_p_value,75.0,0.05,,0.6658561263349685,0.0175954448328561,0.6158561263349684,0.0,non-significant
0.3,avg_shortestPathLength,0.0241110187938018,75,partial_correlation_p_value,75.0,0.1,,0.3868655898413166,0.0133083737679476,0.3368655898413166,1.5456693264380495e-306,non-significant
0.3,avg_shortestPathLength,0.0241110187938018,75,partial_correlation_p_value,75.0,0.2,,0.08116706380718447,0.0042624413076618,0.031167063807184467,1.8700085091892537e-17,non-significant
0.3,avg_shortestPathLength,0.0241110187938018,75,partial_correlation_p_value,75.0,0.3,,0.008030434893107933,0.0005890529094163,-0.04196956510689207,0.0,significant
0.3,avg_shortestPathLength,0.0241110187938018,75,partial_correlation_p_value,75.0,0.4,,0.00031301084080057913,3.0475888345751915e-05,-0.049686989159199425,0.0,significant
0.3,avg_shortestPathLength,0.0241110187938018,75,partial_correlation_p_value,75.0,0.5,,3.657912410473166e-06,4.6013951986456165e-07,-0.04999634208758953,0.0,significant
0.3,avg_shortestPathLength,0.0241110187938018,100,partial_correlation_p_value,100.0,0.05,,0.6177343076882446,0.0170388811411583,0.5677343076882445,0.0,non-significant
0.3,avg_shortestPathLength,0.0241110187938018,100,partial_correlation_p_value,100.0,0.1,,0.3173043978741975,0.0117272029267591,0.2673043978741975,4.154032548802649e-249,non-significant
0.3,avg_shortestPathLength,0.0241110187938018,100,partial_correlation_p_value,100.0,0.2,,0.043860884260170395,0.002556691591344,-0.006139115739829608,0.01015791124315124,significant
0.3,avg_shortestPathLength,0.0241110187938018,100,partial_correlation_p_value,100.0,0.3,,0.0021883947254214523,0.0001810511249135,-0.04781160527457855,0.0,significant
0.3,avg_shortestPathLength,0.0241110187938018,100,partial_correlation_p_value,100.0,0.4,,3.109559952288662e-05,3.444109634811529e-06,-0.04996890440047712,0.0,significant
0.3,avg_shortestPathLength,0.0241110187938018,100,partial_correlation_p_value,100.0,0.5,,8.769694091866885e-08,1.2612025655740334e-08,-0.049999912303059085,0.0,significant
0.3,avg_shortestPathLength,0.0241110187938018,300,partial_correlation_p_value,300.0,0.05,,0.3865747744849377,0.0132433527321696,0.3365747744849377,5.031589644202256e-309,non-significant
0.3,avg_shortestPathLength,0.0241110187938018,300,partial_correlation_p_value,300.0,0.1,,0.0827480032540806,0.0042852911817189,0.0327480032540806,4.440097506007509e-19,non-significant
0.3,avg_shortestPathLength,0.0241110187938018,300,partial_correlation_p_value,300.0,0.2,,0.00047121211121644706,4.305941093607909e-05,-0.04952878788878356,0.0,significant
0.3,avg_shortestPathLength,0.0241110187938018,300,partial_correlation_p_value,300.0,0.3,,1.0680987893806553e-07,1.4494622094276e-08,-0.04999989319012106,0.0,significant
0.3,avg_shortestPathLength,0.0241110187938018,300,partial_correlation_p_value,300.0,0.4,,4.961369134212258e-13,9.210262563243956e-14,-0.049999999999503865,0.0,significant
0.3,avg_shortestPathLength,0.0241110187938018,300,partial_correlation_p_value,300.0,0.5,,1.6558627351112573e-20,4.038105134846084e-21,-0.05,0.0,significant
0.3,avg_shortestPathLength,0.0241110187938018,500,partial_correlation_p_value,500.0,0.05,,0.2634924310858535,0.0103072507818136,0.21349243108585353,5.085782967638326e-201,non-significant
0.3,avg_shortestPathLength,0.0241110187938018,500,partial_correlation_p_value,500.0,0.1,,0.025054006060311104,0.0015680296025757,-0.0249459939396889,0.0,significant
0.3,avg_shortestPathLength,0.0241110187938018,500,partial_correlation_p_value,500.0,0.2,,6.313699919191115e-06,7.261826168483745e-07,-0.04999368630008081,0.0,significant
0.3,avg_shortestPathLength,0.0241110187938018,500,partial_correlation_p_value,500.0,0.3,,6.716109043816408e-12,1.1619851809159849e-12,-0.049999999993283896,0.0,significant
0.3,avg_shortestPathLength,0.0241110187938018,500,partial_correlation_p_value,500.0,0.4,,1.0365018011564428e-20,2.466352103157884e-21,-0.05,0.0,significant
0.3,avg_shortestPathLength,0.0241110187938018,500,partial_correlation_p_value,500.0,0.5,,4.1307211551450724e-33,1.2946680231329037e-33,-0.05,0.0,significant
0.3,avg_shortestPathLength,0.0241110187938018,1000,partial_correlation_p_value,1000.0,0.05,,0.11371053994288459,0.0055113758965284,0.06371053994288459,3.7994268986534196e-48,non-significant
0.3,avg_shortestPathLength,0.0241110187938018,1000,partial_correlation_p_value,1000.0,0.1,,0.0015273578790529936,0.0001270702858282,-0.04847264212094701,0.0,significant
0.3,avg_shortestPathLength,0.0241110187938018,1000,partial_correlation_p_value,1000.0,0.2,,1.6849007397872172e-10,2.6837694728395422e-11,-0.04999999983150993,0.0,significant
0.3,avg_shortestPathLength,0.0241110187938018,1000,partial_correlation_p_value,1000.0,0.3,,2.761398881915165e-22,6.69021030203381e-23,-0.05,0.0,significant
0.3,avg_shortestPathLength,0.0241110187938018,1000,partial_correlation_p_value,1000.0,0.4,,8.653026414338422e-40,2.895794195460921e-40,-0.05,0.0,significant
0.3,avg_shortestPathLength,0.0241110187938018,1000,partial_correlation_p_value,1000.0,0.5,,1.706877942166305e-64,7.53989624185549e-65,-0.05,0.0,significant
0.4,avg_shortestPathLength,0.022590119386187,30,partial_correlation_p_value,30.0,0.05,,0.7858069815820645,0.017532299373355,0.7358069815820645,0.0,non-significant
0.4,avg_shortestPathLength,0.022590119386187,30,partial_correlation_p_value,30.0,0.1,,0.5860649647763356,0.0157149168092954,0.5360649647763356,0.0,non-significant
0.4,avg_shortestPathLength,0.022590119386187,30,partial_correlation_p_value,30.0,0.2,,0.27242589732757794,0.0100585329684755,0.22242589732757795,3.4674098681239103e-230,non-significant
0.4,avg_shortestPathLength,0.022590119386187,30,partial_correlation_p_value,30.0,0.3,,0.09527344416868826,0.0046312897548332,0.045273444168688254,3.252567709473864e-32,non-significant
0.4,avg_shortestPathLength,0.022590119386187,30,partial_correlation_p_value,30.0,0.4,,0.023307657869861772,0.0014509465445437,-0.02669234213013823,0.0,significant
0.4,avg_shortestPathLength,0.022590119386187,30,partial_correlation_p_value,30.0,0.5,,0.0035685233088176825,0.0002805369582721,-0.04643147669118232,0.0,significant
0.4,avg_shortestPathLength,0.022590119386187,50,partial_correlation_p_value,50.0,0.05,,0.724830244916418,0.0170388538910241,0.674830244916418,0.0,non-significant
0.4,avg_shortestPathLength,0.022590119386187,50,partial_correlation_p_value,50.0,0.1,,0.4805913120761051,0.0141623880430714,0.4305913120761051,0.0,non-significant
0.4,avg_shortestPathLength,0.022590119386187,50,partial_correlation_p_value,50.0,0.2,,0.15515112469544967,0.0066637612928368,0.10515112469544967,1.799697310630001e-100,non-significant
0.4,avg_shortestPathLength,0.022590119386187,50,partial_correlation_p_value,50.0,0.3,,0.030712033725595562,0.0017971665801318,-0.01928796627440444,0.0,significant
0.4,avg_shortestPathLength,0.022590119386187,50,partial_correlation_p_value,50.0,0.4,,0.003302727162238229,0.0002528813088076,-0.046697272837761775,0.0,significant
0.4,avg_shortestPathLength,0.022590119386187,50,partial_correlation_p_value,50.0,0.5,,0.0001605349566003264,1.5742553400214467e-05,-0.04983946504339968,0.0,significant
0.4,avg_shortestPathLength,0.022590119386187,75,partial_correlation_p_value,75.0,0.05,,0.6658561263349685,0.0164855414375716,0.6158561263349684,0.0,non-significant
0.4,avg_shortestPathLength,0.022590119386187,75,partial_correlation_p_value,75.0,0.1,,0.3868655898413166,0.0124688946089338,0.3368655898413166,0.0,non-significant
0.4,avg_shortestPathLength,0.022590119386187,75,partial_correlation_p_value,75.0,0.2,,0.08116706380718447,0.0039935706923113,0.031167063807184467,1.2354704760664825e-19,non-significant
0.4,avg_shortestPathLength,0.022590119386187,75,partial_correlation_p_value,75.0,0.3,,0.008030434893107933,0.0005518960298731,-0.04196956510689207,0.0,significant
0.4,avg_shortestPathLength,0.022590119386187,75,partial_correlation_p_value,75.0,0.4,,0.00031301084080057913,2.8553499212054083e-05,-0.049686989159199425,0.0,significant
0.4,avg_shortestPathLength,0.022590119386187,75,partial_correlation_p_value,75.0,0.5,,3.657912410473166e-06,4.311143704435809e-07,-0.04999634208758953,0.0,significant
0.4,avg_shortestPathLength,0.022590119386187,100,partial_correlation_p_value,100.0,0.05,,0.6177343076882446,0.015964085237442,0.5677343076882445,0.0,non-significant
0.4,avg_shortestPathLength,0.022590119386187,100,partial_correlation_p_value,100.0,0.1,,0.3173043978741975,0.0109874624729517,0.2673043978741975,1.7461102990001494e-283,non-significant
0.4,avg_shortestPathLength,0.022590119386187,100,partial_correlation_p_value,100.0,0.2,,0.043860884260170395,0.0023954179944055,-0.006139115739829608,0.006674255395881068,significant
0.4,avg_shortestPathLength,0.022590119386187,100,partial_correlation_p_value,100.0,0.3,,0.0021883947254214523,0.0001696305976025,-0.04781160527457855,0.0,significant
0.4,avg_shortestPathLength,0.022590119386187,100,partial_correlation_p_value,100.0,0.4,,3.109559952288662e-05,3.2268585784317863e-06,-0.04996890440047712,0.0,significant
0.4,avg_shortestPathLength,0.022590119386187,100,partial_correlation_p_value,100.0,0.5,,8.769694091866885e-08,1.1816471452382942e-08,-0.049999912303059085,0.0,significant
0.4,avg_shortestPathLength,0.022590119386187,300,partial_correlation_p_value,300.0,0.05,,0.3865747744849377,0.0124079750362935,0.3365747744849377,0.0,non-significant
0.4,avg_shortestPathLength,0.022590119386187,300,partial_correlation_p_value,300.0,0.1,,0.0827480032540806,0.0040149792187334,0.0327480032540806,1.752972544663433e-21,non-significant
0.4,avg_shortestPathLength,0.022590119386187,300,partial_correlation_p_value,300.0,0.2,,0.00047121211121644706,4.034326554442272e-05,-0.04952878788878356,0.0,significant
0.4,avg_shortestPathLength,0.022590119386187,300,partial_correlation_p_value,300.0,0.3,,1.0680987893806553e-07,1.3580315554792412e-08,-0.04999989319012106,0.0,significant
0.4,avg_shortestPathLength,0.022590119386187,300,partial_correlation_p_value,300.0,0.4,,4.961369134212258e-13,8.629288237927786e-14,-0.049999999999503865,0.0,significant
0.4,avg_shortestPathLength,0.022590119386187,300,partial_correlation_p_value,300.0,0.5,,1.6558627351112573e-20,3.7833854251566495e-21,-0.05,0.0,significant
0.4,avg_shortestPathLength,0.022590119386187,500,partial_correlation_p_value,500.0,0.05,,0.2634924310858535,0.0096570795160424,0.21349243108585353,1.0566995594962692e-228,non-significant
0.4,avg_shortestPathLength,0.022590119386187,500,partial_correlation_p_value,500.0,0.1,,0.025054006060311104,0.0014691198338067,-0.0249459939396889,0.0,significant
0.4,avg_shortestPathLength,0.022590119386187,500,partial_correlation_p_value,500.0,0.2,,6.313699919191115e-06,6.803757299129797e-07,-0.04999368630008081,0.0,significant
0.4,avg_shortestPathLength,0.022590119386187,500,partial_correlation_p_value,500.0,0.3,,6.716109043816408e-12,1.088688295851692e-12,-0.049999999993283896,0.0,significant
0.4,avg_shortestPathLength,0.022590119386187,500,partial_correlation_p_value,500.0,0.4,,1.0365018011564428e-20,2.3107770324924077e-21,-0.05,0.0,significant
0.4,avg_shortestPathLength,0.022590119386187,500,partial_correlation_p_value,500.0,0.5,,4.1307211551450724e-33,1.213001634570889e-33,-0.05,0.0,significant
0.4,avg_shortestPathLength,0.022590119386187,1000,partial_correlation_p_value,1000.0,0.05,,0.11371053994288459,0.0051637237127755,0.06371053994288459,1.4230464196845305e-54,non-significant
0.4,avg_shortestPathLength,0.022590119386187,1000,partial_correlation_p_value,1000.0,0.1,,0.0015273578790529936,0.0001190548168804,-0.04847264212094701,0.0,significant
0.4,avg_shortestPathLength,0.022590119386187,1000,partial_correlation_p_value,1000.0,0.2,,1.6849007397872172e-10,2.5144799278259727e-11,-0.04999999983150993,0.0,significant
0.4,avg_shortestPathLength,0.022590119386187,1000,partial_correlation_p_value,1000.0,0.3,,2.761398881915165e-22,6.268198400662087e-23,-0.05,0.0,significant
0.4,avg_shortestPathLength,0.022590119386187,1000,partial_correlation_p_value,1000.0,0.4,,8.653026414338422e-40,2.713130338984517e-40,-0.05,0.0,significant
0.4,avg_shortestPathLength,0.022590119386187,1000,partial_correlation_p_value,1000.0,0.5,,1.706877942166305e-64,7.06428698511753e-65,-0.05,0.0,significant
0.5,avg_shortestPathLength,0.033265867672949,30,partial_correlation_p_value,30.0,0.05,,0.7858069815820645,0.0258177985244813,0.7358069815820645,3.555544868570911e-204,non-significant
0.5,avg_shortestPathLength,0.033265867672949,30,partial_correlation_p_value,30.0,0.1,,0.5860649647763356,0.0231415484855329,0.5360649647763356,3.707962786704144e-218,non-significant
0.5,avg_shortestPathLength,0.033265867672949,30,partial_correlation_p_value,30.0,0.2,,0.27242589732757794,0.0148120433094259,0.22242589732757795,2.992608118449287e-107,non-significant
0.5,avg_shortestPathLength,0.033265867672949,30,partial_correlation_p_value,30.0,0.3,,0.09527344416868826,0.0068199671504866,0.045273444168688254,7.922746359330746e-16,non-significant
0.5,avg_shortestPathLength,0.033265867672949,30,partial_correlation_p_value,30.0,0.4,,0.023307657869861772,0.0021366419064092,-0.02669234213013823,0.0,significant
0.5,avg_shortestPathLength,0.033265867672949,30,partial_correlation_p_value,30.0,0.5,,0.0035685233088176825,0.0004131144759225,-0.04643147669118232,0.0,significant
0.5,avg_shortestPathLength,0.033265867672949,50,partial_correlation_p_value,50.0,0.05,,0.724830244916418,0.0250911581806028,0.674830244916418,1.296313462016173e-221,non-significant
0.5,avg_shortestPathLength,0.033265867672949,50,partial_correlation_p_value,50.0,0.1,,0.4805913120761051,0.0208553181379751,0.4305913120761051,5.122883968472865e-195,non-significant
0.5,avg_shortestPathLength,0.033265867672949,50,partial_correlation_p_value,50.0,0.2,,0.15515112469544967,0.0098129539548683,0.10515112469544967,2.1245571499221506e-47,non-significant
0.5,avg_shortestPathLength,0.033265867672949,50,partial_correlation_p_value,50.0,0.3,,0.030712033725595562,0.0026464802871944,-0.01928796627440444,2.480975425100951e-10,significant
0.5,avg_shortestPathLength,0.033265867672949,50,partial_correlation_p_value,50.0,0.4,,0.003302727162238229,0.0003723891853755,-0.046697272837761775,0.0,significant
0.5,avg_shortestPathLength,0.033265867672949,50,partial_correlation_p_value,50.0,0.5,,0.0001605349566003264,2.3182245710754595e-05,-0.04983946504339968,0.0,significant
0.5,avg_shortestPathLength,0.033265867672949,75,partial_correlation_p_value,75.0,0.05,,0.6658561263349685,0.0242763586417566,0.6158561263349684,2.4348946276828227e-227,non-significant
0.5,avg_shortestPathLength,0.033265867672949,75,partial_correlation_p_value,75.0,0.1,,0.3868655898413166,0.0183615053554062,0.3368655898413166,5.49411853072029e-162,non-significant
0.5,avg_shortestPathLength,0.033265867672949,75,partial_correlation_p_value,75.0,0.2,,0.08116706380718447,0.0058808717174921,0.031167063807184467,5.590949776277562e-10,non-significant
0.5,avg_shortestPathLength,0.033265867672949,75,partial_correlation_p_value,75.0,0.3,,0.008030434893107933,0.0008127137349354,-0.04196956510689207,0.0,significant
0.5,avg_shortestPathLength,0.033265867672949,75,partial_correlation_p_value,75.0,0.4,,0.00031301084080057913,4.204745048707649e-05,-0.049686989159199425,0.0,significant
0.5,avg_shortestPathLength,0.033265867672949,75,partial_correlation_p_value,75.0,0.5,,3.657912410473166e-06,6.348524925393751e-07,-0.04999634208758953,0.0,significant
0.5,avg_shortestPathLength,0.033265867672949,100,partial_correlation_p_value,100.0,0.05,,0.6177343076882446,0.0235084701390797,0.5677343076882445,1.3489715983371635e-225,non-significant
0.5,avg_shortestPathLength,0.033265867672949,100,partial_correlation_p_value,100.0,0.1,,0.3173043978741975,0.0161799708287597,0.2673043978741975,7.895825038831125e-132,non-significant
0.5,avg_shortestPathLength,0.033265867672949,100,partial_correlation_p_value,100.0,0.2,,0.043860884260170395,0.0035274562591297,-0.006139115739829608,0.0451604854707639,significant
0.5,avg_shortestPathLength,0.033265867672949,100,partial_correlation_p_value,100.0,0.3,,0.0021883947254214523,0.0002497954489156,-0.04781160527457855,0.0,significant
0.5,avg_shortestPathLength,0.033265867672949,100,partial_correlation_p_value,100.0,0.4,,3.109559952288662e-05,4.751823070712457e-06,-0.04996890440047712,0.0,significant
0.5,avg_shortestPathLength,0.033265867672949,100,partial_correlation_p_value,100.0,0.5,,8.769694091866885e-08,1.7400756896243192e-08,-0.049999912303059085,0.0,significant
0.5,avg_shortestPathLength,0.033265867672949,300,partial_correlation_p_value,300.0,0.05,,0.3865747744849377,0.0182717961153842,0.3365747744849377,2.7052194956335552e-163,non-significant
0.5,avg_shortestPathLength,0.033265867672949,300,partial_correlation_p_value,300.0,0.1,,0.0827480032540806,0.0059123975892617,0.0327480032540806,7.688010069923405e-11,non-significant
0.5,avg_shortestPathLength,0.033265867672949,300,partial_correlation_p_value,300.0,0.2,,0.00047121211121644706,5.940888182804487e-05,-0.04952878788878356,0.0,significant
0.5,avg_shortestPathLength,0.033265867672949,300,partial_correlation_p_value,300.0,0.3,,1.0680987893806553e-07,1.9998167007424047e-08,-0.04999989319012106,0.0,significant
0.5,avg_shortestPathLength,0.033265867672949,300,partial_correlation_p_value,300.0,0.4,,4.961369134212258e-13,1.270735916562565e-13,-0.049999999999503865,0.0,significant
0.5,avg_shortestPathLength,0.033265867672949,300,partial_correlation_p_value,300.0,0.5,,1.6558627351112573e-20,5.5713560764084375e-21,-0.05,0.0,significant
0.5,avg_shortestPathLength,0.033265867672949,500,partial_correlation_p_value,500.0,0.05,,0.2634924310858535,0.0142208690355239,0.21349243108585353,1.4333735713579047e-106,non-significant
0.5,avg_shortestPathLength,0.033265867672949,500,partial_correlation_p_value,500.0,0.1,,0.025054006060311104,0.0021634036169372,-0.0249459939396889,0.0,significant
0.5,avg_shortestPathLength,0.033265867672949,500,partial_correlation_p_value,500.0,0.2,,6.313699919191115e-06,1.0019109953447465e-06,-0.04999368630008081,0.0,significant
0.5,avg_shortestPathLength,0.033265867672949,500,partial_correlation_p_value,500.0,0.3,,6.716109043816408e-12,1.6031858959114462e-12,-0.049999999993283896,0.0,significant
0.5,avg_shortestPathLength,0.033265867672949,500,partial_correlation_p_value,500.0,0.4,,1.0365018011564428e-20,3.4028152605331204e-21,-0.05,0.0,significant
0.5,avg_shortestPathLength,0.033265867672949,500,partial_correlation_p_value,500.0,0.5,,4.1307211551450724e-33,1.7862478357409417e-33,-0.05,0.0,significant
0.5,avg_shortestPathLength,0.033265867672949,1000,partial_correlation_p_value,1000.0,0.05,,0.11371053994288459,0.0076040213330565,0.06371053994288459,3.458691529984702e-26,non-significant
0.5,avg_shortestPathLength,0.033265867672949,1000,partial_correlation_p_value,1000.0,0.1,,0.0015273578790529936,0.0001753183202118,-0.04847264212094701,0.0,significant
0.5,avg_shortestPathLength,0.033265867672949,1000,partial_correlation_p_value,1000.0,0.2,,1.6849007397872172e-10,3.702785059050716e-11,-0.04999999983150993,0.0,significant
0.5,avg_shortestPathLength,0.033265867672949,1000,partial_correlation_p_value,1000.0,0.3,,2.761398881915165e-22,9.23045403078816e-23,-0.05,0.0,significant
0.5,avg_shortestPathLength,0.033265867672949,1000,partial_correlation_p_value,1000.0,0.4,,8.653026414338422e-40,3.995314645893792e-40,-0.05,0.0,significant
0.5,avg_shortestPathLength,0.033265867672949,1000,partial_correlation_p_value,1000.0,0.5,,1.706877942166305e-64,1.0402762023221045e-64,-0.05,0.0,significant
0.05,betweeness,0.0555063752615685,30,partial_correlation_p_value,30.0,0.05,,0.7858069815820645,0.0430787625146707,0.7358069815820645,2.972499942715879e-74,non-significant
0.05,betweeness,0.0555063752615685,30,partial_correlation_p_value,30.0,0.1,,0.5860649647763356,0.0386132562962216,0.5360649647763356,2.000526952921345e-79,non-significant
0.05,betweeness,0.0555063752615685,30,partial_correlation_p_value,30.0,0.2,,0.27242589732757794,0.0247149072558886,0.22242589732757795,1.0592193067469802e-39,non-significant
0.05,betweeness,0.0555063752615685,30,partial_correlation_p_value,30.0,0.3,,0.09527344416868826,0.0113795816074358,0.045273444168688254,1.0199481657622724e-06,non-significant
0.05,betweeness,0.0555063752615685,30,partial_correlation_p_value,30.0,0.4,,0.023307657869861772,0.003565133145563,-0.02669234213013823,3.16732284844079e-09,significant
0.05,betweeness,0.0555063752615685,30,partial_correlation_p_value,30.0,0.5,,0.0035685233088176825,0.0006893097559331,-0.04643147669118232,0.0,significant
0.05,betweeness,0.0555063752615685,50,partial_correlation_p_value,50.0,0.05,,0.724830244916418,0.0418663134060513,0.674830244916418,1.4350747072151484e-80,non-significant
0.05,betweeness,0.0555063752615685,50,partial_correlation_p_value,50.0,0.1,,0.4805913120761051,0.0347985246062642,0.4305913120761051,3.582451584875634e-71,non-significant
0.05,betweeness,0.0555063752615685,50,partial_correlation_p_value,50.0,0.2,,0.15515112469544967,0.0163735847806049,0.10515112469544967,3.636781582461181e-18,non-significant
0.05,betweeness,0.0555063752615685,50,partial_correlation_p_value,50.0,0.3,,0.030712033725595562,0.0044158333516972,-0.01928796627440444,8.658652212445439e-05,significant
0.05,betweeness,0.0555063752615685,50,partial_correlation_p_value,50.0,0.4,,0.003302727162238229,0.000621356823457,-0.046697272837761775,0.0,significant
0.05,betweeness,0.0555063752615685,50,partial_correlation_p_value,50.0,0.5,,0.0001605349566003264,3.868116239978299e-05,-0.04983946504339968,0.0,significant
0.05,betweeness,0.0555063752615685,75,partial_correlation_p_value,75.0,0.05,,0.6658561263349685,0.0405067646514302,0.6158561263349684,1.1337860406711738e-82,non-significant
0.05,betweeness,0.0555063752615685,75,partial_correlation_p_value,75.0,0.1,,0.3868655898413166,0.0306374274269494,0.3368655898413166,2.4033211880110386e-59,non-significant
0.05,betweeness,0.0555063752615685,75,partial_correlation_p_value,75.0,0.2,,0.08116706380718447,0.0098126366528447,0.031167063807184467,0.00014495004126609343,non-significant
0.05,betweeness,0.0555063752615685,75,partial_correlation_p_value,75.0,0.3,,0.008030434893107933,0.0013560684481482,-0.04196956510689207,0.0,significant
0.05,betweeness,0.0555063752615685,75,partial_correlation_p_value,75.0,0.4,,0.00031301084080057913,7.015904675848154e-05,-0.049686989159199425,0.0,significant
0.05,betweeness,0.0555063752615685,75,partial_correlation_p_value,75.0,0.5,,3.657912410473166e-06,1.0592948012983187e-06,-0.04999634208758953,0.0,significant
0.05,betweeness,0.0555063752615685,100,partial_correlation_p_value,100.0,0.05,,0.6177343076882446,0.0392254901688985,0.5677343076882445,4.438016215212559e-82,non-significant
0.05,betweeness,0.0555063752615685,100,partial_correlation_p_value,100.0,0.1,,0.3173043978741975,0.0269973878743189,0.2673043978741975,1.5720504559427856e-48,non-significant
0.05,betweeness,0.0555063752615685,100,partial_correlation_p_value,100.0,0.2,,0.043860884260170395,0.0058858020107271,-0.006139115739829608,0.14876148053950167,significant
0.05,betweeness,0.0555063752615685,100,partial_correlation_p_value,100.0,0.3,,0.0021883947254214523,0.0004168007900007,-0.04781160527457855,0.0,significant
0.05,betweeness,0.0555063752615685,100,partial_correlation_p_value,100.0,0.4,,3.109559952288662e-05,7.928741770172578e-06,-0.04996890440047712,0.0,significant
0.05,betweeness,0.0555063752615685,100,partial_correlation_p_value,100.0,0.5,,8.769694091866885e-08,2.903435291734803e-08,-0.049999912303059085,0.0,significant
0.05,betweeness,0.0555063752615685,300,partial_correlation_p_value,300.0,0.05,,0.3865747744849377,0.030487741424767,0.3365747744849377,8.124404978135365e-60,non-significant
0.05,betweeness,0.0555063752615685,300,partial_correlation_p_value,300.0,0.1,,0.0827480032540806,0.0098652397259434,0.0327480032540806,6.941597073793319e-05,non-significant
0.05,betweeness,0.0555063752615685,300,partial_correlation_p_value,300.0,0.2,,0.00047121211121644706,9.912778229738292e-05,-0.04952878788878356,0.0,significant
0.05,betweeness,0.0555063752615685,300,partial_correlation_p_value,300.0,0.3,,1.0680987893806553e-07,3.336830932446243e-08,-0.04999989319012106,0.0,significant
0.05,betweeness,0.0555063752615685,300,partial_correlation_p_value,300.0,0.4,,4.961369134212258e-13,2.1203097822826797e-13,-0.049999999999503865,0.0,significant
0.05,betweeness,0.0555063752615685,300,partial_correlation_p_value,300.0,0.5,,1.6558627351112573e-20,9.296188637953905e-21,-0.05,0.0,significant
0.05,betweeness,0.0555063752615685,500,partial_correlation_p_value,500.0,0.05,,0.2634924310858535,0.0237284925495357,0.21349243108585353,1.8388476686725038e-39,non-significant
0.05,betweeness,0.0555063752615685,500,partial_correlation_p_value,500.0,0.1,,0.025054006060311104,0.0036097868898096,-0.0249459939396889,1.8561515546799967e-08,significant
0.05,betweeness,0.0555063752615685,500,partial_correlation_p_value,500.0,0.2,,6.313699919191115e-06,1.6717570163221628e-06,-0.04999368630008081,0.0,significant
0.05,betweeness,0.0555063752615685,500,partial_correlation_p_value,500.0,0.3,,6.716109043816408e-12,2.6750253090460265e-12,-0.049999999993283896,0.0,significant
0.05,betweeness,0.0555063752615685,500,partial_correlation_p_value,500.0,0.4,,1.0365018011564428e-20,5.677829980383596e-21,-0.05,0.0,significant
0.05,betweeness,0.0555063752615685,500,partial_correlation_p_value,500.0,0.5,,4.1307211551450724e-33,2.9804766752386912e-33,-0.05,0.0,significant
0.05,betweeness,0.0555063752615685,1000,partial_correlation_p_value,1000.0,0.05,,0.11371053994288459,0.0126878296324382,0.06371053994288459,1.7062091960229372e-10,non-significant
0.05,betweeness,0.0555063752615685,1000,partial_correlation_p_value,1000.0,0.1,,0.0015273578790529936,0.0002925306072752,-0.04847264212094701,0.0,significant
0.05,betweeness,0.0555063752615685,1000,partial_correlation_p_value,1000.0,0.2,,1.6849007397872172e-10,6.178350104113731e-11,-0.04999999983150993,0.0,significant
0.05,betweeness,0.0555063752615685,1000,partial_correlation_p_value,1000.0,0.3,,2.761398881915165e-22,1.5401643820167512e-22,-0.05,0.0,significant
0.05,betweeness,0.0555063752615685,1000,partial_correlation_p_value,1000.0,0.4,,8.653026414338422e-40,6.666455725829625e-40,-0.05,0.0,significant
0.05,betweeness,0.0555063752615685,1000,partial_correlation_p_value,1000.0,0.5,,1.706877942166305e-64,1.7357719879564257e-64,-0.05,0.0,significant
0.1,betweeness,0.0558630930570324,30,partial_correlation_p_value,30.0,0.05,,0.7858069815820645,0.0433556128966877,0.7358069815820645,2.5197708641562198e-73,non-significant
0.1,betweeness,0.0558630930570324,30,partial_correlation_p_value,30.0,0.1,,0.5860649647763356,0.0388614086138025,0.5360649647763356,1.9599572415233995e-78,non-significant
0.1,betweeness,0.0558630930570324,30,partial_correlation_p_value,30.0,0.2,,0.27242589732757794,0.0248737403122694,0.22242589732757795,3.2222555946041864e-39,non-significant
0.1,betweeness,0.0558630930570324,30,partial_correlation_p_value,30.0,0.3,,0.09527344416868826,0.011452713734064,0.045273444168688254,1.1876071134637964e-06,non-significant
0.1,betweeness,0.0558630930570324,30,partial_correlation_p_value,30.0,0.4,,0.023307657869861772,0.0035880448639057,-0.02669234213013823,3.936584058727988e-09,significant
0.1,betweeness,0.0558630930570324,30,partial_correlation_p_value,30.0,0.5,,0.0035685233088176825,0.0006937396805204,-0.04643147669118232,0.0,significant
0.1,betweeness,0.0558630930570324,50,partial_correlation_p_value,50.0,0.05,,0.724830244916418,0.0421353718511764,0.674830244916418,1.4604107286120797e-79,non-significant
0.1,betweeness,0.0558630930570324,50,partial_correlation_p_value,50.0,0.1,,0.4805913120761051,0.0350221611331396,0.4305913120761051,2.7482358903629417e-70,non-significant
0.1,betweeness,0.0558630930570324,50,partial_correlation_p_value,50.0,0.2,,0.15515112469544967,0.0164788114151897,0.10515112469544967,5.894878141537259e-18,non-significant
0.1,betweeness,0.0558630930570324,50,partial_correlation_p_value,50.0,0.3,,0.030712033725595562,0.0044442121880188,-0.01928796627440444,9.505420908129114e-05,significant
0.1,betweeness,0.0558630930570324,50,partial_correlation_p_value,50.0,0.4,,0.003302727162238229,0.0006253500410867,-0.046697272837761775,0.0,significant
0.1,betweeness,0.0558630930570324,50,partial_correlation_p_value,50.0,0.5,,0.0001605349566003264,3.892975112337031e-05,-0.04983946504339968,0.0,significant
0.1,betweeness,0.0558630930570324,75,partial_correlation_p_value,75.0,0.05,,0.6658561263349685,0.0407670858076891,0.6158561263349684,1.224587216656182e-81,non-significant
0.1,betweeness,0.0558630930570324,75,partial_correlation_p_value,75.0,0.1,,0.3868655898413166,0.0308343222073945,0.3368655898413166,1.3013265273692677e-58,non-significant
0.1,betweeness,0.0558630930570324,75,partial_correlation_p_value,75.0,0.2,,0.08116706380718447,0.0098756986362295,0.031167063807184467,0.00015881074017627103,non-significant
0.1,betweeness,0.0558630930570324,75,partial_correlation_p_value,75.0,0.3,,0.008030434893107933,0.0013647833704439,-0.04196956510689207,0.0,significant
0.1,betweeness,0.0558630930570324,75,partial_correlation_p_value,75.0,0.4,,0.00031301084080057913,7.060993155096885e-05,-0.049686989159199425,0.0,significant
0.1,betweeness,0.0558630930570324,75,partial_correlation_p_value,75.0,0.5,,3.657912410473166e-06,1.0661024752724312e-06,-0.04999634208758953,0.0,significant
0.1,betweeness,0.0558630930570324,100,partial_correlation_p_value,100.0,0.05,,0.6177343076882446,0.0394775770744675,0.5677343076882445,4.703654305438663e-81,non-significant
0.1,betweeness,0.0558630930570324,100,partial_correlation_p_value,100.0,0.1,,0.3173043978741975,0.0271708895421981,0.2673043978741975,6.194792109029726e-48,non-significant
0.1,betweeness,0.0558630930570324,100,partial_correlation_p_value,100.0,0.2,,0.043860884260170395,0.0059236277615154,-0.006139115739829608,0.15018463876332055,significant
0.1,betweeness,0.0558630930570324,100,partial_correlation_p_value,100.0,0.3,,0.0021883947254214523,0.000419479405894,-0.04781160527457855,0.0,significant
0.1,betweeness,0.0558630930570324,100,partial_correlation_p_value,100.0,0.4,,3.109559952288662e-05,7.97969669691262e-06,-0.04996890440047712,0.0,significant
0.1,betweeness,0.0558630930570324,100,partial_correlation_p_value,100.0,0.5,,8.769694091866885e-08,2.9220945364010076e-08,-0.049999912303059085,0.0,significant
0.1,betweeness,0.0558630930570324,300,partial_correlation_p_value,300.0,0.05,,0.3865747744849377,0.0306836742317367,0.3365747744849377,4.460012071649315e-59,non-significant
0.1,betweeness,0.0558630930570324,300,partial_correlation_p_value,300.0,0.1,,0.0827480032540806,0.0099286397687345,0.0327480032540806,7.673616922733251e-05,non-significant
0.1,betweeness,0.0558630930570324,300,partial_correlation_p_value,300.0,0.2,,0.00047121211121644706,9.976483783926822e-05,-0.04952878788878356,0.0,significant
0.1,betweeness,0.0558630930570324,300,partial_correlation_p_value,300.0,0.3,,1.0680987893806553e-07,3.358275441630077e-08,-0.04999989319012106,0.0,significant
0.1,betweeness,0.0558630930570324,300,partial_correlation_p_value,300.0,0.4,,4.961369134212258e-13,2.1339361851539207e-13,-0.049999999999503865,0.0,significant
0.1,betweeness,0.0558630930570324,300,partial_correlation_p_value,300.0,0.5,,1.6558627351112573e-20,9.35593161164874e-21,-0.05,0.0,significant
0.1,betweeness,0.0558630930570324,500,partial_correlation_p_value,500.0,0.05,,0.2634924310858535,0.0238809863038488,0.21349243108585353,5.553598953365607e-39,non-significant
0.1,betweeness,0.0558630930570324,500,partial_correlation_p_value,500.0,0.1,,0.025054006060311104,0.0036329855803268,-0.0249459939396889,2.2577270053503184e-08,significant
0.1,betweeness,0.0558630930570324,500,partial_correlation_p_value,500.0,0.2,,6.313699919191115e-06,1.682500745751504e-06,-0.04999368630008081,0.0,significant
0.1,betweeness,0.0558630930570324,500,partial_correlation_p_value,500.0,0.3,,6.716109043816408e-12,2.6922166519603555e-12,-0.049999999993283896,0.0,significant
0.1,betweeness,0.0558630930570324,500,partial_correlation_p_value,500.0,0.4,,1.0365018011564428e-20,5.714319176157538e-21,-0.05,0.0,significant
0.1,betweeness,0.0558630930570324,500,partial_correlation_p_value,500.0,0.5,,4.1307211551450724e-33,2.999631034787708e-33,-0.05,0.0,significant
0.1,betweeness,0.0558630930570324,1000,partial_correlation_p_value,1000.0,0.05,,0.11371053994288459,0.0127693693581792,0.06371053994288459,2.213830086083818e-10,non-significant
0.1,betweeness,0.0558630930570324,1000,partial_correlation_p_value,1000.0,0.1,,0.0015273578790529936,0.0002944105872386,-0.04847264212094701,0.0,significant
0.1,betweeness,0.0558630930570324,1000,partial_correlation_p_value,1000.0,0.2,,1.6849007397872172e-10,6.218055947241803e-11,-0.04999999983150993,0.0,significant
0.1,betweeness,0.0558630930570324,1000,partial_correlation_p_value,1000.0,0.3,,2.761398881915165e-22,1.5500624169796907e-22,-0.05,0.0,significant
0.1,betweeness,0.0558630930570324,1000,partial_correlation_p_value,1000.0,0.4,,8.653026414338422e-40,6.709298433155934e-40,-0.05,0.0,significant
0.1,betweeness,0.0558630930570324,1000,partial_correlation_p_value,1000.0,0.5,,1.706877942166305e-64,1.7469271166070352e-64,-0.05,0.0,significant
0.2,betweeness,0.0760035551182675,30,partial_correlation_p_value,30.0,0.05,,0.7858069815820645,0.058986721539309,0.7358069815820645,3.4124439730889537e-40,non-significant
0.2,betweeness,0.0760035551182675,30,partial_correlation_p_value,30.0,0.1,,0.5860649647763356,0.0528722104330533,0.5360649647763356,4.628935180570521e-43,non-significant
0.2,betweeness,0.0760035551182675,30,partial_correlation_p_value,30.0,0.2,,0.27242589732757794,0.0338415327431114,0.22242589732757795,5.892220676794588e-22,non-significant
0.2,betweeness,0.0760035551182675,30,partial_correlation_p_value,30.0,0.3,,0.09527344416868826,0.0155817895484593,0.045273444168688254,0.000289369852982719,non-significant
0.2,betweeness,0.0760035551182675,30,partial_correlation_p_value,30.0,0.4,,0.023307657869861772,0.004881651742811,-0.02669234213013823,9.796484988333631e-06,significant
0.2,betweeness,0.0760035551182675,30,partial_correlation_p_value,30.0,0.5,,0.0035685233088176825,0.0009438554000641,-0.04643147669118232,0.0,significant
0.2,betweeness,0.0760035551182675,50,partial_correlation_p_value,50.0,0.05,,0.724830244916418,0.0573265439070857,0.674830244916418,1.3365346152734631e-43,non-significant
0.2,betweeness,0.0760035551182675,50,partial_correlation_p_value,50.0,0.1,,0.4805913120761051,0.0476487893594775,0.4305913120761051,1.0581134986512932e-38,non-significant
0.2,betweeness,0.0760035551182675,50,partial_correlation_p_value,50.0,0.2,,0.15515112469544967,0.0224199589234926,0.10515112469544967,1.9174235934472765e-10,non-significant
0.2,betweeness,0.0760035551182675,50,partial_correlation_p_value,50.0,0.3,,0.030712033725595562,0.0060464952351371,-0.01928796627440444,0.002804696492335834,significant
0.2,betweeness,0.0760035551182675,50,partial_correlation_p_value,50.0,0.4,,0.003302727162238229,0.0008508090711595,-0.046697272837761775,0.0,significant
0.2,betweeness,0.0760035551182675,50,partial_correlation_p_value,50.0,0.5,,0.0001605349566003264,5.2965192640242434e-05,-0.04983946504339968,0.0,significant
0.2,betweeness,0.0760035551182675,75,partial_correlation_p_value,75.0,0.05,,0.6658561263349685,0.0554649462397748,0.6158561263349684,9.3649622038028e-45,non-significant
0.2,betweeness,0.0760035551182675,75,partial_correlation_p_value,75.0,0.1,,0.3868655898413166,0.0419510982865119,0.3368655898413166,2.0185354558275473e-32,non-significant
0.2,betweeness,0.0760035551182675,75,partial_correlation_p_value,75.0,0.2,,0.08116706380718447,0.0134362092135458,0.031167063807184467,0.004393845076765612,non-significant
0.2,betweeness,0.0760035551182675,75,partial_correlation_p_value,75.0,0.3,,0.008030434893107933,0.0018568321667067,-0.04196956510689207,0.0,significant
0.2,betweeness,0.0760035551182675,75,partial_correlation_p_value,75.0,0.4,,0.00031301084080057913,9.606710854789616e-05,-0.049686989159199425,0.0,significant
0.2,betweeness,0.0760035551182675,75,partial_correlation_p_value,75.0,0.5,,3.657912410473166e-06,1.45046709387119e-06,-0.04999634208758953,0.0,significant
0.2,betweeness,0.0760035551182675,100,partial_correlation_p_value,100.0,0.05,,0.6177343076882446,0.053710527665407,0.5677343076882445,1.832863202650033e-44,non-significant
0.2,betweeness,0.0760035551182675,100,partial_correlation_p_value,100.0,0.1,,0.3173043978741975,0.0369668789879662,0.2673043978741975,1.1521755238378631e-26,non-significant
0.2,betweeness,0.0760035551182675,100,partial_correlation_p_value,100.0,0.2,,0.043860884260170395,0.0080592882426469,-0.006139115739829608,0.2155045049349933,significant
0.2,betweeness,0.0760035551182675,100,partial_correlation_p_value,100.0,0.3,,0.0021883947254214523,0.0005707153757902,-0.04781160527457855,0.0,significant
0.2,betweeness,0.0760035551182675,100,partial_correlation_p_value,100.0,0.4,,3.109559952288662e-05,1.0856636905365684e-05,-0.04996890440047712,0.0,significant
0.2,betweeness,0.0760035551182675,100,partial_correlation_p_value,100.0,0.5,,8.769694091866885e-08,3.975604661406843e-08,-0.049999912303059085,0.0,significant
0.2,betweeness,0.0760035551182675,300,partial_correlation_p_value,300.0,0.05,,0.3865747744849377,0.0417461368156233,0.3365747744849377,1.1294121183459697e-32,non-significant
0.2,betweeness,0.0760035551182675,300,partial_correlation_p_value,300.0,0.1,,0.0827480032540806,0.0135082373462928,0.0327480032540806,0.002922377957403261,non-significant
0.2,betweeness,0.0760035551182675,300,partial_correlation_p_value,300.0,0.2,,0.00047121211121644706,0.0001357333068514,-0.04952878788878356,0.0,significant
0.2,betweeness,0.0760035551182675,300,partial_correlation_p_value,300.0,0.3,,1.0680987893806553e-07,4.5690429702786434e-08,-0.04999989319012106,0.0,significant
0.2,betweeness,0.0760035551182675,300,partial_correlation_p_value,300.0,0.4,,4.961369134212258e-13,2.903289588738488e-13,-0.049999999999503865,0.0,significant
0.2,betweeness,0.0760035551182675,300,partial_correlation_p_value,300.0,0.5,,1.6558627351112573e-20,1.2729049270557183e-20,-0.05,0.0,significant
0.2,betweeness,0.0760035551182675,500,partial_correlation_p_value,500.0,0.05,,0.2634924310858535,0.0324908586241391,0.21349243108585353,7.843747051332438e-22,non-significant
0.2,betweeness,0.0760035551182675,500,partial_correlation_p_value,500.0,0.1,,0.025054006060311104,0.0049427950492527,-0.0249459939396889,2.60153735092139e-05,significant
0.2,betweeness,0.0760035551182675,500,partial_correlation_p_value,500.0,0.2,,6.313699919191115e-06,2.289096989951808e-06,-0.04999368630008081,0.0,significant
0.2,betweeness,0.0760035551182675,500,partial_correlation_p_value,500.0,0.3,,6.716109043816408e-12,3.662848322571137e-12,-0.049999999993283896,0.0,significant
0.2,betweeness,0.0760035551182675,500,partial_correlation_p_value,500.0,0.4,,1.0365018011564428e-20,7.774517104254557e-21,-0.05,0.0,significant
0.2,betweeness,0.0760035551182675,500,partial_correlation_p_value,500.0,0.5,,4.1307211551450724e-33,4.081095589429655e-33,-0.05,0.0,significant
0.2,betweeness,0.0760035551182675,1000,partial_correlation_p_value,1000.0,0.05,,0.11371053994288459,0.017373142350873,0.06371053994288459,2.5709093665270194e-06,non-significant
0.2,betweeness,0.0760035551182675,1000,partial_correlation_p_value,1000.0,0.1,,0.0015273578790529936,0.000400555179996,-0.04847264212094701,0.0,significant
0.2,betweeness,0.0760035551182675,1000,partial_correlation_p_value,1000.0,0.2,,1.6849007397872172e-10,8.459867365958e-11,-0.04999999983150993,0.0,significant
0.2,betweeness,0.0760035551182675,1000,partial_correlation_p_value,1000.0,0.3,,2.761398881915165e-22,2.1089103359420967e-22,-0.05,0.0,significant
0.2,betweeness,0.0760035551182675,1000,partial_correlation_p_value,1000.0,0.4,,8.653026414338422e-40,9.128218746295849e-40,-0.05,0.0,significant
0.2,betweeness,0.0760035551182675,1000,partial_correlation_p_value,1000.0,0.5,,1.706877942166305e-64,2.376751163045825e-64,-0.05,0.0,significant
0.3,betweeness,0.1000459571082236,30,partial_correlation_p_value,30.0,0.05,,0.7858069815820645,0.07764614436645,0.7358069815820645,1.1187380813121091e-23,non-significant
0.3,betweeness,0.1000459571082236,30,partial_correlation_p_value,30.0,0.1,,0.5860649647763356,0.0695974140811059,0.5360649647763356,1.9732107186581125e-25,non-significant
0.3,betweeness,0.1000459571082236,30,partial_correlation_p_value,30.0,0.2,,0.27242589732757794,0.0445467126902873,0.22242589732757795,2.5099205981341855e-13,non-significant
0.3,betweeness,0.1000459571082236,30,partial_correlation_p_value,30.0,0.3,,0.09527344416868826,0.0205108175059543,0.045273444168688254,0.004913243546378123,non-significant
0.3,betweeness,0.1000459571082236,30,partial_correlation_p_value,30.0,0.4,,0.023307657869861772,0.0064258773174305,-0.02669234213013823,0.0005245426118232199,significant
0.3,betweeness,0.1000459571082236,30,partial_correlation_p_value,30.0,0.5,,0.0035685233088176825,0.0012424276301845,-0.04643147669118232,0.0,significant
0.3,betweeness,0.1000459571082236,50,partial_correlation_p_value,50.0,0.05,,0.724830244916418,0.0754607984319475,0.674830244916418,1.1168378031737824e-25,non-significant
0.3,betweeness,0.1000459571082236,50,partial_correlation_p_value,50.0,0.1,,0.4805913120761051,0.0627216546528532,0.4305913120761051,5.914788790685649e-23,non-significant
0.3,betweeness,0.1000459571082236,50,partial_correlation_p_value,50.0,0.2,,0.15515112469544967,0.0295121227597518,0.10515112469544967,1.1625011554856749e-06,non-significant
0.3,betweeness,0.1000459571082236,50,partial_correlation_p_value,50.0,0.3,,0.030712033725595562,0.007959198777061,-0.01928796627440444,0.016307951167790158,significant
0.3,betweeness,0.1000459571082236,50,partial_correlation_p_value,50.0,0.4,,0.003302727162238229,0.0011199477143938,-0.046697272837761775,0.0,significant
0.3,betweeness,0.1000459571082236,50,partial_correlation_p_value,50.0,0.5,,0.0001605349566003264,6.971980959139224e-05,-0.04983946504339968,0.0,significant
0.3,betweeness,0.1000459571082236,75,partial_correlation_p_value,75.0,0.05,,0.6658561263349685,0.0730103167395222,0.6158561263349684,2.2474856328458541e-26,non-significant
0.3,betweeness,0.1000459571082236,75,partial_correlation_p_value,75.0,0.1,,0.3868655898413166,0.0552215981645112,0.3368655898413166,2.3525589855400144e-19,non-significant
0.3,betweeness,0.1000459571082236,75,partial_correlation_p_value,75.0,0.2,,0.08116706380718447,0.0176865201711128,0.031167063807184467,0.02506952528842444,non-significant
0.3,betweeness,0.1000459571082236,75,partial_correlation_p_value,75.0,0.3,,0.008030434893107933,0.0024442087086379,-0.04196956510689207,0.0,significant
0.3,betweeness,0.1000459571082236,75,partial_correlation_p_value,75.0,0.4,,0.00031301084080057913,0.000126456266504,-0.049686989159199425,0.0,significant
0.3,betweeness,0.1000459571082236,75,partial_correlation_p_value,75.0,0.5,,3.657912410473166e-06,1.909297116885112e-06,-0.04999634208758953,0.0,significant
0.3,betweeness,0.1000459571082236,100,partial_correlation_p_value,100.0,0.05,,0.6177343076882446,0.0707009183808803,0.5677343076882445,3.146267601483615e-26,non-significant
0.3,betweeness,0.1000459571082236,100,partial_correlation_p_value,100.0,0.1,,0.3173043978741975,0.0486607078300479,0.2673043978741975,4.813280782740018e-16,non-significant
0.3,betweeness,0.1000459571082236,100,partial_correlation_p_value,100.0,0.2,,0.043860884260170395,0.0106087038243409,-0.006139115739829608,0.2643172464874137,significant
0.3,betweeness,0.1000459571082236,100,partial_correlation_p_value,100.0,0.3,,0.0021883947254214523,0.0007512512528981,-0.04781160527457855,0.0,significant
0.3,betweeness,0.1000459571082236,100,partial_correlation_p_value,100.0,0.4,,3.109559952288662e-05,1.4290945054920368e-05,-0.04996890440047712,0.0,significant
0.3,betweeness,0.1000459571082236,100,partial_correlation_p_value,100.0,0.5,,8.769694091866885e-08,5.233218009544991e-08,-0.049999912303059085,0.0,significant
0.3,betweeness,0.1000459571082236,300,partial_correlation_p_value,300.0,0.05,,0.3865747744849377,0.0549518006992024,0.3365747744849377,1.6793003628159108e-19,non-significant
0.3,betweeness,0.1000459571082236,300,partial_correlation_p_value,300.0,0.1,,0.0827480032540806,0.017781333150166,0.0327480032540806,0.019578457332502713,non-significant
0.3,betweeness,0.1000459571082236,300,partial_correlation_p_value,300.0,0.2,,0.00047121211121644706,0.0001786701763396,-0.04952878788878356,0.0,significant
0.3,betweeness,0.1000459571082236,300,partial_correlation_p_value,300.0,0.3,,1.0680987893806553e-07,6.014380199963307e-08,-0.04999989319012106,0.0,significant
0.3,betweeness,0.1000459571082236,300,partial_correlation_p_value,300.0,0.4,,4.961369134212258e-13,3.821694724880969e-13,-0.049999999999503865,0.0,significant
0.3,betweeness,0.1000459571082236,300,partial_correlation_p_value,300.0,0.5,,1.6558627351112573e-20,1.6755662486695242e-20,-0.05,0.0,significant
0.3,betweeness,0.1000459571082236,500,partial_correlation_p_value,500.0,0.05,,0.2634924310858535,0.042768776319237,0.21349243108585353,2.938477099769098e-13,non-significant
0.3,betweeness,0.1000459571082236,500,partial_correlation_p_value,500.0,0.1,,0.025054006060311104,0.0065063622448027,-0.0249459939396889,0.0009488304680770332,significant
0.3,betweeness,0.1000459571082236,500,partial_correlation_p_value,500.0,0.2,,6.313699919191115e-06,3.0132129861151517e-06,-0.04999368630008081,0.0,significant
0.3,betweeness,0.1000459571082236,500,partial_correlation_p_value,500.0,0.3,,6.716109043816408e-12,4.821526645742438e-12,-0.049999999993283896,0.0,significant
0.3,betweeness,0.1000459571082236,500,partial_correlation_p_value,500.0,0.4,,1.0365018011564428e-20,1.0233850292122128e-20,-0.05,0.0,significant
0.3,betweeness,0.1000459571082236,500,partial_correlation_p_value,500.0,0.5,,4.1307211551450724e-33,5.372079156814407e-33,-0.05,0.0,significant
0.3,betweeness,0.1000459571082236,1000,partial_correlation_p_value,1000.0,0.05,,0.11371053994288459,0.0228688335929269,0.06371053994288459,0.00030001576177388843,non-significant
0.3,betweeness,0.1000459571082236,1000,partial_correlation_p_value,1000.0,0.1,,0.0015273578790529936,0.0005272638404216,-0.04847264212094701,0.0,significant
0.3,betweeness,0.1000459571082236,1000,partial_correlation_p_value,1000.0,0.2,,1.6849007397872172e-10,1.1135999182128623e-10,-0.04999999983150993,0.0,significant
0.3,betweeness,0.1000459571082236,1000,partial_correlation_p_value,1000.0,0.3,,2.761398881915165e-22,2.7760274198547515e-22,-0.05,0.0,significant
0.3,betweeness,0.1000459571082236,1000,partial_correlation_p_value,1000.0,0.4,,8.653026414338422e-40,1.2015771890476993e-39,-0.05,0.0,significant
0.3,betweeness,0.1000459571082236,1000,partial_correlation_p_value,1000.0,0.5,,1.706877942166305e-64,3.128595031442833e-64,-0.05,0.0,significant
0.4,betweeness,0.1101666834520229,30,partial_correlation_p_value,30.0,0.05,,0.7858069815820645,0.0855008883411006,0.7358069815820645,1.0306961872003411e-19,non-significant
0.4,betweeness,0.1101666834520229,30,partial_correlation_p_value,30.0,0.1,,0.5860649647763356,0.0766379422794519,0.5360649647763356,3.35885493112616e-21,non-significant
0.4,betweeness,0.1101666834520229,30,partial_correlation_p_value,30.0,0.2,,0.27242589732757794,0.0490530925749492,0.22242589732757795,2.999711105849874e-11,non-significant
0.4,betweeness,0.1101666834520229,30,partial_correlation_p_value,30.0,0.3,,0.09527344416868826,0.0225857076570958,0.045273444168688254,0.00990780857421519,non-significant
0.4,betweeness,0.1101666834520229,30,partial_correlation_p_value,30.0,0.4,,0.023307657869861772,0.0070759240332433,-0.02669234213013823,0.0013888654842394432,significant
0.4,betweeness,0.1101666834520229,30,partial_correlation_p_value,30.0,0.5,,0.0035685233088176825,0.0013681125694916,-0.04643147669118232,0.0,significant
0.4,betweeness,0.1101666834520229,50,partial_correlation_p_value,50.0,0.05,,0.724830244916418,0.083094471122871,0.674830244916418,2.2332720987214837e-21,non-significant
0.4,betweeness,0.1101666834520229,50,partial_correlation_p_value,50.0,0.1,,0.4805913120761051,0.0690666257133543,0.4305913120761051,3.569243843254227e-19,non-significant
0.4,betweeness,0.1101666834520229,50,partial_correlation_p_value,50.0,0.2,,0.15515112469544967,0.0324975919072253,0.10515112469544967,9.606758024044924e-06,non-significant
0.4,betweeness,0.1101666834520229,50,partial_correlation_p_value,50.0,0.3,,0.030712033725595562,0.0087643574767914,-0.01928796627440444,0.025268075866012762,significant
0.4,betweeness,0.1101666834520229,50,partial_correlation_p_value,50.0,0.4,,0.003302727162238229,0.0012332424907583,-0.046697272837761775,0.0,significant
0.4,betweeness,0.1101666834520229,50,partial_correlation_p_value,50.0,0.5,,0.0001605349566003264,7.677271941415482e-05,-0.04983946504339968,0.0,significant
0.4,betweeness,0.1101666834520229,75,partial_correlation_p_value,75.0,0.05,,0.6658561263349685,0.0803960968085308,0.6158561263349684,5.784695542310841e-22,non-significant
0.4,betweeness,0.1101666834520229,75,partial_correlation_p_value,75.0,0.1,,0.3868655898413166,0.060807857714067,0.3368655898413166,3.241224472916606e-16,non-significant
0.4,betweeness,0.1101666834520229,75,partial_correlation_p_value,75.0,0.2,,0.08116706380718447,0.019475702221041,0.031167063807184467,0.03884044588622438,non-significant
0.4,betweeness,0.1101666834520229,75,partial_correlation_p_value,75.0,0.3,,0.008030434893107933,0.0026914667506645,-0.04196956510689207,8.881784197001252e-16,significant
0.4,betweeness,0.1101666834520229,75,partial_correlation_p_value,75.0,0.4,,0.00031301084080057913,0.0001392486801581,-0.049686989159199425,0.0,significant
0.4,betweeness,0.1101666834520229,75,partial_correlation_p_value,75.0,0.5,,3.657912410473166e-06,2.1024430888717286e-06,-0.04999634208758953,0.0,significant
0.4,betweeness,0.1101666834520229,100,partial_correlation_p_value,100.0,0.05,,0.6177343076882446,0.0778530779270591,0.5677343076882445,7.474044016417535e-22,non-significant
0.4,betweeness,0.1101666834520229,100,partial_correlation_p_value,100.0,0.1,,0.3173043978741975,0.0535832626426402,0.2673043978741975,1.7235538833780092e-13,non-significant
0.4,betweeness,0.1101666834520229,100,partial_correlation_p_value,100.0,0.2,,0.043860884260170395,0.0116818885023827,-0.006139115739829608,0.2786757049509643,significant
0.4,betweeness,0.1101666834520229,100,partial_correlation_p_value,100.0,0.3,,0.0021883947254214523,0.0008272484102624,-0.04781160527457855,0.0,significant
0.4,betweeness,0.1101666834520229,100,partial_correlation_p_value,100.0,0.4,,3.109559952288662e-05,1.5736628101749177e-05,-0.04996890440047712,0.0,significant
0.4,betweeness,0.1101666834520229,100,partial_correlation_p_value,100.0,0.5,,8.769694091866885e-08,5.7626143879988834e-08,-0.049999912303059085,0.0,significant
0.4,betweeness,0.1101666834520229,300,partial_correlation_p_value,300.0,0.05,,0.3865747744849377,0.0605107673286487,0.3365747744849377,2.452457922741174e-16,non-significant
0.4,betweeness,0.1101666834520229,300,partial_correlation_p_value,300.0,0.1,,0.0827480032540806,0.0195801065543335,0.0327480032540806,0.03153653103916031,non-significant
0.4,betweeness,0.1101666834520229,300,partial_correlation_p_value,300.0,0.2,,0.00047121211121644706,0.0001967445894673,-0.04952878788878356,0.0,significant
0.4,betweeness,0.1101666834520229,300,partial_correlation_p_value,300.0,0.3,,1.0680987893806553e-07,6.622799549338397e-08,-0.04999989319012106,0.0,significant
0.4,betweeness,0.1101666834520229,300,partial_correlation_p_value,300.0,0.4,,4.961369134212258e-13,4.208300316931249e-13,-0.049999999999503865,0.0,significant
0.4,betweeness,0.1101666834520229,300,partial_correlation_p_value,300.0,0.5,,1.6558627351112573e-20,1.8450678253833796e-20,-0.05,0.0,significant
0.4,betweeness,0.1101666834520229,500,partial_correlation_p_value,500.0,0.05,,0.2634924310858535,0.047095298786486,0.21349243108585353,3.405488749090693e-11,non-significant
0.4,betweeness,0.1101666834520229,500,partial_correlation_p_value,500.0,0.1,,0.025054006060311104,0.0071645508780729,-0.0249459939396889,0.002290899916829403,significant
0.4,betweeness,0.1101666834520229,500,partial_correlation_p_value,500.0,0.2,,6.313699919191115e-06,3.3180319406188817e-06,-0.04999368630008081,0.0,significant
0.4,betweeness,0.1101666834520229,500,partial_correlation_p_value,500.0,0.3,,6.716109043816408e-12,5.309276007649284e-12,-0.049999999993283896,0.0,significant
0.4,betweeness,0.1101666834520229,500,partial_correlation_p_value,500.0,0.4,,1.0365018011564428e-20,1.1269114497130816e-20,-0.05,0.0,significant
0.4,betweeness,0.1101666834520229,500,partial_correlation_p_value,500.0,0.5,,4.1307211551450724e-33,5.9155228362479824e-33,-0.05,0.0,significant
0.4,betweeness,0.1101666834520229,1000,partial_correlation_p_value,1000.0,0.05,,0.11371053994288459,0.0251822624738713,0.06371053994288459,0.0009616474512710623,non-significant
0.4,betweeness,0.1101666834520229,1000,partial_correlation_p_value,1000.0,0.1,,0.0015273578790529936,0.0005806022580262,-0.04847264212094701,0.0,significant
0.4,betweeness,0.1101666834520229,1000,partial_correlation_p_value,1000.0,0.2,,1.6849007397872172e-10,1.22625254660961e-10,-0.04999999983150993,0.0,significant
0.4,betweeness,0.1101666834520229,1000,partial_correlation_p_value,1000.0,0.3,,2.761398881915165e-22,3.056852499161468e-22,-0.05,0.0,significant
0.4,betweeness,0.1101666834520229,1000,partial_correlation_p_value,1000.0,0.4,,8.653026414338422e-40,1.3231296661572792e-39,-0.05,0.0,significant
0.4,betweeness,0.1101666834520229,1000,partial_correlation_p_value,1000.0,0.5,,1.706877942166305e-64,3.445086122827478e-64,-0.05,0.0,significant
0.5,betweeness,0.1116396841959687,30,partial_correlation_p_value,30.0,0.05,,0.7858069815820645,0.0866440912422692,0.7358069815820645,3.1817453504410667e-19,non-significant
0.5,betweeness,0.1116396841959687,30,partial_correlation_p_value,30.0,0.1,,0.5860649647763356,0.0776626417843732,0.5360649647763356,1.1184429607038198e-20,non-significant
0.5,betweeness,0.1116396841959687,30,partial_correlation_p_value,30.0,0.2,,0.27242589732757794,0.0497089645644805,0.22242589732757795,5.418462561733552e-11,non-significant
0.5,betweeness,0.1116396841959687,30,partial_correlation_p_value,30.0,0.3,,0.09527344416868826,0.022887693367648,0.045273444168688254,0.010814340799500746,non-significant
0.5,betweeness,0.1116396841959687,30,partial_correlation_p_value,30.0,0.4,,0.023307657869861772,0.0071705337740331,-0.02669234213013823,0.0015674979180161364,significant
0.5,betweeness,0.1116396841959687,30,partial_correlation_p_value,30.0,0.5,,0.0035685233088176825,0.0013864051309949,-0.04643147669118232,0.0,significant
0.5,betweeness,0.1116396841959687,50,partial_correlation_p_value,50.0,0.05,,0.724830244916418,0.0842054986490384,0.674830244916418,7.58558475391547e-21,non-significant
0.5,betweeness,0.1116396841959687,50,partial_correlation_p_value,50.0,0.1,,0.4805913120761051,0.0699900917547179,0.4305913120761051,1.045801630944996e-18,non-significant
0.5,betweeness,0.1116396841959687,50,partial_correlation_p_value,50.0,0.2,,0.15515112469544967,0.0329321060049165,0.10515112469544967,1.24807885838864e-05,non-significant
0.5,betweeness,0.1116396841959687,50,partial_correlation_p_value,50.0,0.3,,0.030712033725595562,0.0088815426790594,-0.01928796627440444,0.026688379961103736,significant
0.5,betweeness,0.1116396841959687,50,partial_correlation_p_value,50.0,0.4,,0.003302727162238229,0.0012497317509359,-0.046697272837761775,0.0,significant
0.5,betweeness,0.1116396841959687,50,partial_correlation_p_value,50.0,0.5,,0.0001605349566003264,7.779922097767917e-05,-0.04983946504339968,0.0,significant
0.5,betweeness,0.1116396841959687,75,partial_correlation_p_value,75.0,0.05,,0.6658561263349685,0.0814710453020187,0.6158561263349684,2.0269826388818817e-21,non-significant
0.5,betweeness,0.1116396841959687,75,partial_correlation_p_value,75.0,0.1,,0.3868655898413166,0.0616208986157619,0.3368655898413166,7.915241956746171e-16,non-significant
0.5,betweeness,0.1116396841959687,75,partial_correlation_p_value,75.0,0.2,,0.08116706380718447,0.0197361051210971,0.031167063807184467,0.04103302753217698,non-significant
0.5,betweeness,0.1116396841959687,75,partial_correlation_p_value,75.0,0.3,,0.008030434893107933,0.0027274534246916,-0.04196956510689207,1.9984014443252818e-15,significant
0.5,betweeness,0.1116396841959687,75,partial_correlation_p_value,75.0,0.4,,0.00031301084080057913,0.0001411105262539,-0.049686989159199425,0.0,significant
0.5,betweeness,0.1116396841959687,75,partial_correlation_p_value,75.0,0.5,,3.657912410473166e-06,2.1305541305857184e-06,-0.04999634208758953,0.0,significant
0.5,betweeness,0.1116396841959687,100,partial_correlation_p_value,100.0,0.05,,0.6177343076882446,0.0788940245918007,0.5677343076882445,2.5931635941648496e-21,non-significant
0.5,betweeness,0.1116396841959687,100,partial_correlation_p_value,100.0,0.1,,0.3173043978741975,0.0542997059743488,0.2673043978741975,3.564533093690398e-13,non-significant
0.5,betweeness,0.1116396841959687,100,partial_correlation_p_value,100.0,0.2,,0.043860884260170395,0.0118380830061611,-0.006139115739829608,0.2805366358783419,significant
0.5,betweeness,0.1116396841959687,100,partial_correlation_p_value,100.0,0.3,,0.0021883947254214523,0.0008383092635582,-0.04781160527457855,0.0,significant
0.5,betweeness,0.1116396841959687,100,partial_correlation_p_value,100.0,0.4,,3.109559952288662e-05,1.5947037130819837e-05,-0.04996890440047712,0.0,significant
0.5,betweeness,0.1116396841959687,100,partial_correlation_p_value,100.0,0.5,,8.769694091866885e-08,5.839664318291935e-08,-0.049999912303059085,0.0,significant
0.5,betweeness,0.1116396841959687,300,partial_correlation_p_value,300.0,0.05,,0.3865747744849377,0.0613198359372235,0.3365747744849377,6.032224197484393e-16,non-significant
0.5,betweeness,0.1116396841959687,300,partial_correlation_p_value,300.0,0.1,,0.0827480032540806,0.0198419054087361,0.0327480032540806,0.033477814397237925,non-significant
0.5,betweeness,0.1116396841959687,300,partial_correlation_p_value,300.0,0.2,,0.00047121211121644706,0.0001993751935444,-0.04952878788878356,0.0,significant
0.5,betweeness,0.1116396841959687,300,partial_correlation_p_value,300.0,0.3,,1.0680987893806553e-07,6.711350718870769e-08,-0.04999989319012106,0.0,significant
0.5,betweeness,0.1116396841959687,300,partial_correlation_p_value,300.0,0.4,,4.961369134212258e-13,4.2645680496372683e-13,-0.049999999999503865,0.0,significant
0.5,betweeness,0.1116396841959687,300,partial_correlation_p_value,300.0,0.5,,1.6558627351112573e-20,1.8697375911806204e-20,-0.05,0.0,significant
0.5,betweeness,0.1116396841959687,500,partial_correlation_p_value,500.0,0.05,,0.2634924310858535,0.0477249937902305,0.21349243108585353,6.128118405731566e-11,non-significant
0.5,betweeness,0.1116396841959687,500,partial_correlation_p_value,500.0,0.1,,0.025054006060311104,0.0072603456178504,-0.0249459939396889,0.0025562548200309676,significant
0.5,betweeness,0.1116396841959687,500,partial_correlation_p_value,500.0,0.2,,6.313699919191115e-06,3.36239620178951e-06,-0.04999368630008081,0.0,significant
0.5,betweeness,0.1116396841959687,500,partial_correlation_p_value,500.0,0.3,,6.716109043816408e-12,5.3802645067492575e-12,-0.049999999993283896,0.0,significant
0.5,betweeness,0.1116396841959687,500,partial_correlation_p_value,500.0,0.4,,1.0365018011564428e-20,1.1419789941990815e-20,-0.05,0.0,significant
0.5,betweeness,0.1116396841959687,500,partial_correlation_p_value,500.0,0.5,,4.1307211551450724e-33,5.9946172526866534e-33,-0.05,0.0,significant
0.5,betweeness,0.1116396841959687,1000,partial_correlation_p_value,1000.0,0.05,,0.11371053994288459,0.025518965823704,0.06371053994288459,0.0011114982352877951,non-significant
0.5,betweeness,0.1116396841959687,1000,partial_correlation_p_value,1000.0,0.1,,0.0015273578790529936,0.0005883652906529,-0.04847264212094701,0.0,significant
0.5,betweeness,0.1116396841959687,1000,partial_correlation_p_value,1000.0,0.2,,1.6849007397872172e-10,1.242648346653895e-10,-0.04999999983150993,0.0,significant
0.5,betweeness,0.1116396841959687,1000,partial_correlation_p_value,1000.0,0.3,,2.761398881915165e-22,3.097724620063231e-22,-0.05,0.0,significant
0.5,betweeness,0.1116396841959687,1000,partial_correlation_p_value,1000.0,0.4,,8.653026414338422e-40,1.3408207767681854e-39,-0.05,0.0,significant
0.5,betweeness,0.1116396841959687,1000,partial_correlation_p_value,1000.0,0.5,,1.706877942166305e-64,3.4911491816658807e-64,-0.05,0.0,significant
0.05,clusteringcoef,0.0443606862238838,30,partial_correlation_p_value,30.0,0.05,,0.7858069815820645,0.0344285401059084,0.7358069815820645,1.8040868818121848e-115,non-significant
0.05,clusteringcoef,0.0443606862238838,30,partial_correlation_p_value,30.0,0.1,,0.5860649647763356,0.0308597082509381,0.5360649647763356,1.955351509662922e-123,non-significant
0.05,clusteringcoef,0.0443606862238838,30,partial_correlation_p_value,30.0,0.2,,0.27242589732757794,0.0197521499226769,0.22242589732757795,3.826958557684596e-61,non-significant
0.05,clusteringcoef,0.0443606862238838,30,partial_correlation_p_value,30.0,0.3,,0.09527344416868826,0.0090945597990805,0.045273444168688254,1.2462974619508893e-09,non-significant
0.05,clusteringcoef,0.0443606862238838,30,partial_correlation_p_value,30.0,0.4,,0.023307657869861772,0.0028492538392466,-0.02669234213013823,2.1294077612310502e-13,significant
0.05,clusteringcoef,0.0443606862238838,30,partial_correlation_p_value,30.0,0.5,,0.0035685233088176825,0.0005508962466007,-0.04643147669118232,0.0,significant
0.05,clusteringcoef,0.0443606862238838,50,partial_correlation_p_value,50.0,0.05,,0.724830244916418,0.0334595509723821,0.674830244916418,2.5936668288997315e-125,non-significant
0.05,clusteringcoef,0.0443606862238838,50,partial_correlation_p_value,50.0,0.1,,0.4805913120761051,0.0278109752949658,0.4305913120761051,1.8370325455424117e-110,non-significant
0.05,clusteringcoef,0.0443606862238838,50,partial_correlation_p_value,50.0,0.2,,0.15515112469544967,0.0130857663356641,0.10515112469544967,1.8466263504839143e-27,non-significant
0.05,clusteringcoef,0.0443606862238838,50,partial_correlation_p_value,50.0,0.3,,0.030712033725595562,0.0035291333078136,-0.01928796627440444,1.4380201356356537e-06,significant
0.05,clusteringcoef,0.0443606862238838,50,partial_correlation_p_value,50.0,0.4,,0.003302727162238229,0.0004965882738433,-0.046697272837761775,0.0,significant
0.05,clusteringcoef,0.0443606862238838,50,partial_correlation_p_value,50.0,0.5,,0.0001605349566003264,3.091397879803432e-05,-0.04983946504339968,0.0,significant
0.05,clusteringcoef,0.0443606862238838,75,partial_correlation_p_value,75.0,0.05,,0.6658561263349685,0.0323729998253182,0.6158561263349684,1.454328420722464e-128,non-significant
0.05,clusteringcoef,0.0443606862238838,75,partial_correlation_p_value,75.0,0.1,,0.3868655898413166,0.0244854270953435,0.3368655898413166,6.503504293573467e-92,non-significant
0.05,clusteringcoef,0.0443606862238838,75,partial_correlation_p_value,75.0,0.2,,0.08116706380718447,0.0078422576421995,0.031167063807184467,2.637892028660472e-06,non-significant
0.05,clusteringcoef,0.0443606862238838,75,partial_correlation_p_value,75.0,0.3,,0.008030434893107933,0.0010837696866879,-0.04196956510689207,0.0,significant
0.05,clusteringcoef,0.0443606862238838,75,partial_correlation_p_value,75.0,0.4,,0.00031301084080057913,5.607109893869594e-05,-0.049686989159199425,0.0,significant
0.05,clusteringcoef,0.0443606862238838,75,partial_correlation_p_value,75.0,0.5,,3.657912410473166e-06,8.465882356314069e-07,-0.04999634208758953,0.0,significant
0.05,clusteringcoef,0.0443606862238838,100,partial_correlation_p_value,100.0,0.05,,0.6177343076882446,0.0313490054639784,0.5677343076882445,1.318835578337215e-127,non-significant
0.05,clusteringcoef,0.0443606862238838,100,partial_correlation_p_value,100.0,0.1,,0.3173043978741975,0.0215763080675591,0.2673043978741975,5.766569848360277e-75,non-significant
0.05,clusteringcoef,0.0443606862238838,100,partial_correlation_p_value,100.0,0.2,,0.043860884260170395,0.0047039320248056,-0.006139115739829608,0.09945416024595899,significant
0.05,clusteringcoef,0.0443606862238838,100,partial_correlation_p_value,100.0,0.3,,0.0021883947254214523,0.0003331071246493,-0.04781160527457855,0.0,significant
0.05,clusteringcoef,0.0443606862238838,100,partial_correlation_p_value,100.0,0.4,,3.109559952288662e-05,6.3366491535316245e-06,-0.04996890440047712,0.0,significant
0.05,clusteringcoef,0.0443606862238838,100,partial_correlation_p_value,100.0,0.5,,8.769694091866885e-08,2.3204250203881632e-08,-0.049999912303059085,0.0,significant
0.05,clusteringcoef,0.0443606862238838,300,partial_correlation_p_value,300.0,0.05,,0.3865747744849377,0.0243657980663602,0.3365747744849377,1.1936330167657664e-92,non-significant
0.05,clusteringcoef,0.0443606862238838,300,partial_correlation_p_value,300.0,0.1,,0.0827480032540806,0.0078842980097995,0.0327480032540806,8.500352982976789e-07,non-significant
0.05,clusteringcoef,0.0443606862238838,300,partial_correlation_p_value,300.0,0.2,,0.00047121211121644706,7.922290774422666e-05,-0.04952878788878356,0.0,significant
0.05,clusteringcoef,0.0443606862238838,300,partial_correlation_p_value,300.0,0.3,,1.0680987893806553e-07,2.666794747069105e-08,-0.04999989319012106,0.0,significant
0.05,clusteringcoef,0.0443606862238838,300,partial_correlation_p_value,300.0,0.4,,4.961369134212258e-13,1.694551238592542e-13,-0.049999999999503865,0.0,significant
0.05,clusteringcoef,0.0443606862238838,300,partial_correlation_p_value,300.0,0.5,,1.6558627351112573e-20,7.429512471368927e-21,-0.05,0.0,significant
0.05,clusteringcoef,0.0443606862238838,500,partial_correlation_p_value,500.0,0.05,,0.2634924310858535,0.0189638074472595,0.21349243108585353,9.165479423498135e-61,non-significant
0.05,clusteringcoef,0.0443606862238838,500,partial_correlation_p_value,500.0,0.1,,0.025054006060311104,0.0028849411045005,-0.0249459939396889,3.2537306182689463e-12,significant
0.05,clusteringcoef,0.0443606862238838,500,partial_correlation_p_value,500.0,0.2,,6.313699919191115e-06,1.336067939838809e-06,-0.04999368630008081,0.0,significant
0.05,clusteringcoef,0.0443606862238838,500,partial_correlation_p_value,500.0,0.3,,6.716109043816408e-12,2.1378797987859328e-12,-0.049999999993283896,0.0,significant
0.05,clusteringcoef,0.0443606862238838,500,partial_correlation_p_value,500.0,0.4,,1.0365018011564428e-20,4.537720811446111e-21,-0.05,0.0,significant
0.05,clusteringcoef,0.0443606862238838,500,partial_correlation_p_value,500.0,0.5,,4.1307211551450724e-33,2.3819964817521004e-33,-0.05,0.0,significant
0.05,clusteringcoef,0.0443606862238838,1000,partial_correlation_p_value,1000.0,0.05,,0.11371053994288459,0.0101401114112451,0.06371053994288459,1.7023813144090675e-15,non-significant
0.05,clusteringcoef,0.0443606862238838,1000,partial_correlation_p_value,1000.0,0.1,,0.0015273578790529936,0.0002337904145076,-0.04847264212094701,0.0,significant
0.05,clusteringcoef,0.0443606862238838,1000,partial_correlation_p_value,1000.0,0.2,,1.6849007397872172e-10,4.9377364142106694e-11,-0.04999999983150993,0.0,significant
0.05,clusteringcoef,0.0443606862238838,1000,partial_correlation_p_value,1000.0,0.3,,2.761398881915165e-22,1.2308991275665644e-22,-0.05,0.0,significant
0.05,clusteringcoef,0.0443606862238838,1000,partial_correlation_p_value,1000.0,0.4,,8.653026414338422e-40,5.327830348952691e-40,-0.05,0.0,significant
0.05,clusteringcoef,0.0443606862238838,1000,partial_correlation_p_value,1000.0,0.5,,1.706877942166305e-64,1.3872286949217395e-64,-0.05,0.0,significant
0.1,clusteringcoef,0.0413590397537194,30,partial_correlation_p_value,30.0,0.05,,0.7858069815820645,0.0320989479674943,0.7358069815820645,1.2759085768392139e-132,non-significant
0.1,clusteringcoef,0.0413590397537194,30,partial_correlation_p_value,30.0,0.1,,0.5860649647763356,0.0287715995622168,0.5360649647763356,9.504295250724967e-142,non-significant
0.1,clusteringcoef,0.0413590397537194,30,partial_correlation_p_value,30.0,0.2,,0.27242589732757794,0.0184156293198545,0.22242589732757795,4.6292285459324016e-70,non-significant
0.1,clusteringcoef,0.0413590397537194,30,partial_correlation_p_value,30.0,0.3,,0.09527344416868826,0.0084791803799968,0.045273444168688254,7.799901391786254e-11,non-significant
0.1,clusteringcoef,0.0413590397537194,30,partial_correlation_p_value,30.0,0.4,,0.023307657869861772,0.0026564603218963,-0.02669234213013823,3.9968028886505635e-15,significant
0.1,clusteringcoef,0.0413590397537194,30,partial_correlation_p_value,30.0,0.5,,0.0035685233088176825,0.0005136200925374,-0.04643147669118232,0.0,significant
0.1,clusteringcoef,0.0413590397537194,50,partial_correlation_p_value,50.0,0.05,,0.724830244916418,0.0311955250607301,0.674830244916418,6.243259435513555e-144,non-significant
0.1,clusteringcoef,0.0413590397537194,50,partial_correlation_p_value,50.0,0.1,,0.4805913120761051,0.0259291577909566,0.4305913120761051,8.239449745120506e-127,non-significant
0.1,clusteringcoef,0.0413590397537194,50,partial_correlation_p_value,50.0,0.2,,0.15515112469544967,0.0122003236684203,0.10515112469544967,2.5501549275707367e-31,non-significant
0.1,clusteringcoef,0.0413590397537194,50,partial_correlation_p_value,50.0,0.3,,0.030712033725595562,0.003290336042986,-0.01928796627440444,2.661098414957763e-07,significant
0.1,clusteringcoef,0.0413590397537194,50,partial_correlation_p_value,50.0,0.4,,0.003302727162238229,0.0004629868450515,-0.046697272837761775,0.0,significant
0.1,clusteringcoef,0.0413590397537194,50,partial_correlation_p_value,50.0,0.5,,0.0001605349566003264,2.8822197916432517e-05,-0.04983946504339968,0.0,significant
0.1,clusteringcoef,0.0413590397537194,75,partial_correlation_p_value,75.0,0.05,,0.6658561263349685,0.0301824949227592,0.6158561263349684,1.1636360449299582e-147,non-significant
0.1,clusteringcoef,0.0413590397537194,75,partial_correlation_p_value,75.0,0.1,,0.3868655898413166,0.0228286313586798,0.3368655898413166,1.8355354680010813e-105,non-significant
0.1,clusteringcoef,0.0413590397537194,75,partial_correlation_p_value,75.0,0.2,,0.08116706380718447,0.0073116147019387,0.031167063807184467,5.076838276091281e-07,non-significant
0.1,clusteringcoef,0.0413590397537194,75,partial_correlation_p_value,75.0,0.3,,0.008030434893107933,0.0010104368838971,-0.04196956510689207,0.0,significant
0.1,clusteringcoef,0.0413590397537194,75,partial_correlation_p_value,75.0,0.4,,0.00031301084080057913,5.227707250370901e-05,-0.049686989159199425,0.0,significant
0.1,clusteringcoef,0.0413590397537194,75,partial_correlation_p_value,75.0,0.5,,3.657912410473166e-06,7.893042121981184e-07,-0.04999634208758953,0.0,significant
0.1,clusteringcoef,0.0413590397537194,100,partial_correlation_p_value,100.0,0.05,,0.6177343076882446,0.029227788692912,0.5677343076882445,1.4971184357894266e-146,non-significant
0.1,clusteringcoef,0.0413590397537194,100,partial_correlation_p_value,100.0,0.1,,0.3173043978741975,0.0201163566000974,0.2673043978741975,5.815679653440797e-86,non-significant
0.1,clusteringcoef,0.0413590397537194,100,partial_correlation_p_value,100.0,0.2,,0.043860884260170395,0.0043856425175854,-0.006139115739829608,0.08483962283149915,significant
0.1,clusteringcoef,0.0413590397537194,100,partial_correlation_p_value,100.0,0.3,,0.0021883947254214523,0.0003105675764592,-0.04781160527457855,0.0,significant
0.1,clusteringcoef,0.0413590397537194,100,partial_correlation_p_value,100.0,0.4,,3.109559952288662e-05,5.907882554467432e-06,-0.04996890440047712,0.0,significant
0.1,clusteringcoef,0.0413590397537194,100,partial_correlation_p_value,100.0,0.5,,8.769694091866885e-08,2.163414474235266e-08,-0.049999912303059085,0.0,significant
0.1,clusteringcoef,0.0413590397537194,300,partial_correlation_p_value,300.0,0.05,,0.3865747744849377,0.0227170969757254,0.3365747744849377,2.612446735396667e-106,non-significant
0.1,clusteringcoef,0.0413590397537194,300,partial_correlation_p_value,300.0,0.1,,0.0827480032540806,0.0073508104264154,0.0327480032540806,1.3875201113433454e-07,non-significant
0.1,clusteringcoef,0.0413590397537194,300,partial_correlation_p_value,300.0,0.2,,0.00047121211121644706,7.386232427203982e-05,-0.04952878788878356,0.0,significant
0.1,clusteringcoef,0.0413590397537194,300,partial_correlation_p_value,300.0,0.3,,1.0680987893806553e-07,2.4863472445486603e-08,-0.04999989319012106,0.0,significant
0.1,clusteringcoef,0.0413590397537194,300,partial_correlation_p_value,300.0,0.4,,4.961369134212258e-13,1.5798901686946766e-13,-0.049999999999503865,0.0,significant
0.1,clusteringcoef,0.0413590397537194,300,partial_correlation_p_value,300.0,0.5,,1.6558627351112573e-20,6.92679775293159e-21,-0.05,0.0,significant
0.1,clusteringcoef,0.0413590397537194,500,partial_correlation_p_value,500.0,0.05,,0.2634924310858535,0.0176806296939295,0.21349243108585353,1.2676159416687652e-69,non-significant
0.1,clusteringcoef,0.0413590397537194,500,partial_correlation_p_value,500.0,0.1,,0.025054006060311104,0.0026897328239241,-0.0249459939396889,9.070522111187529e-14,significant
0.1,clusteringcoef,0.0413590397537194,500,partial_correlation_p_value,500.0,0.2,,6.313699919191115e-06,1.245663485875295e-06,-0.04999368630008081,0.0,significant
0.1,clusteringcoef,0.0413590397537194,500,partial_correlation_p_value,500.0,0.3,,6.716109043816408e-12,1.9932210953728523e-12,-0.049999999993283896,0.0,significant
0.1,clusteringcoef,0.0413590397537194,500,partial_correlation_p_value,500.0,0.4,,1.0365018011564428e-20,4.230677913427654e-21,-0.05,0.0,significant
0.1,clusteringcoef,0.0413590397537194,500,partial_correlation_p_value,500.0,0.5,,4.1307211551450724e-33,2.2208197295415878e-33,-0.05,0.0,significant
0.1,clusteringcoef,0.0413590397537194,1000,partial_correlation_p_value,1000.0,0.05,,0.11371053994288459,0.0094539851987013,0.06371053994288459,1.4405508870082395e-17,non-significant
0.1,clusteringcoef,0.0413590397537194,1000,partial_correlation_p_value,1000.0,0.1,,0.0015273578790529936,0.0002179710881581,-0.04847264212094701,0.0,significant
0.1,clusteringcoef,0.0413590397537194,1000,partial_correlation_p_value,1000.0,0.2,,1.6849007397872172e-10,4.603626635035572e-11,-0.04999999983150993,0.0,significant
0.1,clusteringcoef,0.0413590397537194,1000,partial_correlation_p_value,1000.0,0.3,,2.761398881915165e-22,1.1476108753798935e-22,-0.05,0.0,significant
0.1,clusteringcoef,0.0413590397537194,1000,partial_correlation_p_value,1000.0,0.4,,8.653026414338422e-40,4.967325033956947e-40,-0.05,0.0,significant
0.1,clusteringcoef,0.0413590397537194,1000,partial_correlation_p_value,1000.0,0.5,,1.706877942166305e-64,1.2933624707969036e-64,-0.05,0.0,significant
0.2,clusteringcoef,0.0453369211976855,30,partial_correlation_p_value,30.0,0.05,,0.7858069815820645,0.035186200724112,0.7358069815820645,1.3017509201872236e-110,non-significant
0.2,clusteringcoef,0.0453369211976855,30,partial_correlation_p_value,30.0,0.1,,0.5860649647763356,0.0315388304431386,0.5360649647763356,3.01196170913784e-118,non-significant
0.2,clusteringcoef,0.0453369211976855,30,partial_correlation_p_value,30.0,0.2,,0.27242589732757794,0.0201868307449025,0.22242589732757795,1.286177035018276e-58,non-significant
0.2,clusteringcoef,0.0453369211976855,30,partial_correlation_p_value,30.0,0.3,,0.09527344416868826,0.0092947015936051,0.045273444168688254,2.7369523973808514e-09,non-significant
0.2,clusteringcoef,0.0453369211976855,30,partial_correlation_p_value,30.0,0.4,,0.023307657869861772,0.0029119566845784,-0.02669234213013823,6.584732759051803e-13,significant
0.2,clusteringcoef,0.0453369211976855,30,partial_correlation_p_value,30.0,0.5,,0.0035685233088176825,0.0005630196880676,-0.04643147669118232,0.0,significant
0.2,clusteringcoef,0.0453369211976855,50,partial_correlation_p_value,50.0,0.05,,0.724830244916418,0.0341958872793114,0.674830244916418,4.875045025626795e-120,non-significant
0.2,clusteringcoef,0.0453369211976855,50,partial_correlation_p_value,50.0,0.1,,0.4805913120761051,0.0284230047527938,0.4305913120761051,7.85558765621648e-106,non-significant
0.2,clusteringcoef,0.0453369211976855,50,partial_correlation_p_value,50.0,0.2,,0.15515112469544967,0.0133737416544272,0.10515112469544967,2.2929439183588134e-26,non-significant
0.2,clusteringcoef,0.0453369211976855,50,partial_correlation_p_value,50.0,0.3,,0.030712033725595562,0.0036067980974182,-0.01928796627440444,2.3226576129076193e-06,significant
0.2,clusteringcoef,0.0453369211976855,50,partial_correlation_p_value,50.0,0.4,,0.003302727162238229,0.0005075165727894,-0.046697272837761775,0.0,significant
0.2,clusteringcoef,0.0453369211976855,50,partial_correlation_p_value,50.0,0.5,,0.0001605349566003264,3.1594295309138176e-05,-0.04983946504339968,0.0,significant
0.2,clusteringcoef,0.0453369211976855,75,partial_correlation_p_value,75.0,0.05,,0.6658561263349685,0.0330854246619596,0.6158561263349684,3.7342701007594386e-123,non-significant
0.2,clusteringcoef,0.0453369211976855,75,partial_correlation_p_value,75.0,0.1,,0.3868655898413166,0.0250242720121761,0.3368655898413166,4.4823706164048266e-88,non-significant
0.2,clusteringcoef,0.0453369211976855,75,partial_correlation_p_value,75.0,0.2,,0.08116706380718447,0.0080148403237486,0.031167063807184467,4.213933085175912e-06,non-significant
0.2,clusteringcoef,0.0453369211976855,75,partial_correlation_p_value,75.0,0.3,,0.008030434893107933,0.0011076199460448,-0.04196956510689207,0.0,significant
0.2,clusteringcoef,0.0453369211976855,75,partial_correlation_p_value,75.0,0.4,,0.00031301084080057913,5.730504215425375e-05,-0.049686989159199425,0.0,significant
0.2,clusteringcoef,0.0453369211976855,75,partial_correlation_p_value,75.0,0.5,,3.657912410473166e-06,8.652188997257665e-07,-0.04999634208758953,0.0,significant
0.2,clusteringcoef,0.0453369211976855,100,partial_correlation_p_value,100.0,0.05,,0.6177343076882446,0.0320388955024999,0.5677343076882445,3.0669647357893806e-122,non-significant
0.2,clusteringcoef,0.0453369211976855,100,partial_correlation_p_value,100.0,0.1,,0.3173043978741975,0.0220511327002252,0.2673043978741975,7.519403208923978e-72,non-significant
0.2,clusteringcoef,0.0453369211976855,100,partial_correlation_p_value,100.0,0.2,,0.043860884260170395,0.0048074503277873,-0.006139115739829608,0.10411365787225513,significant
0.2,clusteringcoef,0.0453369211976855,100,partial_correlation_p_value,100.0,0.3,,0.0021883947254214523,0.0003404377331855,-0.04781160527457855,0.0,significant
0.2,clusteringcoef,0.0453369211976855,100,partial_correlation_p_value,100.0,0.4,,3.109559952288662e-05,6.4760982704629564e-06,-0.04996890440047712,0.0,significant
0.2,clusteringcoef,0.0453369211976855,100,partial_correlation_p_value,100.0,0.5,,8.769694091866885e-08,2.3714900568385652e-08,-0.049999912303059085,0.0,significant
0.2,clusteringcoef,0.0453369211976855,300,partial_correlation_p_value,300.0,0.05,,0.3865747744849377,0.0249020103358667,0.3365747744849377,8.841178971085877e-89,non-significant
0.2,clusteringcoef,0.0453369211976855,300,partial_correlation_p_value,300.0,0.1,,0.0827480032540806,0.0080578058636275,0.0327480032540806,1.4227732337190295e-06,non-significant
0.2,clusteringcoef,0.0453369211976855,300,partial_correlation_p_value,300.0,0.2,,0.00047121211121644706,8.096634725902253e-05,-0.04952878788878356,0.0,significant
0.2,clusteringcoef,0.0453369211976855,300,partial_correlation_p_value,300.0,0.3,,1.0680987893806553e-07,2.7254822589552005e-08,-0.04999989319012106,0.0,significant
0.2,clusteringcoef,0.0453369211976855,300,partial_correlation_p_value,300.0,0.4,,4.961369134212258e-13,1.7318428209558997e-13,-0.049999999999503865,0.0,significant
0.2,clusteringcoef,0.0453369211976855,300,partial_correlation_p_value,300.0,0.5,,1.6558627351112573e-20,7.593011969015143e-21,-0.05,0.0,significant
0.2,clusteringcoef,0.0453369211976855,500,partial_correlation_p_value,500.0,0.05,,0.2634924310858535,0.0193811394058551,0.21349243108585353,2.9656818925800234e-58,non-significant
0.2,clusteringcoef,0.0453369211976855,500,partial_correlation_p_value,500.0,0.1,,0.025054006060311104,0.0029484293109128,-0.0249459939396889,8.984812893686467e-12,significant
0.2,clusteringcoef,0.0453369211976855,500,partial_correlation_p_value,500.0,0.2,,6.313699919191115e-06,1.3654704662934964e-06,-0.04999368630008081,0.0,significant
0.2,clusteringcoef,0.0453369211976855,500,partial_correlation_p_value,500.0,0.3,,6.716109043816408e-12,2.184927606360995e-12,-0.049999999993283896,0.0,significant
0.2,clusteringcoef,0.0453369211976855,500,partial_correlation_p_value,500.0,0.4,,1.0365018011564428e-20,4.637581344151228e-21,-0.05,0.0,significant
0.2,clusteringcoef,0.0453369211976855,500,partial_correlation_p_value,500.0,0.5,,4.1307211551450724e-33,2.4344165065736967e-33,-0.05,0.0,significant
0.2,clusteringcoef,0.0453369211976855,1000,partial_correlation_p_value,1000.0,0.05,,0.11371053994288459,0.0103632624091342,0.06371053994288459,6.589454317509254e-15,non-significant
0.2,clusteringcoef,0.0453369211976855,1000,partial_correlation_p_value,1000.0,0.1,,0.0015273578790529936,0.0002389353840428,-0.04847264212094701,0.0,significant
0.2,clusteringcoef,0.0453369211976855,1000,partial_correlation_p_value,1000.0,0.2,,1.6849007397872172e-10,5.046399994269794e-11,-0.04999999983150993,0.0,significant
0.2,clusteringcoef,0.0453369211976855,1000,partial_correlation_p_value,1000.0,0.3,,2.761398881915165e-22,1.2579872292133221e-22,-0.05,0.0,significant
0.2,clusteringcoef,0.0453369211976855,1000,partial_correlation_p_value,1000.0,0.4,,8.653026414338422e-40,5.445078632599156e-40,-0.05,0.0,significant
0.2,clusteringcoef,0.0453369211976855,1000,partial_correlation_p_value,1000.0,0.5,,1.706877942166305e-64,1.4177571038333845e-64,-0.05,0.0,significant
0.3,clusteringcoef,0.0519469416879584,30,partial_correlation_p_value,30.0,0.05,,0.7858069815820645,0.0403162691455448,0.7358069815820645,1.3821994031386746e-84,non-significant
0.3,clusteringcoef,0.0519469416879584,30,partial_correlation_p_value,30.0,0.1,,0.5860649647763356,0.0361371205334466,0.5360649647763356,1.8565191145546113e-90,non-significant
0.3,clusteringcoef,0.0519469416879584,30,partial_correlation_p_value,30.0,0.2,,0.27242589732757794,0.0231300249745162,0.22242589732757795,4.44262658227051e-45,non-significant
0.3,clusteringcoef,0.0519469416879584,30,partial_correlation_p_value,30.0,0.3,,0.09527344416868826,0.0106498480473489,0.045273444168688254,1.882189660134894e-07,non-significant
0.3,clusteringcoef,0.0519469416879584,30,partial_correlation_p_value,30.0,0.4,,0.023307657869861772,0.0033365133779614,-0.02669234213013823,2.82672663054484e-10,significant
0.3,clusteringcoef,0.0519469416879584,30,partial_correlation_p_value,30.0,0.5,,0.0035685233088176825,0.00064510668419,-0.04643147669118232,0.0,significant
0.3,clusteringcoef,0.0519469416879584,50,partial_correlation_p_value,50.0,0.05,,0.724830244916418,0.0391815702420717,0.674830244916418,8.724541325262184e-92,non-significant
0.3,clusteringcoef,0.0519469416879584,50,partial_correlation_p_value,50.0,0.1,,0.4805913120761051,0.0325670145101366,0.4305913120761051,5.063472245967859e-81,non-significant
0.3,clusteringcoef,0.0519469416879584,50,partial_correlation_p_value,50.0,0.2,,0.15515112469544967,0.015323602916111,0.10515112469544967,1.6883474867424218e-20,non-significant
0.3,clusteringcoef,0.0519469416879584,50,partial_correlation_p_value,50.0,0.3,,0.030712033725595562,0.0041326610960162,-0.01928796627440444,3.076074629215775e-05,significant
0.3,clusteringcoef,0.0519469416879584,50,partial_correlation_p_value,50.0,0.4,,0.003302727162238229,0.0005815113403357,-0.046697272837761775,0.0,significant
0.3,clusteringcoef,0.0519469416879584,50,partial_correlation_p_value,50.0,0.5,,0.0001605349566003264,3.620067205136384e-05,-0.04983946504339968,0.0,significant
0.3,clusteringcoef,0.0519469416879584,75,partial_correlation_p_value,75.0,0.05,,0.6658561263349685,0.0379092046886478,0.6158561263349684,3.552248510169967e-94,non-significant
0.3,clusteringcoef,0.0519469416879584,75,partial_correlation_p_value,75.0,0.1,,0.3868655898413166,0.0286727542289856,0.3368655898413166,1.642839698236046e-67,non-significant
0.3,clusteringcoef,0.0519469416879584,75,partial_correlation_p_value,75.0,0.2,,0.08116706380718447,0.0091833859013197,0.031167063807184467,5.2659057293446434e-05,non-significant
0.3,clusteringcoef,0.0519469416879584,75,partial_correlation_p_value,75.0,0.3,,0.008030434893107933,0.0012691084270748,-0.04196956510689207,0.0,significant
0.3,clusteringcoef,0.0519469416879584,75,partial_correlation_p_value,75.0,0.4,,0.00031301084080057913,6.56599875900922e-05,-0.049686989159199425,0.0,significant
0.3,clusteringcoef,0.0519469416879584,75,partial_correlation_p_value,75.0,0.5,,3.657912410473166e-06,9.913658568784426e-07,-0.04999634208758953,0.0,significant
0.3,clusteringcoef,0.0519469416879584,100,partial_correlation_p_value,100.0,0.05,,0.6177343076882446,0.0367100939465629,0.5677343076882445,1.7162940922612359e-93,non-significant
0.3,clusteringcoef,0.0519469416879584,100,partial_correlation_p_value,100.0,0.1,,0.3173043978741975,0.025266137935068,0.2673043978741975,3.6970295582870545e-55,non-significant
0.3,clusteringcoef,0.0519469416879584,100,partial_correlation_p_value,100.0,0.2,,0.043860884260170395,0.0055083657038907,-0.006139115739829608,0.13401434669988255,significant
0.3,clusteringcoef,0.0519469416879584,100,partial_correlation_p_value,100.0,0.3,,0.0021883947254214523,0.0003900727841015,-0.04781160527457855,0.0,significant
0.3,clusteringcoef,0.0519469416879584,100,partial_correlation_p_value,100.0,0.4,,3.109559952288662e-05,7.420298739615378e-06,-0.04996890440047712,0.0,significant
0.3,clusteringcoef,0.0519469416879584,100,partial_correlation_p_value,100.0,0.5,,8.769694091866885e-08,2.7172479392459313e-08,-0.049999912303059085,0.0,significant
0.3,clusteringcoef,0.0519469416879584,300,partial_correlation_p_value,300.0,0.05,,0.3865747744849377,0.0285326670770101,0.3365747744849377,4.765480527290823e-68,non-significant
0.3,clusteringcoef,0.0519469416879584,300,partial_correlation_p_value,300.0,0.1,,0.0827480032540806,0.0092326157196602,0.0327480032540806,2.283233971281204e-05,non-significant
0.3,clusteringcoef,0.0519469416879584,300,partial_correlation_p_value,300.0,0.2,,0.00047121211121644706,9.277105742165288e-05,-0.04952878788878356,0.0,significant
0.3,clusteringcoef,0.0519469416879584,300,partial_correlation_p_value,300.0,0.3,,1.0680987893806553e-07,3.122851403168038e-08,-0.04999989319012106,0.0,significant
0.3,clusteringcoef,0.0519469416879584,300,partial_correlation_p_value,300.0,0.4,,4.961369134212258e-13,1.9843415842163158e-13,-0.049999999999503865,0.0,significant
0.3,clusteringcoef,0.0519469416879584,300,partial_correlation_p_value,300.0,0.5,,1.6558627351112573e-20,8.700055927276687e-21,-0.05,0.0,significant
0.3,clusteringcoef,0.0519469416879584,500,partial_correlation_p_value,500.0,0.05,,0.2634924310858535,0.022206865661922,0.21349243108585353,8.360224829911646e-45,non-significant
0.3,clusteringcoef,0.0519469416879584,500,partial_correlation_p_value,500.0,0.1,,0.025054006060311104,0.0033783036306593,-0.0249459939396889,2.106207319663156e-09,significant
0.3,clusteringcoef,0.0519469416879584,500,partial_correlation_p_value,500.0,0.2,,6.313699919191115e-06,1.5645529695298051e-06,-0.04999368630008081,0.0,significant
0.3,clusteringcoef,0.0519469416879584,500,partial_correlation_p_value,500.0,0.3,,6.716109043816408e-12,2.5034851057737787e-12,-0.049999999993283896,0.0,significant
0.3,clusteringcoef,0.0519469416879584,500,partial_correlation_p_value,500.0,0.4,,1.0365018011564428e-20,5.313730206939729e-21,-0.05,0.0,significant
0.3,clusteringcoef,0.0519469416879584,500,partial_correlation_p_value,500.0,0.5,,4.1307211551450724e-33,2.7893489229181078e-33,-0.05,0.0,significant
0.3,clusteringcoef,0.0519469416879584,1000,partial_correlation_p_value,1000.0,0.05,,0.11371053994288459,0.0118742026110893,0.06371053994288459,9.434801726500584e-12,non-significant
0.3,clusteringcoef,0.0519469416879584,1000,partial_correlation_p_value,1000.0,0.1,,0.0015273578790529936,0.0002737716222048,-0.04847264212094701,0.0,significant
0.3,clusteringcoef,0.0519469416879584,1000,partial_correlation_p_value,1000.0,0.2,,1.6849007397872172e-10,5.7821536908825066e-11,-0.04999999983150993,0.0,significant
0.3,clusteringcoef,0.0519469416879584,1000,partial_correlation_p_value,1000.0,0.3,,2.761398881915165e-22,1.4413989197721905e-22,-0.05,0.0,significant
0.3,clusteringcoef,0.0519469416879584,1000,partial_correlation_p_value,1000.0,0.4,,8.653026414338422e-40,6.238958772269182e-40,-0.05,0.0,significant
0.3,clusteringcoef,0.0519469416879584,1000,partial_correlation_p_value,1000.0,0.5,,1.706877942166305e-64,1.6244628804719415e-64,-0.05,0.0,significant
0.4,clusteringcoef,0.0707951287754349,30,partial_correlation_p_value,30.0,0.05,,0.7858069815820645,0.0549444370190047,0.7358069815820645,3.8657461600173876e-46,non-significant
0.4,clusteringcoef,0.0707951287754349,30,partial_correlation_p_value,30.0,0.1,,0.5860649647763356,0.0492489455318945,0.5360649647763356,2.0788572383557187e-49,non-significant
0.4,clusteringcoef,0.0707951287754349,30,partial_correlation_p_value,30.0,0.2,,0.27242589732757794,0.0315224158235571,0.22242589732757795,4.668890754393822e-25,non-significant
0.4,clusteringcoef,0.0707951287754349,30,partial_correlation_p_value,30.0,0.3,,0.09527344416868826,0.0145139894563928,0.045273444168688254,0.00010659362546707653,non-significant
0.4,clusteringcoef,0.0707951287754349,30,partial_correlation_p_value,30.0,0.4,,0.023307657869861772,0.0045471183977033,-0.02669234213013823,2.380688425285271e-06,significant
0.4,clusteringcoef,0.0707951287754349,30,partial_correlation_p_value,30.0,0.5,,0.0035685233088176825,0.0008791741976932,-0.04643147669118232,0.0,significant
0.4,clusteringcoef,0.0707951287754349,50,partial_correlation_p_value,50.0,0.05,,0.724830244916418,0.0533980292347839,0.674830244916418,4.708390470895642e-50,non-significant
0.4,clusteringcoef,0.0707951287754349,50,partial_correlation_p_value,50.0,0.1,,0.4805913120761051,0.0443834788181771,0.4305913120761051,2.2691510379469166e-44,non-significant
0.4,clusteringcoef,0.0707951287754349,50,partial_correlation_p_value,50.0,0.2,,0.15515112469544967,0.0208835478374501,0.10515112469544967,8.50298106172802e-12,non-significant
0.4,clusteringcoef,0.0707951287754349,50,partial_correlation_p_value,50.0,0.3,,0.030712033725595562,0.0056321366565746,-0.01928796627440444,0.001512218414562616,significant
0.4,clusteringcoef,0.0707951287754349,50,partial_correlation_p_value,50.0,0.4,,0.003302727162238229,0.000792504214603,-0.046697272837761775,0.0,significant
0.4,clusteringcoef,0.0707951287754349,50,partial_correlation_p_value,50.0,0.5,,0.0001605349566003264,4.93355557874482e-05,-0.04983946504339968,0.0,significant
0.4,clusteringcoef,0.0707951287754349,75,partial_correlation_p_value,75.0,0.05,,0.6658561263349685,0.0516640044726495,0.6158561263349684,2.2548651504255924e-51,non-significant
0.4,clusteringcoef,0.0707951287754349,75,partial_correlation_p_value,75.0,0.1,,0.3868655898413166,0.0390762432210321,0.3368655898413166,4.012698356980269e-37,non-significant
0.4,clusteringcoef,0.0707951287754349,75,partial_correlation_p_value,75.0,0.2,,0.08116706380718447,0.0125154429953506,0.031167063807184467,0.0023931919641688405,non-significant
0.4,clusteringcoef,0.0707951287754349,75,partial_correlation_p_value,75.0,0.3,,0.008030434893107933,0.0017295858351865,-0.04196956510689207,0.0,significant
0.4,clusteringcoef,0.0707951287754349,75,partial_correlation_p_value,75.0,0.4,,0.00031301084080057913,8.948375257116554e-05,-0.049686989159199425,0.0,significant
0.4,clusteringcoef,0.0707951287754349,75,partial_correlation_p_value,75.0,0.5,,3.657912410473166e-06,1.3510684406190506e-06,-0.04999634208758953,0.0,significant
0.4,clusteringcoef,0.0707951287754349,100,partial_correlation_p_value,100.0,0.05,,0.6177343076882446,0.0500298139574148,0.5677343076882445,4.980082630553824e-51,non-significant
0.4,clusteringcoef,0.0707951287754349,100,partial_correlation_p_value,100.0,0.1,,0.3173043978741975,0.0344335860908955,0.2673043978741975,1.746163912792097e-30,non-significant
0.4,clusteringcoef,0.0707951287754349,100,partial_correlation_p_value,100.0,0.2,,0.043860884260170395,0.0075069955357839,-0.006139115739829608,0.20121799274740138,significant
0.4,clusteringcoef,0.0707951287754349,100,partial_correlation_p_value,100.0,0.3,,0.0021883947254214523,0.0005316049816395,-0.04781160527457855,0.0,significant
0.4,clusteringcoef,0.0707951287754349,100,partial_correlation_p_value,100.0,0.4,,3.109559952288662e-05,1.0112645475432106e-05,-0.04996890440047712,0.0,significant
0.4,clusteringcoef,0.0707951287754349,100,partial_correlation_p_value,100.0,0.5,,8.769694091866885e-08,3.703161562989429e-08,-0.049999912303059085,0.0,significant
0.4,clusteringcoef,0.0707951287754349,300,partial_correlation_p_value,300.0,0.05,,0.3865747744849377,0.0388853274973796,0.3365747744849377,2.0563424946182774e-37,non-significant
0.4,clusteringcoef,0.0707951287754349,300,partial_correlation_p_value,300.0,0.1,,0.0827480032540806,0.012582535132361,0.0327480032540806,0.001502789536556647,non-significant
0.4,clusteringcoef,0.0707951287754349,300,partial_correlation_p_value,300.0,0.2,,0.00047121211121644706,0.0001264316770802,-0.04952878788878356,0.0,significant
0.4,clusteringcoef,0.0707951287754349,300,partial_correlation_p_value,300.0,0.3,,1.0680987893806553e-07,4.25593230419332e-08,-0.04999989319012106,0.0,significant
0.4,clusteringcoef,0.0707951287754349,300,partial_correlation_p_value,300.0,0.4,,4.961369134212258e-13,2.7043308696190094e-13,-0.049999999999503865,0.0,significant
0.4,clusteringcoef,0.0707951287754349,300,partial_correlation_p_value,300.0,0.5,,1.6558627351112573e-20,1.1856743818044879e-20,-0.05,0.0,significant
0.4,clusteringcoef,0.0707951287754349,500,partial_correlation_p_value,500.0,0.05,,0.2634924310858535,0.0302643016730085,0.21349243108585353,6.509832179834985e-25,non-significant
0.4,clusteringcoef,0.0707951287754349,500,partial_correlation_p_value,500.0,0.1,,0.025054006060311104,0.0046040716316219,-0.0249459939396889,7.25894144548711e-06,significant
0.4,clusteringcoef,0.0707951287754349,500,partial_correlation_p_value,500.0,0.2,,6.313699919191115e-06,2.132228103421285e-06,-0.04999368630008081,0.0,significant
0.4,clusteringcoef,0.0707951287754349,500,partial_correlation_p_value,500.0,0.3,,6.716109043816408e-12,3.4118380157059733e-12,-0.049999999993283896,0.0,significant
0.4,clusteringcoef,0.0707951287754349,500,partial_correlation_p_value,500.0,0.4,,1.0365018011564428e-20,7.24173939898022e-21,-0.05,0.0,significant
0.4,clusteringcoef,0.0707951287754349,500,partial_correlation_p_value,500.0,0.5,,4.1307211551450724e-33,3.801423332749987e-33,-0.05,0.0,significant
0.4,clusteringcoef,0.0707951287754349,1000,partial_correlation_p_value,1000.0,0.05,,0.11371053994288459,0.0161825831443035,0.06371053994288459,4.733407654820443e-07,non-significant
0.4,clusteringcoef,0.0707951287754349,1000,partial_correlation_p_value,1000.0,0.1,,0.0015273578790529936,0.0003731056462471,-0.04847264212094701,0.0,significant
0.4,clusteringcoef,0.0707951287754349,1000,partial_correlation_p_value,1000.0,0.2,,1.6849007397872172e-10,7.880123484541393e-11,-0.04999999983150993,0.0,significant
0.4,clusteringcoef,0.0707951287754349,1000,partial_correlation_p_value,1000.0,0.3,,2.761398881915165e-22,1.9643894101603937e-22,-0.05,0.0,significant
0.4,clusteringcoef,0.0707951287754349,1000,partial_correlation_p_value,1000.0,0.4,,8.653026414338422e-40,8.502673600317297e-40,-0.05,0.0,significant
0.4,clusteringcoef,0.0707951287754349,1000,partial_correlation_p_value,1000.0,0.5,,1.706877942166305e-64,2.2138754482361298e-64,-0.05,0.0,significant
0.5,clusteringcoef,0.0773808621205257,30,partial_correlation_p_value,30.0,0.05,,0.7858069815820645,0.0600556560712519,0.7358069815820645,8.106599038515404e-39,non-significant
0.5,clusteringcoef,0.0773808621205257,30,partial_correlation_p_value,30.0,0.1,,0.5860649647763356,0.0538303401618666,0.5360649647763356,1.3620331617365798e-41,non-significant
0.5,clusteringcoef,0.0773808621205257,30,partial_correlation_p_value,30.0,0.2,,0.27242589732757794,0.0344547958982587,0.22242589732757795,3.07699676627875e-21,non-significant
0.5,clusteringcoef,0.0773808621205257,30,partial_correlation_p_value,30.0,0.3,,0.09527344416868826,0.0158641567064088,0.045273444168688254,0.0003650232866013274,non-significant
0.5,clusteringcoef,0.0773808621205257,30,partial_correlation_p_value,30.0,0.4,,0.023307657869861772,0.0049701151458386,-0.02669234213013823,1.3604570595848742e-05,significant
0.5,clusteringcoef,0.0773808621205257,30,partial_correlation_p_value,30.0,0.5,,0.0035685233088176825,0.0009609595822252,-0.04643147669118232,0.0,significant
0.5,clusteringcoef,0.0773808621205257,50,partial_correlation_p_value,50.0,0.05,,0.724830244916418,0.0583653933426895,0.674830244916418,4.159823409159474e-42,non-significant
0.5,clusteringcoef,0.0773808621205257,50,partial_correlation_p_value,50.0,0.1,,0.4805913120761051,0.0485122622737617,0.4305913120761051,2.1687314896542692e-37,non-significant
0.5,clusteringcoef,0.0773808621205257,50,partial_correlation_p_value,50.0,0.2,,0.15515112469544967,0.0228262447395655,0.10515112469544967,3.947264709446642e-10,non-significant
0.5,clusteringcoef,0.0773808621205257,50,partial_correlation_p_value,50.0,0.3,,0.030712033725595562,0.0061560674809816,-0.01928796627440444,0.0032386810298403734,significant
0.5,clusteringcoef,0.0773808621205257,50,partial_correlation_p_value,50.0,0.4,,0.003302727162238229,0.0008662271037695,-0.046697272837761775,0.0,significant
0.5,clusteringcoef,0.0773808621205257,50,partial_correlation_p_value,50.0,0.5,,0.0001605349566003264,5.392500735661781e-05,-0.04983946504339968,0.0,significant
0.5,clusteringcoef,0.0773808621205257,75,partial_correlation_p_value,75.0,0.05,,0.6658561263349685,0.0564700605231402,0.6158561263349684,3.1829170028903613e-43,non-significant
0.5,clusteringcoef,0.0773808621205257,75,partial_correlation_p_value,75.0,0.1,,0.3868655898413166,0.0427113198489444,0.3368655898413166,2.472012982781834e-31,non-significant
0.5,clusteringcoef,0.0773808621205257,75,partial_correlation_p_value,75.0,0.2,,0.08116706380718447,0.0136796949952941,0.031167063807184467,0.005062643516199214,non-significant
0.5,clusteringcoef,0.0773808621205257,75,partial_correlation_p_value,75.0,0.3,,0.008030434893107933,0.001890480960388,-0.04196956510689207,0.0,significant
0.5,clusteringcoef,0.0773808621205257,75,partial_correlation_p_value,75.0,0.4,,0.00031301084080057913,9.780799949811322e-05,-0.049686989159199425,0.0,significant
0.5,clusteringcoef,0.0773808621205257,75,partial_correlation_p_value,75.0,0.5,,3.657912410473166e-06,1.476751897020533e-06,-0.04999634208758953,0.0,significant
0.5,clusteringcoef,0.0773808621205257,100,partial_correlation_p_value,100.0,0.05,,0.6177343076882446,0.0546838490545635,0.5677343076882445,6.057718864320115e-43,non-significant
0.5,clusteringcoef,0.0773808621205257,100,partial_correlation_p_value,100.0,0.1,,0.3173043978741975,0.0376367784578335,0.2673043978741975,8.820820468850474e-26,non-significant
0.5,clusteringcoef,0.0773808621205257,100,partial_correlation_p_value,100.0,0.2,,0.043860884260170395,0.008205335544152,-0.006139115739829608,0.21902103098125025,significant
0.5,clusteringcoef,0.0773808621205257,100,partial_correlation_p_value,100.0,0.3,,0.0021883947254214523,0.0005810576588866,-0.04781160527457855,0.0,significant
0.5,clusteringcoef,0.0773808621205257,100,partial_correlation_p_value,100.0,0.4,,3.109559952288662e-05,1.1053376676386484e-05,-0.04996890440047712,0.0,significant
0.5,clusteringcoef,0.0773808621205257,100,partial_correlation_p_value,100.0,0.5,,8.769694091866885e-08,4.0476490299873065e-08,-0.049999912303059085,0.0,significant
0.5,clusteringcoef,0.0773808621205257,300,partial_correlation_p_value,300.0,0.05,,0.3865747744849377,0.042502644145628,0.3365747744849377,1.4115344826767065e-31,non-significant
0.5,clusteringcoef,0.0773808621205257,300,partial_correlation_p_value,300.0,0.1,,0.0827480032540806,0.0137530283939782,0.0327480032540806,0.0034123534881227396,non-significant
0.5,clusteringcoef,0.0773808621205257,300,partial_correlation_p_value,300.0,0.2,,0.00047121211121644706,0.0001381930132911,-0.04952878788878356,0.0,significant
0.5,clusteringcoef,0.0773808621205257,300,partial_correlation_p_value,300.0,0.3,,1.0680987893806553e-07,4.6518413981520646e-08,-0.04999989319012106,0.0,significant
0.5,clusteringcoef,0.0773808621205257,300,partial_correlation_p_value,300.0,0.4,,4.961369134212258e-13,2.955901878702168e-13,-0.049999999999503865,0.0,significant
0.5,clusteringcoef,0.0773808621205257,300,partial_correlation_p_value,300.0,0.5,,1.6558627351112573e-20,1.295972017358464e-20,-0.05,0.0,significant
0.5,clusteringcoef,0.0773808621205257,500,partial_correlation_p_value,500.0,0.05,,0.2634924310858535,0.0330796453857949,0.21349243108585353,4.0524702857759204e-21,non-significant
0.5,clusteringcoef,0.0773808621205257,500,partial_correlation_p_value,500.0,0.1,,0.025054006060311104,0.0050323664676089,-0.0249459939396889,3.4991156530050915e-05,significant
0.5,clusteringcoef,0.0773808621205257,500,partial_correlation_p_value,500.0,0.2,,6.313699919191115e-06,2.3305791194153938e-06,-0.04999368630008081,0.0,significant
0.5,clusteringcoef,0.0773808621205257,500,partial_correlation_p_value,500.0,0.3,,6.716109043816408e-12,3.729225041857975e-12,-0.049999999993283896,0.0,significant
0.5,clusteringcoef,0.0773808621205257,500,partial_correlation_p_value,500.0,0.4,,1.0365018011564428e-20,7.9154038934344e-21,-0.05,0.0,significant
0.5,clusteringcoef,0.0773808621205257,500,partial_correlation_p_value,500.0,0.5,,4.1307211551450724e-33,4.1550516237685735e-33,-0.05,0.0,significant
0.5,clusteringcoef,0.0773808621205257,1000,partial_correlation_p_value,1000.0,0.05,,0.11371053994288459,0.0176879717108135,0.06371053994288459,3.807604199333962e-06,non-significant
0.5,clusteringcoef,0.0773808621205257,1000,partial_correlation_p_value,1000.0,0.1,,0.0015273578790529936,0.0004078138858991,-0.04847264212094701,0.0,significant
0.5,clusteringcoef,0.0773808621205257,1000,partial_correlation_p_value,1000.0,0.2,,1.6849007397872172e-10,8.613173807257733e-11,-0.04999999983150993,0.0,significant
0.5,clusteringcoef,0.0773808621205257,1000,partial_correlation_p_value,1000.0,0.3,,2.761398881915165e-22,2.147127192618182e-22,-0.05,0.0,significant
0.5,clusteringcoef,0.0773808621205257,1000,partial_correlation_p_value,1000.0,0.4,,8.653026414338422e-40,9.293636792568216e-40,-0.05,0.0,significant
0.5,clusteringcoef,0.0773808621205257,1000,partial_correlation_p_value,1000.0,0.5,,1.706877942166305e-64,2.4198217275002703e-64,-0.05,0.0,significant
0.05,degree,0.0997691639225307,30,partial_correlation_p_value,30.0,0.05,,0.7858069815820645,0.0774313238551852,0.7358069815820645,8.37897697835531e-24,non-significant
0.05,degree,0.0997691639225307,30,partial_correlation_p_value,30.0,0.1,,0.5860649647763356,0.0694048616730295,0.5360649647763356,1.4493931675536153e-25,non-significant
0.05,degree,0.0997691639225307,30,partial_correlation_p_value,30.0,0.2,,0.27242589732757794,0.0444234670652356,0.22242589732757795,2.1574038108957527e-13,non-significant
0.05,degree,0.0997691639225307,30,partial_correlation_p_value,30.0,0.3,,0.09527344416868826,0.0204540710398028,0.045273444168688254,0.004806253430558303,non-significant
0.05,degree,0.0997691639225307,30,partial_correlation_p_value,30.0,0.4,,0.023307657869861772,0.0064080990972508,-0.02669234213013823,0.0005086964156041374,significant
0.05,degree,0.0997691639225307,30,partial_correlation_p_value,30.0,0.5,,0.0035685233088176825,0.0012389902548852,-0.04643147669118232,0.0,significant
0.05,degree,0.0997691639225307,50,partial_correlation_p_value,50.0,0.05,,0.724830244916418,0.075252024030696,0.674830244916418,8.16180356238466e-26,non-significant
0.05,degree,0.0997691639225307,50,partial_correlation_p_value,50.0,0.1,,0.4805913120761051,0.0625481251359681,0.4305913120761051,4.4898003407176544e-23,non-significant
0.05,degree,0.0997691639225307,50,partial_correlation_p_value,50.0,0.2,,0.15515112469544967,0.0294304727389879,0.10515112469544967,1.0875104681868837e-06,non-significant
0.05,degree,0.0997691639225307,50,partial_correlation_p_value,50.0,0.3,,0.030712033725595562,0.0079371783771494,-0.01928796627440444,0.016085476468367443,significant
0.05,degree,0.0997691639225307,50,partial_correlation_p_value,50.0,0.4,,0.003302727162238229,0.0011168491994249,-0.046697272837761775,0.0,significant
0.05,degree,0.0997691639225307,50,partial_correlation_p_value,50.0,0.5,,0.0001605349566003264,6.952691855650686e-05,-0.04983946504339968,0.0,significant
0.05,degree,0.0997691639225307,75,partial_correlation_p_value,75.0,0.05,,0.6658561263349685,0.0728083219888805,0.6158561263349684,1.629364101012237e-26,non-significant
0.05,degree,0.0997691639225307,75,partial_correlation_p_value,75.0,0.1,,0.3868655898413166,0.0550688187567588,0.3368655898413166,1.8713713376869045e-19,non-significant
0.05,degree,0.0997691639225307,75,partial_correlation_p_value,75.0,0.2,,0.08116706380718447,0.0176375875764985,0.031167063807184467,0.024728726703500375,non-significant
0.05,degree,0.0997691639225307,75,partial_correlation_p_value,75.0,0.3,,0.008030434893107933,0.0024374464132437,-0.04196956510689207,0.0,significant
0.05,degree,0.0997691639225307,75,partial_correlation_p_value,75.0,0.4,,0.00031301084080057913,0.0001261064049617,-0.049686989159199425,0.0,significant
0.05,degree,0.0997691639225307,75,partial_correlation_p_value,75.0,0.5,,3.657912410473166e-06,1.9040147401985132e-06,-0.04999634208758953,0.0,significant
0.05,degree,0.0997691639225307,100,partial_correlation_p_value,100.0,0.05,,0.6177343076882446,0.0705053129511787,0.5677343076882445,2.286760053864908e-26,non-significant
0.05,degree,0.0997691639225307,100,partial_correlation_p_value,100.0,0.1,,0.3173043978741975,0.0485260801776403,0.2673043978741975,3.9958404943066285e-16,non-significant
0.05,degree,0.0997691639225307,100,partial_correlation_p_value,100.0,0.2,,0.043860884260170395,0.0105793531437888,-0.006139115739829608,0.26388235704619234,significant
0.05,degree,0.0997691639225307,100,partial_correlation_p_value,100.0,0.3,,0.0021883947254214523,0.0007491727958214,-0.04781160527457855,0.0,significant
0.05,degree,0.0997691639225307,100,partial_correlation_p_value,100.0,0.4,,3.109559952288662e-05,1.4251406863446676e-05,-0.04996890440047712,0.0,significant
0.05,degree,0.0997691639225307,100,partial_correlation_p_value,100.0,0.5,,8.769694091866885e-08,5.2187394726190015e-08,-0.049999912303059085,0.0,significant
0.05,degree,0.0997691639225307,300,partial_correlation_p_value,300.0,0.05,,0.3865747744849377,0.0547997677294079,0.3365747744849377,1.3333548687865506e-19,non-significant
0.05,degree,0.0997691639225307,300,partial_correlation_p_value,300.0,0.1,,0.0827480032540806,0.017732138240239,0.0327480032540806,0.01928859159297846,non-significant
0.05,degree,0.0997691639225307,300,partial_correlation_p_value,300.0,0.2,,0.00047121211121644706,0.0001781758566416,-0.04952878788878356,0.0,significant
0.05,degree,0.0997691639225307,300,partial_correlation_p_value,300.0,0.3,,1.0680987893806553e-07,5.997740452554869e-08,-0.04999989319012106,0.0,significant
0.05,degree,0.0997691639225307,300,partial_correlation_p_value,300.0,0.4,,4.961369134212258e-13,3.811121393501858e-13,-0.049999999999503865,0.0,significant
0.05,degree,0.0997691639225307,300,partial_correlation_p_value,300.0,0.5,,1.6558627351112573e-20,1.6709305259155597e-20,-0.05,0.0,significant
0.05,degree,0.0997691639225307,500,partial_correlation_p_value,500.0,0.05,,0.2634924310858535,0.042650449640301,0.21349243108585353,2.5282332121566226e-13,non-significant
0.05,degree,0.0997691639225307,500,partial_correlation_p_value,500.0,0.1,,0.025054006060311104,0.0064883613501632,-0.0249459939396889,0.0009228577623850986,significant
0.05,degree,0.0997691639225307,500,partial_correlation_p_value,500.0,0.2,,6.313699919191115e-06,3.004876449130495e-06,-0.04999368630008081,0.0,significant
0.05,degree,0.0997691639225307,500,partial_correlation_p_value,500.0,0.3,,6.716109043816408e-12,4.808187119001396e-12,-0.049999999993283896,0.0,significant
0.05,degree,0.0997691639225307,500,partial_correlation_p_value,500.0,0.4,,1.0365018011564428e-20,1.0205536703985862e-20,-0.05,0.0,significant
0.05,degree,0.0997691639225307,500,partial_correlation_p_value,500.0,0.5,,4.1307211551450724e-33,5.35721643825397e-33,-0.05,0.0,significant
0.05,degree,0.0997691639225307,1000,partial_correlation_p_value,1000.0,0.05,,0.11371053994288459,0.0228055632970925,0.06371053994288459,0.00028920958996753003,non-significant
0.05,degree,0.0997691639225307,1000,partial_correlation_p_value,1000.0,0.1,,0.0015273578790529936,0.0005258050804446,-0.04847264212094701,0.0,significant
0.05,degree,0.0997691639225307,1000,partial_correlation_p_value,1000.0,0.2,,1.6849007397872172e-10,1.1105189654401675e-10,-0.04999999983150993,0.0,significant
0.05,degree,0.0997691639225307,1000,partial_correlation_p_value,1000.0,0.3,,2.761398881915165e-22,2.768347094778934e-22,-0.05,0.0,significant
0.05,degree,0.0997691639225307,1000,partial_correlation_p_value,1000.0,0.4,,8.653026414338422e-40,1.1982528330454606e-39,-0.05,0.0,significant
0.05,degree,0.0997691639225307,1000,partial_correlation_p_value,1000.0,0.5,,1.706877942166305e-64,3.119939271524825e-64,-0.05,0.0,significant
0.1,degree,0.0649245935644161,30,partial_correlation_p_value,30.0,0.05,,0.7858069815820645,0.0503882866489301,0.7358069815820645,1.2669493976077855e-54,non-significant
0.1,degree,0.0649245935644161,30,partial_correlation_p_value,30.0,0.1,,0.5860649647763356,0.0451650816580448,0.5360649647763356,1.8178220733530697e-58,non-significant
0.1,degree,0.0649245935644161,30,partial_correlation_p_value,30.0,0.2,,0.27242589732757794,0.0289084866559789,0.22242589732757795,1.766440333372668e-29,non-significant
0.1,degree,0.0649245935644161,30,partial_correlation_p_value,30.0,0.3,,0.09527344416868826,0.0133104478055769,0.045273444168688254,2.593064467608128e-05,non-significant
0.1,degree,0.0649245935644161,30,partial_correlation_p_value,30.0,0.4,,0.023307657869861772,0.004170058293087,-0.02669234213013823,3.195610566164575e-07,significant
0.1,degree,0.0649245935644161,30,partial_correlation_p_value,30.0,0.5,,0.0035685233088176825,0.0008062705505997,-0.04643147669118232,0.0,significant
0.1,degree,0.0649245935644161,50,partial_correlation_p_value,50.0,0.05,,0.724830244916418,0.0489701114352957,0.674830244916418,2.9107965700529254e-59,non-significant
0.1,degree,0.0649245935644161,50,partial_correlation_p_value,50.0,0.1,,0.4805913120761051,0.0407030734047466,0.4305913120761051,1.8500948248606976e-52,non-significant
0.1,degree,0.0649245935644161,50,partial_correlation_p_value,50.0,0.2,,0.15515112469544967,0.0191518241294584,0.10515112469544967,1.0077142927088899e-13,non-significant
0.1,degree,0.0649245935644161,50,partial_correlation_p_value,50.0,0.3,,0.030712033725595562,0.0051651037246822,-0.01928796627440444,0.0006322369073044065,significant
0.1,degree,0.0649245935644161,50,partial_correlation_p_value,50.0,0.4,,0.003302727162238229,0.0007267874911902,-0.046697272837761775,0.0,significant
0.1,degree,0.0649245935644161,50,partial_correlation_p_value,50.0,0.5,,0.0001605349566003264,4.5244509942696606e-05,-0.04983946504339968,0.0,significant
0.1,degree,0.0649245935644161,75,partial_correlation_p_value,75.0,0.05,,0.6658561263349685,0.0473798769818868,0.6158561263349684,8.09544034154838e-61,non-significant
0.1,degree,0.0649245935644161,75,partial_correlation_p_value,75.0,0.1,,0.3868655898413166,0.0358359290114052,0.3368655898413166,7.866023434801426e-44,non-significant
0.1,degree,0.0649245935644161,75,partial_correlation_p_value,75.0,0.2,,0.08116706380718447,0.0114776265515277,0.031167063807184467,0.0010165758886863396,non-significant
0.1,degree,0.0649245935644161,75,partial_correlation_p_value,75.0,0.3,,0.008030434893107933,0.00158616361502,-0.04196956510689207,0.0,significant
0.1,degree,0.0649245935644161,75,partial_correlation_p_value,75.0,0.4,,0.00031301084080057913,8.206350305160538e-05,-0.049686989159199425,0.0,significant
0.1,degree,0.0649245935644161,75,partial_correlation_p_value,75.0,0.5,,3.657912410473166e-06,1.2390339688927622e-06,-0.04999634208758953,0.0,significant
0.1,degree,0.0649245935644161,100,partial_correlation_p_value,100.0,0.05,,0.6177343076882446,0.0458811982331697,0.5677343076882445,2.1247827132004603e-60,non-significant
0.1,degree,0.0649245935644161,100,partial_correlation_p_value,100.0,0.1,,0.3173043978741975,0.0315782543317082,0.2673043978741975,6.225049789527822e-36,non-significant
0.1,degree,0.0649245935644161,100,partial_correlation_p_value,100.0,0.2,,0.043860884260170395,0.0068844939260817,-0.006139115739829608,0.1830608551493258,significant
0.1,degree,0.0649245935644161,100,partial_correlation_p_value,100.0,0.3,,0.0021883947254214523,0.0004875227712241,-0.04781160527457855,0.0,significant
0.1,degree,0.0649245935644161,100,partial_correlation_p_value,100.0,0.4,,3.109559952288662e-05,9.274075896324656e-06,-0.04996890440047712,0.0,significant
0.1,degree,0.0649245935644161,100,partial_correlation_p_value,100.0,0.5,,8.769694091866885e-08,3.396084780678889e-08,-0.049999912303059085,0.0,significant
0.1,degree,0.0649245935644161,300,partial_correlation_p_value,300.0,0.05,,0.3865747744849377,0.0356608445673539,0.3365747744849377,3.555693028478257e-44,non-significant
0.1,degree,0.0649245935644161,300,partial_correlation_p_value,300.0,0.1,,0.0827480032540806,0.0115391552160293,0.0327480032540806,0.0005881569189373461,non-significant
0.1,degree,0.0649245935644161,300,partial_correlation_p_value,300.0,0.2,,0.00047121211121644706,0.0001159475996454,-0.04952878788878356,0.0,significant
0.1,degree,0.0649245935644161,300,partial_correlation_p_value,300.0,0.3,,1.0680987893806553e-07,3.903018185953187e-08,-0.04999989319012106,0.0,significant
0.1,degree,0.0649245935644161,300,partial_correlation_p_value,300.0,0.4,,4.961369134212258e-13,2.4800799943546617e-13,-0.049999999999503865,0.0,significant
0.1,degree,0.0649245935644161,300,partial_correlation_p_value,300.0,0.5,,1.6558627351112573e-20,1.0873548600014368e-20,-0.05,0.0,significant
0.1,degree,0.0649245935644161,500,partial_correlation_p_value,500.0,0.05,,0.2634924310858535,0.0277546989407095,0.21349243108585353,2.6313002297911124e-29,non-significant
0.1,degree,0.0649245935644161,500,partial_correlation_p_value,500.0,0.1,,0.025054006060311104,0.0042222888014327,-0.0249459939396889,1.1867364060336172e-06,significant
0.1,degree,0.0649245935644161,500,partial_correlation_p_value,500.0,0.2,,6.313699919191115e-06,1.955417631068534e-06,-0.04999368630008081,0.0,significant
0.1,degree,0.0649245935644161,500,partial_correlation_p_value,500.0,0.3,,6.716109043816408e-12,3.128918617832876e-12,-0.049999999993283896,0.0,significant
0.1,degree,0.0649245935644161,500,partial_correlation_p_value,500.0,0.4,,1.0365018011564428e-20,6.641233589243111e-21,-0.05,0.0,significant
0.1,degree,0.0649245935644161,500,partial_correlation_p_value,500.0,0.5,,4.1307211551450724e-33,3.4861984025477166e-33,-0.05,0.0,significant
0.1,degree,0.0649245935644161,1000,partial_correlation_p_value,1000.0,0.05,,0.11371053994288459,0.0148406769171785,0.06371053994288459,4.2806698394623575e-08,non-significant
0.1,degree,0.0649245935644161,1000,partial_correlation_p_value,1000.0,0.1,,0.0015273578790529936,0.0003421666555057,-0.04847264212094701,0.0,significant
0.1,degree,0.0649245935644161,1000,partial_correlation_p_value,1000.0,0.2,,1.6849007397872172e-10,7.226681034709615e-11,-0.04999999983150993,0.0,significant
0.1,degree,0.0649245935644161,1000,partial_correlation_p_value,1000.0,0.3,,2.761398881915165e-22,1.801496603833576e-22,-0.05,0.0,significant
0.1,degree,0.0649245935644161,1000,partial_correlation_p_value,1000.0,0.4,,8.653026414338422e-40,7.797607508597965e-40,-0.05,0.0,significant
0.1,degree,0.0649245935644161,1000,partial_correlation_p_value,1000.0,0.5,,1.706877942166305e-64,2.0302945437800323e-64,-0.05,0.0,significant
0.2,degree,0.0499583480462569,30,partial_correlation_p_value,30.0,0.05,,0.7858069815820645,0.0387729121378975,0.7358069815820645,2.4234162702355015e-91,non-significant
0.2,degree,0.0499583480462569,30,partial_correlation_p_value,30.0,0.1,,0.5860649647763356,0.0347537465409239,0.5360649647763356,1.134472197493225e-97,non-significant
0.2,degree,0.0499583480462569,30,partial_correlation_p_value,30.0,0.2,,0.27242589732757794,0.022244578803825,0.22242589732757795,1.3565595593601991e-48,non-significant
0.2,degree,0.0499583480462569,30,partial_correlation_p_value,30.0,0.3,,0.09527344416868826,0.0102421585968465,0.045273444168688254,6.256553913603707e-08,non-significant
0.2,degree,0.0499583480462569,30,partial_correlation_p_value,30.0,0.4,,0.023307657869861772,0.0032087874893283,-0.02669234213013823,5.842104577880036e-11,significant
0.2,degree,0.0499583480462569,30,partial_correlation_p_value,30.0,0.5,,0.0035685233088176825,0.0006204111966653,-0.04643147669118232,0.0,significant
0.2,degree,0.0499583480462569,50,partial_correlation_p_value,50.0,0.05,,0.724830244916418,0.037681650922022,0.674830244916418,4.042935362096977e-99,non-significant
0.2,degree,0.0499583480462569,50,partial_correlation_p_value,50.0,0.1,,0.4805913120761051,0.0313203086237135,0.4305913120761051,1.8369375654864613e-87,non-significant
0.2,degree,0.0499583480462569,50,partial_correlation_p_value,50.0,0.2,,0.15515112469544967,0.0147369963068137,0.10515112469544967,5.049088317171485e-22,non-significant
0.2,degree,0.0499583480462569,50,partial_correlation_p_value,50.0,0.3,,0.030712033725595562,0.0039744576809198,-0.01928796627440444,1.5685666912457208e-05,significant
0.2,degree,0.0499583480462569,50,partial_correlation_p_value,50.0,0.4,,0.003302727162238229,0.0005592503617989,-0.046697272837761775,0.0,significant
0.2,degree,0.0499583480462569,50,partial_correlation_p_value,50.0,0.5,,0.0001605349566003264,3.48148652275648e-05,-0.04983946504339968,0.0,significant
0.2,degree,0.0499583480462569,75,partial_correlation_p_value,75.0,0.05,,0.6658561263349685,0.0364579931070567,0.6158561263349684,1.0669880440242423e-101,non-significant
0.2,degree,0.0499583480462569,75,partial_correlation_p_value,75.0,0.1,,0.3868655898413166,0.0275751254774734,0.3368655898413166,7.533478275474278e-73,non-significant
0.2,degree,0.0499583480462569,75,partial_correlation_p_value,75.0,0.2,,0.08116706380718447,0.0088318344486403,0.031167063807184467,2.725462832674801e-05,non-significant
0.2,degree,0.0499583480462569,75,partial_correlation_p_value,75.0,0.3,,0.008030434893107933,0.0012205253754705,-0.04196956510689207,0.0,significant
0.2,degree,0.0499583480462569,75,partial_correlation_p_value,75.0,0.4,,0.00031301084080057913,6.314644146797036e-05,-0.049686989159199425,0.0,significant
0.2,degree,0.0499583480462569,75,partial_correlation_p_value,75.0,0.5,,3.657912410473166e-06,9.534151368643436e-07,-0.04999634208758953,0.0,significant
0.2,degree,0.0499583480462569,100,partial_correlation_p_value,100.0,0.05,,0.6177343076882446,0.0353047858179937,0.5677343076882445,5.916266496378472e-101,non-significant
0.2,degree,0.0499583480462569,100,partial_correlation_p_value,100.0,0.1,,0.3173043978741975,0.0242989186991438,0.2673043978741975,1.7150026116598037e-59,non-significant
0.2,degree,0.0499583480462569,100,partial_correlation_p_value,100.0,0.2,,0.043860884260170395,0.0052974986025948,-0.006139115739829608,0.1253486926128674,significant
0.2,degree,0.0499583480462569,100,partial_correlation_p_value,100.0,0.3,,0.0021883947254214523,0.0003751403119855,-0.04781160527457855,0.0,significant
0.2,degree,0.0499583480462569,100,partial_correlation_p_value,100.0,0.4,,3.109559952288662e-05,7.13624045988521e-06,-0.04996890440047712,0.0,significant
0.2,degree,0.0499583480462569,100,partial_correlation_p_value,100.0,0.5,,8.769694091866885e-08,2.613228303068513e-08,-0.049999912303059085,0.0,significant
0.2,degree,0.0499583480462569,300,partial_correlation_p_value,300.0,0.05,,0.3865747744849377,0.0274404010361918,0.3365747744849377,1.9771219151721945e-73,non-significant
0.2,degree,0.0499583480462569,300,partial_correlation_p_value,300.0,0.1,,0.0827480032540806,0.0088791796882057,0.0327480032540806,1.1074083583861547e-05,non-significant
0.2,degree,0.0499583480462569,300,partial_correlation_p_value,300.0,0.2,,0.00047121211121644706,8.92196657722502e-05,-0.04952878788878356,0.0,significant
0.2,degree,0.0499583480462569,300,partial_correlation_p_value,300.0,0.3,,1.0680987893806553e-07,3.003304761103485e-08,-0.04999989319012106,0.0,significant
0.2,degree,0.0499583480462569,300,partial_correlation_p_value,300.0,0.4,,4.961369134212258e-13,1.908378516341404e-13,-0.049999999999503865,0.0,significant
0.2,degree,0.0499583480462569,300,partial_correlation_p_value,300.0,0.5,,1.6558627351112573e-20,8.367006948121087e-21,-0.05,0.0,significant
0.2,degree,0.0499583480462569,500,partial_correlation_p_value,500.0,0.05,,0.2634924310858535,0.0213567591797602,0.21349243108585353,2.6910388931625767e-48,non-significant
0.2,degree,0.0499583480462569,500,partial_correlation_p_value,500.0,0.1,,0.025054006060311104,0.0032489779590919,-0.0249459939396889,5.093155897029078e-10,significant
0.2,degree,0.0499583480462569,500,partial_correlation_p_value,500.0,0.2,,6.313699919191115e-06,1.504659932784711e-06,-0.04999368630008081,0.0,significant
0.2,degree,0.0499583480462569,500,partial_correlation_p_value,500.0,0.3,,6.716109043816408e-12,2.407648577160773e-12,-0.049999999993283896,0.0,significant
0.2,degree,0.0499583480462569,500,partial_correlation_p_value,500.0,0.4,,1.0365018011564428e-20,5.110313994938032e-21,-0.05,0.0,significant
0.2,degree,0.0499583480462569,500,partial_correlation_p_value,500.0,0.5,,4.1307211551450724e-33,2.6825691712645533e-33,-0.05,0.0,significant
0.2,degree,0.0499583480462569,1000,partial_correlation_p_value,1000.0,0.05,,0.11371053994288459,0.011419643342624,0.06371053994288459,1.4261303590234705e-12,non-significant
0.2,degree,0.0499583480462569,1000,partial_correlation_p_value,1000.0,0.1,,0.0015273578790529936,0.0002632913034506,-0.04847264212094701,0.0,significant
0.2,degree,0.0499583480462569,1000,partial_correlation_p_value,1000.0,0.2,,1.6849007397872172e-10,5.560805644368054e-11,-0.04999999983150993,0.0,significant
0.2,degree,0.0499583480462569,1000,partial_correlation_p_value,1000.0,0.3,,2.761398881915165e-22,1.386220373473307e-22,-0.05,0.0,significant
0.2,degree,0.0499583480462569,1000,partial_correlation_p_value,1000.0,0.4,,8.653026414338422e-40,6.000123658165665e-40,-0.05,0.0,significant
0.2,degree,0.0499583480462569,1000,partial_correlation_p_value,1000.0,0.5,,1.706877942166305e-64,1.5622764177020762e-64,-0.05,0.0,significant
0.3,degree,0.0430113775336123,30,partial_correlation_p_value,30.0,0.05,,0.7858069815820645,0.0333813351974043,0.7358069815820645,9.767280651972778e-123,non-significant
0.3,degree,0.0430113775336123,30,partial_correlation_p_value,30.0,0.1,,0.5860649647763356,0.029921055672119,0.5360649647763356,3.40470767490649e-131,non-significant
0.3,degree,0.0430113775336123,30,partial_correlation_p_value,30.0,0.2,,0.27242589732757794,0.0191513533658404,0.22242589732757795,6.373934709436409e-65,non-significant
0.3,degree,0.0430113775336123,30,partial_correlation_p_value,30.0,0.3,,0.09527344416868826,0.0088179326858487,0.045273444168688254,3.84809637292349e-10,non-significant
0.3,degree,0.0430113775336123,30,partial_correlation_p_value,30.0,0.4,,0.023307657869861772,0.0027625887469466,-0.02669234213013823,3.941291737419306e-14,significant
0.3,degree,0.0430113775336123,30,partial_correlation_p_value,30.0,0.5,,0.0035685233088176825,0.0005341397634114,-0.04643147669118232,0.0,significant
0.3,degree,0.0430113775336123,50,partial_correlation_p_value,50.0,0.05,,0.724830244916418,0.0324418195813084,0.674830244916418,3.3532726165582103e-133,non-significant
0.3,degree,0.0430113775336123,50,partial_correlation_p_value,50.0,0.1,,0.4805913120761051,0.0269650553184119,0.4305913120761051,2.1752116565669403e-117,non-significant
0.3,degree,0.0430113775336123,50,partial_correlation_p_value,50.0,0.2,,0.15515112469544967,0.0126877396201516,0.10515112469544967,4.2718526231489816e-29,non-significant
0.3,degree,0.0430113775336123,50,partial_correlation_p_value,50.0,0.3,,0.030712033725595562,0.0034217884796176,-0.01928796627440444,7.029205559838658e-07,significant
0.3,degree,0.0430113775336123,50,partial_correlation_p_value,50.0,0.4,,0.003302727162238229,0.0004814836636486,-0.046697272837761775,0.0,significant
0.3,degree,0.0430113775336123,50,partial_correlation_p_value,50.0,0.5,,0.0001605349566003264,2.997367548458831e-05,-0.04983946504339968,0.0,significant
0.3,degree,0.0430113775336123,75,partial_correlation_p_value,75.0,0.05,,0.6658561263349685,0.0313883178081373,0.6158561263349684,1.1791316951962634e-136,non-significant
0.3,degree,0.0430113775336123,75,partial_correlation_p_value,75.0,0.1,,0.3868655898413166,0.0237406595460316,0.3368655898413166,1.1811032587645292e-97,non-significant
0.3,degree,0.0430113775336123,75,partial_correlation_p_value,75.0,0.2,,0.08116706380718447,0.0076037215128311,0.031167063807184467,1.3109777837530436e-06,non-significant
0.3,degree,0.0430113775336123,75,partial_correlation_p_value,75.0,0.3,,0.008030434893107933,0.0010508049158292,-0.04196956510689207,0.0,significant
0.3,degree,0.0430113775336123,75,partial_correlation_p_value,75.0,0.4,,0.00031301084080057913,5.4365597344576735e-05,-0.049686989159199425,0.0,significant
0.3,degree,0.0430113775336123,75,partial_correlation_p_value,75.0,0.5,,3.657912410473166e-06,8.208377578850988e-07,-0.04999634208758953,0.0,significant
0.3,degree,0.0430113775336123,100,partial_correlation_p_value,100.0,0.05,,0.6177343076882446,0.0303954700454676,0.5677343076882445,1.24007843765052e-135,non-significant
0.3,degree,0.0430113775336123,100,partial_correlation_p_value,100.0,0.1,,0.3173043978741975,0.0209200265160835,0.2673043978741975,1.2638409508348593e-79,non-significant
0.3,degree,0.0430113775336123,100,partial_correlation_p_value,100.0,0.2,,0.043860884260170395,0.0045608536168774,-0.006139115739829608,0.09293223424463848,significant
0.3,degree,0.0430113775336123,100,partial_correlation_p_value,100.0,0.3,,0.0021883947254214523,0.0003229750826017,-0.04781160527457855,0.0,significant
0.3,degree,0.0430113775336123,100,partial_correlation_p_value,100.0,0.4,,3.109559952288662e-05,6.143908767891278e-06,-0.04996890440047712,0.0,significant
0.3,degree,0.0430113775336123,100,partial_correlation_p_value,100.0,0.5,,8.769694091866885e-08,2.2498451914528872e-08,-0.049999912303059085,0.0,significant
0.3,degree,0.0430113775336123,300,partial_correlation_p_value,300.0,0.05,,0.3865747744849377,0.0236246692454395,0.3365747744849377,1.946358109416723e-98,non-significant
0.3,degree,0.0430113775336123,300,partial_correlation_p_value,300.0,0.1,,0.0827480032540806,0.0076444831483336,0.0327480032540806,3.9397106436660996e-07,non-significant
0.3,degree,0.0430113775336123,300,partial_correlation_p_value,300.0,0.2,,0.00047121211121644706,7.681320295858902e-05,-0.04952878788878356,0.0,significant
0.3,degree,0.0430113775336123,300,partial_correlation_p_value,300.0,0.3,,1.0680987893806553e-07,2.5856794706004243e-08,-0.04999989319012106,0.0,significant
0.3,degree,0.0430113775336123,300,partial_correlation_p_value,300.0,0.4,,4.961369134212258e-13,1.6430084671213418e-13,-0.049999999999503865,0.0,significant
0.3,degree,0.0430113775336123,300,partial_correlation_p_value,300.0,0.5,,1.6558627351112573e-20,7.203530716003267e-21,-0.05,0.0,significant
0.3,degree,0.0430113775336123,500,partial_correlation_p_value,500.0,0.05,,0.2634924310858535,0.0183869897204083,0.21349243108585353,1.615685189430401e-64,non-significant
0.3,degree,0.0430113775336123,500,partial_correlation_p_value,500.0,0.1,,0.025054006060311104,0.0027971905209415,-0.0249459939396889,7.13096248716738e-13,significant
0.3,degree,0.0430113775336123,500,partial_correlation_p_value,500.0,0.2,,6.313699919191115e-06,1.2954290716094207e-06,-0.04999368630008081,0.0,significant
0.3,degree,0.0430113775336123,500,partial_correlation_p_value,500.0,0.3,,6.716109043816408e-12,2.0728524054606996e-12,-0.049999999993283896,0.0,significant
0.3,degree,0.0430113775336123,500,partial_correlation_p_value,500.0,0.4,,1.0365018011564428e-20,4.399698011392726e-21,-0.05,0.0,significant
0.3,degree,0.0430113775336123,500,partial_correlation_p_value,500.0,0.5,,4.1307211551450724e-33,2.3095438479762546e-33,-0.05,0.0,significant
0.3,degree,0.0430113775336123,1000,partial_correlation_p_value,1000.0,0.05,,0.11371053994288459,0.0098316819974515,0.06371053994288459,2.251678783135358e-16,non-significant
0.3,degree,0.0430113775336123,1000,partial_correlation_p_value,1000.0,0.1,,0.0015273578790529936,0.0002266792657664,-0.04847264212094701,0.0,significant
0.3,degree,0.0430113775336123,1000,partial_correlation_p_value,1000.0,0.2,,1.6849007397872172e-10,4.7875464324700953e-11,-0.04999999983150993,0.0,significant
0.3,degree,0.0430113775336123,1000,partial_correlation_p_value,1000.0,0.3,,2.761398881915165e-22,1.193459154675005e-22,-0.05,0.0,significant
0.3,degree,0.0430113775336123,1000,partial_correlation_p_value,1000.0,0.4,,8.653026414338422e-40,5.165774970596898e-40,-0.05,0.0,significant
0.3,degree,0.0430113775336123,1000,partial_correlation_p_value,1000.0,0.5,,1.706877942166305e-64,1.3450336818868845e-64,-0.05,0.0,significant
0.4,degree,0.0398833995946593,30,partial_correlation_p_value,30.0,0.05,,0.7858069815820645,0.0309536966036699,0.7358069815820645,1.6665198340567523e-142,non-significant
0.4,degree,0.0398833995946593,30,partial_correlation_p_value,30.0,0.1,,0.5860649647763356,0.0277450639364571,0.5360649647763356,2.6522765322409967e-152,non-significant
0.4,degree,0.0398833995946593,30,partial_correlation_p_value,30.0,0.2,,0.27242589732757794,0.0177585820977584,0.22242589732757795,3.3664201782339755e-75,non-significant
0.4,degree,0.0398833995946593,30,partial_correlation_p_value,30.0,0.3,,0.09527344416868826,0.0081766535525089,0.045273444168688254,1.5848789195500872e-11,non-significant
0.4,degree,0.0398833995946593,30,partial_correlation_p_value,30.0,0.4,,0.023307657869861772,0.0025616810534393,-0.02669234213013823,4.440892098500626e-16,significant
0.4,degree,0.0398833995946593,30,partial_correlation_p_value,30.0,0.5,,0.0035685233088176825,0.0004952947532751,-0.04643147669118232,0.0,significant
0.4,degree,0.0398833995946593,50,partial_correlation_p_value,50.0,0.05,,0.724830244916418,0.0300825067257617,0.674830244916418,1.1619565543162779e-154,non-significant
0.4,degree,0.0398833995946593,50,partial_correlation_p_value,50.0,0.1,,0.4805913120761051,0.0250040370252237,0.4305913120761051,3.1210474671283764e-136,non-significant
0.4,degree,0.0398833995946593,50,partial_correlation_p_value,50.0,0.2,,0.15515112469544967,0.0117650309811176,0.10515112469544967,1.5255974788458578e-33,non-significant
0.4,degree,0.0398833995946593,50,partial_correlation_p_value,50.0,0.3,,0.030712033725595562,0.0031729408609231,-0.01928796627440444,1.0097472757930603e-07,significant
0.4,degree,0.0398833995946593,50,partial_correlation_p_value,50.0,0.4,,0.003302727162238229,0.0004464680383833,-0.046697272837761775,0.0,significant
0.4,degree,0.0398833995946593,50,partial_correlation_p_value,50.0,0.5,,0.0001605349566003264,2.779385700302817e-05,-0.04983946504339968,0.0,significant
0.4,degree,0.0398833995946593,75,partial_correlation_p_value,75.0,0.05,,0.6658561263349685,0.0291056202691438,0.6158561263349684,1.1478158374206648e-158,non-significant
0.4,degree,0.0398833995946593,75,partial_correlation_p_value,75.0,0.1,,0.3868655898413166,0.0220141335993063,0.3368655898413166,2.853987559740825e-113,non-significant
0.4,degree,0.0398833995946593,75,partial_correlation_p_value,75.0,0.2,,0.08116706380718447,0.0070507451956348,0.031167063807184467,1.9707846653972885e-07,non-significant
0.4,degree,0.0398833995946593,75,partial_correlation_p_value,75.0,0.3,,0.008030434893107933,0.0009743857266905,-0.04196956510689207,0.0,significant
0.4,degree,0.0398833995946593,75,partial_correlation_p_value,75.0,0.4,,0.00031301084080057913,5.041189023536023e-05,-0.049686989159199425,0.0,significant
0.4,degree,0.0398833995946593,75,partial_correlation_p_value,75.0,0.5,,3.657912410473166e-06,7.61142799356562e-07,-0.04999634208758953,0.0,significant
0.4,degree,0.0398833995946593,100,partial_correlation_p_value,100.0,0.05,,0.6177343076882446,0.0281849767946521,0.5677343076882445,1.8066523964843888e-157,non-significant
0.4,degree,0.0398833995946593,100,partial_correlation_p_value,100.0,0.1,,0.3173043978741975,0.0193986295002943,0.2673043978741975,2.678631574660653e-92,non-significant
0.4,degree,0.0398833995946593,100,partial_correlation_p_value,100.0,0.2,,0.043860884260170395,0.0042291681346991,-0.006139115739829608,0.07754388622001118,significant
0.4,degree,0.0398833995946593,100,partial_correlation_p_value,100.0,0.3,,0.0021883947254214523,0.0002994869036328,-0.04781160527457855,0.0,significant
0.4,degree,0.0398833995946593,100,partial_correlation_p_value,100.0,0.4,,3.109559952288662e-05,5.6970965013023865e-06,-0.04996890440047712,0.0,significant
0.4,degree,0.0398833995946593,100,partial_correlation_p_value,100.0,0.5,,8.769694091866885e-08,2.086226481044821e-08,-0.049999912303059085,0.0,significant
0.4,degree,0.0398833995946593,300,partial_correlation_p_value,300.0,0.05,,0.3865747744849377,0.0219065786272758,0.3365747744849377,3.50815046917573e-114,non-significant
0.4,degree,0.0398833995946593,300,partial_correlation_p_value,300.0,0.1,,0.0827480032540806,0.0070885424644064,0.0327480032540806,4.898551257399152e-08,non-significant
0.4,degree,0.0398833995946593,300,partial_correlation_p_value,300.0,0.2,,0.00047121211121644706,7.122700651354327e-05,-0.04952878788878356,0.0,significant
0.4,degree,0.0398833995946593,300,partial_correlation_p_value,300.0,0.3,,1.0680987893806553e-07,2.3976374034771092e-08,-0.04999989319012106,0.0,significant
0.4,degree,0.0398833995946593,300,partial_correlation_p_value,300.0,0.4,,4.961369134212258e-13,1.5235216119362848e-13,-0.049999999999503865,0.0,significant
0.4,degree,0.0398833995946593,300,partial_correlation_p_value,300.0,0.5,,1.6558627351112573e-20,6.679658046623638e-21,-0.05,0.0,significant
0.4,degree,0.0398833995946593,500,partial_correlation_p_value,500.0,0.05,,0.2634924310858535,0.017049806363185,0.21349243108585353,9.958212386804933e-75,non-significant
0.4,degree,0.0398833995946593,500,partial_correlation_p_value,500.0,0.1,,0.025054006060311104,0.0025937664331239,-0.0249459939396889,1.1546319456101628e-14,significant
0.4,degree,0.0398833995946593,500,partial_correlation_p_value,500.0,0.2,,6.313699919191115e-06,1.2012197300391342e-06,-0.04999368630008081,0.0,significant
0.4,degree,0.0398833995946593,500,partial_correlation_p_value,500.0,0.3,,6.716109043816408e-12,1.9221053946280487e-12,-0.049999999993283896,0.0,significant
0.4,degree,0.0398833995946593,500,partial_correlation_p_value,500.0,0.4,,1.0365018011564428e-20,4.079732478855735e-21,-0.05,0.0,significant
0.4,degree,0.0398833995946593,500,partial_correlation_p_value,500.0,0.5,,4.1307211551450724e-33,2.1415835867670248e-33,-0.05,0.0,significant
0.4,degree,0.0398833995946593,1000,partial_correlation_p_value,1000.0,0.05,,0.11371053994288459,0.0091166785226896,0.06371053994288459,9.238131716849935e-19,non-significant
0.4,degree,0.0398833995946593,1000,partial_correlation_p_value,1000.0,0.1,,0.0015273578790529936,0.0002101941452427,-0.04847264212094701,0.0,significant
0.4,degree,0.0398833995946593,1000,partial_correlation_p_value,1000.0,0.2,,1.6849007397872172e-10,4.4393748443646754e-11,-0.04999999983150993,0.0,significant
0.4,degree,0.0398833995946593,1000,partial_correlation_p_value,1000.0,0.3,,2.761398881915165e-22,1.106665517248546e-22,-0.05,0.0,significant
0.4,degree,0.0398833995946593,1000,partial_correlation_p_value,1000.0,0.4,,8.653026414338422e-40,4.7900969274327315e-40,-0.05,0.0,significant
0.4,degree,0.0398833995946593,1000,partial_correlation_p_value,1000.0,0.5,,1.706877942166305e-64,1.247216873280765e-64,-0.05,0.0,significant
0.5,degree,0.0462737403214584,30,partial_correlation_p_value,30.0,0.05,,0.7858069815820645,0.0359132705131594,0.7358069815820645,3.096543909429292e-106,non-significant
0.5,degree,0.0462737403214584,30,partial_correlation_p_value,30.0,0.1,,0.5860649647763356,0.0321905328243332,0.5360649647763356,1.4185933530447658e-113,non-significant
0.5,degree,0.0462737403214584,30,partial_correlation_p_value,30.0,0.2,,0.27242589732757794,0.0206039611673176,0.22242589732757795,2.428333030532889e-56,non-significant
0.5,degree,0.0462737403214584,30,partial_correlation_p_value,30.0,0.3,,0.09527344416868826,0.0094867625887637,0.045273444168688254,5.563343624553271e-09,non-significant
0.5,degree,0.0462737403214584,30,partial_correlation_p_value,30.0,0.4,,0.023307657869861772,0.0029721278792173,-0.02669234213013823,1.821431894200032e-12,significant
0.5,degree,0.0462737403214584,30,partial_correlation_p_value,30.0,0.5,,0.0035685233088176825,0.0005746536410778,-0.04643147669118232,0.0,significant
0.5,degree,0.0462737403214584,50,partial_correlation_p_value,50.0,0.05,,0.724830244916418,0.0349024937340804,0.674830244916418,2.7469198201090884e-115,non-significant
0.5,degree,0.0462737403214584,50,partial_correlation_p_value,50.0,0.1,,0.4805913120761051,0.0290103232937111,0.4305913120761051,1.1664732711235745e-101,non-significant
0.5,degree,0.0462737403214584,50,partial_correlation_p_value,50.0,0.2,,0.15515112469544967,0.0136500898626268,0.10515112469544967,2.219026238649224e-25,non-significant
0.5,degree,0.0462737403214584,50,partial_correlation_p_value,50.0,0.3,,0.030712033725595562,0.0036813271422671,-0.01928796627440444,3.5796382963360074e-06,significant
0.5,degree,0.0462737403214584,50,partial_correlation_p_value,50.0,0.4,,0.003302727162238229,0.0005180036376023,-0.046697272837761775,0.0,significant
0.5,degree,0.0462737403214584,50,partial_correlation_p_value,50.0,0.5,,0.0001605349566003264,3.224714378816634e-05,-0.04983946504339968,0.0,significant
0.5,degree,0.0462737403214584,75,partial_correlation_p_value,75.0,0.05,,0.6658561263349685,0.033769085080944,0.6158561263349684,2.786780472481764e-118,non-significant
0.5,degree,0.0462737403214584,75,partial_correlation_p_value,75.0,0.1,,0.3868655898413166,0.0255413608651505,0.3368655898413166,1.2858622936000722e-84,non-significant
0.5,degree,0.0462737403214584,75,partial_correlation_p_value,75.0,0.2,,0.08116706380718447,0.0081804549153645,0.031167063807184467,6.430497784656916e-06,non-significant
0.5,degree,0.0462737403214584,75,partial_correlation_p_value,75.0,0.3,,0.008030434893107933,0.0011305072423127,-0.04196956510689207,0.0,significant
0.5,degree,0.0462737403214584,75,partial_correlation_p_value,75.0,0.4,,0.00031301084080057913,5.848916445370663e-05,-0.049686989159199425,0.0,significant
0.5,degree,0.0462737403214584,75,partial_correlation_p_value,75.0,0.5,,3.657912410473166e-06,8.830973438304848e-07,-0.04999634208758953,0.0,significant
0.5,degree,0.0462737403214584,100,partial_correlation_p_value,100.0,0.05,,0.6177343076882446,0.0327009309742168,0.5677343076882445,2.0933980166240862e-117,non-significant
0.5,degree,0.0462737403214584,100,partial_correlation_p_value,100.0,0.1,,0.3173043978741975,0.0225067861118089,0.2673043978741975,4.814570282555048e-69,non-significant
0.5,degree,0.0462737403214584,100,partial_correlation_p_value,100.0,0.2,,0.043860884260170395,0.0049067890407983,-0.006139115739829608,0.10853270013265293,significant
0.5,degree,0.0462737403214584,100,partial_correlation_p_value,100.0,0.3,,0.0021883947254214523,0.0003474723656766,-0.04781160527457855,0.0,significant
0.5,degree,0.0462737403214584,100,partial_correlation_p_value,100.0,0.4,,3.109559952288662e-05,6.609917077451377e-06,-0.04996890440047712,0.0,significant
0.5,degree,0.0462737403214584,100,partial_correlation_p_value,100.0,0.5,,8.769694091866885e-08,2.4204933234564373e-08,-0.049999912303059085,0.0,significant
0.5,degree,0.0462737403214584,300,partial_correlation_p_value,300.0,0.05,,0.3865747744849377,0.0254165728356295,0.3365747744849377,2.706267935445661e-85,non-significant
0.5,degree,0.0462737403214584,300,partial_correlation_p_value,300.0,0.1,,0.0827480032540806,0.0082243082733473,0.0327480032540806,2.2643956844567527e-06,non-significant
0.5,degree,0.0462737403214584,300,partial_correlation_p_value,300.0,0.2,,0.00047121211121644706,8.263939475520236e-05,-0.04952878788878356,0.0,significant
0.5,degree,0.0462737403214584,300,partial_correlation_p_value,300.0,0.3,,1.0680987893806553e-07,2.7818002407290345e-08,-0.04999989319012106,0.0,significant
0.5,degree,0.0462737403214584,300,partial_correlation_p_value,300.0,0.4,,4.961369134212258e-13,1.767628741816426e-13,-0.049999999999503865,0.0,significant
0.5,degree,0.0462737403214584,300,partial_correlation_p_value,300.0,0.5,,1.6558627351112573e-20,7.749910113655211e-21,-0.05,0.0,significant
0.5,degree,0.0462737403214584,500,partial_correlation_p_value,500.0,0.05,,0.2634924310858535,0.0197816214314594,0.21349243108585353,5.411156481782719e-56,non-significant
0.5,degree,0.0462737403214584,500,partial_correlation_p_value,500.0,0.1,,0.025054006060311104,0.0030093541573864,-0.0249459939396889,2.2448154446408353e-11,significant
0.5,degree,0.0462737403214584,500,partial_correlation_p_value,500.0,0.2,,6.313699919191115e-06,1.393685854810795e-06,-0.04999368630008081,0.0,significant
0.5,degree,0.0462737403214584,500,partial_correlation_p_value,500.0,0.3,,6.716109043816408e-12,2.2300758412129647e-12,-0.049999999993283896,0.0,significant
0.5,degree,0.0462737403214584,500,partial_correlation_p_value,500.0,0.4,,1.0365018011564428e-20,4.733409970720495e-21,-0.05,0.0,significant
0.5,degree,0.0462737403214584,500,partial_correlation_p_value,500.0,0.5,,4.1307211551450724e-33,2.484720053403495e-33,-0.05,0.0,significant
0.5,degree,0.0462737403214584,1000,partial_correlation_p_value,1000.0,0.05,,0.11371053994288459,0.0105774036025165,0.06371053994288459,2.2317301591056968e-14,non-significant
0.5,degree,0.0462737403214584,1000,partial_correlation_p_value,1000.0,0.1,,0.0015273578790529936,0.0002438726235201,-0.04847264212094701,0.0,significant
0.5,degree,0.0462737403214584,1000,partial_correlation_p_value,1000.0,0.2,,1.6849007397872172e-10,5.150676241883202e-11,-0.04999999983150993,0.0,significant
0.5,degree,0.0462737403214584,1000,partial_correlation_p_value,1000.0,0.3,,2.761398881915165e-22,1.2839816386848078e-22,-0.05,0.0,significant
0.5,degree,0.0462737403214584,1000,partial_correlation_p_value,1000.0,0.4,,8.653026414338422e-40,5.5575929732007945e-40,-0.05,0.0,significant
0.5,degree,0.0462737403214584,1000,partial_correlation_p_value,1000.0,0.5,,1.706877942166305e-64,1.4470529168848408e-64,-0.05,0.0,significant
0.05,eigenvec,0.1398679445345351,30,partial_correlation_p_value,30.0,0.05,,0.7858069815820645,0.1085521786934301,0.7358069815820645,1.3247980885603598e-12,non-significant
0.05,eigenvec,0.1398679445345351,30,partial_correlation_p_value,30.0,0.1,,0.5860649647763356,0.0972997563700956,0.5360649647763356,1.2934217224785784e-13,non-significant
0.05,eigenvec,0.1398679445345351,30,partial_correlation_p_value,30.0,0.2,,0.27242589732757794,0.0622779502526127,0.22242589732757795,1.6412273913048315e-07,non-significant
0.05,eigenvec,0.1398679445345351,30,partial_correlation_p_value,30.0,0.3,,0.09527344416868826,0.0286748807068485,0.045273444168688254,0.03639975154686469,non-significant
0.05,eigenvec,0.1398679445345351,30,partial_correlation_p_value,30.0,0.4,,0.023307657869861772,0.0089836139130326,-0.02669234213013823,0.008232199390858952,significant
0.05,eigenvec,0.1398679445345351,30,partial_correlation_p_value,30.0,0.5,,0.0035685233088176825,0.0017369597322043,-0.04643147669118232,0.0,significant
0.05,eigenvec,0.1398679445345351,50,partial_correlation_p_value,50.0,0.05,,0.724830244916418,0.1054969843328513,0.674830244916418,1.1464996721435068e-13,non-significant
0.05,eigenvec,0.1398679445345351,50,partial_correlation_p_value,50.0,0.1,,0.4805913120761051,0.0876871906438929,0.4305913120761051,2.155484971495697e-12,non-significant
0.05,eigenvec,0.1398679445345351,50,partial_correlation_p_value,50.0,0.2,,0.15515112469544967,0.0412590380318133,0.10515112469544967,0.00044304198845807426,non-significant
0.05,eigenvec,0.1398679445345351,50,partial_correlation_p_value,50.0,0.3,,0.030712033725595562,0.0111272539667453,-0.01928796627440444,0.056904091229234455,significant
0.05,eigenvec,0.1398679445345351,50,partial_correlation_p_value,50.0,0.4,,0.003302727162238229,0.0015657282845419,-0.046697272837761775,0.0,significant
0.05,eigenvec,0.1398679445345351,50,partial_correlation_p_value,50.0,0.5,,0.0001605349566003264,9.747086981574428e-05,-0.04983946504339968,0.0,significant
0.05,eigenvec,0.1398679445345351,75,partial_correlation_p_value,75.0,0.05,,0.6658561263349685,0.1020711203864622,0.6158561263349684,4.662100418570582e-14,non-significant
0.05,eigenvec,0.1398679445345351,75,partial_correlation_p_value,75.0,0.1,,0.3868655898413166,0.0772018345611625,0.3368655898413166,1.3987262636091377e-10,non-significant
0.05,eigenvec,0.1398679445345351,75,partial_correlation_p_value,75.0,0.2,,0.08116706380718447,0.0247264086806243,0.031167063807184467,0.08857191059563074,non-significant
0.05,eigenvec,0.1398679445345351,75,partial_correlation_p_value,75.0,0.3,,0.008030434893107933,0.00341709408328,-0.04196956510689207,1.4028433970025844e-10,significant
0.05,eigenvec,0.1398679445345351,75,partial_correlation_p_value,75.0,0.4,,0.00031301084080057913,0.0001767905328778,-0.049686989159199425,0.0,significant
0.05,eigenvec,0.1398679445345351,75,partial_correlation_p_value,75.0,0.5,,3.657912410473166e-06,2.669267914100285e-06,-0.04999634208758953,0.0,significant
0.05,eigenvec,0.1398679445345351,100,partial_correlation_p_value,100.0,0.05,,0.6177343076882446,0.0988424961534484,0.5677343076882445,5.2196315135796373e-14,non-significant
0.05,eigenvec,0.1398679445345351,100,partial_correlation_p_value,100.0,0.1,,0.3173043978741975,0.0680294674618582,0.2673043978741975,6.6986122553800784e-09,non-significant
0.05,eigenvec,0.1398679445345351,100,partial_correlation_p_value,100.0,0.2,,0.043860884260170395,0.0148313599167343,-0.006139115739829608,0.3077080395230264,significant
0.05,eigenvec,0.1398679445345351,100,partial_correlation_p_value,100.0,0.3,,0.0021883947254214523,0.001050277008777,-0.04781160527457855,0.0,significant
0.05,eigenvec,0.1398679445345351,100,partial_correlation_p_value,100.0,0.4,,3.109559952288662e-05,1.997926920850447e-05,-0.04996890440047712,0.0,significant
0.05,eigenvec,0.1398679445345351,100,partial_correlation_p_value,100.0,0.5,,8.769694091866885e-08,7.316232134241867e-08,-0.049999912303059085,0.0,significant
0.05,eigenvec,0.1398679445345351,300,partial_correlation_p_value,300.0,0.05,,0.3865747744849377,0.0768246477361862,0.3365747744849377,1.1744055981099577e-10,non-significant
0.05,eigenvec,0.1398679445345351,300,partial_correlation_p_value,300.0,0.1,,0.0827480032540806,0.0248589607284898,0.0327480032540806,0.07717413902652222,non-significant
0.05,eigenvec,0.1398679445345351,300,partial_correlation_p_value,300.0,0.2,,0.00047121211121644706,0.000249787508027,-0.04952878788878356,0.0,significant
0.05,eigenvec,0.1398679445345351,300,partial_correlation_p_value,300.0,0.3,,1.0680987893806553e-07,8.408325738821156e-08,-0.04999989319012106,0.0,significant
0.05,eigenvec,0.1398679445345351,300,partial_correlation_p_value,300.0,0.4,,4.961369134212258e-13,5.342870429330315e-13,-0.049999999999503865,0.0,significant
0.05,eigenvec,0.1398679445345351,300,partial_correlation_p_value,300.0,0.5,,1.6558627351112573e-20,2.342503524448608e-20,-0.05,0.0,significant
0.05,eigenvec,0.1398679445345351,500,partial_correlation_p_value,500.0,0.05,,0.2634924310858535,0.0597923295147053,0.21349243108585353,1.7633984996358316e-07,non-significant
0.05,eigenvec,0.1398679445345351,500,partial_correlation_p_value,500.0,0.1,,0.025054006060311104,0.0090961348152553,-0.0249459939396889,0.011506432354916885,significant
0.05,eigenvec,0.1398679445345351,500,partial_correlation_p_value,500.0,0.2,,6.313699919191115e-06,4.212583086758758e-06,-0.04999368630008081,0.0,significant
0.05,eigenvec,0.1398679445345351,500,partial_correlation_p_value,500.0,0.3,,6.716109043816408e-12,6.740672396476616e-12,-0.049999999993283896,0.0,significant
0.05,eigenvec,0.1398679445345351,500,partial_correlation_p_value,500.0,0.4,,1.0365018011564428e-20,1.4307300828607057e-20,-0.05,0.0,significant
0.05,eigenvec,0.1398679445345351,500,partial_correlation_p_value,500.0,0.5,,4.1307211551450724e-33,7.510365148765089e-33,-0.05,0.0,significant
0.05,eigenvec,0.1398679445345351,1000,partial_correlation_p_value,1000.0,0.05,,0.11371053994288459,0.031971474320396,0.06371053994288459,0.008128111263228065,non-significant
0.05,eigenvec,0.1398679445345351,1000,partial_correlation_p_value,1000.0,0.1,,0.0015273578790529936,0.0007371343302497,-0.04847264212094701,0.0,significant
0.05,eigenvec,0.1398679445345351,1000,partial_correlation_p_value,1000.0,0.2,,1.6849007397872172e-10,1.5568538309426252e-10,-0.04999999983150993,0.0,significant
0.05,eigenvec,0.1398679445345351,1000,partial_correlation_p_value,1000.0,0.3,,2.761398881915165e-22,3.8809889015962774e-22,-0.05,0.0,significant
0.05,eigenvec,0.1398679445345351,1000,partial_correlation_p_value,1000.0,0.4,,8.653026414338422e-40,1.6798493061532396e-39,-0.05,0.0,significant
0.05,eigenvec,0.1398679445345351,1000,partial_correlation_p_value,1000.0,0.5,,1.706877942166305e-64,4.373891449261762e-64,-0.05,0.0,significant
0.1,eigenvec,0.0905767239637379,30,partial_correlation_p_value,30.0,0.05,,0.7858069815820645,0.0702970273703383,0.7358069815820645,1.2084949958386245e-28,non-significant
0.1,eigenvec,0.0905767239637379,30,partial_correlation_p_value,30.0,0.1,,0.5860649647763356,0.0630101000182857,0.5360649647763356,9.865850556908848e-31,non-significant
0.1,eigenvec,0.0905767239637379,30,partial_correlation_p_value,30.0,0.2,,0.27242589732757794,0.0403304182944183,0.22242589732757795,6.329049302532072e-16,non-significant
0.1,eigenvec,0.0905767239637379,30,partial_correlation_p_value,30.0,0.3,,0.09527344416868826,0.018569492553285,0.045273444168688254,0.00207115907026808,non-significant
0.1,eigenvec,0.0905767239637379,30,partial_correlation_p_value,30.0,0.4,,0.023307657869861772,0.0058176755246206,-0.02669234213013823,0.00015680312151755693,significant
0.1,eigenvec,0.0905767239637379,30,partial_correlation_p_value,30.0,0.5,,0.0035685233088176825,0.0011248333041825,-0.04643147669118232,0.0,significant
0.1,eigenvec,0.0905767239637379,50,partial_correlation_p_value,50.0,0.05,,0.724830244916418,0.0683185218795009,0.674830244916418,4.562215839861402e-31,non-significant
0.1,eigenvec,0.0905767239637379,50,partial_correlation_p_value,50.0,0.1,,0.4805913120761051,0.0567851231998799,0.4305913120761051,1.0867460193028055e-27,non-significant
0.1,eigenvec,0.0905767239637379,50,partial_correlation_p_value,50.0,0.2,,0.15515112469544967,0.0267188347641312,0.10515112469544967,8.370570047497271e-08,non-significant
0.1,eigenvec,0.0905767239637379,50,partial_correlation_p_value,50.0,0.3,,0.030712033725595562,0.0072058698965969,-0.01928796627440444,0.00951885213278958,significant
0.1,eigenvec,0.0905767239637379,50,partial_correlation_p_value,50.0,0.4,,0.003302727162238229,0.0010139459695581,-0.046697272837761775,0.0,significant
0.1,eigenvec,0.0905767239637379,50,partial_correlation_p_value,50.0,0.5,,0.0001605349566003264,6.312091093628831e-05,-0.04983946504339968,0.0,significant
0.1,eigenvec,0.0905767239637379,75,partial_correlation_p_value,75.0,0.05,,0.6658561263349685,0.0660999754209677,0.6158561263349684,6.687998663154333e-32,non-significant
0.1,eigenvec,0.0905767239637379,75,partial_correlation_p_value,75.0,0.1,,0.3868655898413166,0.0499949383099284,0.3368655898413166,2.759130607328714e-23,non-significant
0.1,eigenvec,0.0905767239637379,75,partial_correlation_p_value,75.0,0.2,,0.08116706380718447,0.0160125116668636,0.031167063807184467,0.014683514476743353,non-significant
0.1,eigenvec,0.0905767239637379,75,partial_correlation_p_value,75.0,0.3,,0.008030434893107933,0.0022128672053442,-0.04196956510689207,0.0,significant
0.1,eigenvec,0.0905767239637379,75,partial_correlation_p_value,75.0,0.4,,0.00031301084080057913,0.0001144873283808,-0.049686989159199425,0.0,significant
0.1,eigenvec,0.0905767239637379,75,partial_correlation_p_value,75.0,0.5,,3.657912410473166e-06,1.7285843718181413e-06,-0.04999634208758953,0.0,significant
0.1,eigenvec,0.0905767239637379,100,partial_correlation_p_value,100.0,0.05,,0.6177343076882446,0.0640091589232382,0.5677343076882445,1.0353713566367279e-31,non-significant
0.1,eigenvec,0.0905767239637379,100,partial_correlation_p_value,100.0,0.1,,0.3173043978741975,0.0440550285928551,0.2673043978741975,3.062407053768714e-19,non-significant
0.1,eigenvec,0.0905767239637379,100,partial_correlation_p_value,100.0,0.2,,0.043860884260170395,0.0096046023815928,-0.006139115739829608,0.24795365571391403,significant
0.1,eigenvec,0.0905767239637379,100,partial_correlation_p_value,100.0,0.3,,0.0021883947254214523,0.0006801461980873,-0.04781160527457855,0.0,significant
0.1,eigenvec,0.0905767239637379,100,partial_correlation_p_value,100.0,0.4,,3.109559952288662e-05,1.2938323774745196e-05,-0.04996890440047712,0.0,significant
0.1,eigenvec,0.0905767239637379,100,partial_correlation_p_value,100.0,0.5,,8.769694091866885e-08,4.737900029082294e-08,-0.049999912303059085,0.0,significant
0.1,eigenvec,0.0905767239637379,300,partial_correlation_p_value,300.0,0.05,,0.3865747744849377,0.0497506768600134,0.3365747744849377,1.8306272620359826e-23,non-significant
0.1,eigenvec,0.0905767239637379,300,partial_correlation_p_value,300.0,0.1,,0.0827480032540806,0.0160983507080413,0.0327480032540806,0.01092459554507488,non-significant
0.1,eigenvec,0.0905767239637379,300,partial_correlation_p_value,300.0,0.2,,0.00047121211121644706,0.0001617592525538,-0.04952878788878356,0.0,significant
0.1,eigenvec,0.0905767239637379,300,partial_correlation_p_value,300.0,0.3,,1.0680987893806553e-07,5.445126129342298e-08,-0.04999989319012106,0.0,significant
0.1,eigenvec,0.0905767239637379,300,partial_correlation_p_value,300.0,0.4,,4.961369134212258e-13,3.459975776879877e-13,-0.049999999999503865,0.0,significant
0.1,eigenvec,0.0905767239637379,300,partial_correlation_p_value,300.0,0.5,,1.6558627351112573e-20,1.516975857650327e-20,-0.05,0.0,significant
0.1,eigenvec,0.0905767239637379,500,partial_correlation_p_value,500.0,0.05,,0.2634924310858535,0.0387207615270638,0.21349243108585353,7.701208242229155e-16,non-significant
0.1,eigenvec,0.0905767239637379,500,partial_correlation_p_value,500.0,0.1,,0.025054006060311104,0.0058905426474963,-0.0249459939396889,0.0003183641800771353,significant
0.1,eigenvec,0.0905767239637379,500,partial_correlation_p_value,500.0,0.2,,6.313699919191115e-06,2.7280158916573383e-06,-0.04999368630008081,0.0,significant
0.1,eigenvec,0.0905767239637379,500,partial_correlation_p_value,500.0,0.3,,6.716109043816408e-12,4.365174772657779e-12,-0.049999999993283896,0.0,significant
0.1,eigenvec,0.0905767239637379,500,partial_correlation_p_value,500.0,0.4,,1.0365018011564428e-20,9.265228298961127e-21,-0.05,0.0,significant
0.1,eigenvec,0.0905767239637379,500,partial_correlation_p_value,500.0,0.5,,4.1307211551450724e-33,4.863618130733361e-33,-0.05,0.0,significant
0.1,eigenvec,0.0905767239637379,1000,partial_correlation_p_value,1000.0,0.05,,0.11371053994288459,0.0207043251680675,0.06371053994288459,7.081108266598747e-05,non-significant
0.1,eigenvec,0.0905767239637379,1000,partial_correlation_p_value,1000.0,0.1,,0.0015273578790529936,0.0004773589329379,-0.04847264212094701,0.0,significant
0.1,eigenvec,0.0905767239637379,1000,partial_correlation_p_value,1000.0,0.2,,1.6849007397872172e-10,1.0081989848814841e-10,-0.04999999983150993,0.0,significant
0.1,eigenvec,0.0905767239637379,1000,partial_correlation_p_value,1000.0,0.3,,2.761398881915165e-22,2.513279662585018e-22,-0.05,0.0,significant
0.1,eigenvec,0.0905767239637379,1000,partial_correlation_p_value,1000.0,0.4,,8.653026414338422e-40,1.08784930965043e-39,-0.05,0.0,significant
0.1,eigenvec,0.0905767239637379,1000,partial_correlation_p_value,1000.0,0.5,,1.706877942166305e-64,2.8324771609789142e-64,-0.05,0.0,significant
0.2,eigenvec,0.0713615239924139,30,partial_correlation_p_value,30.0,0.05,,0.7858069815820645,0.0553840190476762,0.7358069815820645,1.982712975419371e-45,non-significant
0.2,eigenvec,0.0713615239924139,30,partial_correlation_p_value,30.0,0.1,,0.5860649647763356,0.0496429608783318,0.5360649647763356,1.1908292763325077e-48,non-significant
0.2,eigenvec,0.0713615239924139,30,partial_correlation_p_value,30.0,0.2,,0.27242589732757794,0.0317746103722346,0.22242589732757795,1.0950327430593585e-24,non-significant
0.2,eigenvec,0.0713615239924139,30,partial_correlation_p_value,30.0,0.3,,0.09527344416868826,0.01463010838081,0.045273444168688254,0.00012004768630633701,non-significant
0.2,eigenvec,0.0713615239924139,30,partial_correlation_p_value,30.0,0.4,,0.023307657869861772,0.0045834975406761,-0.02669234213013823,2.8178214747098806e-06,significant
0.2,eigenvec,0.0713615239924139,30,partial_correlation_p_value,30.0,0.5,,0.0035685233088176825,0.0008862080158255,-0.04643147669118232,0.0,significant
0.2,eigenvec,0.0713615239924139,50,partial_correlation_p_value,50.0,0.05,,0.724830244916418,0.0538252392544255,0.674830244916418,2.7764748460234017e-49,non-significant
0.2,eigenvec,0.0713615239924139,50,partial_correlation_p_value,50.0,0.1,,0.4805913120761051,0.0447385680813839,0.4305913120761051,1.0784046302873496e-43,non-significant
0.2,eigenvec,0.0713615239924139,50,partial_correlation_p_value,50.0,0.2,,0.15515112469544967,0.0210506263047583,0.10515112469544967,1.2330999136461809e-11,non-significant
0.2,eigenvec,0.0713615239924139,50,partial_correlation_p_value,50.0,0.3,,0.030712033725595562,0.0056771964695707,-0.01928796627440444,0.0016274676127164822,significant
0.2,eigenvec,0.0713615239924139,50,partial_correlation_p_value,50.0,0.4,,0.003302727162238229,0.000798844631018,-0.046697272837761775,0.0,significant
0.2,eigenvec,0.0713615239924139,50,partial_correlation_p_value,50.0,0.5,,0.0001605349566003264,4.973026405775376e-05,-0.04983946504339968,0.0,significant
0.2,eigenvec,0.0713615239924139,75,partial_correlation_p_value,75.0,0.05,,0.6658561263349685,0.0520773414568382,0.6158561263349684,1.3915045644275356e-50,non-significant
0.2,eigenvec,0.0713615239924139,75,partial_correlation_p_value,75.0,0.1,,0.3868655898413166,0.0393888720366121,0.3368655898413166,1.4616265658795978e-36,non-significant
0.2,eigenvec,0.0713615239924139,75,partial_correlation_p_value,75.0,0.2,,0.08116706380718447,0.0126155725829868,0.031167063807184467,0.0025723338761715025,non-significant
0.2,eigenvec,0.0713615239924139,75,partial_correlation_p_value,75.0,0.3,,0.008030434893107933,0.0017434233570803,-0.04196956510689207,0.0,significant
0.2,eigenvec,0.0713615239924139,75,partial_correlation_p_value,75.0,0.4,,0.00031301084080057913,9.01996658031961e-05,-0.049686989159199425,0.0,significant
0.2,eigenvec,0.0713615239924139,75,partial_correlation_p_value,75.0,0.5,,3.657912410473166e-06,1.3618776405712856e-06,-0.04999634208758953,0.0,significant
0.2,eigenvec,0.0713615239924139,100,partial_correlation_p_value,100.0,0.05,,0.6177343076882446,0.0504300766283355,0.5677343076882445,3.029216945506772e-50,non-significant
0.2,eigenvec,0.0713615239924139,100,partial_correlation_p_value,100.0,0.1,,0.3173043978741975,0.0347090714075079,0.2673043978741975,4.990092003563228e-30,non-significant
0.2,eigenvec,0.0713615239924139,100,partial_correlation_p_value,100.0,0.2,,0.043860884260170395,0.0075670551251779,-0.006139115739829608,0.20285085161138228,significant
0.2,eigenvec,0.0713615239924139,100,partial_correlation_p_value,100.0,0.3,,0.0021883947254214523,0.0005358580782032,-0.04781160527457855,0.0,significant
0.2,eigenvec,0.0713615239924139,100,partial_correlation_p_value,100.0,0.4,,3.109559952288662e-05,1.0193551522604612e-05,-0.04996890440047712,0.0,significant
0.2,eigenvec,0.0713615239924139,100,partial_correlation_p_value,100.0,0.5,,8.769694091866885e-08,3.732788643740012e-08,-0.049999912303059085,0.0,significant
0.2,eigenvec,0.0713615239924139,300,partial_correlation_p_value,300.0,0.05,,0.3865747744849377,0.0391964288949777,0.3365747744849377,7.569258718331793e-37,non-significant
0.2,eigenvec,0.0713615239924139,300,partial_correlation_p_value,300.0,0.1,,0.0827480032540806,0.012683201489492,0.0327480032540806,0.0016264008144247352,non-significant
0.2,eigenvec,0.0713615239924139,300,partial_correlation_p_value,300.0,0.2,,0.00047121211121644706,0.0001274431915504,-0.04952878788878356,0.0,significant
0.2,eigenvec,0.0713615239924139,300,partial_correlation_p_value,300.0,0.3,,1.0680987893806553e-07,4.2899818178050245e-08,-0.04999989319012106,0.0,significant
0.2,eigenvec,0.0713615239924139,300,partial_correlation_p_value,300.0,0.4,,4.961369134212258e-13,2.725966822489998e-13,-0.049999999999503865,0.0,significant
0.2,eigenvec,0.0713615239924139,300,partial_correlation_p_value,300.0,0.5,,1.6558627351112573e-20,1.1951603494178644e-20,-0.05,0.0,significant
0.2,eigenvec,0.0713615239924139,500,partial_correlation_p_value,500.0,0.05,,0.2634924310858535,0.0305064307009417,0.21349243108585353,1.5183817549380605e-24,non-significant
0.2,eigenvec,0.0713615239924139,500,partial_correlation_p_value,500.0,0.1,,0.025054006060311104,0.0046409064279685,-0.0249459939396889,8.451195317782378e-06,significant
0.2,eigenvec,0.0713615239924139,500,partial_correlation_p_value,500.0,0.2,,6.313699919191115e-06,2.149286957895819e-06,-0.04999368630008081,0.0,significant
0.2,eigenvec,0.0713615239924139,500,partial_correlation_p_value,500.0,0.3,,6.716109043816408e-12,3.4391343673989386e-12,-0.049999999993283896,0.0,significant
0.2,eigenvec,0.0713615239924139,500,partial_correlation_p_value,500.0,0.4,,1.0365018011564428e-20,7.299676811188362e-21,-0.05,0.0,significant
0.2,eigenvec,0.0713615239924139,500,partial_correlation_p_value,500.0,0.5,,4.1307211551450724e-33,3.831836555108997e-33,-0.05,0.0,significant
0.2,eigenvec,0.0713615239924139,1000,partial_correlation_p_value,1000.0,0.05,,0.11371053994288459,0.0163120516239834,0.06371053994288459,5.791105895910285e-07,non-significant
0.2,eigenvec,0.0713615239924139,1000,partial_correlation_p_value,1000.0,0.1,,0.0015273578790529936,0.0003760906715888,-0.04847264212094701,0.0,significant
0.2,eigenvec,0.0713615239924139,1000,partial_correlation_p_value,1000.0,0.2,,1.6849007397872172e-10,7.943168277707965e-11,-0.04999999983150993,0.0,significant
0.2,eigenvec,0.0713615239924139,1000,partial_correlation_p_value,1000.0,0.3,,2.761398881915165e-22,1.9801054740399909e-22,-0.05,0.0,significant
0.2,eigenvec,0.0713615239924139,1000,partial_correlation_p_value,1000.0,0.4,,8.653026414338422e-40,8.570699095037838e-40,-0.05,0.0,significant
0.2,eigenvec,0.0713615239924139,1000,partial_correlation_p_value,1000.0,0.5,,1.706877942166305e-64,2.231587520896464e-64,-0.05,0.0,significant
0.3,eigenvec,0.0642381897342349,30,partial_correlation_p_value,30.0,0.05,,0.7858069815820645,0.0498555653633086,0.7358069815820645,9.047860636125664e-56,non-significant
0.3,eigenvec,0.0642381897342349,30,partial_correlation_p_value,30.0,0.1,,0.5860649647763356,0.0446875817872175,0.5360649647763356,1.0859014189579233e-59,non-significant
0.3,eigenvec,0.0642381897342349,30,partial_correlation_p_value,30.0,0.2,,0.27242589732757794,0.0286028567725092,0.22242589732757795,4.4658924210130235e-30,non-significant
0.3,eigenvec,0.0642381897342349,30,partial_correlation_p_value,30.0,0.3,,0.09527344416868826,0.0131697254405441,0.045273444168688254,2.1440841951222037e-05,non-significant
0.3,eigenvec,0.0642381897342349,30,partial_correlation_p_value,30.0,0.4,,0.023307657869861772,0.0041259710862628,-0.02669234213013823,2.438180976005455e-07,significant
0.3,eigenvec,0.0642381897342349,30,partial_correlation_p_value,30.0,0.5,,0.0035685233088176825,0.0007977463972133,-0.04643147669118232,0.0,significant
0.3,eigenvec,0.0642381897342349,50,partial_correlation_p_value,50.0,0.05,,0.724830244916418,0.0484523835573346,0.674830244916418,1.659201378647253e-60,non-significant
0.3,eigenvec,0.0642381897342349,50,partial_correlation_p_value,50.0,0.1,,0.4805913120761051,0.0402727473302762,0.4305913120761051,1.4944241419879493e-53,non-significant
0.3,eigenvec,0.0642381897342349,50,partial_correlation_p_value,50.0,0.2,,0.15515112469544967,0.0189493448420929,0.10515112469544967,5.539248735433649e-14,non-significant
0.3,eigenvec,0.0642381897342349,50,partial_correlation_p_value,50.0,0.3,,0.030712033725595562,0.0051104965752915,-0.01928796627440444,0.0005623671367983585,significant
0.3,eigenvec,0.0642381897342349,50,partial_correlation_p_value,50.0,0.4,,0.003302727162238229,0.0007191036584499,-0.046697272837761775,0.0,significant
0.3,eigenvec,0.0642381897342349,50,partial_correlation_p_value,50.0,0.5,,0.0001605349566003264,4.476617033031958e-05,-0.04983946504339968,0.0,significant
0.3,eigenvec,0.0642381897342349,75,partial_correlation_p_value,75.0,0.05,,0.6658561263349685,0.0468789615775938,0.6158561263349684,4.2877545255911085e-62,non-significant
0.3,eigenvec,0.0642381897342349,75,partial_correlation_p_value,75.0,0.1,,0.3868655898413166,0.035457059963775,0.3368655898413166,9.765041417279155e-45,non-significant
0.3,eigenvec,0.0642381897342349,75,partial_correlation_p_value,75.0,0.2,,0.08116706380718447,0.0113562813663855,0.031167063807184467,0.0009062589572678145,non-significant
0.3,eigenvec,0.0642381897342349,75,partial_correlation_p_value,75.0,0.3,,0.008030434893107933,0.0015693941795739,-0.04196956510689207,0.0,significant
0.3,eigenvec,0.0642381897342349,75,partial_correlation_p_value,75.0,0.4,,0.00031301084080057913,8.119590111957601e-05,-0.049686989159199425,0.0,significant
0.3,eigenvec,0.0642381897342349,75,partial_correlation_p_value,75.0,0.5,,3.657912410473166e-06,1.2259345004897942e-06,-0.04999634208758953,0.0,significant
0.3,eigenvec,0.0642381897342349,100,partial_correlation_p_value,100.0,0.05,,0.6177343076882446,0.0453961273459827,0.5677343076882445,1.1519519958710486e-61,non-significant
0.3,eigenvec,0.0642381897342349,100,partial_correlation_p_value,100.0,0.1,,0.3173043978741975,0.0312443987997176,0.2673043978741975,1.1437037418248812e-36,non-significant
0.3,eigenvec,0.0642381897342349,100,partial_correlation_p_value,100.0,0.2,,0.043860884260170395,0.0068117088266258,-0.006139115739829608,0.1807839156538723,significant
0.3,eigenvec,0.0642381897342349,100,partial_correlation_p_value,100.0,0.3,,0.0021883947254214523,0.0004823685225935,-0.04781160527457855,0.0,significant
0.3,eigenvec,0.0642381897342349,100,partial_correlation_p_value,100.0,0.4,,3.109559952288662e-05,9.176027362369454e-06,-0.04996890440047712,0.0,significant
0.3,eigenvec,0.0642381897342349,100,partial_correlation_p_value,100.0,0.5,,8.769694091866885e-08,3.360180272493324e-08,-0.049999912303059085,0.0,significant
0.3,eigenvec,0.0642381897342349,300,partial_correlation_p_value,300.0,0.05,,0.3865747744849377,0.0352838265691704,0.3365747744849377,4.33989078217096e-45,non-significant
0.3,eigenvec,0.0642381897342349,300,partial_correlation_p_value,300.0,0.1,,0.0827480032540806,0.0114171595299188,0.0327480032540806,0.0005185674566392528,non-significant
0.3,eigenvec,0.0642381897342349,300,partial_correlation_p_value,300.0,0.2,,0.00047121211121644706,0.0001147217640702,-0.04952878788878356,0.0,significant
0.3,eigenvec,0.0642381897342349,300,partial_correlation_p_value,300.0,0.3,,1.0680987893806553e-07,3.8617542136273984e-08,-0.04999989319012106,0.0,significant
0.3,eigenvec,0.0642381897342349,300,partial_correlation_p_value,300.0,0.4,,4.961369134212258e-13,2.453859785435036e-13,-0.049999999999503865,0.0,significant
0.3,eigenvec,0.0642381897342349,300,partial_correlation_p_value,300.0,0.5,,1.6558627351112573e-20,1.075858992261724e-20,-0.05,0.0,significant
0.3,eigenvec,0.0642381897342349,500,partial_correlation_p_value,500.0,0.05,,0.2634924310858535,0.027461267274641,0.21349243108585353,6.712128548744364e-30,non-significant
0.3,eigenvec,0.0642381897342349,500,partial_correlation_p_value,500.0,0.1,,0.025054006060311104,0.0041776493967585,-0.0249459939396889,9.298962990733628e-07,significant
0.3,eigenvec,0.0642381897342349,500,partial_correlation_p_value,500.0,0.2,,6.313699919191115e-06,1.93474432257508e-06,-0.04999368630008081,0.0,significant
0.3,eigenvec,0.0642381897342349,500,partial_correlation_p_value,500.0,0.3,,6.716109043816408e-12,3.095838676847572e-12,-0.049999999993283896,0.0,significant
0.3,eigenvec,0.0642381897342349,500,partial_correlation_p_value,500.0,0.4,,1.0365018011564428e-20,6.5710203168525546e-21,-0.05,0.0,significant
0.3,eigenvec,0.0642381897342349,500,partial_correlation_p_value,500.0,0.5,,4.1307211551450724e-33,3.449341183966808e-33,-0.05,0.0,significant
0.3,eigenvec,0.0642381897342349,1000,partial_correlation_p_value,1000.0,0.05,,0.11371053994288459,0.0146837764743851,0.06371053994288459,3.0966015556138046e-08,non-significant
0.3,eigenvec,0.0642381897342349,1000,partial_correlation_p_value,1000.0,0.1,,0.0015273578790529936,0.0003385491588067,-0.04847264212094701,0.0,significant
0.3,eigenvec,0.0642381897342349,1000,partial_correlation_p_value,1000.0,0.2,,1.6849007397872172e-10,7.150278222317713e-11,-0.04999999983150993,0.0,significant
0.3,eigenvec,0.0642381897342349,1000,partial_correlation_p_value,1000.0,0.3,,2.761398881915165e-22,1.7824505982901923e-22,-0.05,0.0,significant
0.3,eigenvec,0.0642381897342349,1000,partial_correlation_p_value,1000.0,0.4,,8.653026414338422e-40,7.715168676619127e-40,-0.05,0.0,significant
0.3,eigenvec,0.0642381897342349,1000,partial_correlation_p_value,1000.0,0.5,,1.706877942166305e-64,2.008829612315133e-64,-0.05,0.0,significant
0.4,eigenvec,0.0617705742838201,30,partial_correlation_p_value,30.0,0.05,,0.7858069815820645,0.0479404372457723,0.7358069815820645,3.2840360659211274e-60,non-significant
0.4,eigenvec,0.0617705742838201,30,partial_correlation_p_value,30.0,0.1,,0.5860649647763356,0.0429709741474937,0.5360649647763356,1.973314069282347e-64,non-significant
0.4,eigenvec,0.0617705742838201,30,partial_correlation_p_value,30.0,0.2,,0.27242589732757794,0.0275041201550882,0.22242589732757795,2.1724592305832345e-32,non-significant
0.4,eigenvec,0.0617705742838201,30,partial_correlation_p_value,30.0,0.3,,0.09527344416868826,0.0126638298337523,0.045273444168688254,1.0281967325079582e-05,non-significant
0.4,eigenvec,0.0617705742838201,30,partial_correlation_p_value,30.0,0.4,,0.023307657869861772,0.0039674779835999,-0.02669234213013823,8.562264375289175e-08,significant
0.4,eigenvec,0.0617705742838201,30,partial_correlation_p_value,30.0,0.5,,0.0035685233088176825,0.0007671021442632,-0.04643147669118232,0.0,significant
0.4,eigenvec,0.0617705742838201,50,partial_correlation_p_value,50.0,0.05,,0.724830244916418,0.0465911566023075,0.674830244916418,2.514502241978951e-65,non-significant
0.4,eigenvec,0.0617705742838201,50,partial_correlation_p_value,50.0,0.1,,0.4805913120761051,0.0387257290541699,0.4305913120761051,8.741704067813192e-58,non-significant
0.4,eigenvec,0.0617705742838201,50,partial_correlation_p_value,50.0,0.2,,0.15515112469544967,0.0182214336680539,0.10515112469544967,5.462053750712689e-15,non-significant
0.4,eigenvec,0.0617705742838201,50,partial_correlation_p_value,50.0,0.3,,0.030712033725595562,0.0049141843759494,-0.01928796627440444,0.00035775894636635996,significant
0.4,eigenvec,0.0617705742838201,50,partial_correlation_p_value,50.0,0.4,,0.003302727162238229,0.0006914803504865,-0.046697272837761775,0.0,significant
0.4,eigenvec,0.0617705742838201,50,partial_correlation_p_value,50.0,0.5,,0.0001605349566003264,4.304654382745557e-05,-0.04983946504339968,0.0,significant
0.4,eigenvec,0.0617705742838201,75,partial_correlation_p_value,75.0,0.05,,0.6658561263349685,0.0450781753106261,0.6158561263349684,4.888718570078923e-67,non-significant
0.4,eigenvec,0.0617705742838201,75,partial_correlation_p_value,75.0,0.1,,0.3868655898413166,0.034095029225442,0.3368655898413166,3.01944413835924e-48,non-significant
0.4,eigenvec,0.0617705742838201,75,partial_correlation_p_value,75.0,0.2,,0.08116706380718447,0.0109200465429123,0.031167063807184467,0.000581649047563958,non-significant
0.4,eigenvec,0.0617705742838201,75,partial_correlation_p_value,75.0,0.3,,0.008030434893107933,0.0015091082135258,-0.04196956510689207,0.0,significant
0.4,eigenvec,0.0617705742838201,75,partial_correlation_p_value,75.0,0.4,,0.00031301084080057913,7.807688016114078e-05,-0.049686989159199425,0.0,significant
0.4,eigenvec,0.0617705742838201,75,partial_correlation_p_value,75.0,0.5,,3.657912410473166e-06,1.1788420321758411e-06,-0.04999634208758953,0.0,significant
0.4,eigenvec,0.0617705742838201,100,partial_correlation_p_value,100.0,0.05,,0.6177343076882446,0.0436523019721452,0.5677343076882445,1.4376380909760697e-66,non-significant
0.4,eigenvec,0.0617705742838201,100,partial_correlation_p_value,100.0,0.1,,0.3173043978741975,0.0300441912357113,0.2673043978741975,1.6151196444053204e-39,non-significant
0.4,eigenvec,0.0617705742838201,100,partial_correlation_p_value,100.0,0.2,,0.043860884260170395,0.006550047064147,-0.006139115739829608,0.1723173382049863,significant
0.4,eigenvec,0.0617705742838201,100,partial_correlation_p_value,100.0,0.3,,0.0021883947254214523,0.0004638390462171,-0.04781160527457855,0.0,significant
0.4,eigenvec,0.0617705742838201,100,partial_correlation_p_value,100.0,0.4,,3.109559952288662e-05,8.823543785442868e-06,-0.04996890440047712,0.0,significant
0.4,eigenvec,0.0617705742838201,100,partial_correlation_p_value,100.0,0.5,,8.769694091866885e-08,3.23110389610589e-08,-0.049999912303059085,0.0,significant
0.4,eigenvec,0.0617705742838201,300,partial_correlation_p_value,300.0,0.05,,0.3865747744849377,0.0339284503365578,0.3365747744849377,1.2566045981673211e-48,non-significant
0.4,eigenvec,0.0617705742838201,300,partial_correlation_p_value,300.0,0.1,,0.0827480032540806,0.0109785861614531,0.0327480032540806,0.0003188792900242306,non-significant
0.4,eigenvec,0.0617705742838201,300,partial_correlation_p_value,300.0,0.2,,0.00047121211121644706,0.0001103148964625,-0.04952878788878356,0.0,significant
0.4,eigenvec,0.0617705742838201,300,partial_correlation_p_value,300.0,0.3,,1.0680987893806553e-07,3.713410612995501e-08,-0.04999989319012106,0.0,significant
0.4,eigenvec,0.0617705742838201,300,partial_correlation_p_value,300.0,0.4,,4.961369134212258e-13,2.359598375754246e-13,-0.049999999999503865,0.0,significant
0.4,eigenvec,0.0617705742838201,300,partial_correlation_p_value,300.0,0.5,,1.6558627351112573e-20,1.0345314535693024e-20,-0.05,0.0,significant
0.4,eigenvec,0.0617705742838201,500,partial_correlation_p_value,500.0,0.05,,0.2634924310858535,0.0264063831364791,0.21349243108585353,3.3801691525211615e-32,non-significant
0.4,eigenvec,0.0617705742838201,500,partial_correlation_p_value,500.0,0.1,,0.025054006060311104,0.0040171711479083,-0.0249459939396889,3.6205095521602004e-07,significant
0.4,eigenvec,0.0617705742838201,500,partial_correlation_p_value,500.0,0.2,,6.313699919191115e-06,1.860423968861186e-06,-0.04999368630008081,0.0,significant
0.4,eigenvec,0.0617705742838201,500,partial_correlation_p_value,500.0,0.3,,6.716109043816408e-12,2.976916593541892e-12,-0.049999999993283896,0.0,significant
0.4,eigenvec,0.0617705742838201,500,partial_correlation_p_value,500.0,0.4,,1.0365018011564428e-20,6.318604248997307e-21,-0.05,0.0,significant
0.4,eigenvec,0.0617705742838201,500,partial_correlation_p_value,500.0,0.5,,4.1307211551450724e-33,3.31683982247884e-33,-0.05,0.0,significant
0.4,eigenvec,0.0617705742838201,1000,partial_correlation_p_value,1000.0,0.05,,0.11371053994288459,0.0141197208269807,0.06371053994288459,8.847696760900374e-09,non-significant
0.4,eigenvec,0.0617705742838201,1000,partial_correlation_p_value,1000.0,0.1,,0.0015273578790529936,0.000325544291477,-0.04847264212094701,0.0,significant
0.4,eigenvec,0.0617705742838201,1000,partial_correlation_p_value,1000.0,0.2,,1.6849007397872172e-10,6.875610815139015e-11,-0.04999999983150993,0.0,significant
0.4,eigenvec,0.0617705742838201,1000,partial_correlation_p_value,1000.0,0.3,,2.761398881915165e-22,1.7139803837007254e-22,-0.05,0.0,significant
0.4,eigenvec,0.0617705742838201,1000,partial_correlation_p_value,1000.0,0.4,,8.653026414338422e-40,7.418801834593448e-40,-0.05,0.0,significant
0.4,eigenvec,0.0617705742838201,1000,partial_correlation_p_value,1000.0,0.5,,1.706877942166305e-64,1.931663381306637e-64,-0.05,0.0,significant
0.5,eigenvec,0.059867389460399,30,partial_correlation_p_value,30.0,0.05,,0.7858069815820645,0.046463366429252,0.7358069815820645,5.144585262478754e-64,non-significant
0.5,eigenvec,0.059867389460399,30,partial_correlation_p_value,30.0,0.1,,0.5860649647763356,0.0416470151784648,0.5360649647763356,1.7084127593236643e-68,non-significant
0.5,eigenvec,0.059867389460399,30,partial_correlation_p_value,30.0,0.2,,0.27242589732757794,0.0266567033281019,0.22242589732757795,2.2661292596985002e-34,non-significant
0.5,eigenvec,0.059867389460399,30,partial_correlation_p_value,30.0,0.3,,0.09527344416868826,0.0122736503830119,0.045273444168688254,5.487263307351774e-06,non-significant
0.5,eigenvec,0.059867389460399,30,partial_correlation_p_value,30.0,0.4,,0.023307657869861772,0.0038452378397581,-0.02669234213013823,3.498248224431677e-08,significant
0.5,eigenvec,0.059867389460399,30,partial_correlation_p_value,30.0,0.5,,0.0035685233088176825,0.0007434673120489,-0.04643147669118232,0.0,significant
0.5,eigenvec,0.059867389460399,50,partial_correlation_p_value,50.0,0.05,,0.724830244916418,0.0451556578526323,0.674830244916418,1.8631887319787052e-69,non-significant
0.5,eigenvec,0.059867389460399,50,partial_correlation_p_value,50.0,0.1,,0.4805913120761051,0.0375325683839587,0.4305913120761051,2.0615814665591838e-61,non-significant
0.5,eigenvec,0.059867389460399,50,partial_correlation_p_value,50.0,0.2,,0.15515112469544967,0.0176600214354482,0.10515112469544967,7.514364681491594e-16,non-significant
0.5,eigenvec,0.059867389460399,50,partial_correlation_p_value,50.0,0.3,,0.030712033725595562,0.0047627756958095,-0.01928796627440444,0.00024318412960167013,significant
0.5,eigenvec,0.059867389460399,50,partial_correlation_p_value,50.0,0.4,,0.003302727162238229,0.0006701754666645,-0.046697272837761775,0.0,significant
0.5,eigenvec,0.059867389460399,50,partial_correlation_p_value,50.0,0.5,,0.0001605349566003264,4.172025651568933e-05,-0.04983946504339968,0.0,significant
0.5,eigenvec,0.059867389460399,75,partial_correlation_p_value,75.0,0.05,,0.6658561263349685,0.0436892923333608,0.6158561263349684,2.838323716249873e-71,non-significant
0.5,eigenvec,0.059867389460399,75,partial_correlation_p_value,75.0,0.1,,0.3868655898413166,0.0330445429230513,0.3368655898413166,2.9674913640925066e-51,non-significant
0.5,eigenvec,0.059867389460399,75,partial_correlation_p_value,75.0,0.2,,0.08116706380718447,0.010583593999084,0.031167063807184467,0.00039844881904001753,non-significant
0.5,eigenvec,0.059867389460399,75,partial_correlation_p_value,75.0,0.3,,0.008030434893107933,0.0014626117727499,-0.04196956510689207,0.0,significant
0.5,eigenvec,0.059867389460399,75,partial_correlation_p_value,75.0,0.4,,0.00031301084080057913,7.567128922879821e-05,-0.049686989159199425,0.0,significant
0.5,eigenvec,0.059867389460399,75,partial_correlation_p_value,75.0,0.5,,3.657912410473166e-06,1.1425212711847034e-06,-0.04999634208758953,0.0,significant
0.5,eigenvec,0.059867389460399,100,partial_correlation_p_value,100.0,0.05,,0.6177343076882446,0.0423073509241097,0.5677343076882445,9.019053222935587e-71,non-significant
0.5,eigenvec,0.059867389460399,100,partial_correlation_p_value,100.0,0.1,,0.3173043978741975,0.029118513444065,0.2673043978741975,5.83578827252366e-42,non-significant
0.5,eigenvec,0.059867389460399,100,partial_correlation_p_value,100.0,0.2,,0.043860884260170395,0.0063482365692679,-0.006139115739829608,0.16547911864308595,significant
0.5,eigenvec,0.059867389460399,100,partial_correlation_p_value,100.0,0.3,,0.0021883947254214523,0.0004495479141772,-0.04781160527457855,0.0,significant
0.5,eigenvec,0.059867389460399,100,partial_correlation_p_value,100.0,0.4,,3.109559952288662e-05,8.55168562618264e-06,-0.04996890440047712,0.0,significant
0.5,eigenvec,0.059867389460399,100,partial_correlation_p_value,100.0,0.5,,8.769694091866885e-08,3.1315518364194984e-08,-0.049999912303059085,0.0,significant
0.5,eigenvec,0.059867389460399,300,partial_correlation_p_value,300.0,0.05,,0.3865747744849377,0.0328830964198848,0.3365747744849377,1.1673546668301033e-51,non-significant
0.5,eigenvec,0.059867389460399,300,partial_correlation_p_value,300.0,0.1,,0.0827480032540806,0.0106403299802965,0.0327480032540806,0.00021058030227694708,non-significant
0.5,eigenvec,0.059867389460399,300,partial_correlation_p_value,300.0,0.2,,0.00047121211121644706,0.0001069160348009,-0.04952878788878356,0.0,significant
0.5,eigenvec,0.059867389460399,300,partial_correlation_p_value,300.0,0.3,,1.0680987893806553e-07,3.598998422341235e-08,-0.04999989319012106,0.0,significant
0.5,eigenvec,0.059867389460399,300,partial_correlation_p_value,300.0,0.4,,4.961369134212258e-13,2.286897872801647e-13,-0.049999999999503865,0.0,significant
0.5,eigenvec,0.059867389460399,300,partial_correlation_p_value,300.0,0.5,,1.6558627351112573e-20,1.0026569796047532e-20,-0.05,0.0,significant
0.5,eigenvec,0.059867389460399,500,partial_correlation_p_value,500.0,0.05,,0.2634924310858535,0.0255927881811226,0.21349243108585353,3.632106726489994e-34,non-significant
0.5,eigenvec,0.059867389460399,500,partial_correlation_p_value,500.0,0.1,,0.025054006060311104,0.0038933999307806,-0.0249459939396889,1.6159772842083697e-07,significant
0.5,eigenvec,0.059867389460399,500,partial_correlation_p_value,500.0,0.2,,6.313699919191115e-06,1.8031032995341256e-06,-0.04999368630008081,0.0,significant
0.5,eigenvec,0.059867389460399,500,partial_correlation_p_value,500.0,0.3,,6.716109043816408e-12,2.885196182211615e-12,-0.049999999993283896,0.0,significant
0.5,eigenvec,0.059867389460399,500,partial_correlation_p_value,500.0,0.4,,1.0365018011564428e-20,6.1239246325080404e-21,-0.05,0.0,significant
0.5,eigenvec,0.059867389460399,500,partial_correlation_p_value,500.0,0.5,,4.1307211551450724e-33,3.2146461925013056e-33,-0.05,0.0,significant
0.5,eigenvec,0.059867389460399,1000,partial_correlation_p_value,1000.0,0.05,,0.11371053994288459,0.0136846845868224,0.06371053994288459,3.0296021692313026e-09,non-significant
0.5,eigenvec,0.059867389460399,1000,partial_correlation_p_value,1000.0,0.1,,0.0015273578790529936,0.0003155140956746,-0.04847264212094701,0.0,significant
0.5,eigenvec,0.059867389460399,1000,partial_correlation_p_value,1000.0,0.2,,1.6849007397872172e-10,6.663769524899461e-11,-0.04999999983150993,0.0,significant
0.5,eigenvec,0.059867389460399,1000,partial_correlation_p_value,1000.0,0.3,,2.761398881915165e-22,1.6611717204865457e-22,-0.05,0.0,significant
0.5,eigenvec,0.059867389460399,1000,partial_correlation_p_value,1000.0,0.4,,8.653026414338422e-40,7.1902245350739045e-40,-0.05,0.0,significant
0.5,eigenvec,0.059867389460399,1000,partial_correlation_p_value,1000.0,0.5,,1.706877942166305e-64,1.8721477871279372e-64,-0.05,0.0,significant
0.05,smallworldness,0.1417213236964526,30,partial_correlation_p_value,30.0,0.05,,0.7858069815820645,0.1099905950985663,0.7358069815820645,2.662840626940854e-12,non-significant
0.05,smallworldness,0.1417213236964526,30,partial_correlation_p_value,30.0,0.1,,0.5860649647763356,0.0985890678096547,0.5360649647763356,2.7239206858985174e-13,non-significant
0.05,smallworldness,0.1417213236964526,30,partial_correlation_p_value,30.0,0.2,,0.27242589732757794,0.0631031904863864,0.22242589732757795,2.3723011010808796e-07,non-significant
0.05,smallworldness,0.1417213236964526,30,partial_correlation_p_value,30.0,0.3,,0.09527344416868826,0.0290548493018644,0.045273444168688254,0.038549426113306105,non-significant
0.05,smallworldness,0.1417213236964526,30,partial_correlation_p_value,30.0,0.4,,0.023307657869861772,0.009102655076328,-0.02669234213013823,0.008893226902448204,significant
0.05,smallworldness,0.1417213236964526,30,partial_correlation_p_value,30.0,0.5,,0.0035685233088176825,0.0017599760493702,-0.04643147669118232,0.0,significant
0.05,smallworldness,0.1417213236964526,50,partial_correlation_p_value,50.0,0.05,,0.724830244916418,0.1068949165971619,0.674830244916418,2.4441616949109096e-13,non-significant
0.05,smallworldness,0.1417213236964526,50,partial_correlation_p_value,50.0,0.1,,0.4805913120761051,0.0888491267290146,0.4305913120761051,4.195849239227507e-12,non-significant
0.05,smallworldness,0.1417213236964526,50,partial_correlation_p_value,50.0,0.2,,0.15515112469544967,0.0418057583084528,0.10515112469544967,0.000522700311045291,non-significant
0.05,smallworldness,0.1417213236964526,50,partial_correlation_p_value,50.0,0.3,,0.030712033725595562,0.0112747003362474,-0.01928796627440444,0.05896912272191057,significant
0.05,smallworldness,0.1417213236964526,50,partial_correlation_p_value,50.0,0.4,,0.003302727162238229,0.0015864756272261,-0.046697272837761775,0.0,significant
0.05,smallworldness,0.1417213236964526,50,partial_correlation_p_value,50.0,0.5,,0.0001605349566003264,9.876244866614962e-05,-0.04983946504339968,0.0,significant
0.05,smallworldness,0.1417213236964526,75,partial_correlation_p_value,75.0,0.05,,0.6658561263349685,0.1034236567963409,0.6158561263349684,1.0131175205425053e-13,non-significant
0.05,smallworldness,0.1417213236964526,75,partial_correlation_p_value,75.0,0.1,,0.3868655898413166,0.0782248300152934,0.3368655898413166,2.4340347803784394e-10,non-significant
0.05,smallworldness,0.1417213236964526,75,partial_correlation_p_value,75.0,0.2,,0.08116706380718447,0.0250540563825351,0.031167063807184467,0.09189630423708484,non-significant
0.05,smallworldness,0.1417213236964526,75,partial_correlation_p_value,75.0,0.3,,0.008030434893107933,0.0034623737289439,-0.04196956510689207,2.340103666398363e-10,significant
0.05,smallworldness,0.1417213236964526,75,partial_correlation_p_value,75.0,0.4,,0.00031301084080057913,0.0001791331703617,-0.049686989159199425,0.0,significant
0.05,smallworldness,0.1417213236964526,75,partial_correlation_p_value,75.0,0.5,,3.657912410473166e-06,2.704638173855171e-06,-0.04999634208758953,0.0,significant
0.05,smallworldness,0.1417213236964526,100,partial_correlation_p_value,100.0,0.05,,0.6177343076882446,0.1001522503168656,0.5677343076882445,1.1273916177249802e-13,non-significant
0.05,smallworldness,0.1417213236964526,100,partial_correlation_p_value,100.0,0.1,,0.3173043978741975,0.068930920599028,0.2673043978741975,1.0523571889314567e-08,non-significant
0.05,smallworldness,0.1417213236964526,100,partial_correlation_p_value,100.0,0.2,,0.043860884260170395,0.015027889103633,-0.006139115739829608,0.30903723057382204,significant
0.05,smallworldness,0.1417213236964526,100,partial_correlation_p_value,100.0,0.3,,0.0021883947254214523,0.0010641941470375,-0.04781160527457855,0.0,significant
0.05,smallworldness,0.1417213236964526,100,partial_correlation_p_value,100.0,0.4,,3.109559952288662e-05,2.024401293763133e-05,-0.04996890440047712,0.0,significant
0.05,smallworldness,0.1417213236964526,100,partial_correlation_p_value,100.0,0.5,,8.769694091866885e-08,7.413178952374357e-08,-0.049999912303059085,0.0,significant
0.05,smallworldness,0.1417213236964526,300,partial_correlation_p_value,300.0,0.05,,0.3865747744849377,0.0778426451172855,0.3365747744849377,2.0527275265444862e-10,non-significant
0.05,smallworldness,0.1417213236964526,300,partial_correlation_p_value,300.0,0.1,,0.0827480032540806,0.0251883648671896,0.0327480032540806,0.08031491291149982,non-significant
0.05,smallworldness,0.1417213236964526,300,partial_correlation_p_value,300.0,0.2,,0.00047121211121644706,0.0002530974227028,-0.04952878788878356,0.0,significant
0.05,smallworldness,0.1417213236964526,300,partial_correlation_p_value,300.0,0.3,,1.0680987893806553e-07,8.519743803645135e-08,-0.04999989319012106,0.0,significant
0.05,smallworldness,0.1417213236964526,300,partial_correlation_p_value,300.0,0.4,,4.961369134212258e-13,5.413668386299653e-13,-0.049999999999503865,0.0,significant
0.05,smallworldness,0.1417213236964526,300,partial_correlation_p_value,300.0,0.5,,1.6558627351112573e-20,2.3735438549073103e-20,-0.05,0.0,significant
0.05,smallworldness,0.1417213236964526,500,partial_correlation_p_value,500.0,0.05,,0.2634924310858535,0.0605846329830507,0.21349243108585353,2.5429207173881255e-07,non-significant
0.05,smallworldness,0.1417213236964526,500,partial_correlation_p_value,500.0,0.1,,0.025054006060311104,0.0092166669842,-0.0249459939396889,0.012342802147577103,significant
0.05,smallworldness,0.1417213236964526,500,partial_correlation_p_value,500.0,0.2,,6.313699919191115e-06,4.268403694810354e-06,-0.04999368630008081,0.0,significant
0.05,smallworldness,0.1417213236964526,500,partial_correlation_p_value,500.0,0.3,,6.716109043816408e-12,6.829992517670344e-12,-0.049999999993283896,0.0,significant
0.05,smallworldness,0.1417213236964526,500,partial_correlation_p_value,500.0,0.4,,1.0365018011564428e-20,1.449688574963575e-20,-0.05,0.0,significant
0.05,smallworldness,0.1417213236964526,500,partial_correlation_p_value,500.0,0.5,,4.1307211551450724e-33,7.60988440824542e-33,-0.05,0.0,significant
0.05,smallworldness,0.1417213236964526,1000,partial_correlation_p_value,1000.0,0.05,,0.11371053994288459,0.0323951258188033,0.06371053994288459,0.008920509845698277,non-significant
0.05,smallworldness,0.1417213236964526,1000,partial_correlation_p_value,1000.0,0.1,,0.0015273578790529936,0.0007469020394397,-0.04847264212094701,0.0,significant
0.05,smallworldness,0.1417213236964526,1000,partial_correlation_p_value,1000.0,0.2,,1.6849007397872172e-10,1.5774835789383002e-10,-0.04999999983150993,0.0,significant
0.05,smallworldness,0.1417213236964526,1000,partial_correlation_p_value,1000.0,0.3,,2.761398881915165e-22,3.932415581110221e-22,-0.05,0.0,significant
0.05,smallworldness,0.1417213236964526,1000,partial_correlation_p_value,1000.0,0.4,,8.653026414338422e-40,1.7021088575432816e-39,-0.05,0.0,significant
0.05,smallworldness,0.1417213236964526,1000,partial_correlation_p_value,1000.0,0.5,,1.706877942166305e-64,4.431849541772011e-64,-0.05,0.0,significant
0.1,smallworldness,0.098866466207878,30,partial_correlation_p_value,30.0,0.05,,0.7858069815820645,0.0767307358544591,0.7358069815820645,3.209772255510845e-24,non-significant
0.1,smallworldness,0.098866466207878,30,partial_correlation_p_value,30.0,0.1,,0.5860649647763356,0.0687768960015253,0.5360649647763356,5.204964338450156e-26,non-significant
0.1,smallworldness,0.098866466207878,30,partial_correlation_p_value,30.0,0.2,,0.27242589732757794,0.0440215296266511,0.22242589732757795,1.305477124798123e-13,non-significant
0.1,smallworldness,0.098866466207878,30,partial_correlation_p_value,30.0,0.3,,0.09527344416868826,0.0202690054097319,0.045273444168688254,0.004467863010674318,non-significant
0.1,smallworldness,0.098866466207878,30,partial_correlation_p_value,30.0,0.4,,0.023307657869861772,0.0063501194953084,-0.02669234213013823,0.00045947680094071686,significant
0.1,smallworldness,0.098866466207878,30,partial_correlation_p_value,30.0,0.5,,0.0035685233088176825,0.0012277800409515,-0.04643147669118232,0.0,significant
0.1,smallworldness,0.098866466207878,50,partial_correlation_p_value,50.0,0.05,,0.724830244916418,0.0745711540359525,0.674830244916418,2.88176502562892e-26,non-significant
0.1,smallworldness,0.098866466207878,50,partial_correlation_p_value,50.0,0.1,,0.4805913120761051,0.0619821982764437,0.4305913120761051,1.7982460904055217e-23,non-significant
0.1,smallworldness,0.098866466207878,50,partial_correlation_p_value,50.0,0.2,,0.15515112469544967,0.0291641898572023,0.10515112469544967,8.716341699768477e-07,non-significant
0.1,smallworldness,0.098866466207878,50,partial_correlation_p_value,50.0,0.3,,0.030712033725595562,0.0078653638755524,-0.01928796627440444,0.015369306003122474,significant
0.1,smallworldness,0.098866466207878,50,partial_correlation_p_value,50.0,0.4,,0.003302727162238229,0.0011067441010128,-0.046697272837761775,0.0,significant
0.1,smallworldness,0.098866466207878,50,partial_correlation_p_value,50.0,0.5,,0.0001605349566003264,6.889784853105754e-05,-0.04983946504339968,0.0,significant
0.1,smallworldness,0.098866466207878,75,partial_correlation_p_value,75.0,0.05,,0.6658561263349685,0.0721495622751268,0.6158561263349684,5.6021512853075374e-27,non-significant
0.1,smallworldness,0.098866466207878,75,partial_correlation_p_value,75.0,0.1,,0.3868655898413166,0.0545705636357783,0.3368655898413166,8.755470701839155e-20,non-significant
0.1,smallworldness,0.098866466207878,75,partial_correlation_p_value,75.0,0.2,,0.08116706380718447,0.0174780051026025,0.031167063807184467,0.023631944965105057,non-significant
0.1,smallworldness,0.098866466207878,75,partial_correlation_p_value,75.0,0.3,,0.008030434893107933,0.0024153927323235,-0.04196956510689207,0.0,significant
0.1,smallworldness,0.098866466207878,75,partial_correlation_p_value,75.0,0.4,,0.00031301084080057913,0.0001249654115016,-0.049686989159199425,0.0,significant
0.1,smallworldness,0.098866466207878,75,partial_correlation_p_value,75.0,0.5,,3.657912410473166e-06,1.8867874759109544e-06,-0.04999634208758953,0.0,significant
0.1,smallworldness,0.098866466207878,100,partial_correlation_p_value,100.0,0.05,,0.6177343076882446,0.0698673905474055,0.5677343076882445,7.929054864447826e-27,non-significant
0.1,smallworldness,0.098866466207878,100,partial_correlation_p_value,100.0,0.1,,0.3173043978741975,0.0480870228581721,0.2673043978741975,2.1542787250049099e-16,non-significant
0.1,smallworldness,0.098866466207878,100,partial_correlation_p_value,100.0,0.2,,0.043860884260170395,0.0104836326072028,-0.006139115739829608,0.26244705829751425,significant
0.1,smallworldness,0.098866466207878,100,partial_correlation_p_value,100.0,0.3,,0.0021883947254214523,0.0007423943830927,-0.04781160527457855,0.0,significant
0.1,smallworldness,0.098866466207878,100,partial_correlation_p_value,100.0,0.4,,3.109559952288662e-05,1.4122462088323492e-05,-0.04996890440047712,0.0,significant
0.1,smallworldness,0.098866466207878,100,partial_correlation_p_value,100.0,0.5,,8.769694091866885e-08,5.171521033473225e-08,-0.049999912303059085,0.0,significant
0.1,smallworldness,0.098866466207878,300,partial_correlation_p_value,300.0,0.05,,0.3865747744849377,0.0543039469452301,0.3365747744849377,6.200154231262725e-20,non-significant
0.1,smallworldness,0.098866466207878,300,partial_correlation_p_value,300.0,0.1,,0.0827480032540806,0.0175717002849024,0.0327480032540806,0.018358091967775155,non-significant
0.1,smallworldness,0.098866466207878,300,partial_correlation_p_value,300.0,0.2,,0.00047121211121644706,0.0001765637459225,-0.04952878788878356,0.0,significant
0.1,smallworldness,0.098866466207878,300,partial_correlation_p_value,300.0,0.3,,1.0680987893806553e-07,5.943473719360579e-08,-0.04999989319012106,0.0,significant
0.1,smallworldness,0.098866466207878,300,partial_correlation_p_value,300.0,0.4,,4.961369134212258e-13,3.776638889720936e-13,-0.049999999999503865,0.0,significant
0.1,smallworldness,0.098866466207878,300,partial_correlation_p_value,300.0,0.5,,1.6558627351112573e-20,1.6558121756379267e-20,-0.05,0.0,significant
0.1,smallworldness,0.098866466207878,500,partial_correlation_p_value,500.0,0.05,,0.2634924310858535,0.0422645542202581,0.21349243108585353,1.5348303781078058e-13,non-significant
0.1,smallworldness,0.098866466207878,500,partial_correlation_p_value,500.0,0.1,,0.025054006060311104,0.0064296555463621,-0.0249459939396889,0.0008416847050766174,significant
0.1,smallworldness,0.098866466207878,500,partial_correlation_p_value,500.0,0.2,,6.313699919191115e-06,2.977688739052559e-06,-0.04999368630008081,0.0,significant
0.1,smallworldness,0.098866466207878,500,partial_correlation_p_value,500.0,0.3,,6.716109043816408e-12,4.764683301255511e-12,-0.049999999993283896,0.0,significant
0.1,smallworldness,0.098866466207878,500,partial_correlation_p_value,500.0,0.4,,1.0365018011564428e-20,1.0113198407288843e-20,-0.05,0.0,significant
0.1,smallworldness,0.098866466207878,500,partial_correlation_p_value,500.0,0.5,,4.1307211551450724e-33,5.308745078511328e-33,-0.05,0.0,significant
0.1,smallworldness,0.098866466207878,1000,partial_correlation_p_value,1000.0,0.05,,0.11371053994288459,0.0225992216875183,0.06371053994288459,0.00025607250087402177,non-significant
0.1,smallworldness,0.098866466207878,1000,partial_correlation_p_value,1000.0,0.1,,0.0015273578790529936,0.000521047668176,-0.04847264212094701,0.0,significant
0.1,smallworldness,0.098866466207878,1000,partial_correlation_p_value,1000.0,0.2,,1.6849007397872172e-10,1.1004711421171246e-10,-0.04999999983150993,0.0,significant
0.1,smallworldness,0.098866466207878,1000,partial_correlation_p_value,1000.0,0.3,,2.761398881915165e-22,2.743299469865862e-22,-0.05,0.0,significant
0.1,smallworldness,0.098866466207878,1000,partial_correlation_p_value,1000.0,0.4,,8.653026414338422e-40,1.1874112057185428e-39,-0.05,0.0,significant
0.1,smallworldness,0.098866466207878,1000,partial_correlation_p_value,1000.0,0.5,,1.706877942166305e-64,3.091710488807477e-64,-0.05,0.0,significant
0.2,smallworldness,0.0404746405905467,30,partial_correlation_p_value,30.0,0.05,,0.7858069815820645,0.0314125615598258,0.7358069815820645,2.0502884361589715e-138,non-significant
0.2,smallworldness,0.0404746405905467,30,partial_correlation_p_value,30.0,0.1,,0.5860649647763356,0.0281563633592613,0.5360649647763356,6.1801565222550505e-148,non-significant
0.2,smallworldness,0.0404746405905467,30,partial_correlation_p_value,30.0,0.2,,0.27242589732757794,0.0180218395399959,0.22242589732757795,4.501409873860746e-73,non-significant
0.2,smallworldness,0.0404746405905467,30,partial_correlation_p_value,30.0,0.3,,0.09527344416868826,0.0082978662083643,0.045273444168688254,3.0638284874414236e-11,non-significant
0.2,smallworldness,0.0404746405905467,30,partial_correlation_p_value,30.0,0.4,,0.023307657869861772,0.0025996560222878,-0.02669234213013823,9.992007221626409e-16,significant
0.2,smallworldness,0.0404746405905467,30,partial_correlation_p_value,30.0,0.5,,0.0035685233088176825,0.0005026371204294,-0.04643147669118232,0.0,significant
0.2,smallworldness,0.0404746405905467,50,partial_correlation_p_value,50.0,0.05,,0.724830244916418,0.0305284569560853,0.674830244916418,3.201613367425692e-150,non-significant
0.2,smallworldness,0.0404746405905467,50,partial_correlation_p_value,50.0,0.1,,0.4805913120761051,0.0253747028135528,0.4305913120761051,2.4714540010755237e-132,non-significant
0.2,smallworldness,0.0404746405905467,50,partial_correlation_p_value,50.0,0.2,,0.15515112469544967,0.0119394385969332,0.10515112469544967,1.268426403138709e-32,non-significant
0.2,smallworldness,0.0404746405905467,50,partial_correlation_p_value,50.0,0.3,,0.030712033725595562,0.0032199772904545,-0.01928796627440444,1.5074648940238689e-07,significant
0.2,smallworldness,0.0404746405905467,50,partial_correlation_p_value,50.0,0.4,,0.003302727162238229,0.0004530865867099,-0.046697272837761775,0.0,significant
0.2,smallworldness,0.0404746405905467,50,partial_correlation_p_value,50.0,0.5,,0.0001605349566003264,2.8205879745849295e-05,-0.04983946504339968,0.0,significant
0.2,smallworldness,0.0404746405905467,75,partial_correlation_p_value,75.0,0.05,,0.6658561263349685,0.0295370889024283,0.6158561263349684,4.112912348590167e-154,non-significant
0.2,smallworldness,0.0404746405905467,75,partial_correlation_p_value,75.0,0.1,,0.3868655898413166,0.0223404763485486,0.3368655898413166,4.858513123179957e-110,non-significant
0.2,smallworldness,0.0404746405905467,75,partial_correlation_p_value,75.0,0.2,,0.08116706380718447,0.0071552671183792,0.031167063807184467,2.914566902907376e-07,non-significant
0.2,smallworldness,0.0404746405905467,75,partial_correlation_p_value,75.0,0.3,,0.008030434893107933,0.0009888302523148,-0.04196956510689207,0.0,significant
0.2,smallworldness,0.0404746405905467,75,partial_correlation_p_value,75.0,0.4,,0.00031301084080057913,5.1159208079130805e-05,-0.049686989159199425,0.0,significant
0.2,smallworldness,0.0404746405905467,75,partial_correlation_p_value,75.0,0.5,,3.657912410473166e-06,7.724261611380977e-07,-0.04999634208758953,0.0,significant
0.2,smallworldness,0.0404746405905467,100,partial_correlation_p_value,100.0,0.05,,0.6177343076882446,0.0286027975902335,0.5677343076882445,5.955481651803304e-153,non-significant
0.2,smallworldness,0.0404746405905467,100,partial_correlation_p_value,100.0,0.1,,0.3173043978741975,0.0196861993950668,0.2673043978741975,1.1219822961977128e-89,non-significant
0.2,smallworldness,0.0404746405905467,100,partial_correlation_p_value,100.0,0.2,,0.043860884260170395,0.0042918623284025,-0.006139115739829608,0.08047259341434865,significant
0.2,smallworldness,0.0404746405905467,100,partial_correlation_p_value,100.0,0.3,,0.0021883947254214523,0.0003039265686804,-0.04781160527457855,0.0,significant
0.2,smallworldness,0.0404746405905467,100,partial_correlation_p_value,100.0,0.4,,3.109559952288662e-05,5.781551614039258e-06,-0.04996890440047712,0.0,significant
0.2,smallworldness,0.0404746405905467,100,partial_correlation_p_value,100.0,0.5,,8.769694091866885e-08,2.1171531982964965e-08,-0.049999912303059085,0.0,significant
0.2,smallworldness,0.0404746405905467,300,partial_correlation_p_value,300.0,0.05,,0.3865747744849377,0.0222313269560469,0.3365747744849377,6.345594495531092e-111,non-significant
0.2,smallworldness,0.0404746405905467,300,partial_correlation_p_value,300.0,0.1,,0.0827480032540806,0.0071936247028475,0.0327480032540806,7.53455645488041e-08,non-significant
0.2,smallworldness,0.0404746405905467,300,partial_correlation_p_value,300.0,0.2,,0.00047121211121644706,7.228289258878107e-05,-0.04952878788878356,0.0,significant
0.2,smallworldness,0.0404746405905467,300,partial_correlation_p_value,300.0,0.3,,1.0680987893806553e-07,2.433180550265391e-08,-0.04999989319012106,0.0,significant
0.2,smallworldness,0.0404746405905467,300,partial_correlation_p_value,300.0,0.4,,4.961369134212258e-13,1.5461066584531773e-13,-0.049999999999503865,0.0,significant
0.2,smallworldness,0.0404746405905467,300,partial_correlation_p_value,300.0,0.5,,1.6558627351112573e-20,6.778678885263529e-21,-0.05,0.0,significant
0.2,smallworldness,0.0404746405905467,500,partial_correlation_p_value,500.0,0.05,,0.2634924310858535,0.017302556745457,0.21349243108585353,1.2896884666704104e-72,non-significant
0.2,smallworldness,0.0404746405905467,500,partial_correlation_p_value,500.0,0.1,,0.025054006060311104,0.0026322170432676,-0.0249459939396889,2.708944180085382e-14,significant
0.2,smallworldness,0.0404746405905467,500,partial_correlation_p_value,500.0,0.2,,6.313699919191115e-06,1.2190268968475283e-06,-0.04999368630008081,0.0,significant
0.2,smallworldness,0.0404746405905467,500,partial_correlation_p_value,500.0,0.3,,6.716109043816408e-12,1.9505991418830496e-12,-0.049999999993283896,0.0,significant
0.2,smallworldness,0.0404746405905467,500,partial_correlation_p_value,500.0,0.4,,1.0365018011564428e-20,4.14021140287594e-21,-0.05,0.0,significant
0.2,smallworldness,0.0404746405905467,500,partial_correlation_p_value,500.0,0.5,,4.1307211551450724e-33,2.1733309309123264e-33,-0.05,0.0,significant
0.2,smallworldness,0.0404746405905467,1000,partial_correlation_p_value,1000.0,0.05,,0.11371053994288459,0.0092518263321472,0.06371053994288459,2.8781149059922e-18,non-significant
0.2,smallworldness,0.0404746405905467,1000,partial_correlation_p_value,1000.0,0.1,,0.0015273578790529936,0.000213310113215,-0.04847264212094701,0.0,significant
0.2,smallworldness,0.0404746405905467,1000,partial_correlation_p_value,1000.0,0.2,,1.6849007397872172e-10,4.505185192298283e-11,-0.04999999983150993,0.0,significant
0.2,smallworldness,0.0404746405905467,1000,partial_correlation_p_value,1000.0,0.3,,2.761398881915165e-22,1.123070989930967e-22,-0.05,0.0,significant
0.2,smallworldness,0.0404746405905467,1000,partial_correlation_p_value,1000.0,0.4,,8.653026414338422e-40,4.8611064628924855e-40,-0.05,0.0,significant
0.2,smallworldness,0.0404746405905467,1000,partial_correlation_p_value,1000.0,0.5,,1.706877942166305e-64,1.265705912674108e-64,-0.05,0.0,significant
0.3,smallworldness,0.0231688025024007,30,partial_correlation_p_value,30.0,0.05,,0.7858069815820645,0.0179814180992157,0.7358069815820645,0.0,non-significant
0.3,smallworldness,0.0231688025024007,30,partial_correlation_p_value,30.0,0.1,,0.5860649647763356,0.0161174802873708,0.5360649647763356,0.0,non-significant
0.3,smallworldness,0.0231688025024007,30,partial_correlation_p_value,30.0,0.2,,0.27242589732757794,0.0103161988578508,0.22242589732757795,6.164646741149863e-219,non-significant
0.3,smallworldness,0.0231688025024007,30,partial_correlation_p_value,30.0,0.3,,0.09527344416868826,0.0047499278700906,0.045273444168688254,1.0187922771308488e-30,non-significant
0.3,smallworldness,0.0231688025024007,30,partial_correlation_p_value,30.0,0.4,,0.023307657869861772,0.0014881149301331,-0.02669234213013823,0.0,significant
0.3,smallworldness,0.0231688025024007,30,partial_correlation_p_value,30.0,0.5,,0.0035685233088176825,0.00028772337453,-0.04643147669118232,0.0,significant
0.3,smallworldness,0.0231688025024007,50,partial_correlation_p_value,50.0,0.05,,0.724830244916418,0.0174753321981019,0.674830244916418,0.0,non-significant
0.3,smallworldness,0.0231688025024007,50,partial_correlation_p_value,50.0,0.1,,0.4805913120761051,0.0145251809396332,0.4305913120761051,0.0,non-significant
0.3,smallworldness,0.0231688025024007,50,partial_correlation_p_value,50.0,0.2,,0.15515112469544967,0.0068344645142196,0.10515112469544967,1.286364683948963e-95,non-significant
0.3,smallworldness,0.0231688025024007,50,partial_correlation_p_value,50.0,0.3,,0.030712033725595562,0.001843203962191,-0.01928796627440444,0.0,significant
0.3,smallworldness,0.0231688025024007,50,partial_correlation_p_value,50.0,0.4,,0.003302727162238229,0.000259359280053,-0.046697272837761775,0.0,significant
0.3,smallworldness,0.0231688025024007,50,partial_correlation_p_value,50.0,0.5,,0.0001605349566003264,1.6145824835086435e-05,-0.04983946504339968,0.0,significant
0.3,smallworldness,0.0231688025024007,75,partial_correlation_p_value,75.0,0.05,,0.6658561263349685,0.0169078457347944,0.6158561263349684,0.0,non-significant
0.3,smallworldness,0.0231688025024007,75,partial_correlation_p_value,75.0,0.1,,0.3868655898413166,0.0127883058818308,0.3368655898413166,0.0,non-significant
0.3,smallworldness,0.0231688025024007,75,partial_correlation_p_value,75.0,0.2,,0.08116706380718447,0.0040958725833965,0.031167063807184467,9.366775837347834e-19,non-significant
0.3,smallworldness,0.0231688025024007,75,partial_correlation_p_value,75.0,0.3,,0.008030434893107933,0.0005660337557051,-0.04196956510689207,0.0,significant
0.3,smallworldness,0.0231688025024007,75,partial_correlation_p_value,75.0,0.4,,0.00031301084080057913,2.928494412477731e-05,-0.049686989159199425,0.0,significant
0.3,smallworldness,0.0231688025024007,75,partial_correlation_p_value,75.0,0.5,,3.657912410473166e-06,4.421580751300353e-07,-0.04999634208758953,0.0,significant
0.3,smallworldness,0.0231688025024007,100,partial_correlation_p_value,100.0,0.05,,0.6177343076882446,0.0163730315752091,0.5677343076882445,0.0,non-significant
0.3,smallworldness,0.0231688025024007,100,partial_correlation_p_value,100.0,0.1,,0.3173043978741975,0.0112689244216219,0.2673043978741975,1.3216143033574604e-269,non-significant
0.3,smallworldness,0.0231688025024007,100,partial_correlation_p_value,100.0,0.2,,0.043860884260170395,0.0024567805718199,-0.006139115739829608,0.007902466938246921,significant
0.3,smallworldness,0.0231688025024007,100,partial_correlation_p_value,100.0,0.3,,0.0021883947254214523,0.0001739759647583,-0.04781160527457855,0.0,significant
0.3,smallworldness,0.0231688025024007,100,partial_correlation_p_value,100.0,0.4,,3.109559952288662e-05,3.309519875870064e-06,-0.04996890440047712,0.0,significant
0.3,smallworldness,0.0231688025024007,100,partial_correlation_p_value,100.0,0.5,,8.769694091866885e-08,1.2119169831520164e-08,-0.049999912303059085,0.0,significant
0.3,smallworldness,0.0231688025024007,300,partial_correlation_p_value,300.0,0.05,,0.3865747744849377,0.0127258257539969,0.3365747744849377,0.0,non-significant
0.3,smallworldness,0.0231688025024007,300,partial_correlation_p_value,300.0,0.1,,0.0827480032540806,0.0041178295244848,0.0327480032540806,1.6361089270015154e-20,non-significant
0.3,smallworldness,0.0231688025024007,300,partial_correlation_p_value,300.0,0.2,,0.00047121211121644706,4.137672474064806e-05,-0.04952878788878356,0.0,significant
0.3,smallworldness,0.0231688025024007,300,partial_correlation_p_value,300.0,0.3,,1.0680987893806553e-07,1.392819770583664e-08,-0.04999989319012106,0.0,significant
0.3,smallworldness,0.0231688025024007,300,partial_correlation_p_value,300.0,0.4,,4.961369134212258e-13,8.850341669424199e-14,-0.049999999999503865,0.0,significant
0.3,smallworldness,0.0231688025024007,300,partial_correlation_p_value,300.0,0.5,,1.6558627351112573e-20,3.880303074427945e-21,-0.05,0.0,significant
0.3,smallworldness,0.0231688025024007,500,partial_correlation_p_value,500.0,0.05,,0.2634924310858535,0.0099044615140005,0.21349243108585353,1.5859347993044028e-217,non-significant
0.3,smallworldness,0.0231688025024007,500,partial_correlation_p_value,500.0,0.1,,0.025054006060311104,0.0015067537581338,-0.0249459939396889,0.0,significant
0.3,smallworldness,0.0231688025024007,500,partial_correlation_p_value,500.0,0.2,,6.313699919191115e-06,6.97804674880086e-07,-0.04999368630008081,0.0,significant
0.3,smallworldness,0.0231688025024007,500,partial_correlation_p_value,500.0,0.3,,6.716109043816408e-12,1.1165768397260576e-12,-0.049999999993283896,0.0,significant
0.3,smallworldness,0.0231688025024007,500,partial_correlation_p_value,500.0,0.4,,1.0365018011564428e-20,2.3699713922555256e-21,-0.05,0.0,significant
0.3,smallworldness,0.0231688025024007,500,partial_correlation_p_value,500.0,0.5,,4.1307211551450724e-33,1.2440746693727768e-33,-0.05,0.0,significant
0.3,smallworldness,0.0231688025024007,1000,partial_correlation_p_value,1000.0,0.05,,0.11371053994288459,0.0052960010008364,0.06371053994288459,5.590931917427128e-52,non-significant
0.3,smallworldness,0.0231688025024007,1000,partial_correlation_p_value,1000.0,0.1,,0.0015273578790529936,0.0001221046021097,-0.04847264212094701,0.0,significant
0.3,smallworldness,0.0231688025024007,1000,partial_correlation_p_value,1000.0,0.2,,1.6849007397872172e-10,2.578892472771656e-11,-0.04999999983150993,0.0,significant
0.3,smallworldness,0.0231688025024007,1000,partial_correlation_p_value,1000.0,0.3,,2.761398881915165e-22,6.428768627031003e-23,-0.05,0.0,significant
0.3,smallworldness,0.0231688025024007,1000,partial_correlation_p_value,1000.0,0.4,,8.653026414338422e-40,2.782631641408687e-40,-0.05,0.0,significant
0.3,smallworldness,0.0231688025024007,1000,partial_correlation_p_value,1000.0,0.5,,1.706877942166305e-64,7.245250331813049e-65,-0.05,0.0,significant
0.4,smallworldness,0.028089923471353,30,partial_correlation_p_value,30.0,0.05,,0.7858069815820645,0.0218007235488772,0.7358069815820645,1.0396534012765187e-285,non-significant
0.4,smallworldness,0.028089923471353,30,partial_correlation_p_value,30.0,0.1,,0.5860649647763356,0.019540879930086,0.5360649647763356,3.1769935588864224e-305,non-significant
0.4,smallworldness,0.028089923471353,30,partial_correlation_p_value,30.0,0.2,,0.27242589732757794,0.0125073894691908,0.22242589732757795,1.3076627475402105e-149,non-significant
0.4,smallworldness,0.028089923471353,30,partial_correlation_p_value,30.0,0.3,,0.09527344416868826,0.005758826350713,0.045273444168688254,1.736303508379487e-21,non-significant
0.4,smallworldness,0.028089923471353,30,partial_correlation_p_value,30.0,0.4,,0.023307657869861772,0.0018041948650425,-0.02669234213013823,0.0,significant
0.4,smallworldness,0.028089923471353,30,partial_correlation_p_value,30.0,0.5,,0.0035685233088176825,0.0003488366552665,-0.04643147669118232,0.0,significant
0.4,smallworldness,0.028089923471353,50,partial_correlation_p_value,50.0,0.05,,0.724830244916418,0.0211871435319235,0.674830244916418,3.921071615323e-310,non-significant
0.4,smallworldness,0.028089923471353,50,partial_correlation_p_value,50.0,0.1,,0.4805913120761051,0.0176103715744297,0.4305913120761051,9.831563054785957e-273,non-significant
0.4,smallworldness,0.028089923471353,50,partial_correlation_p_value,50.0,0.2,,0.15515112469544967,0.0082861246347201,0.10515112469544967,1.075796432379111e-65,non-significant
0.4,smallworldness,0.028089923471353,50,partial_correlation_p_value,50.0,0.3,,0.030712033725595562,0.0022347058392283,-0.01928796627440444,9.348077867343818e-14,significant
0.4,smallworldness,0.028089923471353,50,partial_correlation_p_value,50.0,0.4,,0.003302727162238229,0.0003144479447101,-0.046697272837761775,0.0,significant
0.4,smallworldness,0.028089923471353,50,partial_correlation_p_value,50.0,0.5,,0.0001605349566003264,1.957524494209204e-05,-0.04983946504339968,0.0,significant
0.4,smallworldness,0.028089923471353,75,partial_correlation_p_value,75.0,0.05,,0.6658561263349685,0.0204991212949658,0.6158561263349684,3.90061e-318,non-significant
0.4,smallworldness,0.028089923471353,75,partial_correlation_p_value,75.0,0.1,,0.3868655898413166,0.0155045792078231,0.3368655898413166,2.189531134036244e-226,non-significant
0.4,smallworldness,0.028089923471353,75,partial_correlation_p_value,75.0,0.2,,0.08116706380718447,0.0049658478207538,0.031167063807184467,2.552841982630848e-13,non-significant
0.4,smallworldness,0.028089923471353,75,partial_correlation_p_value,75.0,0.3,,0.008030434893107933,0.0006862609700398,-0.04196956510689207,0.0,significant
0.4,smallworldness,0.028089923471353,75,partial_correlation_p_value,75.0,0.4,,0.00031301084080057913,3.550515134490038e-05,-0.049686989159199425,0.0,significant
0.4,smallworldness,0.028089923471353,75,partial_correlation_p_value,75.0,0.5,,3.657912410473166e-06,5.360737349872308e-07,-0.04999634208758953,0.0,significant
0.4,smallworldness,0.028089923471353,100,partial_correlation_p_value,100.0,0.05,,0.6177343076882446,0.0198507110539708,0.5677343076882445,1.14148272e-315,non-significant
0.4,smallworldness,0.028089923471353,100,partial_correlation_p_value,100.0,0.1,,0.3173043978741975,0.0136624767108711,0.2673043978741975,4.423570254446883e-184,non-significant
0.4,smallworldness,0.028089923471353,100,partial_correlation_p_value,100.0,0.2,,0.043860884260170395,0.002978607903502,-0.006139115739829608,0.022895393706047096,significant
0.4,smallworldness,0.028089923471353,100,partial_correlation_p_value,100.0,0.3,,0.0021883947254214523,0.0002109289651638,-0.04781160527457855,0.0,significant
0.4,smallworldness,0.028089923471353,100,partial_correlation_p_value,100.0,0.4,,3.109559952288662e-05,4.01247151338439e-06,-0.04996890440047712,0.0,significant
0.4,smallworldness,0.028089923471353,100,partial_correlation_p_value,100.0,0.5,,8.769694091866885e-08,1.4693316716237588e-08,-0.049999912303059085,0.0,significant
0.4,smallworldness,0.028089923471353,300,partial_correlation_p_value,300.0,0.05,,0.3865747744849377,0.0154288281192999,0.3365747744849377,3.2148862691061797e-228,non-significant
0.4,smallworldness,0.028089923471353,300,partial_correlation_p_value,300.0,0.1,,0.0827480032540806,0.0049924684799256,0.0327480032540806,1.6051777179673387e-14,non-significant
0.4,smallworldness,0.028089923471353,300,partial_correlation_p_value,300.0,0.2,,0.00047121211121644706,5.016526129650467e-05,-0.04952878788878356,0.0,significant
0.4,smallworldness,0.028089923471353,300,partial_correlation_p_value,300.0,0.3,,1.0680987893806553e-07,1.6886587367227374e-08,-0.04999989319012106,0.0,significant
0.4,smallworldness,0.028089923471353,300,partial_correlation_p_value,300.0,0.4,,4.961369134212258e-13,1.0730179954863545e-13,-0.049999999999503865,0.0,significant
0.4,smallworldness,0.028089923471353,300,partial_correlation_p_value,300.0,0.5,,1.6558627351112573e-20,4.7044907217385386e-21,-0.05,0.0,significant
0.4,smallworldness,0.028089923471353,500,partial_correlation_p_value,500.0,0.05,,0.2634924310858535,0.0120081979171953,0.21349243108585353,1.184708456606622e-148,non-significant
0.4,smallworldness,0.028089923471353,500,partial_correlation_p_value,500.0,0.1,,0.025054006060311104,0.0018267926342661,-0.0249459939396889,0.0,significant
0.4,smallworldness,0.028089923471353,500,partial_correlation_p_value,500.0,0.2,,6.313699919191115e-06,8.460204153107584e-07,-0.04999368630008081,0.0,significant
0.4,smallworldness,0.028089923471353,500,partial_correlation_p_value,500.0,0.3,,6.716109043816408e-12,1.353741004721337e-12,-0.049999999993283896,0.0,significant
0.4,smallworldness,0.028089923471353,500,partial_correlation_p_value,500.0,0.4,,1.0365018011564428e-20,2.873360201972267e-21,-0.05,0.0,significant
0.4,smallworldness,0.028089923471353,500,partial_correlation_p_value,500.0,0.5,,4.1307211551450724e-33,1.5083197438326414e-33,-0.05,0.0,significant
0.4,smallworldness,0.028089923471353,1000,partial_correlation_p_value,1000.0,0.05,,0.11371053994288459,0.0064208870010562,0.06371053994288459,5.578128358980919e-36,non-significant
0.4,smallworldness,0.028089923471353,1000,partial_correlation_p_value,1000.0,0.1,,0.0015273578790529936,0.0001480399743753,-0.04847264212094701,0.0,significant
0.4,smallworldness,0.028089923471353,1000,partial_correlation_p_value,1000.0,0.2,,1.6849007397872172e-10,3.126656727014612e-11,-0.04999999983150993,0.0,significant
0.4,smallworldness,0.028089923471353,1000,partial_correlation_p_value,1000.0,0.3,,2.761398881915165e-22,7.794257762334686e-23,-0.05,0.0,significant
0.4,smallworldness,0.028089923471353,1000,partial_correlation_p_value,1000.0,0.4,,8.653026414338422e-40,3.373670687038583e-40,-0.05,0.0,significant
0.4,smallworldness,0.028089923471353,1000,partial_correlation_p_value,1000.0,0.5,,1.706877942166305e-64,8.784162553517184e-65,-0.05,0.0,significant
0.5,smallworldness,0.0243950885940395,30,partial_correlation_p_value,30.0,0.05,,0.7858069815820645,0.0189331445823054,0.7358069815820645,0.0,non-significant
0.5,smallworldness,0.0243950885940395,30,partial_correlation_p_value,30.0,0.1,,0.5860649647763356,0.0169705516494586,0.5360649647763356,0.0,non-significant
0.5,smallworldness,0.0243950885940395,30,partial_correlation_p_value,30.0,0.2,,0.27242589732757794,0.0108622180652161,0.22242589732757795,1.097278281889206e-197,non-significant
0.5,smallworldness,0.0243950885940395,30,partial_correlation_p_value,30.0,0.3,,0.09527344416868826,0.0050013336336287,0.045273444168688254,6.840194247207427e-28,non-significant
0.5,smallworldness,0.0243950885940395,30,partial_correlation_p_value,30.0,0.4,,0.023307657869861772,0.001566878372542,-0.02669234213013823,0.0,significant
0.5,smallworldness,0.0243950885940395,30,partial_correlation_p_value,30.0,0.5,,0.0035685233088176825,0.000302952093079,-0.04643147669118232,0.0,significant
0.5,smallworldness,0.0243950885940395,50,partial_correlation_p_value,50.0,0.05,,0.724830244916418,0.0184002723981437,0.674830244916418,0.0,non-significant
0.5,smallworldness,0.0243950885940395,50,partial_correlation_p_value,50.0,0.1,,0.4805913120761051,0.0152939745517745,0.4305913120761051,0.0,non-significant
0.5,smallworldness,0.0243950885940395,50,partial_correlation_p_value,50.0,0.2,,0.15515112469544967,0.0071962013271912,0.10515112469544967,1.9033836222505863e-86,non-significant
0.5,smallworldness,0.0243950885940395,50,partial_correlation_p_value,50.0,0.3,,0.030712033725595562,0.0019407616750963,-0.01928796627440444,0.0,significant
0.5,smallworldness,0.0243950885940395,50,partial_correlation_p_value,50.0,0.4,,0.003302727162238229,0.0002730867343672,-0.046697272837761775,0.0,significant
0.5,smallworldness,0.0243950885940395,50,partial_correlation_p_value,50.0,0.5,,0.0001605349566003264,1.7000396426831466e-05,-0.04983946504339968,0.0,significant
0.5,smallworldness,0.0243950885940395,75,partial_correlation_p_value,75.0,0.05,,0.6658561263349685,0.0178027498223926,0.6158561263349684,0.0,non-significant
0.5,smallworldness,0.0243950885940395,75,partial_correlation_p_value,75.0,0.1,,0.3868655898413166,0.0134651695927147,0.3368655898413166,1.7310949084091814e-299,non-significant
0.5,smallworldness,0.0243950885940395,75,partial_correlation_p_value,75.0,0.2,,0.08116706380718447,0.0043126602909884,0.031167063807184467,4.313745365436048e-17,non-significant
0.5,smallworldness,0.0243950885940395,75,partial_correlation_p_value,75.0,0.3,,0.008030434893107933,0.0005959929787571,-0.04196956510689207,0.0,significant
0.5,smallworldness,0.0243950885940395,75,partial_correlation_p_value,75.0,0.4,,0.00031301084080057913,3.083494739624172e-05,-0.049686989159199425,0.0,significant
0.5,smallworldness,0.0243950885940395,75,partial_correlation_p_value,75.0,0.5,,3.657912410473166e-06,4.655607649229827e-07,-0.04999634208758953,0.0,significant
0.5,smallworldness,0.0243950885940395,100,partial_correlation_p_value,100.0,0.05,,0.6177343076882446,0.0172396288409315,0.5677343076882445,0.0,non-significant
0.5,smallworldness,0.0243950885940395,100,partial_correlation_p_value,100.0,0.1,,0.3173043978741975,0.0118653698047845,0.2673043978741975,2.174714069566341e-243,non-significant
0.5,smallworldness,0.0243950885940395,100,partial_correlation_p_value,100.0,0.2,,0.043860884260170395,0.0025868138717766,-0.006139115739829608,0.010899094340981241,significant
0.5,smallworldness,0.0243950885940395,100,partial_correlation_p_value,100.0,0.3,,0.0021883947254214523,0.0001831842225369,-0.04781160527457855,0.0,significant
0.5,smallworldness,0.0243950885940395,100,partial_correlation_p_value,100.0,0.4,,3.109559952288662e-05,3.4846872455846235e-06,-0.04996890440047712,0.0,significant
0.5,smallworldness,0.0243950885940395,100,partial_correlation_p_value,100.0,0.5,,8.769694091866885e-08,1.2760617286780825e-08,-0.049999912303059085,0.0,significant
0.5,smallworldness,0.0243950885940395,300,partial_correlation_p_value,300.0,0.05,,0.3865747744849377,0.0133993824958755,0.3365747744849377,6.433598848588387e-302,non-significant
0.5,smallworldness,0.0243950885940395,300,partial_correlation_p_value,300.0,0.1,,0.0827480032540806,0.0043357793763639,0.0327480032540806,1.1158403219941532e-18,non-significant
0.5,smallworldness,0.0243950885940395,300,partial_correlation_p_value,300.0,0.2,,0.00047121211121644706,4.3566725801849485e-05,-0.04952878788878356,0.0,significant
0.5,smallworldness,0.0243950885940395,300,partial_correlation_p_value,300.0,0.3,,1.0680987893806553e-07,1.4665393990646486e-08,-0.04999989319012106,0.0,significant
0.5,smallworldness,0.0243950885940395,300,partial_correlation_p_value,300.0,0.4,,4.961369134212258e-13,9.318775499543027e-14,-0.049999999999503865,0.0,significant
0.5,smallworldness,0.0243950885940395,300,partial_correlation_p_value,300.0,0.5,,1.6558627351112573e-20,4.0856810472869736e-21,-0.05,0.0,significant
0.5,smallworldness,0.0243950885940395,500,partial_correlation_p_value,500.0,0.05,,0.2634924310858535,0.0104286881501649,0.21349243108585353,2.049918591505119e-196,non-significant
0.5,smallworldness,0.0243950885940395,500,partial_correlation_p_value,500.0,0.1,,0.025054006060311104,0.0015865037226359,-0.0249459939396889,0.0,significant
0.5,smallworldness,0.0243950885940395,500,partial_correlation_p_value,500.0,0.2,,6.313699919191115e-06,7.347383130082248e-07,-0.04999368630008081,0.0,significant
0.5,smallworldness,0.0243950885940395,500,partial_correlation_p_value,500.0,0.3,,6.716109043816408e-12,1.1756753904025629e-12,-0.049999999993283896,0.0,significant
0.5,smallworldness,0.0243950885940395,500,partial_correlation_p_value,500.0,0.4,,1.0365018011564428e-20,2.495410027057806e-21,-0.05,0.0,significant
0.5,smallworldness,0.0243950885940395,500,partial_correlation_p_value,500.0,0.5,,4.1307211551450724e-33,1.3099214676202865e-33,-0.05,0.0,significant
0.5,smallworldness,0.0243950885940395,1000,partial_correlation_p_value,1000.0,0.05,,0.11371053994288459,0.0055763095048239,0.06371053994288459,4.458081886709988e-47,non-significant
0.5,smallworldness,0.0243950885940395,1000,partial_correlation_p_value,1000.0,0.1,,0.0015273578790529936,0.0001285673951382,-0.04847264212094701,0.0,significant
0.5,smallworldness,0.0243950885940395,1000,partial_correlation_p_value,1000.0,0.2,,1.6849007397872172e-10,2.7153889520723964e-11,-0.04999999983150993,0.0,significant
0.5,smallworldness,0.0243950885940395,1000,partial_correlation_p_value,1000.0,0.3,,2.761398881915165e-22,6.769032633031102e-23,-0.05,0.0,significant
0.5,smallworldness,0.0243950885940395,1000,partial_correlation_p_value,1000.0,0.4,,8.653026414338422e-40,2.9299116952509142e-40,-0.05,0.0,significant
0.5,smallworldness,0.0243950885940395,1000,partial_correlation_p_value,1000.0,0.5,,1.706877942166305e-64,7.628729353286995e-65,-0.05,0.0,significant
0.05,avg_shortestPathLength,0.039219040603392,30,ancova_p_value,,0.5,30.0,0.4849569686830381,0.0240187562005042,0.4349569686830381,6.213472070957127e-150,non-significant
0.05,avg_shortestPathLength,0.039219040603392,30,ancova_p_value,,1.0,30.0,0.3253086154260302,0.0186677411117959,0.2753086154260302,1.2887141231258789e-105,non-significant
0.05,avg_shortestPathLength,0.039219040603392,30,ancova_p_value,,2.0,30.0,0.167594108019346,0.0114123047357808,0.11759410801934599,3.1437369044912e-45,non-significant
0.05,avg_shortestPathLength,0.039219040603392,30,ancova_p_value,,4.0,30.0,0.054625044962983094,0.0044593833669425,0.004625044962983091,0.14915234482086795,non-significant
0.05,avg_shortestPathLength,0.039219040603392,30,ancova_p_value,,6.0,30.0,0.0203613903722062,0.0018386931660124,-0.029638609627793803,0.0,significant
0.05,avg_shortestPathLength,0.039219040603392,30,ancova_p_value,,8.0,30.0,0.008257335914631373,0.0007953389951121,-0.04174266408536863,0.0,significant
0.05,avg_shortestPathLength,0.039219040603392,30,ancova_p_value,,10.0,30.0,0.0035685233088176825,0.0003591436219786,-0.04643147669118232,0.0,significant
0.05,avg_shortestPathLength,0.039219040603392,30,ancova_p_value,,15.0,30.0,0.0005407062921313466,5.786341485244953e-05,-0.049459293707868654,0.0,significant
0.05,avg_shortestPathLength,0.039219040603392,50,ancova_p_value,,0.5,50.0,0.48278284379668057,0.0241585390709178,0.4327828437966806,5.084214756873644e-147,non-significant
0.05,avg_shortestPathLength,0.039219040603392,50,ancova_p_value,,1.0,50.0,0.32212564510024433,0.0187914944205552,0.27212564510024434,7.63632672100416e-102,non-significant
0.05,avg_shortestPathLength,0.039219040603392,50,ancova_p_value,,2.0,50.0,0.16349617189550622,0.0114529020686887,0.11349617189550622,1.3205890775513266e-41,non-significant
0.05,avg_shortestPathLength,0.039219040603392,50,ancova_p_value,,4.0,50.0,0.05094706873769324,0.0043748174363465,0.0009470687376932352,0.4244339925892486,non-significant
0.05,avg_shortestPathLength,0.039219040603392,50,ancova_p_value,,6.0,50.0,0.01785224137520709,0.0017306375450059,-0.03214775862479291,0.0,significant
0.05,avg_shortestPathLength,0.039219040603392,50,ancova_p_value,,8.0,50.0,0.006713432842279582,0.000707272828531,-0.04328656715772042,0.0,significant
0.05,avg_shortestPathLength,0.039219040603392,50,ancova_p_value,,10.0,50.0,0.0026605541904910716,0.0002979503672588,-0.04733944580950893,0.0,significant
0.05,avg_shortestPathLength,0.039219040603392,50,ancova_p_value,,15.0,50.0,0.00031306556427201346,3.869993320774761e-05,-0.04968693443572799,0.0,significant
0.05,avg_shortestPathLength,0.039219040603392,75,ancova_p_value,,0.5,75.0,0.4816914470000123,0.0242288760732925,0.43169144700001233,1.4104808292679038e-145,non-significant
0.05,avg_shortestPathLength,0.039219040603392,75,ancova_p_value,,1.0,75.0,0.3205260061237414,0.0188538880422236,0.2705260061237414,5.477693126881308e-100,non-significant
0.05,avg_shortestPathLength,0.039219040603392,75,ancova_p_value,,2.0,75.0,0.16143714082856858,0.011472811918175,0.11143714082856858,7.332266723514631e-40,non-significant
0.05,avg_shortestPathLength,0.039219040603392,75,ancova_p_value,,4.0,75.0,0.04912138289485513,0.004330000649202,-0.0008786171051448702,0.40921851879597215,significant
0.05,avg_shortestPathLength,0.039219040603392,75,ancova_p_value,,6.0,75.0,0.016639791628428848,0.00167450601965,-0.03336020837157115,0.0,significant
0.05,avg_shortestPathLength,0.039219040603392,75,ancova_p_value,,8.0,75.0,0.005996484169924953,0.0006627502804988,-0.04400351583007505,0.0,significant
0.05,avg_shortestPathLength,0.039219040603392,75,ancova_p_value,,10.0,75.0,0.0022598459055359287,0.0002681626281816,-0.047740154094464075,0.0,significant
0.05,avg_shortestPathLength,0.039219040603392,75,ancova_p_value,,15.0,75.0,0.0002280430925145892,3.055639192737797e-05,-0.04977195690748541,0.0,significant
0.05,avg_shortestPathLength,0.039219040603392,100,ancova_p_value,,0.5,100.0,0.48114467698573943,0.0242641560391194,0.43114467698573944,7.372322489032674e-145,non-significant
0.05,avg_shortestPathLength,0.039219040603392,100,ancova_p_value,,1.0,100.0,0.31972415578412333,0.0188852149751055,0.26972415578412334,4.558252858371393e-99,non-significant
0.05,avg_shortestPathLength,0.039219040603392,100,ancova_p_value,,2.0,100.0,0.16040513148560548,0.0114826634188213,0.11040513148560548,5.257547436132414e-39,non-significant
0.05,avg_shortestPathLength,0.039219040603392,100,ancova_p_value,,4.0,100.0,0.04821217873113365,0.0043069286217596,-0.0017878212688663547,0.33054380522421956,significant
0.05,avg_shortestPathLength,0.039219040603392,100,ancova_p_value,,6.0,100.0,0.016044679166962617,0.0016459063206542,-0.033955320833037386,0.0,significant
0.05,avg_shortestPathLength,0.039219040603392,100,ancova_p_value,,8.0,100.0,0.005652215916228005,0.0006404004918583,-0.044347784083772,0.0,significant
0.05,avg_shortestPathLength,0.039219040603392,100,ancova_p_value,,10.0,100.0,0.00207287258086666,0.0002535249515587,-0.047927127419133346,0.0,significant
0.05,avg_shortestPathLength,0.039219040603392,100,ancova_p_value,,15.0,100.0,0.0001920508540141487,2.6860269823613807e-05,-0.04980794914598585,0.0,significant
0.05,avg_shortestPathLength,0.039219040603392,300,ancova_p_value,,0.5,300.0,0.4800490110787622,0.0243349389997107,0.4300490110787622,1.9833402165578284e-143,non-significant
0.05,avg_shortestPathLength,0.039219040603392,300,ancova_p_value,,1.0,300.0,0.31811640443062633,0.018948130364629,0.26811640443062634,3.04719048170495e-97,non-significant
0.05,avg_shortestPathLength,0.039219040603392,300,ancova_p_value,,2.0,300.0,0.15833615787546532,0.0115021502361982,0.10833615787546531,2.5041042540937048e-37,non-significant
0.05,avg_shortestPathLength,0.039219040603392,300,ancova_p_value,,4.0,300.0,0.0464015209831491,0.0042594116833036,-0.0035984790168509043,0.19664828679789537,significant
0.05,avg_shortestPathLength,0.039219040603392,300,ancova_p_value,,6.0,300.0,0.014877544674688336,0.0015876298854378,-0.03512245532531166,0.0,significant
0.05,avg_shortestPathLength,0.039219040603392,300,ancova_p_value,,8.0,300.0,0.004992719858471545,0.0005955813880999,-0.04500728014152846,0.0,significant
0.05,avg_shortestPathLength,0.039219040603392,300,ancova_p_value,,10.0,300.0,0.0017256705948826214,0.0002248479999718,-0.04827432940511738,0.0,significant
0.05,avg_shortestPathLength,0.039219040603392,300,ancova_p_value,,15.0,300.0,0.00013201666015390175,2.023417983675473e-05,-0.0498679833398461,0.0,significant
0.05,avg_shortestPathLength,0.039219040603392,500,ancova_p_value,,0.5,500.0,0.47982953965954955,0.0243491312870966,0.42982953965954956,3.821954221444601e-143,non-significant
0.05,avg_shortestPathLength,0.039219040603392,500,ancova_p_value,,1.0,500.0,0.3177942072606085,0.0189607554271158,0.2677942072606085,7.022199714366582e-97,non-significant
0.05,avg_shortestPathLength,0.039219040603392,500,ancova_p_value,,2.0,500.0,0.15792157401181234,0.0115060119636534,0.10792157401181234,5.357088161477182e-37,non-significant
0.05,avg_shortestPathLength,0.039219040603392,500,ancova_p_value,,4.0,500.0,0.046040682769031456,0.0042496834980499,-0.003959317230968547,0.17455930386385854,significant
0.05,avg_shortestPathLength,0.039219040603392,500,ancova_p_value,,6.0,500.0,0.01464790875937049,0.0015758014570711,-0.03535209124062951,0.0,significant
0.05,avg_shortestPathLength,0.039219040603392,500,ancova_p_value,,8.0,500.0,0.004865533464805003,0.0005866053762271,-0.045134466535195,0.0,significant
0.05,avg_shortestPathLength,0.039219040603392,500,ancova_p_value,,10.0,500.0,0.0016604995248597615,0.000219218324231,-0.04833950047514024,0.0,significant
0.05,avg_shortestPathLength,0.039219040603392,500,ancova_p_value,,15.0,500.0,0.0001217965039979378,1.903246725484016e-05,-0.04987820349600206,0.0,significant
0.05,avg_shortestPathLength,0.039219040603392,1000,ancova_p_value,,0.5,1000.0,0.4796648624377731,0.0243597833127943,0.42966486243777313,6.247659134746835e-143,non-significant
0.05,avg_shortestPathLength,0.039219040603392,1000,ancova_p_value,,1.0,1000.0,0.31755241808467255,0.0189702334327387,0.26755241808467256,1.311802342782839e-96,non-significant
0.05,avg_shortestPathLength,0.039219040603392,1000,ancova_p_value,,2.0,1000.0,0.1576104641334238,0.0115089002782649,0.1076104641334238,9.451057860357596e-37,non-significant
0.05,avg_shortestPathLength,0.039219040603392,1000,ancova_p_value,,4.0,1000.0,0.04577034649325166,0.0042423372710574,-0.0042296535067483446,0.1590922923052206,significant
0.05,avg_shortestPathLength,0.039219040603392,1000,ancova_p_value,,6.0,1000.0,0.014476528145859816,0.0015668921438995,-0.03552347185414019,0.0,significant
0.05,avg_shortestPathLength,0.039219040603392,1000,ancova_p_value,,8.0,1000.0,0.00477118583723039,0.0005798719918713,-0.04522881416276961,0.0,significant
0.05,avg_shortestPathLength,0.039219040603392,1000,ancova_p_value,,10.0,1000.0,0.0016125523948250528,0.0002150209989545,-0.04838744760517495,0.0,significant
0.05,avg_shortestPathLength,0.039219040603392,1000,ancova_p_value,,15.0,1000.0,0.00011449967420285442,1.815826323576282e-05,-0.049885500325797145,0.0,significant
0.1,avg_shortestPathLength,0.0318008707364405,30,ancova_p_value,,0.5,30.0,0.4849569686830381,0.0194756768506022,0.4349569686830381,4.547995758884304e-227,non-significant
0.1,avg_shortestPathLength,0.0318008707364405,30,ancova_p_value,,1.0,30.0,0.3253086154260302,0.0151367910306866,0.2753086154260302,1.281708689054123e-159,non-significant
0.1,avg_shortestPathLength,0.0318008707364405,30,ancova_p_value,,2.0,30.0,0.167594108019346,0.0092536997877517,0.11759410801934599,8.6792347920153e-68,non-significant
0.1,avg_shortestPathLength,0.0318008707364405,30,ancova_p_value,,4.0,30.0,0.054625044962983094,0.0036159036996969,0.004625044962983091,0.09787849557408455,non-significant
0.1,avg_shortestPathLength,0.0318008707364405,30,ancova_p_value,,6.0,30.0,0.0203613903722062,0.0014909095887287,-0.029638609627793803,0.0,significant
0.1,avg_shortestPathLength,0.0318008707364405,30,ancova_p_value,,8.0,30.0,0.008257335914631373,0.00064490288865,-0.04174266408536863,0.0,significant
0.1,avg_shortestPathLength,0.0318008707364405,30,ancova_p_value,,10.0,30.0,0.0035685233088176825,0.0002912126284234,-0.04643147669118232,0.0,significant
0.1,avg_shortestPathLength,0.0318008707364405,30,ancova_p_value,,15.0,30.0,0.0005407062921313466,4.691871467994632e-05,-0.049459293707868654,0.0,significant
0.1,avg_shortestPathLength,0.0318008707364405,50,ancova_p_value,,0.5,50.0,0.48278284379668057,0.0195890201890624,0.4327828437966806,1.2222542057313669e-222,non-significant
0.1,avg_shortestPathLength,0.0318008707364405,50,ancova_p_value,,1.0,50.0,0.32212564510024433,0.0152371367534405,0.27212564510024434,6.972863945483928e-154,non-significant
0.1,avg_shortestPathLength,0.0318008707364405,50,ancova_p_value,,2.0,50.0,0.16349617189550622,0.0092866182507275,0.11349617189550622,2.766371061209377e-62,non-significant
0.1,avg_shortestPathLength,0.0318008707364405,50,ancova_p_value,,4.0,50.0,0.05094706873769324,0.0035473331740998,0.0009470687376932352,0.40264395815901693,non-significant
0.1,avg_shortestPathLength,0.0318008707364405,50,ancova_p_value,,6.0,50.0,0.01785224137520709,0.0014032923807831,-0.03214775862479291,0.0,significant
0.1,avg_shortestPathLength,0.0318008707364405,50,ancova_p_value,,8.0,50.0,0.006713432842279582,0.0005734941867386,-0.04328656715772042,0.0,significant
0.1,avg_shortestPathLength,0.0318008707364405,50,ancova_p_value,,10.0,50.0,0.0026605541904910716,0.0002415939036064,-0.04733944580950893,0.0,significant
0.1,avg_shortestPathLength,0.0318008707364405,50,ancova_p_value,,15.0,50.0,0.00031306556427201346,3.1379951026696514e-05,-0.04968693443572799,0.0,significant
0.1,avg_shortestPathLength,0.0318008707364405,75,ancova_p_value,,0.5,75.0,0.4816914470000123,0.0196460531476991,0.43169144700001233,1.9124799915842083e-220,non-significant
0.1,avg_shortestPathLength,0.0318008707364405,75,ancova_p_value,,1.0,75.0,0.3205260061237414,0.0152877287992154,0.2705260061237414,4.619375918583588e-151,non-significant
0.1,avg_shortestPathLength,0.0318008707364405,75,ancova_p_value,,2.0,75.0,0.16143714082856858,0.0093027622088701,0.11143714082856858,1.2339845684183698e-59,non-significant
0.1,avg_shortestPathLength,0.0318008707364405,75,ancova_p_value,,4.0,75.0,0.04912138289485513,0.0035109933546428,-0.0008786171051448702,0.3930543223050482,significant
0.1,avg_shortestPathLength,0.0318008707364405,75,ancova_p_value,,6.0,75.0,0.016639791628428848,0.0013577779736324,-0.03336020837157115,0.0,significant
0.1,avg_shortestPathLength,0.0318008707364405,75,ancova_p_value,,8.0,75.0,0.005996484169924953,0.0005373929519035,-0.04400351583007505,0.0,significant
0.1,avg_shortestPathLength,0.0318008707364405,75,ancova_p_value,,10.0,75.0,0.0022598459055359287,0.000217440430565,-0.047740154094464075,0.0,significant
0.1,avg_shortestPathLength,0.0318008707364405,75,ancova_p_value,,15.0,75.0,0.0002280430925145892,2.477673739348224e-05,-0.04977195690748541,0.0,significant
0.1,avg_shortestPathLength,0.0318008707364405,100,ancova_p_value,,0.5,100.0,0.48114467698573943,0.0196746600084379,0.43114467698573944,2.3645135857572318e-219,non-significant
0.1,avg_shortestPathLength,0.0318008707364405,100,ancova_p_value,,1.0,100.0,0.31972415578412333,0.0153131303319357,0.26972415578412334,1.1574971423571652e-149,non-significant
0.1,avg_shortestPathLength,0.0318008707364405,100,ancova_p_value,,2.0,100.0,0.16040513148560548,0.0093107503262181,0.11040513148560548,2.4580595073647394e-58,non-significant
0.1,avg_shortestPathLength,0.0318008707364405,100,ancova_p_value,,4.0,100.0,0.04821217873113365,0.0034922853355012,-0.0017878212688663547,0.29846607408742254,significant
0.1,avg_shortestPathLength,0.0318008707364405,100,ancova_p_value,,6.0,100.0,0.016044679166962617,0.0013345878262735,-0.033955320833037386,0.0,significant
0.1,avg_shortestPathLength,0.0318008707364405,100,ancova_p_value,,8.0,100.0,0.005652215916228005,0.0005192705621508,-0.044347784083772,0.0,significant
0.1,avg_shortestPathLength,0.0318008707364405,100,ancova_p_value,,10.0,100.0,0.00207287258086666,0.0002055714287993,-0.047927127419133346,0.0,significant
0.1,avg_shortestPathLength,0.0318008707364405,100,ancova_p_value,,15.0,100.0,0.0001920508540141487,2.177972626216612e-05,-0.04980794914598585,0.0,significant
0.1,avg_shortestPathLength,0.0318008707364405,300,ancova_p_value,,0.5,300.0,0.4800490110787622,0.0197320545735643,0.4300490110787622,3.5307527768387617e-217,non-significant
0.1,avg_shortestPathLength,0.0318008707364405,300,ancova_p_value,,1.0,300.0,0.31811640443062633,0.0153641454546615,0.26811640443062634,6.888294591184537e-147,non-significant
0.1,avg_shortestPathLength,0.0318008707364405,300,ancova_p_value,,2.0,300.0,0.15833615787546532,0.0093265512675703,0.10833615787546531,8.680908351110058e-56,non-significant
0.1,avg_shortestPathLength,0.0318008707364405,300,ancova_p_value,,4.0,300.0,0.0464015209831491,0.0034537560906654,-0.0035984790168509043,0.14901635338981611,significant
0.1,avg_shortestPathLength,0.0318008707364405,300,ancova_p_value,,6.0,300.0,0.014877544674688336,0.0012873342128555,-0.03512245532531166,0.0,significant
0.1,avg_shortestPathLength,0.0318008707364405,300,ancova_p_value,,8.0,300.0,0.004992719858471545,0.0004829288642608,-0.04500728014152846,0.0,significant
0.1,avg_shortestPathLength,0.0318008707364405,300,ancova_p_value,,10.0,300.0,0.0017256705948826214,0.0001823186409571,-0.04827432940511738,0.0,significant
0.1,avg_shortestPathLength,0.0318008707364405,300,ancova_p_value,,15.0,300.0,0.00013201666015390175,1.6406942330732985e-05,-0.0498679833398461,0.0,significant
0.1,avg_shortestPathLength,0.0318008707364405,500,ancova_p_value,,0.5,500.0,0.47982953965954955,0.0197435624301989,0.42982953965954956,9.57335456264897e-217,non-significant
0.1,avg_shortestPathLength,0.0318008707364405,500,ancova_p_value,,1.0,500.0,0.3177942072606085,0.0153743825225246,0.2677942072606085,2.4507957147780486e-146,non-significant
0.1,avg_shortestPathLength,0.0318008707364405,500,ancova_p_value,,2.0,500.0,0.15792157401181234,0.0093296825602724,0.10792157401181234,2.754811341416855e-55,non-significant
0.1,avg_shortestPathLength,0.0318008707364405,500,ancova_p_value,,4.0,500.0,0.046040682769031456,0.0034458679639547,-0.003959317230968547,0.1266164077243883,significant
0.1,avg_shortestPathLength,0.0318008707364405,500,ancova_p_value,,6.0,500.0,0.01464790875937049,0.0012777430980368,-0.03535209124062951,0.0,significant
0.1,avg_shortestPathLength,0.0318008707364405,500,ancova_p_value,,8.0,500.0,0.004865533464805003,0.0004756506394775,-0.045134466535195,0.0,significant
0.1,avg_shortestPathLength,0.0318008707364405,500,ancova_p_value,,10.0,500.0,0.0016604995248597615,0.000177753802354,-0.04833950047514024,0.0,significant
0.1,avg_shortestPathLength,0.0318008707364405,500,ancova_p_value,,15.0,500.0,0.0001217965039979378,1.5432530262210474e-05,-0.04987820349600206,0.0,significant
0.1,avg_shortestPathLength,0.0318008707364405,1000,ancova_p_value,,0.5,1000.0,0.4796648624377731,0.019752199655564,0.42966486243777313,2.021181215111635e-216,non-significant
0.1,avg_shortestPathLength,0.0318008707364405,1000,ancova_p_value,,1.0,1000.0,0.31755241808467255,0.0153820677903694,0.26755241808467256,6.337086682651454e-146,non-significant
0.1,avg_shortestPathLength,0.0318008707364405,1000,ancova_p_value,,2.0,1000.0,0.1576104641334238,0.0093320245583986,0.1076104641334238,6.5234418685421104e-55,non-significant
0.1,avg_shortestPathLength,0.0318008707364405,1000,ancova_p_value,,4.0,1000.0,0.04577034649325166,0.0034399112548819,-0.0042296535067483446,0.11145530869853593,significant
0.1,avg_shortestPathLength,0.0318008707364405,1000,ancova_p_value,,6.0,1000.0,0.014476528145859816,0.0012705189560854,-0.03552347185414019,0.0,significant
0.1,avg_shortestPathLength,0.0318008707364405,1000,ancova_p_value,,8.0,1000.0,0.00477118583723039,0.0004701908556016,-0.04522881416276961,0.0,significant
0.1,avg_shortestPathLength,0.0318008707364405,1000,ancova_p_value,,10.0,1000.0,0.0016125523948250528,0.000174350389203,-0.04838744760517495,0.0,significant
0.1,avg_shortestPathLength,0.0318008707364405,1000,ancova_p_value,,15.0,1000.0,0.00011449967420285442,1.4723679444336296e-05,-0.049885500325797145,0.0,significant
0.2,avg_shortestPathLength,0.0277506495043664,30,ancova_p_value,,0.5,30.0,0.4849569686830381,0.0169952164712915,0.4349569686830381,1.406735924730281e-297,non-significant
0.2,avg_shortestPathLength,0.0277506495043664,30,ancova_p_value,,1.0,30.0,0.3253086154260302,0.0132089396543498,0.2753086154260302,5.641364245597511e-209,non-significant
0.2,avg_shortestPathLength,0.0277506495043664,30,ancova_p_value,,2.0,30.0,0.167594108019346,0.0080751304439681,0.11759410801934599,2.158541349464169e-88,non-significant
0.2,avg_shortestPathLength,0.0277506495043664,30,ancova_p_value,,4.0,30.0,0.054625044962983094,0.0031553751167212,0.004625044962983091,0.06832959689368134,non-significant
0.2,avg_shortestPathLength,0.0277506495043664,30,ancova_p_value,,6.0,30.0,0.0203613903722062,0.0013010244210734,-0.029638609627793803,0.0,significant
0.2,avg_shortestPathLength,0.0277506495043664,30,ancova_p_value,,8.0,30.0,0.008257335914631373,0.0005627667926329,-0.04174266408536863,0.0,significant
0.2,avg_shortestPathLength,0.0277506495043664,30,ancova_p_value,,10.0,30.0,0.0035685233088176825,0.0002541232172414,-0.04643147669118232,0.0,significant
0.2,avg_shortestPathLength,0.0277506495043664,30,ancova_p_value,,15.0,30.0,0.0005407062921313466,4.0943055209698254e-05,-0.049459293707868654,0.0,significant
0.2,avg_shortestPathLength,0.0277506495043664,50,ancova_p_value,,0.5,50.0,0.48278284379668057,0.0170941241799932,0.4327828437966806,9.209092428365673e-292,non-significant
0.2,avg_shortestPathLength,0.0277506495043664,50,ancova_p_value,,1.0,50.0,0.32212564510024433,0.0132965051491591,0.27212564510024434,1.91381021329939e-201,non-significant
0.2,avg_shortestPathLength,0.0277506495043664,50,ancova_p_value,,2.0,50.0,0.16349617189550622,0.0081038563469736,0.11349617189550622,3.6038101003394433e-81,non-significant
0.2,avg_shortestPathLength,0.0277506495043664,50,ancova_p_value,,4.0,50.0,0.05094706873769324,0.0030955378676739,0.0009470687376932352,0.38647570093449357,non-significant
0.2,avg_shortestPathLength,0.0277506495043664,50,ancova_p_value,,6.0,50.0,0.01785224137520709,0.0012245663124763,-0.03214775862479291,0.0,significant
0.2,avg_shortestPathLength,0.0277506495043664,50,ancova_p_value,,8.0,50.0,0.006713432842279582,0.00050045284297,-0.04328656715772042,0.0,significant
0.2,avg_shortestPathLength,0.0277506495043664,50,ancova_p_value,,10.0,50.0,0.0026605541904910716,0.0002108240304782,-0.04733944580950893,0.0,significant
0.2,avg_shortestPathLength,0.0277506495043664,50,ancova_p_value,,15.0,50.0,0.00031306556427201346,2.7383338953929176e-05,-0.04968693443572799,0.0,significant
0.2,avg_shortestPathLength,0.0277506495043664,75,ancova_p_value,,0.5,75.0,0.4816914470000123,0.0171438933092238,0.43169144700001233,7.00879089405986e-289,non-significant
0.2,avg_shortestPathLength,0.0277506495043664,75,ancova_p_value,,1.0,75.0,0.3205260061237414,0.0133406536928152,0.2705260061237414,9.680497291498418e-198,non-significant
0.2,avg_shortestPathLength,0.0277506495043664,75,ancova_p_value,,2.0,75.0,0.16143714082856858,0.0081179441789623,0.11143714082856858,1.0805070091914295e-77,non-significant
0.2,avg_shortestPathLength,0.0277506495043664,75,ancova_p_value,,4.0,75.0,0.04912138289485513,0.0030638263588551,-0.0008786171051448702,0.38025273913082047,significant
0.2,avg_shortestPathLength,0.0277506495043664,75,ancova_p_value,,6.0,75.0,0.016639791628428848,0.0011848487094363,-0.03336020837157115,0.0,significant
0.2,avg_shortestPathLength,0.0277506495043664,75,ancova_p_value,,8.0,75.0,0.005996484169924953,0.0004689495321681,-0.04400351583007505,0.0,significant
0.2,avg_shortestPathLength,0.0277506495043664,75,ancova_p_value,,10.0,75.0,0.0022598459055359287,0.0001897467911082,-0.047740154094464075,0.0,significant
0.2,avg_shortestPathLength,0.0277506495043664,75,ancova_p_value,,15.0,75.0,0.0002280430925145892,2.1621123552455747e-05,-0.04977195690748541,0.0,significant
0.2,avg_shortestPathLength,0.0277506495043664,100,ancova_p_value,,0.5,100.0,0.48114467698573943,0.0171688567441046,0.43114467698573944,1.9041185749127345e-287,non-significant
0.2,avg_shortestPathLength,0.0277506495043664,100,ancova_p_value,,1.0,100.0,0.31972415578412333,0.013362820036537,0.26972415578412334,6.646543640841091e-196,non-significant
0.2,avg_shortestPathLength,0.0277506495043664,100,ancova_p_value,,2.0,100.0,0.16040513148560548,0.0081249149140267,0.11040513148560548,5.478521619930362e-76,non-significant
0.2,avg_shortestPathLength,0.0277506495043664,100,ancova_p_value,,4.0,100.0,0.04821217873113365,0.0030475010297023,-0.0017878212688663547,0.2743276959630431,significant
0.2,avg_shortestPathLength,0.0277506495043664,100,ancova_p_value,,6.0,100.0,0.016044679166962617,0.0011646121047017,-0.033955320833037386,0.0,significant
0.2,avg_shortestPathLength,0.0277506495043664,100,ancova_p_value,,8.0,100.0,0.005652215916228005,0.0004531352454972,-0.044347784083772,0.0,significant
0.2,avg_shortestPathLength,0.0277506495043664,100,ancova_p_value,,10.0,100.0,0.00207287258086666,0.0001793894486727,-0.047927127419133346,0.0,significant
0.2,avg_shortestPathLength,0.0277506495043664,100,ancova_p_value,,15.0,100.0,0.0001920508540141487,1.9005817633472363e-05,-0.04980794914598585,0.0,significant
0.2,avg_shortestPathLength,0.0277506495043664,300,ancova_p_value,,0.5,300.0,0.4800490110787622,0.0172189414249135,0.4300490110787622,1.3628453347959678e-284,non-significant
0.2,avg_shortestPathLength,0.0277506495043664,300,ancova_p_value,,1.0,300.0,0.31811640443062633,0.0134073377732342,0.26811640443062634,2.920200194664739e-192,non-significant
0.2,avg_shortestPathLength,0.0277506495043664,300,ancova_p_value,,2.0,300.0,0.15833615787546532,0.0081387034165159,0.10833615787546531,1.2085279496815973e-72,non-significant
0.2,avg_shortestPathLength,0.0277506495043664,300,ancova_p_value,,4.0,300.0,0.0464015209831491,0.0030138789450127,-0.0035984790168509043,0.11777421049714798,significant
0.2,avg_shortestPathLength,0.0277506495043664,300,ancova_p_value,,6.0,300.0,0.014877544674688336,0.0011233768041136,-0.03512245532531166,0.0,significant
0.2,avg_shortestPathLength,0.0277506495043664,300,ancova_p_value,,8.0,300.0,0.004992719858471545,0.0004214220974864,-0.04500728014152846,0.0,significant
0.2,avg_shortestPathLength,0.0277506495043664,300,ancova_p_value,,10.0,300.0,0.0017256705948826214,0.0001590981814694,-0.04827432940511738,0.0,significant
0.2,avg_shortestPathLength,0.0277506495043664,300,ancova_p_value,,15.0,300.0,0.00013201666015390175,1.4317321995111066e-05,-0.0498679833398461,0.0,significant
0.2,avg_shortestPathLength,0.0277506495043664,500,ancova_p_value,,0.5,500.0,0.47982953965954955,0.0172289836183697,0.42982953965954956,5.0496191931320376e-284,non-significant
0.2,avg_shortestPathLength,0.0277506495043664,500,ancova_p_value,,1.0,500.0,0.3177942072606085,0.0134162710280678,0.2677942072606085,1.545560314479764e-191,non-significant
0.2,avg_shortestPathLength,0.0277506495043664,500,ancova_p_value,,2.0,500.0,0.15792157401181234,0.0081414359016415,0.10792157401181234,5.500144358311023e-72,non-significant
0.2,avg_shortestPathLength,0.0277506495043664,500,ancova_p_value,,4.0,500.0,0.046040682769031456,0.0030069954655819,-0.003959317230968547,0.0963048190891641,significant
0.2,avg_shortestPathLength,0.0277506495043664,500,ancova_p_value,,6.0,500.0,0.01464790875937049,0.0011150072324785,-0.03535209124062951,0.0,significant
0.2,avg_shortestPathLength,0.0277506495043664,500,ancova_p_value,,8.0,500.0,0.004865533464805003,0.000415070841678,-0.045134466535195,0.0,significant
0.2,avg_shortestPathLength,0.0277506495043664,500,ancova_p_value,,10.0,500.0,0.0016604995248597615,0.0001551147296587,-0.04833950047514024,0.0,significant
0.2,avg_shortestPathLength,0.0277506495043664,500,ancova_p_value,,15.0,500.0,0.0001217965039979378,1.3467012957647914e-05,-0.04987820349600206,0.0,significant
0.2,avg_shortestPathLength,0.0277506495043664,1000,ancova_p_value,,0.5,1000.0,0.4796648624377731,0.0172365207897819,0.42966486243777313,1.3470987816556092e-283,non-significant
0.2,avg_shortestPathLength,0.0277506495043664,1000,ancova_p_value,,1.0,1000.0,0.31755241808467255,0.0134229774851355,0.26755241808467256,5.37986980187406e-191,non-significant
0.2,avg_shortestPathLength,0.0277506495043664,1000,ancova_p_value,,2.0,1000.0,0.1576104641334238,0.0081434796182957,0.1076104641334238,1.7047053746778466e-71,non-significant
0.2,avg_shortestPathLength,0.0277506495043664,1000,ancova_p_value,,4.0,1000.0,0.04577034649325166,0.0030017974146527,-0.0042296535067483446,0.08221827532112946,significant
0.2,avg_shortestPathLength,0.0277506495043664,1000,ancova_p_value,,6.0,1000.0,0.014476528145859816,0.0011087031714065,-0.03552347185414019,0.0,significant
0.2,avg_shortestPathLength,0.0277506495043664,1000,ancova_p_value,,8.0,1000.0,0.00477118583723039,0.0004103064265786,-0.04522881416276961,0.0,significant
0.2,avg_shortestPathLength,0.0277506495043664,1000,ancova_p_value,,10.0,1000.0,0.0016125523948250528,0.0001521447818779,-0.04838744760517495,0.0,significant
0.2,avg_shortestPathLength,0.0277506495043664,1000,ancova_p_value,,15.0,1000.0,0.00011449967420285442,1.284844276940559e-05,-0.049885500325797145,0.0,significant
0.3,avg_shortestPathLength,0.0241110187938018,30,ancova_p_value,,0.5,30.0,0.4849569686830381,0.0147662123612481,0.4349569686830381,0.0,non-significant
0.3,avg_shortestPathLength,0.0241110187938018,30,ancova_p_value,,1.0,30.0,0.3253086154260302,0.0114765238990932,0.2753086154260302,3.784992894343339e-276,non-significant
0.3,avg_shortestPathLength,0.0241110187938018,30,ancova_p_value,,2.0,30.0,0.167594108019346,0.0070160383765534,0.11759410801934599,2.0101661250627164e-116,non-significant
0.3,avg_shortestPathLength,0.0241110187938018,30,ancova_p_value,,4.0,30.0,0.054625044962983094,0.0027415325442667,0.004625044962983091,0.04287693190146158,non-significant
0.3,avg_shortestPathLength,0.0241110187938018,30,ancova_p_value,,6.0,30.0,0.0203613903722062,0.0011303888315393,-0.029638609627793803,0.0,significant
0.3,avg_shortestPathLength,0.0241110187938018,30,ancova_p_value,,8.0,30.0,0.008257335914631373,0.0004889572300484,-0.04174266408536863,0.0,significant
0.3,avg_shortestPathLength,0.0241110187938018,30,ancova_p_value,,10.0,30.0,0.0035685233088176825,0.0002207937391118,-0.04643147669118232,0.0,significant
0.3,avg_shortestPathLength,0.0241110187938018,30,ancova_p_value,,15.0,30.0,0.0005407062921313466,3.5573177250549483e-05,-0.049459293707868654,0.0,significant
0.3,avg_shortestPathLength,0.0241110187938018,50,ancova_p_value,,0.5,50.0,0.48278284379668057,0.0148521478498205,0.4327828437966806,0.0,non-significant
0.3,avg_shortestPathLength,0.0241110187938018,50,ancova_p_value,,1.0,50.0,0.32212564510024433,0.0115526047594963,0.27212564510024434,3.565398260204423e-266,non-significant
0.3,avg_shortestPathLength,0.0241110187938018,50,ancova_p_value,,2.0,50.0,0.16349617189550622,0.0070409967396765,0.11349617189550622,7.349642829272461e-107,non-significant
0.3,avg_shortestPathLength,0.0241110187938018,50,ancova_p_value,,4.0,50.0,0.05094706873769324,0.0026895432372733,0.0009470687376932352,0.3678705083916581,non-significant
0.3,avg_shortestPathLength,0.0241110187938018,50,ancova_p_value,,6.0,50.0,0.01785224137520709,0.0010639585704013,-0.03214775862479291,0.0,significant
0.3,avg_shortestPathLength,0.0241110187938018,50,ancova_p_value,,8.0,50.0,0.006713432842279582,0.0004348160535977,-0.04328656715772042,0.0,significant
0.3,avg_shortestPathLength,0.0241110187938018,50,ancova_p_value,,10.0,50.0,0.0026605541904910716,0.0001831734482555,-0.04733944580950893,0.0,significant
0.3,avg_shortestPathLength,0.0241110187938018,50,ancova_p_value,,15.0,50.0,0.00031306556427201346,2.379188278282807e-05,-0.04968693443572799,0.0,significant
0.3,avg_shortestPathLength,0.0241110187938018,75,ancova_p_value,,0.5,75.0,0.4816914470000123,0.0148953895191746,0.43169144700001233,0.0,non-significant
0.3,avg_shortestPathLength,0.0241110187938018,75,ancova_p_value,,1.0,75.0,0.3205260061237414,0.0115909630100174,0.2705260061237414,2.8705685350434834e-261,non-significant
0.3,avg_shortestPathLength,0.0241110187938018,75,ancova_p_value,,2.0,75.0,0.16143714082856858,0.0070532368849672,0.11143714082856858,2.9486302391804554e-102,non-significant
0.3,avg_shortestPathLength,0.0241110187938018,75,ancova_p_value,,4.0,75.0,0.04912138289485513,0.0026619908448513,-0.0008786171051448702,0.36493979518010633,significant
0.3,avg_shortestPathLength,0.0241110187938018,75,ancova_p_value,,6.0,75.0,0.016639791628428848,0.0010294501213939,-0.03336020837157115,0.0,significant
0.3,avg_shortestPathLength,0.0241110187938018,75,ancova_p_value,,8.0,75.0,0.005996484169924953,0.0004074445530246,-0.04400351583007505,0.0,significant
0.3,avg_shortestPathLength,0.0241110187938018,75,ancova_p_value,,10.0,75.0,0.0022598459055359287,0.0001648605898667,-0.047740154094464075,0.0,significant
0.3,avg_shortestPathLength,0.0241110187938018,75,ancova_p_value,,15.0,75.0,0.0002280430925145892,1.878540955354384e-05,-0.04977195690748541,0.0,significant
0.3,avg_shortestPathLength,0.0241110187938018,100,ancova_p_value,,0.5,100.0,0.48114467698573943,0.0149170788799038,0.43114467698573944,0.0,non-significant
0.3,avg_shortestPathLength,0.0241110187938018,100,ancova_p_value,,1.0,100.0,0.31972415578412333,0.0116102221315014,0.26972415578412334,7.773653779219622e-259,non-significant
0.3,avg_shortestPathLength,0.0241110187938018,100,ancova_p_value,,2.0,100.0,0.16040513148560548,0.0070592933747124,0.11040513148560548,5.3337937450977e-100,non-significant
0.3,avg_shortestPathLength,0.0241110187938018,100,ancova_p_value,,4.0,100.0,0.04821217873113365,0.0026478066608755,-0.0017878212688663547,0.2467633590143239,significant
0.3,avg_shortestPathLength,0.0241110187938018,100,ancova_p_value,,6.0,100.0,0.016044679166962617,0.0010118676443783,-0.033955320833037386,0.0,significant
0.3,avg_shortestPathLength,0.0241110187938018,100,ancova_p_value,,8.0,100.0,0.005652215916228005,0.0003937043858594,-0.044347784083772,0.0,significant
0.3,avg_shortestPathLength,0.0241110187938018,100,ancova_p_value,,10.0,100.0,0.00207287258086666,0.0001558616625415,-0.047927127419133346,0.0,significant
0.3,avg_shortestPathLength,0.0241110187938018,100,ancova_p_value,,15.0,100.0,0.0001920508540141487,1.651311354280623e-05,-0.04980794914598585,0.0,significant
0.3,avg_shortestPathLength,0.0241110187938018,300,ancova_p_value,,0.5,300.0,0.4800490110787622,0.014960594714734,0.4300490110787622,0.0,non-significant
0.3,avg_shortestPathLength,0.0241110187938018,300,ancova_p_value,,1.0,300.0,0.31811640443062633,0.0116489011536265,0.26811640443062634,5.193074292128587e-254,non-significant
0.3,avg_shortestPathLength,0.0241110187938018,300,ancova_p_value,,2.0,300.0,0.15833615787546532,0.0070712734490022,0.10833615787546531,1.424829457200806e-95,non-significant
0.3,avg_shortestPathLength,0.0241110187938018,300,ancova_p_value,,4.0,300.0,0.0464015209831491,0.0026185942737668,-0.0035984790168509043,0.08699120389156512,significant
0.3,avg_shortestPathLength,0.0241110187938018,300,ancova_p_value,,6.0,300.0,0.014877544674688336,0.0009760405511317,-0.03512245532531166,0.0,significant
0.3,avg_shortestPathLength,0.0241110187938018,300,ancova_p_value,,8.0,300.0,0.004992719858471545,0.0003661505692333,-0.04500728014152846,0.0,significant
0.3,avg_shortestPathLength,0.0241110187938018,300,ancova_p_value,,10.0,300.0,0.0017256705948826214,0.000138231692302,-0.04827432940511738,0.0,significant
0.3,avg_shortestPathLength,0.0241110187938018,300,ancova_p_value,,15.0,300.0,0.00013201666015390175,1.2439536582620122e-05,-0.0498679833398461,0.0,significant
0.3,avg_shortestPathLength,0.0241110187938018,500,ancova_p_value,,0.5,500.0,0.47982953965954955,0.0149693198263793,0.42982953965954956,0.0,non-significant
0.3,avg_shortestPathLength,0.0241110187938018,500,ancova_p_value,,1.0,500.0,0.3177942072606085,0.0116566627692654,0.2677942072606085,4.7196040332075064e-253,non-significant
0.3,avg_shortestPathLength,0.0241110187938018,500,ancova_p_value,,2.0,500.0,0.15792157401181234,0.007073647555605,0.10792157401181234,1.0593950689999298e-94,non-significant
0.3,avg_shortestPathLength,0.0241110187938018,500,ancova_p_value,,4.0,500.0,0.046040682769031456,0.0026126135956606,-0.003959317230968547,0.0676111456647005,significant
0.3,avg_shortestPathLength,0.0241110187938018,500,ancova_p_value,,6.0,500.0,0.01464790875937049,0.0009687686889376,-0.03535209124062951,0.0,significant
0.3,avg_shortestPathLength,0.0241110187938018,500,ancova_p_value,,8.0,500.0,0.004865533464805003,0.0003606323110701,-0.045134466535195,0.0,significant
0.3,avg_shortestPathLength,0.0241110187938018,500,ancova_p_value,,10.0,500.0,0.0016604995248597615,0.0001347706892917,-0.04833950047514024,0.0,significant
0.3,avg_shortestPathLength,0.0241110187938018,500,ancova_p_value,,15.0,500.0,0.0001217965039979378,1.1700749651539908e-05,-0.04987820349600206,0.0,significant
0.3,avg_shortestPathLength,0.0241110187938018,1000,ancova_p_value,,0.5,1000.0,0.4796648624377731,0.0149758684616299,0.42966486243777313,0.0,non-significant
0.3,avg_shortestPathLength,0.0241110187938018,1000,ancova_p_value,,1.0,1000.0,0.31755241808467255,0.0116624896423399,0.26755241808467256,2.462349806679167e-252,non-significant
0.3,avg_shortestPathLength,0.0241110187938018,1000,ancova_p_value,,2.0,1000.0,0.1576104641334238,0.007075423229023,0.1076104641334238,4.736570138504166e-94,non-significant
0.3,avg_shortestPathLength,0.0241110187938018,1000,ancova_p_value,,4.0,1000.0,0.04577034649325166,0.0026080972940287,-0.0042296535067483446,0.05542293280335231,significant
0.3,avg_shortestPathLength,0.0241110187938018,1000,ancova_p_value,,6.0,1000.0,0.014476528145859816,0.000963291435695,-0.03552347185414019,0.0,significant
0.3,avg_shortestPathLength,0.0241110187938018,1000,ancova_p_value,,8.0,1000.0,0.00477118583723039,0.0003564927718502,-0.04522881416276961,0.0,significant
0.3,avg_shortestPathLength,0.0241110187938018,1000,ancova_p_value,,10.0,1000.0,0.0016125523948250528,0.0001321902643994,-0.04838744760517495,0.0,significant
0.3,avg_shortestPathLength,0.0241110187938018,1000,ancova_p_value,,15.0,1000.0,0.00011449967420285442,1.1163307908720532e-05,-0.049885500325797145,0.0,significant
0.4,avg_shortestPathLength,0.022590119386187,30,ancova_p_value,,0.5,30.0,0.4849569686830381,0.0138347741742102,0.4349569686830381,0.0,non-significant
0.4,avg_shortestPathLength,0.022590119386187,30,ancova_p_value,,1.0,30.0,0.3253086154260302,0.010752596032383,0.2753086154260302,2.754757659e-314,non-significant
0.4,avg_shortestPathLength,0.022590119386187,30,ancova_p_value,,2.0,30.0,0.167594108019346,0.0065734735599457,0.11759410801934599,2.4672871999778343e-132,non-significant
0.4,avg_shortestPathLength,0.022590119386187,30,ancova_p_value,,4.0,30.0,0.054625044962983094,0.002568599361385,0.004625044962983091,0.03317802817211995,non-significant
0.4,avg_shortestPathLength,0.022590119386187,30,ancova_p_value,,6.0,30.0,0.0203613903722062,0.0010590850131911,-0.029638609627793803,0.0,significant
0.4,avg_shortestPathLength,0.022590119386187,30,ancova_p_value,,8.0,30.0,0.008257335914631373,0.0004581142877452,-0.04174266408536863,0.0,significant
0.4,avg_shortestPathLength,0.022590119386187,30,ancova_p_value,,10.0,30.0,0.0035685233088176825,0.0002068662866929,-0.04643147669118232,0.0,significant
0.4,avg_shortestPathLength,0.022590119386187,30,ancova_p_value,,15.0,30.0,0.0005407062921313466,3.332925613423211e-05,-0.049459293707868654,0.0,significant
0.4,avg_shortestPathLength,0.022590119386187,50,ancova_p_value,,0.5,50.0,0.48278284379668057,0.0139152889364839,0.4327828437966806,0.0,non-significant
0.4,avg_shortestPathLength,0.022590119386187,50,ancova_p_value,,1.0,50.0,0.32212564510024433,0.0108238777867629,0.27212564510024434,6.334068837190973e-303,non-significant
0.4,avg_shortestPathLength,0.022590119386187,50,ancova_p_value,,2.0,50.0,0.16349617189550622,0.0065968575740124,0.11349617189550622,1.9242640296712207e-121,non-significant
0.4,avg_shortestPathLength,0.022590119386187,50,ancova_p_value,,4.0,50.0,0.05094706873769324,0.0025198894888645,0.0009470687376932352,0.3585259625682683,non-significant
0.4,avg_shortestPathLength,0.022590119386187,50,ancova_p_value,,6.0,50.0,0.01785224137520709,0.0009968451077439,-0.03214775862479291,0.0,significant
0.4,avg_shortestPathLength,0.022590119386187,50,ancova_p_value,,8.0,50.0,0.006713432842279582,0.0004073882835813,-0.04328656715772042,0.0,significant
0.4,avg_shortestPathLength,0.022590119386187,50,ancova_p_value,,10.0,50.0,0.0026605541904910716,0.0001716190468706,-0.04733944580950893,0.0,significant
0.4,avg_shortestPathLength,0.022590119386187,50,ancova_p_value,,15.0,50.0,0.00031306556427201346,2.2291114161647035e-05,-0.04968693443572799,0.0,significant
0.4,avg_shortestPathLength,0.022590119386187,75,ancova_p_value,,0.5,75.0,0.4816914470000123,0.0139558029637642,0.43169144700001233,0.0,non-significant
0.4,avg_shortestPathLength,0.022590119386187,75,ancova_p_value,,1.0,75.0,0.3205260061237414,0.0108598164364785,0.2705260061237414,2.4548157308172375e-297,non-significant
0.4,avg_shortestPathLength,0.022590119386187,75,ancova_p_value,,2.0,75.0,0.16143714082856858,0.0066083256229482,0.11143714082856858,3.367386590314991e-116,non-significant
0.4,avg_shortestPathLength,0.022590119386187,75,ancova_p_value,,4.0,75.0,0.04912138289485513,0.0024940750743219,-0.0008786171051448702,0.35706846934674874,significant
0.4,avg_shortestPathLength,0.022590119386187,75,ancova_p_value,,6.0,75.0,0.016639791628428848,0.00096451341784,-0.03336020837157115,0.0,significant
0.4,avg_shortestPathLength,0.022590119386187,75,ancova_p_value,,8.0,75.0,0.005996484169924953,0.0003817433504072,-0.04400351583007505,0.0,significant
0.4,avg_shortestPathLength,0.022590119386187,75,ancova_p_value,,10.0,75.0,0.0022598459055359287,0.0001544613456203,-0.047740154094464075,0.0,significant
0.4,avg_shortestPathLength,0.022590119386187,75,ancova_p_value,,15.0,75.0,0.0002280430925145892,1.7600444351279934e-05,-0.04977195690748541,0.0,significant
0.4,avg_shortestPathLength,0.022590119386187,100,ancova_p_value,,0.5,100.0,0.48114467698573943,0.0139761241809003,0.43114467698573944,0.0,non-significant
0.4,avg_shortestPathLength,0.022590119386187,100,ancova_p_value,,1.0,100.0,0.31972415578412333,0.0108778607114765,0.26972415578412334,1.4490763002284853e-294,non-significant
0.4,avg_shortestPathLength,0.022590119386187,100,ancova_p_value,,2.0,100.0,0.16040513148560548,0.006614000075263,0.11040513148560548,1.2542288422296718e-113,non-significant
0.4,avg_shortestPathLength,0.022590119386187,100,ancova_p_value,,4.0,100.0,0.04821217873113365,0.0024807856147537,-0.0017878212688663547,0.23313586349143145,significant
0.4,avg_shortestPathLength,0.022590119386187,100,ancova_p_value,,6.0,100.0,0.016044679166962617,0.0009480400262224,-0.033955320833037386,0.0,significant
0.4,avg_shortestPathLength,0.022590119386187,100,ancova_p_value,,8.0,100.0,0.005652215916228005,0.0003688698995049,-0.044347784083772,0.0,significant
0.4,avg_shortestPathLength,0.022590119386187,100,ancova_p_value,,10.0,100.0,0.00207287258086666,0.0001460300618009,-0.047927127419133346,0.0,significant
0.4,avg_shortestPathLength,0.022590119386187,100,ancova_p_value,,15.0,100.0,0.0001920508540141487,1.547148254330711e-05,-0.04980794914598585,0.0,significant
0.4,avg_shortestPathLength,0.022590119386187,300,ancova_p_value,,0.5,300.0,0.4800490110787622,0.0140168950795675,0.4300490110787622,0.0,non-significant
0.4,avg_shortestPathLength,0.022590119386187,300,ancova_p_value,,1.0,300.0,0.31811640443062633,0.010914099898838,0.26811640443062634,4.540240245650413e-289,non-significant
0.4,avg_shortestPathLength,0.022590119386187,300,ancova_p_value,,2.0,300.0,0.15833615787546532,0.0066252244582215,0.10833615787546531,1.3808876300642913e-108,non-significant
0.4,avg_shortestPathLength,0.022590119386187,300,ancova_p_value,,4.0,300.0,0.0464015209831491,0.0024534159163604,-0.0035984790168509043,0.07370384570363175,significant
0.4,avg_shortestPathLength,0.022590119386187,300,ancova_p_value,,6.0,300.0,0.014877544674688336,0.000914472870864,-0.03512245532531166,0.0,significant
0.4,avg_shortestPathLength,0.022590119386187,300,ancova_p_value,,8.0,300.0,0.004992719858471545,0.0003430541505955,-0.04500728014152846,0.0,significant
0.4,avg_shortestPathLength,0.022590119386187,300,ancova_p_value,,10.0,300.0,0.0017256705948826214,0.0001295121727855,-0.04827432940511738,0.0,significant
0.4,avg_shortestPathLength,0.022590119386187,300,ancova_p_value,,15.0,300.0,0.00013201666015390175,1.1654862820747682e-05,-0.0498679833398461,0.0,significant
0.4,avg_shortestPathLength,0.022590119386187,500,ancova_p_value,,0.5,500.0,0.47982953965954955,0.0140250698197314,0.42982953965954956,0.0,non-significant
0.4,avg_shortestPathLength,0.022590119386187,500,ancova_p_value,,1.0,500.0,0.3177942072606085,0.0109213719193782,0.2677942072606085,5.609127322462809e-288,non-significant
0.4,avg_shortestPathLength,0.022590119386187,500,ancova_p_value,,2.0,500.0,0.15792157401181234,0.0066274488085092,0.10792157401181234,1.356768804075393e-107,non-significant
0.4,avg_shortestPathLength,0.022590119386187,500,ancova_p_value,,4.0,500.0,0.046040682769031456,0.0024478124935609,-0.003959317230968547,0.055682913340457385,significant
0.4,avg_shortestPathLength,0.022590119386187,500,ancova_p_value,,6.0,500.0,0.01464790875937049,0.000907659710602,-0.03535209124062951,0.0,significant
0.4,avg_shortestPathLength,0.022590119386187,500,ancova_p_value,,8.0,500.0,0.004865533464805003,0.0003378839787428,-0.045134466535195,0.0,significant
0.4,avg_shortestPathLength,0.022590119386187,500,ancova_p_value,,10.0,500.0,0.0016604995248597615,0.0001262694864491,-0.04833950047514024,0.0,significant
0.4,avg_shortestPathLength,0.022590119386187,500,ancova_p_value,,15.0,500.0,0.0001217965039979378,1.0962677844377163e-05,-0.04987820349600206,0.0,significant
0.4,avg_shortestPathLength,0.022590119386187,1000,ancova_p_value,,0.5,1000.0,0.4796648624377731,0.0140312053734959,0.42966486243777313,0.0,non-significant
0.4,avg_shortestPathLength,0.022590119386187,1000,ancova_p_value,,1.0,1000.0,0.31755241808467255,0.0109268312390165,0.26755241808467256,3.682508808010807e-287,non-significant
0.4,avg_shortestPathLength,0.022590119386187,1000,ancova_p_value,,2.0,1000.0,0.1576104641334238,0.0066291124741903,0.1076104641334238,7.469197043833496e-107,non-significant
0.4,avg_shortestPathLength,0.022590119386187,1000,ancova_p_value,,4.0,1000.0,0.04577034649325166,0.0024435810758045,-0.0042296535067483446,0.04461916562874291,significant
0.4,avg_shortestPathLength,0.022590119386187,1000,ancova_p_value,,6.0,1000.0,0.014476528145859816,0.0009025279571195,-0.03552347185414019,0.0,significant
0.4,avg_shortestPathLength,0.022590119386187,1000,ancova_p_value,,8.0,1000.0,0.00477118583723039,0.000334005557595,-0.04522881416276961,0.0,significant
0.4,avg_shortestPathLength,0.022590119386187,1000,ancova_p_value,,10.0,1000.0,0.0016125523948250528,0.0001238518322271,-0.04838744760517495,0.0,significant
0.4,avg_shortestPathLength,0.022590119386187,1000,ancova_p_value,,15.0,1000.0,0.00011449967420285442,1.0459137399353287e-05,-0.049885500325797145,0.0,significant
0.5,avg_shortestPathLength,0.033265867672949,30,ancova_p_value,,0.5,30.0,0.4849569686830381,0.0203728789165151,0.4349569686830381,1.1298954770711528e-207,non-significant
0.5,avg_shortestPathLength,0.033265867672949,30,ancova_p_value,,1.0,30.0,0.3253086154260302,0.0158341100655115,0.2753086154260302,4.845459501408708e-146,non-significant
0.5,avg_shortestPathLength,0.033265867672949,30,ancova_p_value,,2.0,30.0,0.167594108019346,0.0096799976068516,0.11759410801934599,4.059330372220522e-62,non-significant
0.5,avg_shortestPathLength,0.033265867672949,30,ancova_p_value,,4.0,30.0,0.054625044962983094,0.0037824805172523,0.004625044962983091,0.10844306744095301,non-significant
0.5,avg_shortestPathLength,0.033265867672949,30,ancova_p_value,,6.0,30.0,0.0203613903722062,0.0015595925502174,-0.029638609627793803,0.0,significant
0.5,avg_shortestPathLength,0.033265867672949,30,ancova_p_value,,8.0,30.0,0.008257335914631373,0.0006746121618346,-0.04174266408536863,0.0,significant
0.5,avg_shortestPathLength,0.033265867672949,30,ancova_p_value,,10.0,30.0,0.0035685233088176825,0.0003046281607228,-0.04643147669118232,0.0,significant
0.5,avg_shortestPathLength,0.033265867672949,30,ancova_p_value,,15.0,30.0,0.0005407062921313466,4.908015780018999e-05,-0.049459293707868654,0.0,significant
0.5,avg_shortestPathLength,0.033265867672949,50,ancova_p_value,,0.5,50.0,0.48278284379668057,0.0204914437360156,0.4327828437966806,1.2618632105527862e-203,non-significant
0.5,avg_shortestPathLength,0.033265867672949,50,ancova_p_value,,1.0,50.0,0.32212564510024433,0.0159390784974246,0.27212564510024434,8.45893040685023e-141,non-significant
0.5,avg_shortestPathLength,0.033265867672949,50,ancova_p_value,,2.0,50.0,0.16349617189550622,0.0097144325518073,0.11349617189550622,4.3557674018932014e-57,non-significant
0.5,avg_shortestPathLength,0.033265867672949,50,ancova_p_value,,4.0,50.0,0.05094706873769324,0.0037107510967065,0.0009470687376932352,0.4076223133439378,non-significant
0.5,avg_shortestPathLength,0.033265867672949,50,ancova_p_value,,6.0,50.0,0.01785224137520709,0.0014679390081006,-0.03214775862479291,0.0,significant
0.5,avg_shortestPathLength,0.033265867672949,50,ancova_p_value,,8.0,50.0,0.006713432842279582,0.0005999138163657,-0.04328656715772042,0.0,significant
0.5,avg_shortestPathLength,0.033265867672949,50,ancova_p_value,,10.0,50.0,0.0026605541904910716,0.000252723609192,-0.04733944580950893,0.0,significant
0.5,avg_shortestPathLength,0.033265867672949,50,ancova_p_value,,15.0,50.0,0.00031306556427201346,3.2825557107828706e-05,-0.04968693443572799,0.0,significant
0.5,avg_shortestPathLength,0.033265867672949,75,ancova_p_value,,0.5,75.0,0.4816914470000123,0.0205511040789896,0.43169144700001233,1.2779318306975657e-201,non-significant
0.5,avg_shortestPathLength,0.033265867672949,75,ancova_p_value,,1.0,75.0,0.3205260061237414,0.0159920012086925,0.2705260061237414,3.203964318143152e-138,non-significant
0.5,avg_shortestPathLength,0.033265867672949,75,ancova_p_value,,2.0,75.0,0.16143714082856858,0.0097313202269826,0.11143714082856858,1.1505043426988186e-54,non-significant
0.5,avg_shortestPathLength,0.033265867672949,75,ancova_p_value,,4.0,75.0,0.04912138289485513,0.0036727371808192,-0.0008786171051448702,0.3968741985208002,significant
0.5,avg_shortestPathLength,0.033265867672949,75,ancova_p_value,,6.0,75.0,0.016639791628428848,0.0014203278512228,-0.03336020837157115,0.0,significant
0.5,avg_shortestPathLength,0.033265867672949,75,ancova_p_value,,8.0,75.0,0.005996484169924953,0.000562149476175,-0.04400351583007505,0.0,significant
0.5,avg_shortestPathLength,0.033265867672949,75,ancova_p_value,,10.0,75.0,0.0022598459055359287,0.0002274574381901,-0.047740154094464075,0.0,significant
0.5,avg_shortestPathLength,0.033265867672949,75,ancova_p_value,,15.0,75.0,0.0002280430925145892,2.5918147786894316e-05,-0.04977195690748541,0.0,significant
0.5,avg_shortestPathLength,0.033265867672949,100,ancova_p_value,,0.5,100.0,0.48114467698573943,0.0205810287955724,0.43114467698573944,1.2723886117314474e-200,non-significant
0.5,avg_shortestPathLength,0.033265867672949,100,ancova_p_value,,1.0,100.0,0.31972415578412333,0.0160185729347678,0.26972415578412334,6.084552912704895e-137,non-significant
0.5,avg_shortestPathLength,0.033265867672949,100,ancova_p_value,,2.0,100.0,0.16040513148560548,0.0097396763395198,0.11040513148560548,1.772465347914869e-53,non-significant
0.5,avg_shortestPathLength,0.033265867672949,100,ancova_p_value,,4.0,100.0,0.04821217873113365,0.0036531673239325,-0.0017878212688663547,0.3058738342238594,significant
0.5,avg_shortestPathLength,0.033265867672949,100,ancova_p_value,,6.0,100.0,0.016044679166962617,0.001396069384222,-0.033955320833037386,0.0,significant
0.5,avg_shortestPathLength,0.033265867672949,100,ancova_p_value,,8.0,100.0,0.005652215916228005,0.0005431922273491,-0.044347784083772,0.0,significant
0.5,avg_shortestPathLength,0.033265867672949,100,ancova_p_value,,10.0,100.0,0.00207287258086666,0.0002150416573324,-0.047927127419133346,0.0,significant
0.5,avg_shortestPathLength,0.033265867672949,100,ancova_p_value,,15.0,100.0,0.0001920508540141487,2.278307087233444e-05,-0.04980794914598585,0.0,significant
0.5,avg_shortestPathLength,0.033265867672949,300,ancova_p_value,,0.5,300.0,0.4800490110787622,0.0206410674034604,0.4300490110787622,1.2346831758441177e-198,non-significant
0.5,avg_shortestPathLength,0.033265867672949,300,ancova_p_value,,1.0,300.0,0.31811640443062633,0.0160719382132214,0.26811640443062634,2.0894712146708965e-134,non-significant
0.5,avg_shortestPathLength,0.033265867672949,300,ancova_p_value,,2.0,300.0,0.15833615787546532,0.0097562051958674,0.10833615787546531,3.782100636171107e-51,non-significant
0.5,avg_shortestPathLength,0.033265867672949,300,ancova_p_value,,4.0,300.0,0.0464015209831491,0.003612863120602,-0.0035984790168509043,0.15939960585527801,significant
0.5,avg_shortestPathLength,0.033265867672949,300,ancova_p_value,,6.0,300.0,0.014877544674688336,0.0013466388996273,-0.03512245532531166,0.0,significant
0.5,avg_shortestPathLength,0.033265867672949,300,ancova_p_value,,8.0,300.0,0.004992719858471545,0.0005051763464935,-0.04500728014152846,0.0,significant
0.5,avg_shortestPathLength,0.033265867672949,300,ancova_p_value,,10.0,300.0,0.0017256705948826214,0.0001907176641374,-0.04827432940511738,0.0,significant
0.5,avg_shortestPathLength,0.033265867672949,300,ancova_p_value,,15.0,300.0,0.00013201666015390175,1.7162774472915574e-05,-0.0498679833398461,0.0,significant
0.5,avg_shortestPathLength,0.033265867672949,500,ancova_p_value,,0.5,500.0,0.47982953965954955,0.0206531054020164,0.42982953965954956,3.0722371323174726e-198,non-significant
0.5,avg_shortestPathLength,0.033265867672949,500,ancova_p_value,,1.0,500.0,0.3177942072606085,0.0160826468805316,0.2677942072606085,6.664935504033298e-134,non-significant
0.5,avg_shortestPathLength,0.033265867672949,500,ancova_p_value,,2.0,500.0,0.15792157401181234,0.0097594807404126,0.10792157401181234,1.0869085870886738e-50,non-significant
0.5,avg_shortestPathLength,0.033265867672949,500,ancova_p_value,,4.0,500.0,0.046040682769031456,0.0036046116050532,-0.003959317230968547,0.13690679717966125,significant
0.5,avg_shortestPathLength,0.033265867672949,500,ancova_p_value,,6.0,500.0,0.01464790875937049,0.0013366059430131,-0.03535209124062951,0.0,significant
0.5,avg_shortestPathLength,0.033265867672949,500,ancova_p_value,,8.0,500.0,0.004865533464805003,0.0004975628297272,-0.045134466535195,0.0,significant
0.5,avg_shortestPathLength,0.033265867672949,500,ancova_p_value,,10.0,500.0,0.0016604995248597615,0.00018594253335,-0.04833950047514024,0.0,significant
0.5,avg_shortestPathLength,0.033265867672949,500,ancova_p_value,,15.0,500.0,0.0001217965039979378,1.614347336009257e-05,-0.04987820349600206,0.0,significant
0.5,avg_shortestPathLength,0.033265867672949,1000,ancova_p_value,,0.5,1000.0,0.4796648624377731,0.020662140525565,0.42966486243777313,6.082097011975698e-198,non-significant
0.5,avg_shortestPathLength,0.033265867672949,1000,ancova_p_value,,1.0,1000.0,0.31755241808467255,0.0160906861919477,0.26755241808467256,1.5880778394358463e-133,non-significant
0.5,avg_shortestPathLength,0.033265867672949,1000,ancova_p_value,,2.0,1000.0,0.1576104641334238,0.0097619306292978,0.1076104641334238,2.390176093445614e-50,non-significant
0.5,avg_shortestPathLength,0.033265867672949,1000,ancova_p_value,,4.0,1000.0,0.04577034649325166,0.0035983804833515,-0.0042296535067483446,0.12155223048773889,significant
0.5,avg_shortestPathLength,0.033265867672949,1000,ancova_p_value,,6.0,1000.0,0.014476528145859816,0.001329049000557,-0.03552347185414019,0.0,significant
0.5,avg_shortestPathLength,0.033265867672949,1000,ancova_p_value,,8.0,1000.0,0.00477118583723039,0.0004918515254851,-0.04522881416276961,0.0,significant
0.5,avg_shortestPathLength,0.033265867672949,1000,ancova_p_value,,10.0,1000.0,0.0016125523948250528,0.0001823823323589,-0.04838744760517495,0.0,significant
0.5,avg_shortestPathLength,0.033265867672949,1000,ancova_p_value,,15.0,1000.0,0.00011449967420285442,1.540196732704413e-05,-0.049885500325797145,0.0,significant
0.05,betweeness,0.0555063752615685,30,ancova_p_value,,0.5,30.0,0.4849569686830381,0.0339935417712896,0.4349569686830381,1.0055669476984692e-75,non-significant
0.05,betweeness,0.0555063752615685,30,ancova_p_value,,1.0,30.0,0.3253086154260302,0.0264202955374573,0.2753086154260302,1.2092896437172117e-53,non-significant
0.05,betweeness,0.0555063752615685,30,ancova_p_value,,2.0,30.0,0.167594108019346,0.0161517380210682,0.11759410801934599,1.7557028950777825e-23,non-significant
0.05,betweeness,0.0555063752615685,30,ancova_p_value,,4.0,30.0,0.054625044962983094,0.0063113274264873,0.004625044962983091,0.23688758759561684,non-significant
0.05,betweeness,0.0555063752615685,30,ancova_p_value,,6.0,30.0,0.0203613903722062,0.0026022868304111,-0.029638609627793803,0.0,significant
0.05,betweeness,0.0555063752615685,30,ancova_p_value,,8.0,30.0,0.008257335914631373,0.0011256365286772,-0.04174266408536863,0.0,significant
0.05,betweeness,0.0555063752615685,30,ancova_p_value,,10.0,30.0,0.0035685233088176825,0.0005082929196544,-0.04643147669118232,0.0,significant
0.05,betweeness,0.0555063752615685,30,ancova_p_value,,15.0,30.0,0.0005407062921313466,8.189359987653795e-05,-0.049459293707868654,0.0,significant
0.05,betweeness,0.0555063752615685,50,ancova_p_value,,0.5,50.0,0.48278284379668057,0.034191375281262,0.4327828437966806,2.868297768861303e-74,non-significant
0.05,betweeness,0.0555063752615685,50,ancova_p_value,,1.0,50.0,0.32212564510024433,0.0265954425448846,0.27212564510024434,9.29896523508357e-52,non-significant
0.05,betweeness,0.0555063752615685,50,ancova_p_value,,2.0,50.0,0.16349617189550622,0.016209195081729,0.11349617189550622,1.1493347915214112e-21,non-significant
0.05,betweeness,0.0555063752615685,50,ancova_p_value,,4.0,50.0,0.05094706873769324,0.0061916419827389,0.0009470687376932352,0.4540835366123014,non-significant
0.05,betweeness,0.0555063752615685,50,ancova_p_value,,6.0,50.0,0.01785224137520709,0.002449356627213,-0.03214775862479291,0.0,significant
0.05,betweeness,0.0555063752615685,50,ancova_p_value,,8.0,50.0,0.006713432842279582,0.0010009972306501,-0.04328656715772042,0.0,significant
0.05,betweeness,0.0555063752615685,50,ancova_p_value,,10.0,50.0,0.0026605541904910716,0.0004216866256785,-0.04733944580950893,0.0,significant
0.05,betweeness,0.0555063752615685,50,ancova_p_value,,15.0,50.0,0.00031306556427201346,5.477168697087124e-05,-0.04968693443572799,0.0,significant
0.05,betweeness,0.0555063752615685,75,ancova_p_value,,0.5,75.0,0.4816914470000123,0.0342909226436788,0.43169144700001233,1.508670921632868e-73,non-significant
0.05,betweeness,0.0555063752615685,75,ancova_p_value,,1.0,75.0,0.3205260061237414,0.0266837477080139,0.2705260061237414,7.872344932433767e-51,non-significant
0.05,betweeness,0.0555063752615685,75,ancova_p_value,,2.0,75.0,0.16143714082856858,0.0162373733227054,0.11143714082856858,8.610198420449798e-21,non-significant
0.05,betweeness,0.0555063752615685,75,ancova_p_value,,4.0,75.0,0.04912138289485513,0.0061282131643132,-0.0008786171051448702,0.4278306054297213,significant
0.05,betweeness,0.0555063752615685,75,ancova_p_value,,6.0,75.0,0.016639791628428848,0.0023699141558402,-0.03336020837157115,0.0,significant
0.05,betweeness,0.0555063752615685,75,ancova_p_value,,8.0,75.0,0.005996484169924953,0.0009379848463426,-0.04400351583007505,0.0,significant
0.05,betweeness,0.0555063752615685,75,ancova_p_value,,10.0,75.0,0.0022598459055359287,0.0003795282914109,-0.047740154094464075,0.0,significant
0.05,betweeness,0.0555063752615685,75,ancova_p_value,,15.0,75.0,0.0002280430925145892,4.324620212188242e-05,-0.04977195690748541,0.0,significant
0.05,betweeness,0.0555063752615685,100,ancova_p_value,,0.5,100.0,0.48114467698573943,0.0343408540798454,0.43114467698573944,3.446799479719262e-73,non-significant
0.05,betweeness,0.0555063752615685,100,ancova_p_value,,1.0,100.0,0.31972415578412333,0.026728084450208,0.26972415578412334,2.2705008648551163e-50,non-significant
0.05,betweeness,0.0555063752615685,100,ancova_p_value,,2.0,100.0,0.16040513148560548,0.0162513160679473,0.11040513148560548,2.3120291296665813e-20,non-significant
0.05,betweeness,0.0555063752615685,100,ancova_p_value,,4.0,100.0,0.04821217873113365,0.0060955595197172,-0.0017878212688663547,0.37081976191881894,significant
0.05,betweeness,0.0555063752615685,100,ancova_p_value,,6.0,100.0,0.016044679166962617,0.0023294372446153,-0.033955320833037386,0.0,significant
0.05,betweeness,0.0555063752615685,100,ancova_p_value,,8.0,100.0,0.005652215916228005,0.0009063533801922,-0.044347784083772,0.0,significant
0.05,betweeness,0.0555063752615685,100,ancova_p_value,,10.0,100.0,0.00207287258086666,0.0003588117119359,-0.047927127419133346,0.0,significant
0.05,betweeness,0.0555063752615685,100,ancova_p_value,,15.0,100.0,0.0001920508540141487,3.8015111882353006e-05,-0.04980794914598585,0.0,significant
0.05,betweeness,0.0555063752615685,300,ancova_p_value,,0.5,300.0,0.4800490110787622,0.0344410326031407,0.4300490110787622,1.7853590706175693e-72,non-significant
0.05,betweeness,0.0555063752615685,300,ancova_p_value,,1.0,300.0,0.31811640443062633,0.0268171280669537,0.26811640443062634,1.8557876355676015e-49,non-significant
0.05,betweeness,0.0555063752615685,300,ancova_p_value,,2.0,300.0,0.15833615787546532,0.0162788955951702,0.10833615787546531,1.6048290907781932e-19,non-significant
0.05,betweeness,0.0555063752615685,300,ancova_p_value,,4.0,300.0,0.0464015209831491,0.0060283092000601,-0.0035984790168509043,0.2664716261887754,significant
0.05,betweeness,0.0555063752615685,300,ancova_p_value,,6.0,300.0,0.014877544674688336,0.0022469591005235,-0.03512245532531166,0.0,significant
0.05,betweeness,0.0555063752615685,300,ancova_p_value,,8.0,300.0,0.004992719858471545,0.0008429212830826,-0.04500728014152846,0.0,significant
0.05,betweeness,0.0555063752615685,300,ancova_p_value,,10.0,300.0,0.0017256705948826214,0.0003182254657747,-0.04827432940511738,0.0,significant
0.05,betweeness,0.0555063752615685,300,ancova_p_value,,15.0,300.0,0.00013201666015390175,2.863726296843257e-05,-0.0498679833398461,0.0,significant
0.05,betweeness,0.0555063752615685,500,ancova_p_value,,0.5,500.0,0.47982953965954955,0.034461118827009,0.42982953965954956,2.477727204012963e-72,non-significant
0.05,betweeness,0.0555063752615685,500,ancova_p_value,,1.0,500.0,0.3177942072606085,0.0268349962107255,0.2677942072606085,2.817018731875637e-49,non-significant
0.05,betweeness,0.0555063752615685,500,ancova_p_value,,2.0,500.0,0.15792157401181234,0.0162843610652579,0.10792157401181234,2.3500711912387564e-19,non-significant
0.05,betweeness,0.0555063752615685,500,ancova_p_value,,4.0,500.0,0.046040682769031456,0.0060145409820466,-0.003959317230968547,0.24761789141337942,significant
0.05,betweeness,0.0555063752615685,500,ancova_p_value,,6.0,500.0,0.01464790875937049,0.0022302184262597,-0.03535209124062951,0.0,significant
0.05,betweeness,0.0555063752615685,500,ancova_p_value,,8.0,500.0,0.004865533464805003,0.0008302176096704,-0.045134466535195,0.0,significant
0.05,betweeness,0.0555063752615685,500,ancova_p_value,,10.0,500.0,0.0016604995248597615,0.0003102578334852,-0.04833950047514024,0.0,significant
0.05,betweeness,0.0555063752615685,500,ancova_p_value,,15.0,500.0,0.0001217965039979378,2.693648935178959e-05,-0.04987820349600206,0.0,significant
0.05,betweeness,0.0555063752615685,1000,ancova_p_value,,0.5,1000.0,0.4796648624377731,0.0344761945485609,0.42966486243777313,3.1672511632118e-72,non-significant
0.05,betweeness,0.0555063752615685,1000,ancova_p_value,,1.0,1000.0,0.31755241808467255,0.026848410351631,0.26755241808467256,3.8500743086639035e-49,non-significant
0.05,betweeness,0.0555063752615685,1000,ancova_p_value,,2.0,1000.0,0.1576104641334238,0.0162884488724105,0.1076104641334238,3.1242474416827895e-19,non-significant
0.05,betweeness,0.0555063752615685,1000,ancova_p_value,,4.0,1000.0,0.04577034649325166,0.0060041439293414,-0.0042296535067483446,0.23397863394224316,significant
0.05,betweeness,0.0555063752615685,1000,ancova_p_value,,6.0,1000.0,0.014476528145859816,0.0022176091509532,-0.03552347185414019,0.0,significant
0.05,betweeness,0.0555063752615685,1000,ancova_p_value,,8.0,1000.0,0.00477118583723039,0.0008206879079469,-0.04522881416276961,0.0,significant
0.05,betweeness,0.0555063752615685,1000,ancova_p_value,,10.0,1000.0,0.0016125523948250528,0.0003043173946497,-0.04838744760517495,0.0,significant
0.05,betweeness,0.0555063752615685,1000,ancova_p_value,,15.0,1000.0,0.00011449967420285442,2.5699235824127284e-05,-0.049885500325797145,0.0,significant
0.1,betweeness,0.0558630930570324,30,ancova_p_value,,0.5,30.0,0.4849569686830381,0.0342120049878755,0.4349569686830381,8.812819430962419e-75,non-significant
0.1,betweeness,0.0558630930570324,30,ancova_p_value,,1.0,30.0,0.3253086154260302,0.0265900884582743,0.2753086154260302,5.5336270900931375e-53,non-significant
0.1,betweeness,0.0558630930570324,30,ancova_p_value,,2.0,30.0,0.167594108019346,0.0162555389331731,0.11759410801934599,3.321292153718732e-23,non-significant
0.1,betweeness,0.0558630930570324,30,ancova_p_value,,4.0,30.0,0.054625044962983094,0.0063518878629312,0.004625044962983091,0.23844873005821487,non-significant
0.1,betweeness,0.0558630930570324,30,ancova_p_value,,6.0,30.0,0.0203613903722062,0.0026190107115317,-0.029638609627793803,0.0,significant
0.1,betweeness,0.0558630930570324,30,ancova_p_value,,8.0,30.0,0.008257335914631373,0.001132870555023,-0.04174266408536863,0.0,significant
0.1,betweeness,0.0558630930570324,30,ancova_p_value,,10.0,30.0,0.0035685233088176825,0.0005115595197322,-0.04643147669118232,0.0,significant
0.1,betweeness,0.0558630930570324,30,ancova_p_value,,15.0,30.0,0.0005407062921313466,8.241989805891608e-05,-0.049459293707868654,0.0,significant
0.1,betweeness,0.0558630930570324,50,ancova_p_value,,0.5,50.0,0.48278284379668057,0.0344111098965514,0.4327828437966806,2.4089498335513136e-73,non-significant
0.1,betweeness,0.0558630930570324,50,ancova_p_value,,1.0,50.0,0.32212564510024433,0.0267663610671136,0.27212564510024434,4.0268647980409e-51,non-significant
0.1,betweeness,0.0558630930570324,50,ancova_p_value,,2.0,50.0,0.16349617189550622,0.0163133652479226,0.11349617189550622,2.0623526665513843e-21,non-significant
0.1,betweeness,0.0558630930570324,50,ancova_p_value,,4.0,50.0,0.05094706873769324,0.0062314332475797,0.0009470687376932352,0.4545711980090747,non-significant
0.1,betweeness,0.0558630930570324,50,ancova_p_value,,6.0,50.0,0.01785224137520709,0.0024650976856455,-0.03214775862479291,0.0,significant
0.1,betweeness,0.0558630930570324,50,ancova_p_value,,8.0,50.0,0.006713432842279582,0.0010074302489062,-0.04328656715772042,0.0,significant
0.1,betweeness,0.0558630930570324,50,ancova_p_value,,10.0,50.0,0.0026605541904910716,0.0004243966409295,-0.04733944580950893,0.0,significant
0.1,betweeness,0.0558630930570324,50,ancova_p_value,,15.0,50.0,0.00031306556427201346,5.512368321162767e-05,-0.04968693443572799,0.0,significant
0.1,betweeness,0.0558630930570324,75,ancova_p_value,,0.5,75.0,0.4816914470000123,0.0345112970109876,0.43169144700001233,1.2406019258153718e-72,non-significant
0.1,betweeness,0.0558630930570324,75,ancova_p_value,,1.0,75.0,0.3205260061237414,0.0268552337330383,0.2705260061237414,3.3178596860534856e-50,non-significant
0.1,betweeness,0.0558630930570324,75,ancova_p_value,,2.0,75.0,0.16143714082856858,0.0163417245794486,0.11143714082856858,1.5062188432390455e-20,non-significant
0.1,betweeness,0.0558630930570324,75,ancova_p_value,,4.0,75.0,0.04912138289485513,0.0061675967969104,-0.0008786171051448702,0.4280885031881472,significant
0.1,betweeness,0.0558630930570324,75,ancova_p_value,,6.0,75.0,0.016639791628428848,0.0023851446685359,-0.03336020837157115,0.0,significant
0.1,betweeness,0.0558630930570324,75,ancova_p_value,,8.0,75.0,0.005996484169924953,0.0009440129086145,-0.04400351583007505,0.0,significant
0.1,betweeness,0.0558630930570324,75,ancova_p_value,,10.0,75.0,0.0022598459055359287,0.0003819673715127,-0.047740154094464075,0.0,significant
0.1,betweeness,0.0558630930570324,75,ancova_p_value,,15.0,75.0,0.0002280430925145892,4.352412857286049e-05,-0.04977195690748541,0.0,significant
0.1,betweeness,0.0558630930570324,100,ancova_p_value,,0.5,100.0,0.48114467698573943,0.0345615493369935,0.43114467698573944,2.8047384039890003e-72,non-significant
0.1,betweeness,0.0558630930570324,100,ancova_p_value,,1.0,100.0,0.31972415578412333,0.0268998554101585,0.26972415578412334,9.441370242770478e-50,non-significant
0.1,betweeness,0.0558630930570324,100,ancova_p_value,,2.0,100.0,0.16040513148560548,0.0163557569292687,0.11040513148560548,3.994421690291494e-20,non-significant
0.1,betweeness,0.0558630930570324,100,ancova_p_value,,4.0,100.0,0.04821217873113365,0.0061347333000937,-0.0017878212688663547,0.3714227465343931,significant
0.1,betweeness,0.0558630930570324,100,ancova_p_value,,6.0,100.0,0.016044679166962617,0.002344407628011,-0.033955320833037386,0.0,significant
0.1,betweeness,0.0558630930570324,100,ancova_p_value,,8.0,100.0,0.005652215916228005,0.0009121781593851,-0.044347784083772,0.0,significant
0.1,betweeness,0.0558630930570324,100,ancova_p_value,,10.0,100.0,0.00207287258086666,0.0003611176546725,-0.047927127419133346,0.0,significant
0.1,betweeness,0.0558630930570324,100,ancova_p_value,,15.0,100.0,0.0001920508540141487,3.825942015939476e-05,-0.04980794914598585,0.0,significant
0.1,betweeness,0.0558630930570324,300,ancova_p_value,,0.5,300.0,0.4800490110787622,0.0346623716685327,0.4300490110787622,1.4227258737801992e-71,non-significant
0.1,betweeness,0.0558630930570324,300,ancova_p_value,,1.0,300.0,0.31811640443062633,0.0269894712754525,0.26811640443062634,7.513770243525502e-49,non-significant
0.1,betweeness,0.0558630930570324,300,ancova_p_value,,2.0,300.0,0.15833615787546532,0.0163835136993417,0.10833615787546531,2.70565634417414e-19,non-significant
0.1,betweeness,0.0558630930570324,300,ancova_p_value,,4.0,300.0,0.0464015209831491,0.0060670507888971,-0.0035984790168509043,0.2676095044533291,significant
0.1,betweeness,0.0558630930570324,300,ancova_p_value,,6.0,300.0,0.014877544674688336,0.0022613994290994,-0.03512245532531166,0.0,significant
0.1,betweeness,0.0558630930570324,300,ancova_p_value,,8.0,300.0,0.004992719858471545,0.0008483384089611,-0.04500728014152846,0.0,significant
0.1,betweeness,0.0558630930570324,300,ancova_p_value,,10.0,300.0,0.0017256705948826214,0.0003202705765584,-0.04827432940511738,0.0,significant
0.1,betweeness,0.0558630930570324,300,ancova_p_value,,15.0,300.0,0.00013201666015390175,2.8821303473078743e-05,-0.0498679833398461,0.0,significant
0.1,betweeness,0.0558630930570324,500,ancova_p_value,,0.5,500.0,0.47982953965954955,0.034682586978717,0.42982953965954956,1.9662548814997882e-71,non-significant
0.1,betweeness,0.0558630930570324,500,ancova_p_value,,1.0,500.0,0.3177942072606085,0.0270074542508058,0.2677942072606085,1.1345357730533915e-48,non-significant
0.1,betweeness,0.0558630930570324,500,ancova_p_value,,2.0,500.0,0.15792157401181234,0.016389014293871,0.10792157401181234,3.9430773502400276e-19,non-significant
0.1,betweeness,0.0558630930570324,500,ancova_p_value,,4.0,500.0,0.046040682769031456,0.0060531940879238,-0.003959317230968547,0.24883089074923315,significant
0.1,betweeness,0.0558630930570324,500,ancova_p_value,,6.0,500.0,0.01464790875937049,0.0022445511690603,-0.03535209124062951,0.0,significant
0.1,betweeness,0.0558630930570324,500,ancova_p_value,,8.0,500.0,0.004865533464805003,0.0008355530940013,-0.045134466535195,0.0,significant
0.1,betweeness,0.0558630930570324,500,ancova_p_value,,10.0,500.0,0.0016604995248597615,0.000312251739408,-0.04833950047514024,0.0,significant
0.1,betweeness,0.0558630930570324,500,ancova_p_value,,15.0,500.0,0.0001217965039979378,2.710959964864877e-05,-0.04987820349600206,0.0,significant
0.1,betweeness,0.0558630930570324,1000,ancova_p_value,,0.5,1000.0,0.4796648624377731,0.0346977595860434,0.42966486243777313,2.505609121192881e-71,non-significant
0.1,betweeness,0.0558630930570324,1000,ancova_p_value,,1.0,1000.0,0.31755241808467255,0.027020954599156,0.26755241808467256,1.5444544138754135e-48,non-significant
0.1,betweeness,0.0558630930570324,1000,ancova_p_value,,2.0,1000.0,0.1576104641334238,0.0163931283717637,0.1076104641334238,5.223238963918902e-19,non-significant
0.1,betweeness,0.0558630930570324,1000,ancova_p_value,,4.0,1000.0,0.04577034649325166,0.0060427302174215,-0.0042296535067483446,0.23524035508749186,significant
0.1,betweeness,0.0558630930570324,1000,ancova_p_value,,6.0,1000.0,0.014476528145859816,0.0022318608588661,-0.03552347185414019,0.0,significant
0.1,betweeness,0.0558630930570324,1000,ancova_p_value,,8.0,1000.0,0.00477118583723039,0.0008259621486068,-0.04522881416276961,0.0,significant
0.1,betweeness,0.0558630930570324,1000,ancova_p_value,,10.0,1000.0,0.0016125523948250528,0.0003062731236921,-0.04838744760517495,0.0,significant
0.1,betweeness,0.0558630930570324,1000,ancova_p_value,,15.0,1000.0,0.00011449967420285442,2.5864394775780844e-05,-0.049885500325797145,0.0,significant
0.2,betweeness,0.0760035551182675,30,ancova_p_value,,0.5,30.0,0.4849569686830381,0.0465465455725442,0.4349569686830381,3.91367538690381e-41,non-significant
0.2,betweeness,0.0760035551182675,30,ancova_p_value,,1.0,30.0,0.3253086154260302,0.0361766802220353,0.2753086154260302,2.1246777978594252e-29,non-significant
0.2,betweeness,0.0760035551182675,30,ancova_p_value,,2.0,30.0,0.167594108019346,0.0221161894495033,0.11759410801934599,2.669020236574372e-13,non-significant
0.2,betweeness,0.0760035551182675,30,ancova_p_value,,4.0,30.0,0.054625044962983094,0.0086419500402971,0.004625044962983091,0.30871866796194763,non-significant
0.2,betweeness,0.0760035551182675,30,ancova_p_value,,6.0,30.0,0.0203613903722062,0.0035632492595069,-0.029638609627793803,4.1433045883110253e-10,significant
0.2,betweeness,0.0760035551182675,30,ancova_p_value,,8.0,30.0,0.008257335914631373,0.0015413072380838,-0.04174266408536863,0.0,significant
0.2,betweeness,0.0760035551182675,30,ancova_p_value,,10.0,30.0,0.0035685233088176825,0.0006959933656833,-0.04643147669118232,0.0,significant
0.2,betweeness,0.0760035551182675,30,ancova_p_value,,15.0,30.0,0.0005407062921313466,0.0001121349521152,-0.049459293707868654,0.0,significant
0.2,betweeness,0.0760035551182675,50,ancova_p_value,,0.5,50.0,0.48278284379668057,0.046817434276924,0.4327828437966806,2.3423337424994777e-40,non-significant
0.2,betweeness,0.0760035551182675,50,ancova_p_value,,1.0,50.0,0.32212564510024433,0.0364165048398394,0.27212564510024434,2.1646176204921797e-28,non-significant
0.2,betweeness,0.0760035551182675,50,ancova_p_value,,2.0,50.0,0.16349617189550622,0.0221948640315904,0.11349617189550622,2.5198467716499567e-12,non-significant
0.2,betweeness,0.0760035551182675,50,ancova_p_value,,4.0,50.0,0.05094706873769324,0.0084780676181804,0.0009470687376932352,0.4762393500758044,non-significant
0.2,betweeness,0.0760035551182675,50,ancova_p_value,,6.0,50.0,0.01785224137520709,0.0033538455815827,-0.03214775862479291,8.545164575934905e-12,significant
0.2,betweeness,0.0760035551182675,50,ancova_p_value,,8.0,50.0,0.006713432842279582,0.0013706416215153,-0.04328656715772042,0.0,significant
0.2,betweeness,0.0760035551182675,50,ancova_p_value,,10.0,50.0,0.0026605541904910716,0.0005774054339949,-0.04733944580950893,0.0,significant
0.2,betweeness,0.0760035551182675,50,ancova_p_value,,15.0,50.0,0.00031306556427201346,7.499756397340135e-05,-0.04968693443572799,0.0,significant
0.2,betweeness,0.0760035551182675,75,ancova_p_value,,0.5,75.0,0.4816914470000123,0.0469537421048207,0.43169144700001233,5.683883220712086e-40,non-significant
0.2,betweeness,0.0760035551182675,75,ancova_p_value,,1.0,75.0,0.3205260061237414,0.03653741899252,0.2705260061237414,6.780968664983854e-28,non-significant
0.2,betweeness,0.0760035551182675,75,ancova_p_value,,2.0,75.0,0.16143714082856858,0.0222334478245528,0.11143714082856858,7.432792020355585e-12,non-significant
0.2,betweeness,0.0760035551182675,75,ancova_p_value,,4.0,75.0,0.04912138289485513,0.0083912160506878,-0.0008786171051448702,0.43722269584116047,significant
0.2,betweeness,0.0760035551182675,75,ancova_p_value,,6.0,75.0,0.016639791628428848,0.0032450669012372,-0.03336020837157115,1.0820233597996776e-12,significant
0.2,betweeness,0.0760035551182675,75,ancova_p_value,,8.0,75.0,0.005996484169924953,0.0012843602673234,-0.04400351583007505,0.0,significant
0.2,betweeness,0.0760035551182675,75,ancova_p_value,,10.0,75.0,0.0022598459055359287,0.0005196790328905,-0.047740154094464075,0.0,significant
0.2,betweeness,0.0760035551182675,75,ancova_p_value,,15.0,75.0,0.0002280430925145892,5.921599259791671e-05,-0.04977195690748541,0.0,significant
0.2,betweeness,0.0760035551182675,100,ancova_p_value,,0.5,100.0,0.48114467698573943,0.0470221120288689,0.43114467698573944,8.836026381766417e-40,non-significant
0.2,betweeness,0.0760035551182675,100,ancova_p_value,,1.0,100.0,0.31972415578412333,0.0365981282356158,0.26972415578412334,1.1945808701926984e-27,non-significant
0.2,betweeness,0.0760035551182675,100,ancova_p_value,,2.0,100.0,0.16040513148560548,0.0222525392929021,0.11040513148560548,1.263681344271091e-11,non-significant
0.2,betweeness,0.0760035551182675,100,ancova_p_value,,4.0,100.0,0.04821217873113365,0.0083465041943439,-0.0017878212688663547,0.39503743238802747,significant
0.2,betweeness,0.0760035551182675,100,ancova_p_value,,6.0,100.0,0.016044679166962617,0.003189642832582,-0.033955320833037386,3.729239139715901e-13,significant
0.2,betweeness,0.0760035551182675,100,ancova_p_value,,8.0,100.0,0.005652215916228005,0.0012410480555333,-0.044347784083772,0.0,significant
0.2,betweeness,0.0760035551182675,100,ancova_p_value,,10.0,100.0,0.00207287258086666,0.0004913123149672,-0.047927127419133346,0.0,significant
0.2,betweeness,0.0760035551182675,100,ancova_p_value,,15.0,100.0,0.0001920508540141487,5.205318556043425e-05,-0.04980794914598585,0.0,significant
0.2,betweeness,0.0760035551182675,300,ancova_p_value,,0.5,300.0,0.4800490110787622,0.0471592840902954,0.4300490110787622,2.1266929350253484e-39,non-significant
0.2,betweeness,0.0760035551182675,300,ancova_p_value,,1.0,300.0,0.31811640443062633,0.0367200535352119,0.26811640443062634,3.6728526763672384e-27,non-significant
0.2,betweeness,0.0760035551182675,300,ancova_p_value,,2.0,300.0,0.15833615787546532,0.0222903032814086,0.10833615787546531,3.5797018538892833e-11,non-significant
0.2,betweeness,0.0760035551182675,300,ancova_p_value,,4.0,300.0,0.0464015209831491,0.008254419936406,-0.0035984790168509043,0.31512720790441795,significant
0.2,betweeness,0.0760035551182675,300,ancova_p_value,,6.0,300.0,0.014877544674688336,0.0030767074780214,-0.03512245532531166,4.141131881851834e-14,significant
0.2,betweeness,0.0760035551182675,300,ancova_p_value,,8.0,300.0,0.004992719858471545,0.001154191998617,-0.04500728014152846,0.0,significant
0.2,betweeness,0.0760035551182675,300,ancova_p_value,,10.0,300.0,0.0017256705948826214,0.0004357385365927,-0.04827432940511738,0.0,significant
0.2,betweeness,0.0760035551182675,300,ancova_p_value,,15.0,300.0,0.00013201666015390175,3.921232082262402e-05,-0.0498679833398461,0.0,significant
0.2,betweeness,0.0760035551182675,500,ancova_p_value,,0.5,500.0,0.47982953965954955,0.0471867876773283,0.42982953965954956,2.5334355073719066e-39,non-significant
0.2,betweeness,0.0760035551182675,500,ancova_p_value,,1.0,500.0,0.3177942072606085,0.0367445199580979,0.2677942072606085,4.5910490516109425e-27,non-significant
0.2,betweeness,0.0760035551182675,500,ancova_p_value,,2.0,500.0,0.15792157401181234,0.0222977870191793,0.10792157401181234,4.3943212675088715e-11,non-significant
0.2,betweeness,0.0760035551182675,500,ancova_p_value,,4.0,500.0,0.046040682769031456,0.0082355674440259,-0.003959317230968547,0.300070560532943,significant
0.2,betweeness,0.0760035551182675,500,ancova_p_value,,6.0,500.0,0.01464790875937049,0.0030537848722284,-0.03535209124062951,2.6423307986078726e-14,significant
0.2,betweeness,0.0760035551182675,500,ancova_p_value,,8.0,500.0,0.004865533464805003,0.0011367971617565,-0.045134466535195,0.0,significant
0.2,betweeness,0.0760035551182675,500,ancova_p_value,,10.0,500.0,0.0016604995248597615,0.0004248286478273,-0.04833950047514024,0.0,significant
0.2,betweeness,0.0760035551182675,500,ancova_p_value,,15.0,500.0,0.0001217965039979378,3.688349209426495e-05,-0.04987820349600206,0.0,significant
0.2,betweeness,0.0760035551182675,1000,ancova_p_value,,0.5,1000.0,0.4796648624377731,0.0472074305031033,0.42966486243777313,2.888360259392785e-39,non-significant
0.2,betweeness,0.0760035551182675,1000,ancova_p_value,,1.0,1000.0,0.31755241808467255,0.0367628876211433,0.26755241808467256,5.4256442750204805e-27,non-significant
0.2,betweeness,0.0760035551182675,1000,ancova_p_value,,2.0,1000.0,0.1576104641334238,0.0223033843559676,0.1076104641334238,5.121189253765206e-11,non-significant
0.2,betweeness,0.0760035551182675,1000,ancova_p_value,,4.0,1000.0,0.04577034649325166,0.0082213310078576,-0.0042296535067483446,0.28901167046057175,significant
0.2,betweeness,0.0760035551182675,1000,ancova_p_value,,6.0,1000.0,0.014476528145859816,0.0030365192924415,-0.03552347185414019,1.887379141862766e-14,significant
0.2,betweeness,0.0760035551182675,1000,ancova_p_value,,8.0,1000.0,0.00477118583723039,0.0011237483685902,-0.04522881416276961,0.0,significant
0.2,betweeness,0.0760035551182675,1000,ancova_p_value,,10.0,1000.0,0.0016125523948250528,0.0004166945466843,-0.04838744760517495,0.0,significant
0.2,betweeness,0.0760035551182675,1000,ancova_p_value,,15.0,1000.0,0.00011449967420285442,3.518935036294456e-05,-0.049885500325797145,0.0,significant
0.3,betweeness,0.1000459571082236,30,ancova_p_value,,0.5,30.0,0.4849569686830381,0.0612707352260088,0.4349569686830381,2.3151541842617102e-24,non-significant
0.3,betweeness,0.1000459571082236,30,ancova_p_value,,1.0,30.0,0.3253086154260302,0.0476205434361551,0.2753086154260302,1.254549596083799e-17,non-significant
0.3,betweeness,0.1000459571082236,30,ancova_p_value,,2.0,30.0,0.167594108019346,0.0291122610990937,0.11759410801934599,2.5044766222459908e-08,non-significant
0.3,betweeness,0.1000459571082236,30,ancova_p_value,,4.0,30.0,0.054625044962983094,0.0113756805417537,0.004625044962983091,0.36273245800161147,non-significant
0.3,betweeness,0.1000459571082236,30,ancova_p_value,,6.0,30.0,0.0203613903722062,0.0046904211523765,-0.029638609627793803,1.3560607101670286e-06,significant
0.3,betweeness,0.1000459571082236,30,ancova_p_value,,8.0,30.0,0.008257335914631373,0.0020288729598501,-0.04174266408536863,0.0,significant
0.3,betweeness,0.1000459571082236,30,ancova_p_value,,10.0,30.0,0.0035685233088176825,0.000916158754711,-0.04643147669118232,0.0,significant
0.3,betweeness,0.1000459571082236,30,ancova_p_value,,15.0,30.0,0.0005407062921313466,0.0001476068927591,-0.049459293707868654,0.0,significant
0.3,betweeness,0.1000459571082236,50,ancova_p_value,,0.5,50.0,0.48278284379668057,0.0616273148578078,0.4327828437966806,6.514298329417467e-24,non-significant
0.3,betweeness,0.1000459571082236,50,ancova_p_value,,1.0,50.0,0.32212564510024433,0.0479362323981911,0.27212564510024434,4.8113836347144535e-17,non-significant
0.3,betweeness,0.1000459571082236,50,ancova_p_value,,2.0,50.0,0.16349617189550622,0.029215823016069,0.11349617189550622,9.269502399687e-08,non-significant
0.3,betweeness,0.1000459571082236,50,ancova_p_value,,4.0,50.0,0.05094706873769324,0.011159956767407,0.0009470687376932352,0.493689940320925,non-significant
0.3,betweeness,0.1000459571082236,50,ancova_p_value,,6.0,50.0,0.01785224137520709,0.0044147762651431,-0.03214775862479291,1.366619000187086e-07,significant
0.3,betweeness,0.1000459571082236,50,ancova_p_value,,8.0,50.0,0.006713432842279582,0.0018042202455331,-0.04328656715772042,0.0,significant
0.3,betweeness,0.1000459571082236,50,ancova_p_value,,10.0,50.0,0.0026605541904910716,0.0007600575945905,-0.04733944580950893,0.0,significant
0.3,betweeness,0.1000459571082236,50,ancova_p_value,,15.0,50.0,0.00031306556427201346,9.872173817170256e-05,-0.04968693443572799,0.0,significant
0.3,betweeness,0.1000459571082236,75,ancova_p_value,,0.5,75.0,0.4816914470000123,0.061806741294927,0.43169144700001233,1.0876132689536027e-23,non-significant
0.3,betweeness,0.1000459571082236,75,ancova_p_value,,1.0,75.0,0.3205260061237414,0.0480953956388321,0.2705260061237414,9.32142586141535e-17,non-significant
0.3,betweeness,0.1000459571082236,75,ancova_p_value,,2.0,75.0,0.16143714082856858,0.0292666121204705,0.11143714082856858,1.7420910392007381e-07,non-significant
0.3,betweeness,0.1000459571082236,75,ancova_p_value,,4.0,75.0,0.04912138289485513,0.0110456312179951,-0.0008786171051448702,0.4403334260141625,significant
0.3,betweeness,0.1000459571082236,75,ancova_p_value,,6.0,75.0,0.016639791628428848,0.0042715873423198,-0.03336020837157115,4.034577316680554e-08,significant
0.3,betweeness,0.1000459571082236,75,ancova_p_value,,8.0,75.0,0.005996484169924953,0.0016906452864763,-0.04400351583007505,0.0,significant
0.3,betweeness,0.1000459571082236,75,ancova_p_value,,10.0,75.0,0.0022598459055359287,0.0006840704510954,-0.047740154094464075,0.0,significant
0.3,betweeness,0.1000459571082236,75,ancova_p_value,,15.0,75.0,0.0002280430925145892,7.794794133449881e-05,-0.04977195690748541,0.0,significant
0.3,betweeness,0.1000459571082236,100,ancova_p_value,,0.5,100.0,0.48114467698573943,0.0618967388546224,0.43114467698573944,1.4036773058921334e-23,non-significant
0.3,betweeness,0.1000459571082236,100,ancova_p_value,,1.0,100.0,0.31972415578412333,0.0481753091944727,0.26972415578412334,1.2939575133217388e-16,non-significant
0.3,betweeness,0.1000459571082236,100,ancova_p_value,,2.0,100.0,0.16040513148560548,0.0292917428425879,0.11040513148560548,2.3744177516881641e-07,non-significant
0.3,betweeness,0.1000459571082236,100,ancova_p_value,,4.0,100.0,0.04821217873113365,0.0109867755440066,-0.0017878212688663547,0.40801798637592923,significant
0.3,betweeness,0.1000459571082236,100,ancova_p_value,,6.0,100.0,0.016044679166962617,0.0041986308340773,-0.033955320833037386,2.151799938232557e-08,significant
0.3,betweeness,0.1000459571082236,100,ancova_p_value,,8.0,100.0,0.005652215916228005,0.0016336320102385,-0.044347784083772,0.0,significant
0.3,betweeness,0.1000459571082236,100,ancova_p_value,,10.0,100.0,0.00207287258086666,0.0006467304156163,-0.047927127419133346,0.0,significant
0.3,betweeness,0.1000459571082236,100,ancova_p_value,,15.0,100.0,0.0001920508540141487,6.851930494332802e-05,-0.04980794914598585,0.0,significant
0.3,betweeness,0.1000459571082236,300,ancova_p_value,,0.5,300.0,0.4800490110787622,0.0620773029105086,0.4300490110787622,2.332543051199275e-23,non-significant
0.3,betweeness,0.1000459571082236,300,ancova_p_value,,1.0,300.0,0.31811640443062633,0.0483358034407592,0.26811640443062634,2.4800490130242596e-16,non-significant
0.3,betweeness,0.1000459571082236,300,ancova_p_value,,2.0,300.0,0.15833615787546532,0.0293414528116608,0.10833615787546531,4.360281550139785e-07,non-significant
0.3,betweeness,0.1000459571082236,300,ancova_p_value,,4.0,300.0,0.0464015209831491,0.0108655620335904,-0.0035984790168509043,0.3457676300212822,significant
0.3,betweeness,0.1000459571082236,300,ancova_p_value,,6.0,300.0,0.014877544674688336,0.0040499703454884,-0.03512245532531166,5.892422993980517e-09,significant
0.3,betweeness,0.1000459571082236,300,ancova_p_value,,8.0,300.0,0.004992719858471545,0.0015193005512519,-0.04500728014152846,0.0,significant
0.3,betweeness,0.1000459571082236,300,ancova_p_value,,10.0,300.0,0.0017256705948826214,0.0005735768395902,-0.04827432940511738,0.0,significant
0.3,betweeness,0.1000459571082236,300,ancova_p_value,,15.0,300.0,0.00013201666015390175,5.161645611221208e-05,-0.0498679833398461,0.0,significant
0.3,betweeness,0.1000459571082236,500,ancova_p_value,,0.5,500.0,0.47982953965954955,0.062113506778661,0.42982953965954956,2.5809419779422824e-23,non-significant
0.3,betweeness,0.1000459571082236,500,ancova_p_value,,1.0,500.0,0.3177942072606085,0.0483680093907419,0.2677942072606085,2.822246410489779e-16,non-significant
0.3,betweeness,0.1000459571082236,500,ancova_p_value,,2.0,500.0,0.15792157401181234,0.0293513038996375,0.10792157401181234,4.91480811402649e-07,non-significant
0.3,betweeness,0.1000459571082236,500,ancova_p_value,,4.0,500.0,0.046040682769031456,0.0108407458833313,-0.003959317230968547,0.3337985614753328,significant
0.3,betweeness,0.1000459571082236,500,ancova_p_value,,6.0,500.0,0.01464790875937049,0.0040197965722694,-0.03535209124062951,4.5196090203702965e-09,significant
0.3,betweeness,0.1000459571082236,500,ancova_p_value,,8.0,500.0,0.004865533464805003,0.0014964031604688,-0.045134466535195,0.0,significant
0.3,betweeness,0.1000459571082236,500,ancova_p_value,,10.0,500.0,0.0016604995248597615,0.000559215797376,-0.04833950047514024,0.0,significant
0.3,betweeness,0.1000459571082236,500,ancova_p_value,,15.0,500.0,0.0001217965039979378,4.8550942943686486e-05,-0.04987820349600206,0.0,significant
0.3,betweeness,0.1000459571082236,1000,ancova_p_value,,0.5,1000.0,0.4796648624377731,0.0621406796031277,0.42966486243777313,2.784221505057181e-23,non-significant
0.3,betweeness,0.1000459571082236,1000,ancova_p_value,,1.0,1000.0,0.31755241808467255,0.0483921873443437,0.26755241808467256,3.108953975720514e-16,non-significant
0.3,betweeness,0.1000459571082236,1000,ancova_p_value,,2.0,1000.0,0.1576104641334238,0.0293586718565096,0.1076104641334238,5.374353625080788e-07,non-significant
0.3,betweeness,0.1000459571082236,1000,ancova_p_value,,4.0,1000.0,0.04577034649325166,0.0108220059983344,-0.0042296535067483446,0.3249425692827276,significant
0.3,betweeness,0.1000459571082236,1000,ancova_p_value,,6.0,1000.0,0.014476528145859816,0.0039970693267858,-0.03552347185414019,3.699198836137896e-09,significant
0.3,betweeness,0.1000459571082236,1000,ancova_p_value,,8.0,1000.0,0.00477118583723039,0.0014792266086694,-0.04522881416276961,0.0,significant
0.3,betweeness,0.1000459571082236,1000,ancova_p_value,,10.0,1000.0,0.0016125523948250528,0.0005485086148922,-0.04838744760517495,0.0,significant
0.3,betweeness,0.1000459571082236,1000,ancova_p_value,,15.0,1000.0,0.00011449967420285442,4.6320888958406605e-05,-0.049885500325797145,0.0,significant
0.4,betweeness,0.1101666834520229,30,ancova_p_value,,0.5,30.0,0.4849569686830381,0.0674689301559152,0.4349569686830381,2.4566138685232515e-20,non-significant
0.4,betweeness,0.1101666834520229,30,ancova_p_value,,1.0,30.0,0.3253086154260302,0.0524378744147471,0.2753086154260302,8.466133769451673e-15,non-significant
0.4,betweeness,0.1101666834520229,30,ancova_p_value,,2.0,30.0,0.167594108019346,0.0320572799319331,0.11759410801934599,3.9880754999143635e-07,non-significant
0.4,betweeness,0.1101666834520229,30,ancova_p_value,,4.0,30.0,0.054625044962983094,0.0125264531773039,0.004625044962983091,0.37981308026756866,non-significant
0.4,betweeness,0.1101666834520229,30,ancova_p_value,,6.0,30.0,0.0203613903722062,0.0051649077812467,-0.029638609627793803,9.639271554950923e-06,significant
0.4,betweeness,0.1101666834520229,30,ancova_p_value,,8.0,30.0,0.008257335914631373,0.0022341153165279,-0.04174266408536863,0.0,significant
0.4,betweeness,0.1101666834520229,30,ancova_p_value,,10.0,30.0,0.0035685233088176825,0.0010088380824111,-0.04643147669118232,0.0,significant
0.4,betweeness,0.1101666834520229,30,ancova_p_value,,15.0,30.0,0.0005407062921313466,0.0001625389201119,-0.049459293707868654,0.0,significant
0.4,betweeness,0.1101666834520229,50,ancova_p_value,,0.5,50.0,0.48278284379668057,0.0678615816588574,0.4327828437966806,5.77042200910624e-20,non-significant
0.4,betweeness,0.1101666834520229,50,ancova_p_value,,1.0,50.0,0.32212564510024433,0.0527854987161698,0.27212564510024434,2.5700898362431613e-14,non-significant
0.4,betweeness,0.1101666834520229,50,ancova_p_value,,2.0,50.0,0.16349617189550622,0.0321713182524697,0.11349617189550622,1.1796090884598085e-06,non-significant
0.4,betweeness,0.1101666834520229,50,ancova_p_value,,4.0,50.0,0.05094706873769324,0.0122889066192174,0.0009470687376932352,0.49964220388914754,non-significant
0.4,betweeness,0.1101666834520229,50,ancova_p_value,,6.0,50.0,0.01785224137520709,0.0048613784441825,-0.03214775862479291,1.4205668777966807e-06,significant
0.4,betweeness,0.1101666834520229,50,ancova_p_value,,8.0,50.0,0.006713432842279582,0.0019867365600027,-0.04328656715772042,0.0,significant
0.4,betweeness,0.1101666834520229,50,ancova_p_value,,10.0,50.0,0.0026605541904910716,0.0008369456082866,-0.04733944580950893,0.0,significant
0.4,betweeness,0.1101666834520229,50,ancova_p_value,,15.0,50.0,0.00031306556427201346,0.0001087085055044,-0.04968693443572799,0.0,significant
0.4,betweeness,0.1101666834520229,75,ancova_p_value,,0.5,75.0,0.4816914470000123,0.0680591590130293,0.43169144700001233,8.809766519802142e-20,non-significant
0.4,betweeness,0.1101666834520229,75,ancova_p_value,,1.0,75.0,0.3205260061237414,0.0529607630332469,0.2705260061237414,4.438410559024068e-14,non-significant
0.4,betweeness,0.1101666834520229,75,ancova_p_value,,2.0,75.0,0.16143714082856858,0.032227245221926,0.11143714082856858,1.9901242396175422e-06,non-significant
0.4,betweeness,0.1101666834520229,75,ancova_p_value,,4.0,75.0,0.04912138289485513,0.0121630158088679,-0.0008786171051448702,0.4403477012388253,significant
0.4,betweeness,0.1101666834520229,75,ancova_p_value,,6.0,75.0,0.016639791628428848,0.0047037044192596,-0.03336020837157115,5.136268035332847e-07,significant
0.4,betweeness,0.1101666834520229,75,ancova_p_value,,8.0,75.0,0.005996484169924953,0.0018616722703089,-0.04400351583007505,0.0,significant
0.4,betweeness,0.1101666834520229,75,ancova_p_value,,10.0,75.0,0.0022598459055359287,0.0007532715466272,-0.047740154094464075,0.0,significant
0.4,betweeness,0.1101666834520229,75,ancova_p_value,,15.0,75.0,0.0002280430925145892,8.583321532368772e-05,-0.04977195690748541,0.0,significant
0.4,betweeness,0.1101666834520229,100,ancova_p_value,,0.5,100.0,0.48114467698573943,0.0681582607954201,0.43114467698573944,1.0874818925893226e-19,non-significant
0.4,betweeness,0.1101666834520229,100,ancova_p_value,,1.0,100.0,0.31972415578412333,0.0530487607059391,0.26972415578412334,5.819758081973235e-14,non-significant
0.4,betweeness,0.1101666834520229,100,ancova_p_value,,2.0,100.0,0.16040513148560548,0.0322549181873156,0.11040513148560548,2.572644953835148e-06,non-significant
0.4,betweeness,0.1101666834520229,100,ancova_p_value,,4.0,100.0,0.04821217873113365,0.0120982062494109,-0.0017878212688663547,0.4109202676788982,significant
0.4,betweeness,0.1101666834520229,100,ancova_p_value,,6.0,100.0,0.016044679166962617,0.0046233675742573,-0.033955320833037386,3.041388927371713e-07,significant
0.4,betweeness,0.1101666834520229,100,ancova_p_value,,8.0,100.0,0.005652215916228005,0.0017988914869829,-0.044347784083772,0.0,significant
0.4,betweeness,0.1101666834520229,100,ancova_p_value,,10.0,100.0,0.00207287258086666,0.0007121541643,-0.047927127419133346,0.0,significant
0.4,betweeness,0.1101666834520229,100,ancova_p_value,,15.0,100.0,0.0001920508540141487,7.545077078805585e-05,-0.04980794914598585,0.0,significant
0.4,betweeness,0.1101666834520229,300,ancova_p_value,,0.5,300.0,0.4800490110787622,0.0683570908507527,0.4300490110787622,1.653842719518702e-19,non-significant
0.4,betweeness,0.1101666834520229,300,ancova_p_value,,1.0,300.0,0.31811640443062633,0.0532254906742215,0.26811640443062634,9.961786595525999e-14,non-significant
0.4,betweeness,0.1101666834520229,300,ancova_p_value,,2.0,300.0,0.15833615787546532,0.0323096568552794,0.10833615787546531,4.258520326272287e-06,non-significant
0.4,betweeness,0.1101666834520229,300,ancova_p_value,,4.0,300.0,0.0464015209831491,0.0119647306865984,-0.0035984790168509043,0.35400260753011015,significant
0.4,betweeness,0.1101666834520229,300,ancova_p_value,,6.0,300.0,0.014877544674688336,0.0044596684757472,-0.03512245532531166,1.0333881106383558e-07,significant
0.4,betweeness,0.1101666834520229,300,ancova_p_value,,8.0,300.0,0.004992719858471545,0.0016729941692416,-0.04500728014152846,0.0,significant
0.4,betweeness,0.1101666834520229,300,ancova_p_value,,10.0,300.0,0.0017256705948826214,0.0006316003159847,-0.04827432940511738,0.0,significant
0.4,betweeness,0.1101666834520229,300,ancova_p_value,,15.0,300.0,0.00013201666015390175,5.6838016705443534e-05,-0.0498679833398461,0.0,significant
0.4,betweeness,0.1101666834520229,500,ancova_p_value,,0.5,500.0,0.47982953965954955,0.0683969571301883,0.42982953965954956,1.7979333231844772e-19,non-significant
0.4,betweeness,0.1101666834520229,500,ancova_p_value,,1.0,500.0,0.3177942072606085,0.0532609546029955,0.2677942072606085,1.1084504101962158e-13,non-significant
0.4,betweeness,0.1101666834520229,500,ancova_p_value,,2.0,500.0,0.15792157401181234,0.0323205044869294,0.10792157401181234,4.703029603071987e-06,non-significant
0.4,betweeness,0.1101666834520229,500,ancova_p_value,,4.0,500.0,0.046040682769031456,0.0119374041153994,-0.003959317230968547,0.3430055320213006,significant
0.4,betweeness,0.1101666834520229,500,ancova_p_value,,6.0,500.0,0.01464790875937049,0.0044264423003089,-0.03535209124062951,8.28466326652233e-08,significant
0.4,betweeness,0.1101666834520229,500,ancova_p_value,,8.0,500.0,0.004865533464805003,0.0016477804607101,-0.045134466535195,0.0,significant
0.4,betweeness,0.1101666834520229,500,ancova_p_value,,10.0,500.0,0.0016604995248597615,0.0006157864996409,-0.04833950047514024,0.0,significant
0.4,betweeness,0.1101666834520229,500,ancova_p_value,,15.0,500.0,0.0001217965039979378,5.346239385554022e-05,-0.04987820349600206,0.0,significant
0.4,betweeness,0.1101666834520229,1000,ancova_p_value,,0.5,1000.0,0.4796648624377731,0.0684268787785792,0.42966486243777313,1.9140511627353015e-19,non-significant
0.4,betweeness,0.1101666834520229,1000,ancova_p_value,,1.0,1000.0,0.31755241808467255,0.0532875784170701,0.26755241808467256,1.2006967366404268e-13,non-significant
0.4,betweeness,0.1101666834520229,1000,ancova_p_value,,2.0,1000.0,0.1576104641334238,0.0323286177920132,0.1076104641334238,5.064933187340614e-06,non-significant
0.4,betweeness,0.1101666834520229,1000,ancova_p_value,,4.0,1000.0,0.04577034649325166,0.0119167684891527,-0.0042296535067483446,0.33485432932670345,significant
0.4,betweeness,0.1101666834520229,1000,ancova_p_value,,6.0,1000.0,0.014476528145859816,0.0044014159491069,-0.03552347185414019,7.011130875866911e-08,significant
0.4,betweeness,0.1101666834520229,1000,ancova_p_value,,8.0,1000.0,0.00477118583723039,0.0016288663156554,-0.04522881416276961,0.0,significant
0.4,betweeness,0.1101666834520229,1000,ancova_p_value,,10.0,1000.0,0.0016125523948250528,0.0006039961703017,-0.04838744760517495,0.0,significant
0.4,betweeness,0.1101666834520229,1000,ancova_p_value,,15.0,1000.0,0.00011449967420285442,5.100674588556287e-05,-0.049885500325797145,0.0,significant
0.5,betweeness,0.1116396841959687,30,ancova_p_value,,0.5,30.0,0.4849569686830381,0.0683710339607935,0.4349569686830381,7.716862106183717e-20,non-significant
0.5,betweeness,0.1116396841959687,30,ancova_p_value,,1.0,30.0,0.3253086154260302,0.0531390031553386,0.2753086154260302,1.8932436786359794e-14,non-significant
0.5,betweeness,0.1116396841959687,30,ancova_p_value,,2.0,30.0,0.167594108019346,0.0324859067700023,0.11759410801934599,5.617896338080712e-07,non-significant
0.5,betweeness,0.1116396841959687,30,ancova_p_value,,4.0,30.0,0.054625044962983094,0.0126939400641829,0.004625044962983091,0.3820985969203236,non-significant
0.5,betweeness,0.1116396841959687,30,ancova_p_value,,6.0,30.0,0.0203613903722062,0.005233965982563,-0.029638609627793803,1.2290386878555104e-05,significant
0.5,betweeness,0.1116396841959687,30,ancova_p_value,,8.0,30.0,0.008257335914631373,0.0022639869022033,-0.04174266408536863,0.0,significant
0.5,betweeness,0.1116396841959687,30,ancova_p_value,,10.0,30.0,0.0035685233088176825,0.0010223269086093,-0.04643147669118232,0.0,significant
0.5,betweeness,0.1116396841959687,30,ancova_p_value,,15.0,30.0,0.0005407062921313466,0.0001647121719767,-0.049459293707868654,0.0,significant
0.5,betweeness,0.1116396841959687,50,ancova_p_value,,0.5,50.0,0.48278284379668057,0.068768935471613,0.4327828437966806,1.7727201198724182e-19,non-significant
0.5,betweeness,0.1116396841959687,50,ancova_p_value,,1.0,50.0,0.32212564510024433,0.0534912754214505,0.27212564510024434,5.584043801004772e-14,non-significant
0.5,betweeness,0.1116396841959687,50,ancova_p_value,,2.0,50.0,0.16349617189550622,0.0326014698576076,0.11349617189550622,1.6163546697352859e-06,non-significant
0.5,betweeness,0.1116396841959687,50,ancova_p_value,,4.0,50.0,0.05094706873769324,0.0124532173529636,0.0009470687376932352,0.5004616578273309,non-significant
0.5,betweeness,0.1116396841959687,50,ancova_p_value,,6.0,50.0,0.01785224137520709,0.0049263782593762,-0.03214775862479291,1.8982338291229084e-06,significant
0.5,betweeness,0.1116396841959687,50,ancova_p_value,,8.0,50.0,0.006713432842279582,0.0020133005296096,-0.04328656715772042,0.0,significant
0.5,betweeness,0.1116396841959687,50,ancova_p_value,,10.0,50.0,0.0026605541904910716,0.000848136119474,-0.04733944580950893,0.0,significant
0.5,betweeness,0.1116396841959687,50,ancova_p_value,,15.0,50.0,0.00031306556427201346,0.0001101620094537,-0.04968693443572799,0.0,significant
0.5,betweeness,0.1116396841959687,75,ancova_p_value,,0.5,75.0,0.4816914470000123,0.0689691545644718,0.43169144700001233,2.676736292128289e-19,non-significant
0.5,betweeness,0.1116396841959687,75,ancova_p_value,,1.0,75.0,0.3205260061237414,0.053668883137288,0.2705260061237414,9.507568017215432e-14,non-significant
0.5,betweeness,0.1116396841959687,75,ancova_p_value,,2.0,75.0,0.16143714082856858,0.0326581446072914,0.11143714082856858,2.6908898679990005e-06,non-significant
0.5,betweeness,0.1116396841959687,75,ancova_p_value,,4.0,75.0,0.04912138289485513,0.0123256432999904,-0.0008786171051448702,0.4403060391524045,significant
0.5,betweeness,0.1116396841959687,75,ancova_p_value,,6.0,75.0,0.016639791628428848,0.0047665960294249,-0.03336020837157115,7.037163873846453e-07,significant
0.5,betweeness,0.1116396841959687,75,ancova_p_value,,8.0,75.0,0.005996484169924953,0.0018865640484148,-0.04400351583007505,0.0,significant
0.5,betweeness,0.1116396841959687,75,ancova_p_value,,10.0,75.0,0.0022598459055359287,0.0007633432807832,-0.047740154094464075,0.0,significant
0.5,betweeness,0.1116396841959687,75,ancova_p_value,,15.0,75.0,0.0002280430925145892,8.69808616543691e-05,-0.04977195690748541,0.0,significant
0.5,betweeness,0.1116396841959687,100,ancova_p_value,,0.5,100.0,0.48114467698573943,0.0690695814026291,0.43114467698573944,3.286083550290025e-19,non-significant
0.5,betweeness,0.1116396841959687,100,ancova_p_value,,1.0,100.0,0.31972415578412333,0.0537580573965242,0.26972415578412334,1.2379214259962875e-13,non-significant
0.5,betweeness,0.1116396841959687,100,ancova_p_value,,2.0,100.0,0.16040513148560548,0.0326861875783608,0.11040513148560548,3.4558873953336183e-06,non-significant
0.5,betweeness,0.1116396841959687,100,ancova_p_value,,4.0,100.0,0.04821217873113365,0.0122599671942573,-0.0017878212688663547,0.4112557697660273,significant
0.5,betweeness,0.1116396841959687,100,ancova_p_value,,6.0,100.0,0.016044679166962617,0.0046851850281646,-0.033955320833037386,4.2211004647185746e-07,significant
0.5,betweeness,0.1116396841959687,100,ancova_p_value,,8.0,100.0,0.005652215916228005,0.0018229438448789,-0.044347784083772,0.0,significant
0.5,betweeness,0.1116396841959687,100,ancova_p_value,,10.0,100.0,0.00207287258086666,0.0007216761321123,-0.047927127419133346,0.0,significant
0.5,betweeness,0.1116396841959687,100,ancova_p_value,,15.0,100.0,0.0001920508540141487,7.645959703224873e-05,-0.04980794914598585,0.0,significant
0.5,betweeness,0.1116396841959687,300,ancova_p_value,,0.5,300.0,0.4800490110787622,0.069271069946084,0.4300490110787622,4.943149408267041e-19,non-significant
0.5,betweeness,0.1116396841959687,300,ancova_p_value,,1.0,300.0,0.31811640443062633,0.0539371503602839,0.26811640443062634,2.0896261944438412e-13,non-significant
0.5,betweeness,0.1116396841959687,300,ancova_p_value,,2.0,300.0,0.15833615787546532,0.0327416581381825,0.10833615787546531,5.6477661405438646e-06,non-significant
0.5,betweeness,0.1116396841959687,300,ancova_p_value,,4.0,300.0,0.0464015209831491,0.0121247069757108,-0.0035984790168509043,0.35503934948679006,significant
0.5,betweeness,0.1116396841959687,300,ancova_p_value,,6.0,300.0,0.014877544674688336,0.0045192971654444,-0.03512245532531166,1.4729119246492672e-07,significant
0.5,betweeness,0.1116396841959687,300,ancova_p_value,,8.0,300.0,0.004992719858471545,0.0016953631975058,-0.04500728014152846,0.0,significant
0.5,betweeness,0.1116396841959687,300,ancova_p_value,,10.0,300.0,0.0017256705948826214,0.0006400452260625,-0.04827432940511738,0.0,significant
0.5,betweeness,0.1116396841959687,300,ancova_p_value,,15.0,300.0,0.00013201666015390175,5.7597978231633824e-05,-0.0498679833398461,0.0,significant
0.5,betweeness,0.1116396841959687,500,ancova_p_value,,0.5,500.0,0.47982953965954955,0.0693114692637979,0.42982953965954956,5.362129073212911e-19,non-significant
0.5,betweeness,0.1116396841959687,500,ancova_p_value,,1.0,500.0,0.3177942072606085,0.0539730884650232,0.2677942072606085,2.3186992218720556e-13,non-significant
0.5,betweeness,0.1116396841959687,500,ancova_p_value,,2.0,500.0,0.15792157401181234,0.0327526508097756,0.10792157401181234,6.221583360397082e-06,non-significant
0.5,betweeness,0.1116396841959687,500,ancova_p_value,,4.0,500.0,0.046040682769031456,0.0120970150303492,-0.003959317230968547,0.34417123043546094,significant
0.5,betweeness,0.1116396841959687,500,ancova_p_value,,6.0,500.0,0.01464790875937049,0.0044856267342692,-0.03535209124062951,1.1872913985300215e-07,significant
0.5,betweeness,0.1116396841959687,500,ancova_p_value,,8.0,500.0,0.004865533464805003,0.0016698123651701,-0.045134466535195,0.0,significant
0.5,betweeness,0.1116396841959687,500,ancova_p_value,,10.0,500.0,0.0016604995248597615,0.0006240199686323,-0.04833950047514024,0.0,significant
0.5,betweeness,0.1116396841959687,500,ancova_p_value,,15.0,500.0,0.0001217965039979378,5.417722109236658e-05,-0.04987820349600206,0.0,significant
0.5,betweeness,0.1116396841959687,1000,ancova_p_value,,0.5,1000.0,0.4796648624377731,0.0693417909842337,0.42966486243777313,5.699130689400351e-19,non-significant
0.5,betweeness,0.1116396841959687,1000,ancova_p_value,,1.0,1000.0,0.31755241808467255,0.0540000682569372,0.26755241808467256,2.506460356709777e-13,non-significant
0.5,betweeness,0.1116396841959687,1000,ancova_p_value,,2.0,1000.0,0.1576104641334238,0.0327608725950646,0.1076104641334238,6.687744782595556e-06,non-significant
0.5,betweeness,0.1116396841959687,1000,ancova_p_value,,4.0,1000.0,0.04577034649325166,0.0120761034922582,-0.0042296535067483446,0.3361138521423268,significant
0.5,betweeness,0.1116396841959687,1000,ancova_p_value,,6.0,1000.0,0.014476528145859816,0.0044602657643532,-0.03552347185414019,1.008927794643455e-07,significant
0.5,betweeness,0.1116396841959687,1000,ancova_p_value,,8.0,1000.0,0.00477118583723039,0.0016506453256026,-0.04522881416276961,0.0,significant
0.5,betweeness,0.1116396841959687,1000,ancova_p_value,,10.0,1000.0,0.0016125523948250528,0.0006120719948643,-0.04838744760517495,0.0,significant
0.5,betweeness,0.1116396841959687,1000,ancova_p_value,,15.0,1000.0,0.00011449967420285442,5.168873949997904e-05,-0.049885500325797145,0.0,significant
0.05,clusteringcoef,0.0443606862238838,30,ancova_p_value,,0.5,30.0,0.4849569686830381,0.0271676331421115,0.4349569686830381,1.3895125487827592e-117,non-significant
0.05,clusteringcoef,0.0443606862238838,30,ancova_p_value,,1.0,30.0,0.3253086154260302,0.0211150959643172,0.2753086154260302,5.78806984569127e-83,non-significant
0.05,clusteringcoef,0.0443606862238838,30,ancova_p_value,,2.0,30.0,0.167594108019346,0.0129084664409544,0.11759410801934599,9.311447826548692e-36,non-significant
0.05,clusteringcoef,0.0443606862238838,30,ancova_p_value,,4.0,30.0,0.054625044962983094,0.0050440118689653,0.004625044962983091,0.18060353264679824,non-significant
0.05,clusteringcoef,0.0443606862238838,30,ancova_p_value,,6.0,30.0,0.0203613903722062,0.0020797472183045,-0.029638609627793803,0.0,significant
0.05,clusteringcoef,0.0443606862238838,30,ancova_p_value,,8.0,30.0,0.008257335914631373,0.000899608533533,-0.04174266408536863,0.0,significant
0.05,clusteringcoef,0.0443606862238838,30,ancova_p_value,,10.0,30.0,0.0035685233088176825,0.000406227620023,-0.04643147669118232,0.0,significant
0.05,clusteringcoef,0.0443606862238838,30,ancova_p_value,,15.0,30.0,0.0005407062921313466,6.544935191224251e-05,-0.049459293707868654,0.0,significant
0.05,clusteringcoef,0.0443606862238838,50,ancova_p_value,,0.5,50.0,0.48278284379668057,0.0273257416516133,0.4327828437966806,2.6307214950737853e-115,non-significant
0.05,clusteringcoef,0.0443606862238838,50,ancova_p_value,,1.0,50.0,0.32212564510024433,0.0212550734246165,0.27212564510024434,5.157509163617115e-80,non-significant
0.05,clusteringcoef,0.0443606862238838,50,ancova_p_value,,2.0,50.0,0.16349617189550622,0.0129543861146371,0.11349617189550622,6.37094148473455e-33,non-significant
0.05,clusteringcoef,0.0443606862238838,50,ancova_p_value,,4.0,50.0,0.05094706873769324,0.0049483592814802,0.0009470687376932352,0.4357501944875808,non-significant
0.05,clusteringcoef,0.0443606862238838,50,ancova_p_value,,6.0,50.0,0.01785224137520709,0.0019575254243888,-0.03214775862479291,0.0,significant
0.05,clusteringcoef,0.0443606862238838,50,ancova_p_value,,8.0,50.0,0.006713432842279582,0.0007999968265013,-0.04328656715772042,0.0,significant
0.05,clusteringcoef,0.0443606862238838,50,ancova_p_value,,10.0,50.0,0.0026605541904910716,0.0003370118837409,-0.04733944580950893,0.0,significant
0.05,clusteringcoef,0.0443606862238838,50,ancova_p_value,,15.0,50.0,0.00031306556427201346,4.3773523459563485e-05,-0.04968693443572799,0.0,significant
0.05,clusteringcoef,0.0443606862238838,75,ancova_p_value,,0.5,75.0,0.4816914470000123,0.0274052998877218,0.43169144700001233,3.5341600001788756e-114,non-significant
0.05,clusteringcoef,0.0443606862238838,75,ancova_p_value,,1.0,75.0,0.3205260061237414,0.021325646896854,0.2705260061237414,1.456948841226856e-78,non-significant
0.05,clusteringcoef,0.0443606862238838,75,ancova_p_value,,2.0,75.0,0.16143714082856858,0.0129769061603149,0.11143714082856858,1.4768269851872103e-31,non-significant
0.05,clusteringcoef,0.0443606862238838,75,ancova_p_value,,4.0,75.0,0.04912138289485513,0.0048976669799477,-0.0008786171051448702,0.4169064876898133,significant
0.05,clusteringcoef,0.0443606862238838,75,ancova_p_value,,6.0,75.0,0.016639791628428848,0.0018940350139844,-0.03336020837157115,0.0,significant
0.05,clusteringcoef,0.0443606862238838,75,ancova_p_value,,8.0,75.0,0.005996484169924953,0.0007496373390494,-0.04400351583007505,0.0,significant
0.05,clusteringcoef,0.0443606862238838,75,ancova_p_value,,10.0,75.0,0.0022598459055359287,0.0003033189497427,-0.047740154094464075,0.0,significant
0.05,clusteringcoef,0.0443606862238838,75,ancova_p_value,,15.0,75.0,0.0002280430925145892,3.45623578131892e-05,-0.04977195690748541,0.0,significant
0.05,clusteringcoef,0.0443606862238838,100,ancova_p_value,,0.5,100.0,0.48114467698573943,0.0274452050835134,0.43114467698573944,1.2876149528949519e-113,non-significant
0.05,clusteringcoef,0.0443606862238838,100,ancova_p_value,,1.0,100.0,0.31972415578412333,0.0213610808141184,0.26972415578412334,7.637735184065647e-78,non-significant
0.05,clusteringcoef,0.0443606862238838,100,ancova_p_value,,2.0,100.0,0.16040513148560548,0.0129880492000803,0.11040513148560548,6.900175390387228e-31,non-significant
0.05,clusteringcoef,0.0443606862238838,100,ancova_p_value,,4.0,100.0,0.04821217873113365,0.0048715701924136,-0.0017878212688663547,0.34659255995474814,significant
0.05,clusteringcoef,0.0443606862238838,100,ancova_p_value,,6.0,100.0,0.016044679166962617,0.0018616858730128,-0.033955320833037386,0.0,significant
0.05,clusteringcoef,0.0443606862238838,100,ancova_p_value,,8.0,100.0,0.005652215916228005,0.0007243574763655,-0.044347784083772,0.0,significant
0.05,clusteringcoef,0.0443606862238838,100,ancova_p_value,,10.0,100.0,0.00207287258086666,0.0002867622627425,-0.047927127419133346,0.0,significant
0.05,clusteringcoef,0.0443606862238838,100,ancova_p_value,,15.0,100.0,0.0001920508540141487,3.0381671331122057e-05,-0.04980794914598585,0.0,significant
0.05,clusteringcoef,0.0443606862238838,300,ancova_p_value,,0.5,300.0,0.4800490110787622,0.027525267743295,0.4300490110787622,1.6887456562628287e-112,non-significant
0.05,clusteringcoef,0.0443606862238838,300,ancova_p_value,,1.0,300.0,0.31811640443062633,0.0214322444583679,0.26811640443062634,2.0419755595694215e-76,non-significant
0.05,clusteringcoef,0.0443606862238838,300,ancova_p_value,,2.0,300.0,0.15833615787546532,0.013010090753822,0.10833615787546531,1.4189986244163836e-29,non-significant
0.05,clusteringcoef,0.0443606862238838,300,ancova_p_value,,4.0,300.0,0.0464015209831491,0.0048178237477087,-0.0035984790168509043,0.2230888779069995,significant
0.05,clusteringcoef,0.0443606862238838,300,ancova_p_value,,6.0,300.0,0.014877544674688336,0.0017957693534572,-0.03512245532531166,0.0,significant
0.05,clusteringcoef,0.0443606862238838,300,ancova_p_value,,8.0,300.0,0.004992719858471545,0.0006736625545093,-0.04500728014152846,0.0,significant
0.05,clusteringcoef,0.0443606862238838,300,ancova_p_value,,10.0,300.0,0.0017256705948826214,0.0002543257413073,-0.04827432940511738,0.0,significant
0.05,clusteringcoef,0.0443606862238838,300,ancova_p_value,,15.0,300.0,0.00013201666015390175,2.288689598027241e-05,-0.0498679833398461,0.0,significant
0.05,clusteringcoef,0.0443606862238838,500,ancova_p_value,,0.5,500.0,0.47982953965954955,0.0275413206501952,0.42982953965954956,2.8202230619098297e-112,non-significant
0.05,clusteringcoef,0.0443606862238838,500,ancova_p_value,,1.0,500.0,0.3177942072606085,0.0214465246760101,0.2677942072606085,3.922437792249328e-76,non-significant
0.05,clusteringcoef,0.0443606862238838,500,ancova_p_value,,2.0,500.0,0.15792157401181234,0.0130144587566412,0.10792157401181234,2.573179704417909e-29,non-significant
0.05,clusteringcoef,0.0443606862238838,500,ancova_p_value,,4.0,500.0,0.046040682769031456,0.0048068201900763,-0.003959317230968547,0.2018866901800127,significant
0.05,clusteringcoef,0.0443606862238838,500,ancova_p_value,,6.0,500.0,0.01464790875937049,0.0017823902092654,-0.03535209124062951,0.0,significant
0.05,clusteringcoef,0.0443606862238838,500,ancova_p_value,,8.0,500.0,0.004865533464805003,0.0006635097807518,-0.045134466535195,0.0,significant
0.05,clusteringcoef,0.0443606862238838,500,ancova_p_value,,10.0,500.0,0.0016604995248597615,0.000247958010857,-0.04833950047514024,0.0,significant
0.05,clusteringcoef,0.0443606862238838,500,ancova_p_value,,15.0,500.0,0.0001217965039979378,2.152763797810203e-05,-0.04987820349600206,0.0,significant
0.05,clusteringcoef,0.0443606862238838,1000,ancova_p_value,,0.5,1000.0,0.4796648624377731,0.0275533691644463,0.42966486243777313,4.141328964542664e-112,non-significant
0.05,clusteringcoef,0.0443606862238838,1000,ancova_p_value,,1.0,1000.0,0.31755241808467255,0.0214572452552745,0.26755241808467256,6.393920476626958e-76,non-significant
0.05,clusteringcoef,0.0443606862238838,1000,ancova_p_value,,2.0,1000.0,0.1576104641334238,0.0130177257314632,0.1076104641334238,4.0126742662856875e-29,non-significant
0.05,clusteringcoef,0.0443606862238838,1000,ancova_p_value,,4.0,1000.0,0.04577034649325166,0.0047985108672186,-0.0042296535067483446,0.186827948080595,significant
0.05,clusteringcoef,0.0443606862238838,1000,ancova_p_value,,6.0,1000.0,0.014476528145859816,0.0017723128784589,-0.03552347185414019,0.0,significant
0.05,clusteringcoef,0.0443606862238838,1000,ancova_p_value,,8.0,1000.0,0.00477118583723039,0.0006558936446599,-0.04522881416276961,0.0,significant
0.05,clusteringcoef,0.0443606862238838,1000,ancova_p_value,,10.0,1000.0,0.0016125523948250528,0.0002432104130905,-0.04838744760517495,0.0,significant
0.05,clusteringcoef,0.0443606862238838,1000,ancova_p_value,,15.0,1000.0,0.00011449967420285442,2.05388251568472e-05,-0.049885500325797145,0.0,significant
0.1,clusteringcoef,0.0413590397537194,30,ancova_p_value,,0.5,30.0,0.4849569686830381,0.0253293471040602,0.4349569686830381,5.3069602733523224e-135,non-significant
0.1,clusteringcoef,0.0413590397537194,30,ancova_p_value,,1.0,30.0,0.3253086154260302,0.019686352212505,0.2753086154260302,3.675278343535894e-95,non-significant
0.1,clusteringcoef,0.0413590397537194,30,ancova_p_value,,2.0,30.0,0.167594108019346,0.0120350206936958,0.11759410801934599,7.380670672752057e-41,non-significant
0.1,clusteringcoef,0.0413590397537194,30,ancova_p_value,,4.0,30.0,0.054625044962983094,0.0047027110075328,0.004625044962983091,0.16268537783807652,non-significant
0.1,clusteringcoef,0.0413590397537194,30,ancova_p_value,,6.0,30.0,0.0203613903722062,0.0019390220305752,-0.029638609627793803,0.0,significant
0.1,clusteringcoef,0.0413590397537194,30,ancova_p_value,,8.0,30.0,0.008257335914631373,0.0008387369147852,-0.04174266408536863,0.0,significant
0.1,clusteringcoef,0.0413590397537194,30,ancova_p_value,,10.0,30.0,0.0035685233088176825,0.0003787404054301,-0.04643147669118232,0.0,significant
0.1,clusteringcoef,0.0413590397537194,30,ancova_p_value,,15.0,30.0,0.0005407062921313466,6.1020750083352e-05,-0.049459293707868654,0.0,significant
0.1,clusteringcoef,0.0413590397537194,50,ancova_p_value,,0.5,50.0,0.48278284379668057,0.0254767572702799,0.4327828437966806,2.209506056283435e-132,non-significant
0.1,clusteringcoef,0.0413590397537194,50,ancova_p_value,,1.0,50.0,0.32212564510024433,0.0198168581590525,0.27212564510024434,9.082153963079464e-92,non-significant
0.1,clusteringcoef,0.0413590397537194,50,ancova_p_value,,2.0,50.0,0.16349617189550622,0.0120778332327024,0.11349617189550622,1.3415350242546589e-37,non-significant
0.1,clusteringcoef,0.0413590397537194,50,ancova_p_value,,4.0,50.0,0.05094706873769324,0.0046135307106281,0.0009470687376932352,0.4294362014418914,non-significant
0.1,clusteringcoef,0.0413590397537194,50,ancova_p_value,,6.0,50.0,0.01785224137520709,0.0018250703209957,-0.03214775862479291,0.0,significant
0.1,clusteringcoef,0.0413590397537194,50,ancova_p_value,,8.0,50.0,0.006713432842279582,0.00074586539043,-0.04328656715772042,0.0,significant
0.1,clusteringcoef,0.0413590397537194,50,ancova_p_value,,10.0,50.0,0.0026605541904910716,0.0003142081217313,-0.04733944580950893,0.0,significant
0.1,clusteringcoef,0.0413590397537194,50,ancova_p_value,,15.0,50.0,0.00031306556427201346,4.081160710155378e-05,-0.04968693443572799,0.0,significant
0.1,clusteringcoef,0.0413590397537194,75,ancova_p_value,,0.5,75.0,0.4816914470000123,0.0255509322330689,0.43169144700001233,4.385914387430522e-131,non-significant
0.1,clusteringcoef,0.0413590397537194,75,ancova_p_value,,1.0,75.0,0.3205260061237414,0.0198826563080959,0.2705260061237414,4.237221362554011e-90,non-significant
0.1,clusteringcoef,0.0413590397537194,75,ancova_p_value,,2.0,75.0,0.16143714082856858,0.0120988294693192,0.11143714082856858,4.976928843874403e-36,non-significant
0.1,clusteringcoef,0.0413590397537194,75,ancova_p_value,,4.0,75.0,0.04912138289485513,0.004566268481552,-0.0008786171051448702,0.4126893551812463,significant
0.1,clusteringcoef,0.0413590397537194,75,ancova_p_value,,6.0,75.0,0.016639791628428848,0.0017658759614981,-0.03336020837157115,0.0,significant
0.1,clusteringcoef,0.0413590397537194,75,ancova_p_value,,8.0,75.0,0.005996484169924953,0.0006989134557149,-0.04400351583007505,0.0,significant
0.1,clusteringcoef,0.0413590397537194,75,ancova_p_value,,10.0,75.0,0.0022598459055359287,0.0002827950054053,-0.047740154094464075,0.0,significant
0.1,clusteringcoef,0.0413590397537194,75,ancova_p_value,,15.0,75.0,0.0002280430925145892,3.22237109580226e-05,-0.04977195690748541,0.0,significant
0.1,clusteringcoef,0.0413590397537194,100,ancova_p_value,,0.5,100.0,0.48114467698573943,0.0255881372612056,0.43114467698573944,1.9406377358025985e-130,non-significant
0.1,clusteringcoef,0.0413590397537194,100,ancova_p_value,,1.0,100.0,0.31972415578412333,0.0199156926048153,0.26972415578412334,2.8486833744140127e-89,non-significant
0.1,clusteringcoef,0.0413590397537194,100,ancova_p_value,,2.0,100.0,0.16040513148560548,0.0121092185201628,0.11040513148560548,2.9284604659372466e-35,non-significant
0.1,clusteringcoef,0.0413590397537194,100,ancova_p_value,,4.0,100.0,0.04821217873113365,0.0045419375217553,-0.0017878212688663547,0.3377126607297656,significant
0.1,clusteringcoef,0.0413590397537194,100,ancova_p_value,,6.0,100.0,0.016044679166962617,0.0017357157110301,-0.033955320833037386,0.0,significant
0.1,clusteringcoef,0.0413590397537194,100,ancova_p_value,,8.0,100.0,0.005652215916228005,0.0006753441439049,-0.044347784083772,0.0,significant
0.1,clusteringcoef,0.0413590397537194,100,ancova_p_value,,10.0,100.0,0.00207287258086666,0.0002673586194041,-0.047927127419133346,0.0,significant
0.1,clusteringcoef,0.0413590397537194,100,ancova_p_value,,15.0,100.0,0.0001920508540141487,2.832590880191984e-05,-0.04980794914598585,0.0,significant
0.1,clusteringcoef,0.0413590397537194,300,ancova_p_value,,0.5,300.0,0.4800490110787622,0.02566278251606,0.4300490110787622,3.7471898906395773e-129,non-significant
0.1,clusteringcoef,0.0413590397537194,300,ancova_p_value,,1.0,300.0,0.31811640443062633,0.0199820409921392,0.26811640443062634,1.2474248418246933e-87,non-significant
0.1,clusteringcoef,0.0413590397537194,300,ancova_p_value,,2.0,300.0,0.15833615787546532,0.0121297686417916,0.10833615787546531,9.465332915897096e-34,non-significant
0.1,clusteringcoef,0.0413590397537194,300,ancova_p_value,,4.0,300.0,0.0464015209831491,0.0044918278067713,-0.0035984790168509043,0.20824195714111693,significant
0.1,clusteringcoef,0.0413590397537194,300,ancova_p_value,,6.0,300.0,0.014877544674688336,0.0016742594039981,-0.03512245532531166,0.0,significant
0.1,clusteringcoef,0.0413590397537194,300,ancova_p_value,,8.0,300.0,0.004992719858471545,0.0006280794718081,-0.04500728014152846,0.0,significant
0.1,clusteringcoef,0.0413590397537194,300,ancova_p_value,,10.0,300.0,0.0017256705948826214,0.0002371169010334,-0.04827432940511738,0.0,significant
0.1,clusteringcoef,0.0413590397537194,300,ancova_p_value,,15.0,300.0,0.00013201666015390175,2.1338264153760736e-05,-0.0498679833398461,0.0,significant
0.1,clusteringcoef,0.0413590397537194,500,ancova_p_value,,0.5,500.0,0.47982953965954955,0.0256777492100218,0.42982953965954956,6.75920466435597e-129,non-significant
0.1,clusteringcoef,0.0413590397537194,500,ancova_p_value,,1.0,500.0,0.3177942072606085,0.0199953549450878,0.2677942072606085,2.6429486934993397e-87,non-significant
0.1,clusteringcoef,0.0413590397537194,500,ancova_p_value,,2.0,500.0,0.15792157401181234,0.0121338410856066,0.10792157401181234,1.8761769702977795e-33,non-significant
0.1,clusteringcoef,0.0413590397537194,500,ancova_p_value,,4.0,500.0,0.046040682769031456,0.0044815688000631,-0.003959317230968547,0.1864861298959375,significant
0.1,clusteringcoef,0.0413590397537194,500,ancova_p_value,,6.0,500.0,0.01464790875937049,0.0016617855537581,-0.03535209124062951,0.0,significant
0.1,clusteringcoef,0.0413590397537194,500,ancova_p_value,,8.0,500.0,0.004865533464805003,0.0006186136810553,-0.045134466535195,0.0,significant
0.1,clusteringcoef,0.0413590397537194,500,ancova_p_value,,10.0,500.0,0.0016604995248597615,0.0002311800402845,-0.04833950047514024,0.0,significant
0.1,clusteringcoef,0.0413590397537194,500,ancova_p_value,,15.0,500.0,0.0001217965039979378,2.007097975099921e-05,-0.04987820349600206,0.0,significant
0.1,clusteringcoef,0.0413590397537194,1000,ancova_p_value,,0.5,1000.0,0.4796648624377731,0.0256889824668151,0.42966486243777313,1.051543653825829e-128,non-significant
0.1,clusteringcoef,0.0413590397537194,1000,ancova_p_value,,1.0,1000.0,0.31755241808467255,0.0200053501210358,0.26755241808467256,4.636214642886904e-87,non-significant
0.1,clusteringcoef,0.0413590397537194,1000,ancova_p_value,,2.0,1000.0,0.1576104641334238,0.0121368870020033,0.1076104641334238,3.126716603984079e-33,non-significant
0.1,clusteringcoef,0.0413590397537194,1000,ancova_p_value,,4.0,1000.0,0.04577034649325166,0.0044738217239096,-0.0042296535067483446,0.17115203489985054,significant
0.1,clusteringcoef,0.0413590397537194,1000,ancova_p_value,,6.0,1000.0,0.014476528145859816,0.001652390101142,-0.03552347185414019,0.0,significant
0.1,clusteringcoef,0.0413590397537194,1000,ancova_p_value,,8.0,1000.0,0.00477118583723039,0.0006115128874876,-0.04522881416276961,0.0,significant
0.1,clusteringcoef,0.0413590397537194,1000,ancova_p_value,,10.0,1000.0,0.0016125523948250528,0.0002267536866486,-0.04838744760517495,0.0,significant
0.1,clusteringcoef,0.0413590397537194,1000,ancova_p_value,,15.0,1000.0,0.00011449967420285442,1.9149074517683696e-05,-0.049885500325797145,0.0,significant
0.2,clusteringcoef,0.0453369211976855,30,ancova_p_value,,0.5,30.0,0.4849569686830381,0.0277655047236035,0.4349569686830381,1.193762699837863e-112,non-significant
0.2,clusteringcoef,0.0453369211976855,30,ancova_p_value,,1.0,30.0,0.3253086154260302,0.0215797708129323,0.2753086154260302,1.6517052287712787e-79,non-significant
0.2,clusteringcoef,0.0453369211976855,30,ancova_p_value,,2.0,30.0,0.167594108019346,0.0131925399634921,0.11759410801934599,2.5974630825131493e-34,non-significant
0.2,clusteringcoef,0.0453369211976855,30,ancova_p_value,,4.0,30.0,0.054625044962983094,0.0051550142274478,0.004625044962983091,0.18616464352580062,non-significant
0.2,clusteringcoef,0.0453369211976855,30,ancova_p_value,,6.0,30.0,0.0203613903722062,0.0021255157161345,-0.029638609627793803,0.0,significant
0.2,clusteringcoef,0.0453369211976855,30,ancova_p_value,,8.0,30.0,0.008257335914631373,0.0009194060025967,-0.04174266408536863,0.0,significant
0.2,clusteringcoef,0.0453369211976855,30,ancova_p_value,,10.0,30.0,0.0035685233088176825,0.0004151673737497,-0.04643147669118232,0.0,significant
0.2,clusteringcoef,0.0453369211976855,30,ancova_p_value,,15.0,30.0,0.0005407062921313466,6.688968008992039e-05,-0.049459293707868654,0.0,significant
0.2,clusteringcoef,0.0453369211976855,50,ancova_p_value,,0.5,50.0,0.48278284379668057,0.027927092689123,0.4327828437966806,1.8080077204672382e-110,non-significant
0.2,clusteringcoef,0.0453369211976855,50,ancova_p_value,,1.0,50.0,0.32212564510024433,0.0217228287236015,0.27212564510024434,1.1024834214690558e-76,non-significant
0.2,clusteringcoef,0.0453369211976855,50,ancova_p_value,,2.0,50.0,0.16349617189550622,0.0132394701804114,0.11349617189550622,1.3475859667415976e-31,non-significant
0.2,clusteringcoef,0.0453369211976855,50,ancova_p_value,,4.0,50.0,0.05094706873769324,0.0050572566364295,0.0009470687376932352,0.4376502413344056,non-significant
0.2,clusteringcoef,0.0453369211976855,50,ancova_p_value,,6.0,50.0,0.01785224137520709,0.0020006042165371,-0.03214775862479291,0.0,significant
0.2,clusteringcoef,0.0453369211976855,50,ancova_p_value,,8.0,50.0,0.006713432842279582,0.0008176021646383,-0.04328656715772042,0.0,significant
0.2,clusteringcoef,0.0453369211976855,50,ancova_p_value,,10.0,50.0,0.0026605541904910716,0.0003444284233732,-0.04733944580950893,0.0,significant
0.2,clusteringcoef,0.0453369211976855,50,ancova_p_value,,15.0,50.0,0.00031306556427201346,4.473683688334789e-05,-0.04968693443572799,0.0,significant
0.2,clusteringcoef,0.0453369211976855,75,ancova_p_value,,0.5,75.0,0.4816914470000123,0.0280084017442371,0.43169144700001233,2.1746519546598203e-109,non-significant
0.2,clusteringcoef,0.0453369211976855,75,ancova_p_value,,1.0,75.0,0.3205260061237414,0.0217949552893028,0.2705260061237414,2.7018729756971097e-75,non-significant
0.2,clusteringcoef,0.0453369211976855,75,ancova_p_value,,2.0,75.0,0.16143714082856858,0.0132624858193288,0.11143714082856858,2.734246999624068e-30,non-significant
0.2,clusteringcoef,0.0453369211976855,75,ancova_p_value,,4.0,75.0,0.04912138289485513,0.0050054487615849,-0.0008786171051448702,0.41813580672514883,significant
0.2,clusteringcoef,0.0453369211976855,75,ancova_p_value,,6.0,75.0,0.016639791628428848,0.0019357165879106,-0.03336020837157115,0.0,significant
0.2,clusteringcoef,0.0453369211976855,75,ancova_p_value,,8.0,75.0,0.005996484169924953,0.0007661344280339,-0.04400351583007505,0.0,significant
0.2,clusteringcoef,0.0453369211976855,75,ancova_p_value,,10.0,75.0,0.0022598459055359287,0.0003099940170638,-0.047740154094464075,0.0,significant
0.2,clusteringcoef,0.0453369211976855,75,ancova_p_value,,15.0,75.0,0.0002280430925145892,3.532296332555654e-05,-0.04977195690748541,0.0,significant
0.2,clusteringcoef,0.0453369211976855,100,ancova_p_value,,0.5,100.0,0.48114467698573943,0.028049185124094,0.43114467698573944,7.498764992072052e-109,non-significant
0.2,clusteringcoef,0.0453369211976855,100,ancova_p_value,,1.0,100.0,0.31972415578412333,0.0218311689922791,0.26972415578412334,1.3200329277035619e-74,non-significant
0.2,clusteringcoef,0.0453369211976855,100,ancova_p_value,,2.0,100.0,0.16040513148560548,0.0132738740812957,0.11040513148560548,1.1967505020794798e-29,non-significant
0.2,clusteringcoef,0.0453369211976855,100,ancova_p_value,,4.0,100.0,0.04821217873113365,0.0049787776683116,-0.0017878212688663547,0.3492210125762697,significant
0.2,clusteringcoef,0.0453369211976855,100,ancova_p_value,,6.0,100.0,0.016044679166962617,0.0019026555471584,-0.033955320833037386,0.0,significant
0.2,clusteringcoef,0.0453369211976855,100,ancova_p_value,,8.0,100.0,0.005652215916228005,0.0007402982374798,-0.044347784083772,0.0,significant
0.2,clusteringcoef,0.0453369211976855,100,ancova_p_value,,10.0,100.0,0.00207287258086666,0.0002930729710269,-0.047927127419133346,0.0,significant
0.2,clusteringcoef,0.0453369211976855,100,ancova_p_value,,15.0,100.0,0.0001920508540141487,3.105027347957172e-05,-0.04980794914598585,0.0,significant
0.2,clusteringcoef,0.0453369211976855,300,ancova_p_value,,0.5,300.0,0.4800490110787622,0.0281310097036119,0.4300490110787622,8.814363596353671e-108,non-significant
0.2,clusteringcoef,0.0453369211976855,300,ancova_p_value,,1.0,300.0,0.31811640443062633,0.0219038987177662,0.26811640443062634,3.068880220925086e-73,non-significant
0.2,clusteringcoef,0.0453369211976855,300,ancova_p_value,,2.0,300.0,0.15833615787546532,0.01329640069822,0.10833615787546531,2.165241993486256e-28,non-significant
0.2,clusteringcoef,0.0453369211976855,300,ancova_p_value,,4.0,300.0,0.0464015209831491,0.0049238484384988,-0.0035984790168509043,0.22758821047442968,significant
0.2,clusteringcoef,0.0453369211976855,300,ancova_p_value,,6.0,300.0,0.014877544674688336,0.001835288418579,-0.03512245532531166,0.0,significant
0.2,clusteringcoef,0.0453369211976855,300,ancova_p_value,,8.0,300.0,0.004992719858471545,0.0006884876846467,-0.04500728014152846,0.0,significant
0.2,clusteringcoef,0.0453369211976855,300,ancova_p_value,,10.0,300.0,0.0017256705948826214,0.0002599226268503,-0.04827432940511738,0.0,significant
0.2,clusteringcoef,0.0453369211976855,300,ancova_p_value,,15.0,300.0,0.00013201666015390175,2.3390562406552225e-05,-0.0498679833398461,0.0,significant
0.2,clusteringcoef,0.0453369211976855,500,ancova_p_value,,0.5,500.0,0.47982953965954955,0.0281474158829811,0.42982953965954956,1.4402253019054432e-107,non-significant
0.2,clusteringcoef,0.0453369211976855,500,ancova_p_value,,1.0,500.0,0.3177942072606085,0.0219184931967303,0.2677942072606085,5.733619747524274e-73,non-significant
0.2,clusteringcoef,0.0453369211976855,500,ancova_p_value,,2.0,500.0,0.15792157401181234,0.0133008648266288,0.10792157401181234,3.828669143482406e-28,non-significant
0.2,clusteringcoef,0.0453369211976855,500,ancova_p_value,,4.0,500.0,0.046040682769031456,0.0049126027282148,-0.003959317230968547,0.20658047444220173,significant
0.2,clusteringcoef,0.0453369211976855,500,ancova_p_value,,6.0,500.0,0.01464790875937049,0.0018216148427723,-0.03535209124062951,0.0,significant
0.2,clusteringcoef,0.0453369211976855,500,ancova_p_value,,8.0,500.0,0.004865533464805003,0.0006781114812341,-0.045134466535195,0.0,significant
0.2,clusteringcoef,0.0453369211976855,500,ancova_p_value,,10.0,500.0,0.0016604995248597615,0.0002534147632843,-0.04833950047514024,0.0,significant
0.2,clusteringcoef,0.0453369211976855,500,ancova_p_value,,15.0,500.0,0.0001217965039979378,2.200139153979175e-05,-0.04987820349600206,0.0,significant
0.2,clusteringcoef,0.0453369211976855,1000,ancova_p_value,,0.5,1000.0,0.4796648624377731,0.0281597295459933,0.42966486243777313,2.0805813941522444e-107,non-significant
0.2,clusteringcoef,0.0453369211976855,1000,ancova_p_value,,1.0,1000.0,0.31755241808467255,0.0219294497012094,0.26755241808467256,9.154095906437228e-73,non-significant
0.2,clusteringcoef,0.0453369211976855,1000,ancova_p_value,,2.0,1000.0,0.1576104641334238,0.0133042036969815,0.1076104641334238,5.859225284907488e-28,non-significant
0.2,clusteringcoef,0.0453369211976855,1000,ancova_p_value,,4.0,1000.0,0.04577034649325166,0.0049041105440835,-0.0042296535067483446,0.19162745084422783,significant
0.2,clusteringcoef,0.0453369211976855,1000,ancova_p_value,,6.0,1000.0,0.014476528145859816,0.0018113157425656,-0.03552347185414019,0.0,significant
0.2,clusteringcoef,0.0453369211976855,1000,ancova_p_value,,8.0,1000.0,0.00477118583723039,0.0006703277386633,-0.04522881416276961,0.0,significant
0.2,clusteringcoef,0.0453369211976855,1000,ancova_p_value,,10.0,1000.0,0.0016125523948250528,0.0002485626862734,-0.04838744760517495,0.0,significant
0.2,clusteringcoef,0.0453369211976855,1000,ancova_p_value,,15.0,1000.0,0.00011449967420285442,2.099081815212501e-05,-0.049885500325797145,0.0,significant
0.3,clusteringcoef,0.0519469416879584,30,ancova_p_value,,0.5,30.0,0.4849569686830381,0.031813652464945,0.4349569686830381,3.227117157447586e-86,non-significant
0.3,clusteringcoef,0.0519469416879584,30,ancova_p_value,,1.0,30.0,0.3253086154260302,0.0247260525515378,0.2753086154260302,5.384260525941197e-61,non-significant
0.3,clusteringcoef,0.0519469416879584,30,ancova_p_value,,2.0,30.0,0.167594108019346,0.0151159824287885,0.11759410801934599,1.4593478781901483e-26,non-significant
0.3,clusteringcoef,0.0519469416879584,30,ancova_p_value,,4.0,30.0,0.054625044962983094,0.005906603633409,0.004625044962983091,0.22054738669764715,non-significant
0.3,clusteringcoef,0.0519469416879584,30,ancova_p_value,,6.0,30.0,0.0203613903722062,0.0024354110964314,-0.029638609627793803,0.0,significant
0.3,clusteringcoef,0.0519469416879584,30,ancova_p_value,,8.0,30.0,0.008257335914631373,0.0010534533166952,-0.04174266408536863,0.0,significant
0.3,clusteringcoef,0.0519469416879584,30,ancova_p_value,,10.0,30.0,0.0035685233088176825,0.000475697837109,-0.04643147669118232,0.0,significant
0.3,clusteringcoef,0.0519469416879584,30,ancova_p_value,,15.0,30.0,0.0005407062921313466,7.664204404190275e-05,-0.049459293707868654,0.0,significant
0.3,clusteringcoef,0.0519469416879584,50,ancova_p_value,,0.5,50.0,0.48278284379668057,0.031998799590082,0.4327828437966806,1.479127054375158e-84,non-significant
0.3,clusteringcoef,0.0519469416879584,50,ancova_p_value,,1.0,50.0,0.32212564510024433,0.0248899679817703,0.27212564510024434,7.649799835712167e-59,non-significant
0.3,clusteringcoef,0.0519469416879584,50,ancova_p_value,,2.0,50.0,0.16349617189550622,0.0151697549651079,0.11349617189550622,1.7200971836056925e-24,non-significant
0.3,clusteringcoef,0.0519469416879584,50,ancova_p_value,,4.0,50.0,0.05094706873769324,0.005794593206895,0.0009470687376932352,0.44892913678972507,non-significant
0.3,clusteringcoef,0.0519469416879584,50,ancova_p_value,,6.0,50.0,0.01785224137520709,0.0022922877829305,-0.03214775862479291,0.0,significant
0.3,clusteringcoef,0.0519469416879584,50,ancova_p_value,,8.0,50.0,0.006713432842279582,0.000936806709596,-0.04328656715772042,0.0,significant
0.3,clusteringcoef,0.0519469416879584,50,ancova_p_value,,10.0,50.0,0.0026605541904910716,0.0003946453078855,-0.04733944580950893,0.0,significant
0.3,clusteringcoef,0.0519469416879584,50,ancova_p_value,,15.0,50.0,0.00031306556427201346,5.1259366438884246e-05,-0.04968693443572799,0.0,significant
0.3,clusteringcoef,0.0519469416879584,75,ancova_p_value,,0.5,75.0,0.4816914470000123,0.0320919633213883,0.43169144700001233,9.840625500625417e-84,non-significant
0.3,clusteringcoef,0.0519469416879584,75,ancova_p_value,,1.0,75.0,0.3205260061237414,0.0249726104374919,0.2705260061237414,8.759067373985194e-58,non-significant
0.3,clusteringcoef,0.0519469416879584,75,ancova_p_value,,2.0,75.0,0.16143714082856858,0.0151961262320835,0.11143714082856858,1.7102092919681917e-23,non-significant
0.3,clusteringcoef,0.0519469416879584,75,ancova_p_value,,4.0,75.0,0.04912138289485513,0.0057352318611655,-0.0008786171051448702,0.424990374896439,significant
0.3,clusteringcoef,0.0519469416879584,75,ancova_p_value,,6.0,75.0,0.016639791628428848,0.0022179396849237,-0.03336020837157115,0.0,significant
0.3,clusteringcoef,0.0519469416879584,75,ancova_p_value,,8.0,75.0,0.005996484169924953,0.0008778350934921,-0.04400351583007505,0.0,significant
0.3,clusteringcoef,0.0519469416879584,75,ancova_p_value,,10.0,75.0,0.0022598459055359287,0.0003551904430787,-0.047740154094464075,0.0,significant
0.3,clusteringcoef,0.0519469416879584,75,ancova_p_value,,15.0,75.0,0.0002280430925145892,4.047297142471716e-05,-0.04977195690748541,0.0,significant
0.3,clusteringcoef,0.0519469416879584,100,ancova_p_value,,0.5,100.0,0.48114467698573943,0.032138692825715,0.43114467698573944,2.5271532064225318e-83,non-significant
0.3,clusteringcoef,0.0519469416879584,100,ancova_p_value,,1.0,100.0,0.31972415578412333,0.0250141040163924,0.26972415578412334,2.9342840907379685e-57,non-significant
0.3,clusteringcoef,0.0519469416879584,100,ancova_p_value,,2.0,100.0,0.16040513148560548,0.0152091748768678,0.11040513148560548,5.276054529466159e-23,non-significant
0.3,clusteringcoef,0.0519469416879584,100,ancova_p_value,,4.0,100.0,0.04821217873113365,0.0057046721828631,-0.0017878212688663547,0.36429716134943746,significant
0.3,clusteringcoef,0.0519469416879584,100,ancova_p_value,,6.0,100.0,0.016044679166962617,0.0021800584192637,-0.033955320833037386,0.0,significant
0.3,clusteringcoef,0.0519469416879584,100,ancova_p_value,,8.0,100.0,0.005652215916228005,0.0008482320448356,-0.044347784083772,0.0,significant
0.3,clusteringcoef,0.0519469416879584,100,ancova_p_value,,10.0,100.0,0.00207287258086666,0.0003358023468305,-0.047927127419133346,0.0,significant
0.3,clusteringcoef,0.0519469416879584,100,ancova_p_value,,15.0,100.0,0.0001920508540141487,3.557733307044275e-05,-0.04980794914598585,0.0,significant
0.3,clusteringcoef,0.0519469416879584,300,ancova_p_value,,0.5,300.0,0.4800490110787622,0.0322324472437163,0.4300490110787622,1.6521245502690697e-82,non-significant
0.3,clusteringcoef,0.0519469416879584,300,ancova_p_value,,1.0,300.0,0.31811640443062633,0.0250974375712314,0.26811640443062634,3.22758880574272e-56,non-significant
0.3,clusteringcoef,0.0519469416879584,300,ancova_p_value,,2.0,300.0,0.15833615787546532,0.0152349858235505,0.10833615787546531,4.807792224148937e-22,non-significant
0.3,clusteringcoef,0.0519469416879584,300,ancova_p_value,,4.0,300.0,0.0464015209831491,0.0056417343956762,-0.0035984790168509043,0.25435433868781065,significant
0.3,clusteringcoef,0.0519469416879584,300,ancova_p_value,,6.0,300.0,0.014877544674688336,0.0021028693158232,-0.03512245532531166,0.0,significant
0.3,clusteringcoef,0.0519469416879584,300,ancova_p_value,,8.0,300.0,0.004992719858471545,0.0007888676306729,-0.04500728014152846,0.0,significant
0.3,clusteringcoef,0.0519469416879584,300,ancova_p_value,,10.0,300.0,0.0017256705948826214,0.0002978187575089,-0.04827432940511738,0.0,significant
0.3,clusteringcoef,0.0519469416879584,300,ancova_p_value,,15.0,300.0,0.00013201666015390175,2.680085346077163e-05,-0.0498679833398461,0.0,significant
0.3,clusteringcoef,0.0519469416879584,500,ancova_p_value,,0.5,500.0,0.47982953965954955,0.032251245406902,0.42982953965954956,2.4016805821820303e-82,non-significant
0.3,clusteringcoef,0.0519469416879584,500,ancova_p_value,,1.0,500.0,0.3177942072606085,0.0251141598921938,0.2677942072606085,5.197089499762557e-56,non-significant
0.3,clusteringcoef,0.0519469416879584,500,ancova_p_value,,2.0,500.0,0.15792157401181234,0.0152401008117767,0.10792157401181234,7.427829674460113e-22,non-significant
0.3,clusteringcoef,0.0519469416879584,500,ancova_p_value,,4.0,500.0,0.046040682769031456,0.0056288490862875,-0.003959317230968547,0.23474202356821172,significant
0.3,clusteringcoef,0.0519469416879584,500,ancova_p_value,,6.0,500.0,0.01464790875937049,0.0020872021636141,-0.03535209124062951,0.0,significant
0.3,clusteringcoef,0.0519469416879584,500,ancova_p_value,,8.0,500.0,0.004865533464805003,0.0007769786002892,-0.045134466535195,0.0,significant
0.3,clusteringcoef,0.0519469416879584,500,ancova_p_value,,10.0,500.0,0.0016604995248597615,0.0002903620621656,-0.04833950047514024,0.0,significant
0.3,clusteringcoef,0.0519469416879584,500,ancova_p_value,,15.0,500.0,0.0001217965039979378,2.5209144626032743e-05,-0.04987820349600206,0.0,significant
0.3,clusteringcoef,0.0519469416879584,1000,ancova_p_value,,0.5,1000.0,0.4796648624377731,0.0322653543741093,0.42966486243777313,3.178601462870355e-82,non-significant
0.3,clusteringcoef,0.0519469416879584,1000,ancova_p_value,,1.0,1000.0,0.31755241808467255,0.0251267138302258,0.26755241808467256,7.423642905853169e-56,non-significant
0.3,clusteringcoef,0.0519469416879584,1000,ancova_p_value,,2.0,1000.0,0.1576104641334238,0.0152439264818693,0.1076104641334238,1.0277613559503933e-21,non-significant
0.3,clusteringcoef,0.0519469416879584,1000,ancova_p_value,,4.0,1000.0,0.04577034649325166,0.0056191187609319,-0.0042296535067483446,0.22061920560658266,significant
0.3,clusteringcoef,0.0519469416879584,1000,ancova_p_value,,6.0,1000.0,0.014476528145859816,0.0020754014779094,-0.03552347185414019,0.0,significant
0.3,clusteringcoef,0.0519469416879584,1000,ancova_p_value,,8.0,1000.0,0.00477118583723039,0.0007680600056702,-0.04522881416276961,0.0,significant
0.3,clusteringcoef,0.0519469416879584,1000,ancova_p_value,,10.0,1000.0,0.0016125523948250528,0.0002848025633092,-0.04838744760517495,0.0,significant
0.3,clusteringcoef,0.0519469416879584,1000,ancova_p_value,,15.0,1000.0,0.00011449967420285442,2.4051231925882156e-05,-0.049885500325797145,0.0,significant
0.4,clusteringcoef,0.0707951287754349,30,ancova_p_value,,0.5,30.0,0.4849569686830381,0.0433567703870197,0.4349569686830381,3.583405987014061e-47,non-significant
0.4,clusteringcoef,0.0707951287754349,30,ancova_p_value,,1.0,30.0,0.3253086154260302,0.0336975386348887,0.2753086154260302,1.2385600366277798e-33,non-significant
0.4,clusteringcoef,0.0707951287754349,30,ancova_p_value,,2.0,30.0,0.167594108019346,0.020600595296669,0.11759410801934599,4.407668655746977e-15,non-significant
0.4,clusteringcoef,0.0707951287754349,30,ancova_p_value,,4.0,30.0,0.054625044962983094,0.0080497282662856,0.004625044962983091,0.2934115709273007,non-significant
0.4,clusteringcoef,0.0707951287754349,30,ancova_p_value,,6.0,30.0,0.0203613903722062,0.0033190643489403,-0.029638609627793803,2.2898793972103704e-11,significant
0.4,clusteringcoef,0.0707951287754349,30,ancova_p_value,,8.0,30.0,0.008257335914631373,0.00143568342603,-0.04174266408536863,0.0,significant
0.4,clusteringcoef,0.0707951287754349,30,ancova_p_value,,10.0,30.0,0.0035685233088176825,0.0006482978312491,-0.04643147669118232,0.0,significant
0.4,clusteringcoef,0.0707951287754349,30,ancova_p_value,,15.0,30.0,0.0005407062921313466,0.0001044504873867,-0.049459293707868654,0.0,significant
0.4,clusteringcoef,0.0707951287754349,50,ancova_p_value,,0.5,50.0,0.48278284379668057,0.0436090954352432,0.4327828437966806,2.815819140888432e-46,non-significant
0.4,clusteringcoef,0.0707951287754349,50,ancova_p_value,,1.0,50.0,0.32212564510024433,0.0339209283786257,0.27212564510024434,1.7950106012714295e-32,non-significant
0.4,clusteringcoef,0.0707951287754349,50,ancova_p_value,,2.0,50.0,0.16349617189550622,0.0206738784103541,0.11349617189550622,5.83295878938944e-14,non-significant
0.4,clusteringcoef,0.0707951287754349,50,ancova_p_value,,4.0,50.0,0.05094706873769324,0.0078970764967765,0.0009470687376932352,0.47150461466135524,non-significant
0.4,clusteringcoef,0.0707951287754349,50,ancova_p_value,,6.0,50.0,0.01785224137520709,0.0031240108370141,-0.03214775862479291,2.665645482125001e-13,significant
0.4,clusteringcoef,0.0707951287754349,50,ancova_p_value,,8.0,50.0,0.006713432842279582,0.001276713305702,-0.04328656715772042,0.0,significant
0.4,clusteringcoef,0.0707951287754349,50,ancova_p_value,,10.0,50.0,0.0026605541904910716,0.0005378365787192,-0.04733944580950893,0.0,significant
0.4,clusteringcoef,0.0707951287754349,50,ancova_p_value,,15.0,50.0,0.00031306556427201346,6.985807691599328e-05,-0.04968693443572799,0.0,significant
0.4,clusteringcoef,0.0707951287754349,75,ancova_p_value,,0.5,75.0,0.4816914470000123,0.0437360622621769,0.43169144700001233,7.819569941312347e-46,non-significant
0.4,clusteringcoef,0.0707951287754349,75,ancova_p_value,,1.0,75.0,0.3205260061237414,0.0340335564392009,0.2705260061237414,6.687472457105173e-32,non-significant
0.4,clusteringcoef,0.0707951287754349,75,ancova_p_value,,2.0,75.0,0.16143714082856858,0.0207098181053745,0.11143714082856858,2.0242284281151085e-13,non-significant
0.4,clusteringcoef,0.0707951287754349,75,ancova_p_value,,4.0,75.0,0.04912138289485513,0.0078161767560285,-0.0008786171051448702,0.43566442448109477,significant
0.4,clusteringcoef,0.0707951287754349,75,ancova_p_value,,6.0,75.0,0.016639791628428848,0.003022686620389,-0.03336020837157115,2.4868995751603507e-14,significant
0.4,clusteringcoef,0.0707951287754349,75,ancova_p_value,,8.0,75.0,0.005996484169924953,0.0011963447022672,-0.04400351583007505,0.0,significant
0.4,clusteringcoef,0.0707951287754349,75,ancova_p_value,,10.0,75.0,0.0022598459055359287,0.000484066093989,-0.047740154094464075,0.0,significant
0.4,clusteringcoef,0.0707951287754349,75,ancova_p_value,,15.0,75.0,0.0002280430925145892,5.515799642544766e-05,-0.04977195690748541,0.0,significant
0.4,clusteringcoef,0.0707951287754349,100,ancova_p_value,,0.5,100.0,0.48114467698573943,0.043799746882848,0.43114467698573944,1.3000200869853427e-45,non-significant
0.4,clusteringcoef,0.0707951287754349,100,ancova_p_value,,1.0,100.0,0.31972415578412333,0.0340901053555791,0.26972415578412334,1.2838571258694048e-31,non-significant
0.4,clusteringcoef,0.0707951287754349,100,ancova_p_value,,2.0,100.0,0.16040513148560548,0.0207276012598362,0.11040513148560548,3.727020581434171e-13,non-significant
0.4,clusteringcoef,0.0707951287754349,100,ancova_p_value,,4.0,100.0,0.04821217873113365,0.0077745289459659,-0.0017878212688663547,0.3904880364047637,significant
0.4,clusteringcoef,0.0707951287754349,100,ancova_p_value,,6.0,100.0,0.016044679166962617,0.0029710606922124,-0.033955320833037386,7.327471962526033e-15,significant
0.4,clusteringcoef,0.0707951287754349,100,ancova_p_value,,8.0,100.0,0.005652215916228005,0.0011560006209086,-0.044347784083772,0.0,significant
0.4,clusteringcoef,0.0707951287754349,100,ancova_p_value,,10.0,100.0,0.00207287258086666,0.0004576433109338,-0.047927127419133346,0.0,significant
0.4,clusteringcoef,0.0707951287754349,100,ancova_p_value,,15.0,100.0,0.0001920508540141487,4.848604738539174e-05,-0.04980794914598585,0.0,significant
0.4,clusteringcoef,0.0707951287754349,300,ancova_p_value,,0.5,300.0,0.4800490110787622,0.043927518718494,0.4300490110787622,3.5763247829303403e-45,non-significant
0.4,clusteringcoef,0.0707951287754349,300,ancova_p_value,,1.0,300.0,0.31811640443062633,0.0342036752704661,0.26811640443062634,4.681059430395647e-31,non-significant
0.4,clusteringcoef,0.0707951287754349,300,ancova_p_value,,2.0,300.0,0.15833615787546532,0.0207627773305507,0.10833615787546531,1.2343873662930755e-12,non-significant
0.4,clusteringcoef,0.0707951287754349,300,ancova_p_value,,4.0,300.0,0.0464015209831491,0.0076887551043507,-0.0035984790168509043,0.30542516391281627,significant
0.4,clusteringcoef,0.0707951287754349,300,ancova_p_value,,6.0,300.0,0.014877544674688336,0.0028658646529354,-0.03512245532531166,5.551115123125783e-16,significant
0.4,clusteringcoef,0.0707951287754349,300,ancova_p_value,,8.0,300.0,0.004992719858471545,0.0010750966983915,-0.04500728014152846,0.0,significant
0.4,clusteringcoef,0.0707951287754349,300,ancova_p_value,,10.0,300.0,0.0017256705948826214,0.0004058779324533,-0.04827432940511738,0.0,significant
0.4,clusteringcoef,0.0707951287754349,300,ancova_p_value,,15.0,300.0,0.00013201666015390175,3.65251506709337e-05,-0.0498679833398461,0.0,significant
0.4,clusteringcoef,0.0707951287754349,500,ancova_p_value,,0.5,500.0,0.47982953965954955,0.0439531375199139,0.42982953965954956,4.375284866243631e-45,non-significant
0.4,clusteringcoef,0.0707951287754349,500,ancova_p_value,,1.0,500.0,0.3177942072606085,0.0342264650407103,0.2677942072606085,6.052864861501534e-31,non-significant
0.4,clusteringcoef,0.0707951287754349,500,ancova_p_value,,2.0,500.0,0.15792157401181234,0.0207697482173516,0.10792157401181234,1.562632098741916e-12,non-significant
0.4,clusteringcoef,0.0707951287754349,500,ancova_p_value,,4.0,500.0,0.046040682769031456,0.007671194549141,-0.003959317230968547,0.28951423330243653,significant
0.4,clusteringcoef,0.0707951287754349,500,ancova_p_value,,6.0,500.0,0.01464790875937049,0.0028445129039749,-0.03535209124062951,3.3306690738754696e-16,significant
0.4,clusteringcoef,0.0707951287754349,500,ancova_p_value,,8.0,500.0,0.004865533464805003,0.0010588939074345,-0.045134466535195,0.0,significant
0.4,clusteringcoef,0.0707951287754349,500,ancova_p_value,,10.0,500.0,0.0016604995248597615,0.0003957156843996,-0.04833950047514024,0.0,significant
0.4,clusteringcoef,0.0707951287754349,500,ancova_p_value,,15.0,500.0,0.0001217965039979378,3.435591359427904e-05,-0.04987820349600206,0.0,significant
0.4,clusteringcoef,0.0707951287754349,1000,ancova_p_value,,0.5,1000.0,0.4796648624377731,0.0439723657192626,0.42966486243777313,5.088755148971367e-45,non-significant
0.4,clusteringcoef,0.0707951287754349,1000,ancova_p_value,,1.0,1000.0,0.31755241808467255,0.034243573991319,0.26755241808467256,7.336854460066901e-31,non-significant
0.4,clusteringcoef,0.0707951287754349,1000,ancova_p_value,,2.0,1000.0,0.1576104641334238,0.0207749619758147,0.1076104641334238,1.8634122072304218e-12,non-significant
0.4,clusteringcoef,0.0707951287754349,1000,ancova_p_value,,4.0,1000.0,0.04577034649325166,0.0076579337177198,-0.0042296535067483446,0.2778587824978709,significant
0.4,clusteringcoef,0.0707951287754349,1000,ancova_p_value,,6.0,1000.0,0.014476528145859816,0.0028284305122698,-0.03552347185414019,2.220446049250313e-16,significant
0.4,clusteringcoef,0.0707951287754349,1000,ancova_p_value,,8.0,1000.0,0.00477118583723039,0.0010467393313606,-0.04522881416276961,0.0,significant
0.4,clusteringcoef,0.0707951287754349,1000,ancova_p_value,,10.0,1000.0,0.0016125523948250528,0.0003881390027957,-0.04838744760517495,0.0,significant
0.4,clusteringcoef,0.0707951287754349,1000,ancova_p_value,,15.0,1000.0,0.00011449967420285442,3.277786922719603e-05,-0.049885500325797145,0.0,significant
0.5,clusteringcoef,0.0773808621205257,30,ancova_p_value,,0.5,30.0,0.4849569686830381,0.0473900440516382,0.4349569686830381,9.766549222969417e-40,non-significant
0.5,clusteringcoef,0.0773808621205257,30,ancova_p_value,,1.0,30.0,0.3253086154260302,0.0368322600157795,0.2753086154260302,2.028845082875241e-28,non-significant
0.5,clusteringcoef,0.0773808621205257,30,ancova_p_value,,2.0,30.0,0.167594108019346,0.0225169704727682,0.11759410801934599,6.904841644596617e-13,non-significant
0.5,clusteringcoef,0.0773808621205257,30,ancova_p_value,,4.0,30.0,0.054625044962983094,0.0087985561133308,0.004625044962983091,0.31250171729785864,non-significant
0.5,clusteringcoef,0.0773808621205257,30,ancova_p_value,,6.0,30.0,0.0203613903722062,0.0036278210831311,-0.029638609627793803,8.105262017110704e-10,significant
0.5,clusteringcoef,0.0773808621205257,30,ancova_p_value,,8.0,30.0,0.008257335914631373,0.0015692382111592,-0.04174266408536863,0.0,significant
0.5,clusteringcoef,0.0773808621205257,30,ancova_p_value,,10.0,30.0,0.0035685233088176825,0.0007086058880132,-0.04643147669118232,0.0,significant
0.5,clusteringcoef,0.0773808621205257,30,ancova_p_value,,15.0,30.0,0.0005407062921313466,0.0001141670183062,-0.049459293707868654,0.0,significant
0.5,clusteringcoef,0.0773808621205257,50,ancova_p_value,,0.5,50.0,0.48278284379668057,0.0476658416962484,0.4327828437966806,5.4885594254144495e-39,non-significant
0.5,clusteringcoef,0.0773808621205257,50,ancova_p_value,,1.0,50.0,0.32212564510024433,0.0370764306424632,0.27212564510024434,1.9051876211035214e-27,non-significant
0.5,clusteringcoef,0.0773808621205257,50,ancova_p_value,,2.0,50.0,0.16349617189550622,0.0225970707651742,0.11349617189550622,6.029143440032866e-12,non-significant
0.5,clusteringcoef,0.0773808621205257,50,ancova_p_value,,4.0,50.0,0.05094706873769324,0.008631703877405,0.0009470687376932352,0.4774180239750143,non-significant
0.5,clusteringcoef,0.0773808621205257,50,ancova_p_value,,6.0,50.0,0.01785224137520709,0.0034146226728229,-0.03214775862479291,1.908073699041779e-11,significant
0.5,clusteringcoef,0.0773808621205257,50,ancova_p_value,,8.0,50.0,0.006713432842279582,0.0013954798583578,-0.04328656715772042,0.0,significant
0.5,clusteringcoef,0.0773808621205257,50,ancova_p_value,,10.0,50.0,0.0026605541904910716,0.0005878689517363,-0.04733944580950893,0.0,significant
0.5,clusteringcoef,0.0773808621205257,50,ancova_p_value,,15.0,50.0,0.00031306556427201346,7.635664079358612e-05,-0.04968693443572799,0.0,significant
0.5,clusteringcoef,0.0773808621205257,75,ancova_p_value,,0.5,75.0,0.4816914470000123,0.0478046196418328,0.43169144700001233,1.2909410303854317e-38,non-significant
0.5,clusteringcoef,0.0773808621205257,75,ancova_p_value,,1.0,75.0,0.3205260061237414,0.0371995359546086,0.2705260061237414,5.733726131704866e-27,non-significant
0.5,clusteringcoef,0.0773808621205257,75,ancova_p_value,,2.0,75.0,0.16143714082856858,0.0226363537586956,0.11143714082856858,1.7127972003538293e-11,non-significant
0.5,clusteringcoef,0.0773808621205257,75,ancova_p_value,,4.0,75.0,0.04912138289485513,0.0085432784194295,-0.0008786171051448702,0.4375668355076382,significant
0.5,clusteringcoef,0.0773808621205257,75,ancova_p_value,,6.0,75.0,0.016639791628428848,0.0033038727473442,-0.03336020837157115,2.592925874012053e-12,significant
0.5,clusteringcoef,0.0773808621205257,75,ancova_p_value,,8.0,75.0,0.005996484169924953,0.0013076349468677,-0.04400351583007505,0.0,significant
0.5,clusteringcoef,0.0773808621205257,75,ancova_p_value,,10.0,75.0,0.0022598459055359287,0.0005290964551389,-0.047740154094464075,0.0,significant
0.5,clusteringcoef,0.0773808621205257,75,ancova_p_value,,15.0,75.0,0.0002280430925145892,6.028908189122501e-05,-0.04977195690748541,0.0,significant
0.5,clusteringcoef,0.0773808621205257,100,ancova_p_value,,0.5,100.0,0.48114467698573943,0.0478742285391763,0.43114467698573944,1.9759476639009025e-38,non-significant
0.5,clusteringcoef,0.0773808621205257,100,ancova_p_value,,1.0,100.0,0.31972415578412333,0.0372613453471051,0.26972415578412334,9.902095051926693e-27,non-significant
0.5,clusteringcoef,0.0773808621205257,100,ancova_p_value,,2.0,100.0,0.16040513148560548,0.0226557911952434,0.11040513148560548,2.8588077002252623e-11,non-significant
0.5,clusteringcoef,0.0773808621205257,100,ancova_p_value,,4.0,100.0,0.04821217873113365,0.0084977563121344,-0.0017878212688663547,0.39610763076358113,significant
0.5,clusteringcoef,0.0773808621205257,100,ancova_p_value,,6.0,100.0,0.016044679166962617,0.0032474443051734,-0.033955320833037386,9.267031586546182e-13,significant
0.5,clusteringcoef,0.0773808621205257,100,ancova_p_value,,8.0,100.0,0.005652215916228005,0.0012635378479432,-0.044347784083772,0.0,significant
0.5,clusteringcoef,0.0773808621205257,100,ancova_p_value,,10.0,100.0,0.00207287258086666,0.0005002156865351,-0.047927127419133346,0.0,significant
0.5,clusteringcoef,0.0773808621205257,100,ancova_p_value,,15.0,100.0,0.0001920508540141487,5.299647323757872e-05,-0.04980794914598585,0.0,significant
0.5,clusteringcoef,0.0773808621205257,300,ancova_p_value,,0.5,300.0,0.4800490110787622,0.0480138863795959,0.4300490110787622,4.611055812525039e-38,non-significant
0.5,clusteringcoef,0.0773808621205257,300,ancova_p_value,,1.0,300.0,0.31811640443062633,0.037385480129779,0.26811640443062634,2.9267902535928846e-26,non-significant
0.5,clusteringcoef,0.0773808621205257,300,ancova_p_value,,2.0,300.0,0.15833615787546532,0.0226942395281299,0.10833615787546531,7.810770433820178e-11,non-significant
0.5,clusteringcoef,0.0773808621205257,300,ancova_p_value,,4.0,300.0,0.0464015209831491,0.0084040033389232,-0.0035984790168509043,0.3174632224684647,significant
0.5,clusteringcoef,0.0773808621205257,300,ancova_p_value,,6.0,300.0,0.014877544674688336,0.0031324623798386,-0.03512245532531166,1.1113332476497817e-13,significant
0.5,clusteringcoef,0.0773808621205257,300,ancova_p_value,,8.0,300.0,0.004992719858471545,0.0011751078191884,-0.04500728014152846,0.0,significant
0.5,clusteringcoef,0.0773808621205257,300,ancova_p_value,,10.0,300.0,0.0017256705948826214,0.0004436348216635,-0.04827432940511738,0.0,significant
0.5,clusteringcoef,0.0773808621205257,300,ancova_p_value,,15.0,300.0,0.00013201666015390175,3.992291132013108e-05,-0.0498679833398461,0.0,significant
0.5,clusteringcoef,0.0773808621205257,500,ancova_p_value,,0.5,500.0,0.47982953965954955,0.0480418883759855,0.42982953965954956,5.459224275004528e-38,non-significant
0.5,clusteringcoef,0.0773808621205257,500,ancova_p_value,,1.0,500.0,0.3177942072606085,0.0374103899237088,0.2677942072606085,3.6299308126621276e-26,non-significant
0.5,clusteringcoef,0.0773808621205257,500,ancova_p_value,,2.0,500.0,0.15792157401181234,0.0227018588832992,0.10792157401181234,9.520256257633786e-11,non-significant
0.5,clusteringcoef,0.0773808621205257,500,ancova_p_value,,4.0,500.0,0.046040682769031456,0.0083848092089746,-0.003959317230968547,0.30262004559072486,significant
0.5,clusteringcoef,0.0773808621205257,500,ancova_p_value,,6.0,500.0,0.01464790875937049,0.0031091243794575,-0.03535209124062951,7.194245199571014e-14,significant
0.5,clusteringcoef,0.0773808621205257,500,ancova_p_value,,8.0,500.0,0.004865533464805003,0.0011573977598285,-0.045134466535195,0.0,significant
0.5,clusteringcoef,0.0773808621205257,500,ancova_p_value,,10.0,500.0,0.0016604995248597615,0.0004325272281174,-0.04833950047514024,0.0,significant
0.5,clusteringcoef,0.0773808621205257,500,ancova_p_value,,15.0,500.0,0.0001217965039979378,3.755188045912654e-05,-0.04987820349600206,0.0,significant
0.5,clusteringcoef,0.0773808621205257,1000,ancova_p_value,,0.5,1000.0,0.4796648624377731,0.0480629052830575,0.42966486243777313,6.195391655329472e-38,non-significant
0.5,clusteringcoef,0.0773808621205257,1000,ancova_p_value,,1.0,1000.0,0.31755241808467255,0.0374290904384332,0.26755241808467256,4.2647296394556085e-26,non-significant
0.5,clusteringcoef,0.0773808621205257,1000,ancova_p_value,,2.0,1000.0,0.1576104641334238,0.0227075576528578,0.1076104641334238,1.1036234117889299e-10,non-significant
0.5,clusteringcoef,0.0773808621205257,1000,ancova_p_value,,4.0,1000.0,0.04577034649325166,0.0083703147856215,-0.0042296535067483446,0.2917112668622608,significant
0.5,clusteringcoef,0.0773808621205257,1000,ancova_p_value,,6.0,1000.0,0.014476528145859816,0.0030915459195179,-0.03552347185414019,5.184741524999481e-14,significant
0.5,clusteringcoef,0.0773808621205257,1000,ancova_p_value,,8.0,1000.0,0.00477118583723039,0.0011441125014841,-0.04522881416276961,0.0,significant
0.5,clusteringcoef,0.0773808621205257,1000,ancova_p_value,,10.0,1000.0,0.0016125523948250528,0.0004242457239425,-0.04838744760517495,0.0,significant
0.5,clusteringcoef,0.0773808621205257,1000,ancova_p_value,,15.0,1000.0,0.00011449967420285442,3.58270381472118e-05,-0.049885500325797145,0.0,significant
0.05,degree,0.0997691639225307,30,ancova_p_value,,0.5,30.0,0.4849569686830381,0.0611012199104163,0.4349569686830381,1.726227811768991e-24,non-significant
0.05,degree,0.0997691639225307,30,ancova_p_value,,1.0,30.0,0.3253086154260302,0.0474887935653646,0.2753086154260302,1.0207786339514019e-17,non-significant
0.05,degree,0.0997691639225307,30,ancova_p_value,,2.0,30.0,0.167594108019346,0.0290317173597437,0.11759410801934599,2.2947227141794718e-08,non-significant
0.05,degree,0.0997691639225307,30,ancova_p_value,,4.0,30.0,0.054625044962983094,0.0113442078971053,0.004625044962983091,0.3622279794212796,non-significant
0.05,degree,0.0997691639225307,30,ancova_p_value,,6.0,30.0,0.0203613903722062,0.0046774443500095,-0.029638609627793803,1.2746128155161074e-06,significant
0.05,degree,0.0997691639225307,30,ancova_p_value,,8.0,30.0,0.008257335914631373,0.0020232597574164,-0.04174266408536863,0.0,significant
0.05,degree,0.0997691639225307,30,ancova_p_value,,10.0,30.0,0.0035685233088176825,0.0009136240545827,-0.04643147669118232,0.0,significant
0.05,degree,0.0997691639225307,30,ancova_p_value,,15.0,30.0,0.0005407062921313466,0.0001471985146172,-0.049459293707868654,0.0,significant
0.05,degree,0.0997691639225307,50,ancova_p_value,,0.5,50.0,0.48278284379668057,0.0614568130074757,0.4327828437966806,4.885077083073725e-24,non-significant
0.05,degree,0.0997691639225307,50,ancova_p_value,,1.0,50.0,0.32212564510024433,0.0478036091232569,0.27212564510024434,3.9439507738385066e-17,non-significant
0.05,degree,0.0997691639225307,50,ancova_p_value,,2.0,50.0,0.16349617189550622,0.0291349927560664,0.11349617189550622,8.553721419605553e-08,non-significant
0.05,degree,0.0997691639225307,50,ancova_p_value,,4.0,50.0,0.05094706873769324,0.011129080957178,0.0009470687376932352,0.4935183126618655,non-significant
0.05,degree,0.0997691639225307,50,ancova_p_value,,6.0,50.0,0.01785224137520709,0.0044025620785646,-0.03214775862479291,1.2691624118321698e-07,significant
0.05,degree,0.0997691639225307,50,ancova_p_value,,8.0,50.0,0.006713432842279582,0.0017992285808633,-0.04328656715772042,0.0,significant
0.05,degree,0.0997691639225307,50,ancova_p_value,,10.0,50.0,0.0026605541904910716,0.0007579547733571,-0.04733944580950893,0.0,significant
0.05,degree,0.0997691639225307,50,ancova_p_value,,15.0,50.0,0.00031306556427201346,9.844860865007552e-05,-0.04968693443572799,0.0,significant
0.05,degree,0.0997691639225307,75,ancova_p_value,,0.5,75.0,0.4816914470000123,0.0616357430325803,0.43169144700001233,8.179178850211355e-24,non-significant
0.05,degree,0.0997691639225307,75,ancova_p_value,,1.0,75.0,0.3205260061237414,0.0479623320132662,0.2705260061237414,7.668784550529197e-17,non-significant
0.05,degree,0.0997691639225307,75,ancova_p_value,,2.0,75.0,0.16143714082856858,0.0291856413442651,0.11143714082856858,1.6130760777187037e-07,non-significant
0.05,degree,0.0997691639225307,75,ancova_p_value,,4.0,75.0,0.04912138289485513,0.0110150717077341,-0.0008786171051448702,0.44032479809744485,significant
0.05,degree,0.0997691639225307,75,ancova_p_value,,6.0,75.0,0.016639791628428848,0.0042597693108608,-0.03336020837157115,3.722872887745865e-08,significant
0.05,degree,0.0997691639225307,75,ancova_p_value,,8.0,75.0,0.005996484169924953,0.0016859678451459,-0.04400351583007505,0.0,significant
0.05,degree,0.0997691639225307,75,ancova_p_value,,10.0,75.0,0.0022598459055359287,0.0006821778604813,-0.047740154094464075,0.0,significant
0.05,degree,0.0997691639225307,75,ancova_p_value,,15.0,75.0,0.0002280430925145892,7.773228585351979e-05,-0.04977195690748541,0.0,significant
0.05,degree,0.0997691639225307,100,ancova_p_value,,0.5,100.0,0.48114467698573943,0.061725491599593,0.43114467698573944,1.0570982461408093e-23,non-significant
0.05,degree,0.0997691639225307,100,ancova_p_value,,1.0,100.0,0.31972415578412333,0.0480420244752386,0.26972415578412334,1.0664708886496278e-16,non-significant
0.05,degree,0.0997691639225307,100,ancova_p_value,,2.0,100.0,0.16040513148560548,0.0292107025382093,0.11040513148560548,2.2022648050594884e-07,non-significant
0.05,degree,0.0997691639225307,100,ancova_p_value,,4.0,100.0,0.04821217873113365,0.010956378867407,-0.0017878212688663547,0.4079222595622207,significant
0.05,degree,0.0997691639225307,100,ancova_p_value,,6.0,100.0,0.016044679166962617,0.0041870146484991,-0.033955320833037386,1.9789861527286234e-08,significant
0.05,degree,0.0997691639225307,100,ancova_p_value,,8.0,100.0,0.005652215916228005,0.0016291123052805,-0.044347784083772,0.0,significant
0.05,degree,0.0997691639225307,100,ancova_p_value,,10.0,100.0,0.00207287258086666,0.000644941132199,-0.047927127419133346,0.0,significant
0.05,degree,0.0997691639225307,100,ancova_p_value,,15.0,100.0,0.0001920508540141487,6.832973529708822e-05,-0.04980794914598585,0.0,significant
0.05,degree,0.0997691639225307,300,ancova_p_value,,0.5,300.0,0.4800490110787622,0.0619055560960598,0.4300490110787622,1.7615613248930993e-23,non-significant
0.05,degree,0.0997691639225307,300,ancova_p_value,,1.0,300.0,0.31811640443062633,0.0482020746884527,0.26811640443062634,2.0513784068912319e-16,non-significant
0.05,degree,0.0997691639225307,300,ancova_p_value,,2.0,300.0,0.15833615787546532,0.0292602749766803,0.10833615787546531,4.0574705212527796e-07,non-significant
0.05,degree,0.0997691639225307,300,ancova_p_value,,4.0,300.0,0.0464015209831491,0.0108355007136076,-0.0035984790168509043,0.3455121253660183,significant
0.05,degree,0.0997691639225307,300,ancova_p_value,,6.0,300.0,0.014877544674688336,0.0040387654529941,-0.03512245532531166,5.382270074072437e-09,significant
0.05,degree,0.0997691639225307,300,ancova_p_value,,8.0,300.0,0.004992719858471545,0.0015150971626117,-0.04500728014152846,0.0,significant
0.05,degree,0.0997691639225307,300,ancova_p_value,,10.0,300.0,0.0017256705948826214,0.0005719899472734,-0.04827432940511738,0.0,significant
0.05,degree,0.0997691639225307,300,ancova_p_value,,15.0,300.0,0.00013201666015390175,5.147365090813949e-05,-0.0498679833398461,0.0,significant
0.05,degree,0.0997691639225307,500,ancova_p_value,,0.5,500.0,0.47982953965954955,0.0619416598004046,0.42982953965954956,1.9502461557392466e-23,non-significant
0.05,degree,0.0997691639225307,500,ancova_p_value,,1.0,500.0,0.3177942072606085,0.0482341915355095,0.2677942072606085,2.3360904815908923e-16,non-significant
0.05,degree,0.0997691639225307,500,ancova_p_value,,2.0,500.0,0.15792157401181234,0.0292700988100422,0.10792157401181234,4.5764483827426513e-07,non-significant
0.05,degree,0.0997691639225307,500,ancova_p_value,,4.0,500.0,0.046040682769031456,0.0108107532212081,-0.003959317230968547,0.3335141821308423,significant
0.05,degree,0.0997691639225307,500,ancova_p_value,,6.0,500.0,0.01464790875937049,0.004008675160358,-0.03535209124062951,4.122530095074239e-09,significant
0.05,degree,0.0997691639225307,500,ancova_p_value,,8.0,500.0,0.004865533464805003,0.0014922631211325,-0.045134466535195,0.0,significant
0.05,degree,0.0997691639225307,500,ancova_p_value,,10.0,500.0,0.0016604995248597615,0.0005576686371857,-0.04833950047514024,0.0,significant
0.05,degree,0.0997691639225307,500,ancova_p_value,,15.0,500.0,0.0001217965039979378,4.841661897344109e-05,-0.04987820349600206,0.0,significant
0.05,degree,0.0997691639225307,1000,ancova_p_value,,0.5,1000.0,0.4796648624377731,0.0619687574468944,0.42966486243777313,2.1047333884031683e-23,non-significant
0.05,degree,0.0997691639225307,1000,ancova_p_value,,1.0,1000.0,0.31755241808467255,0.048258302596925,0.26755241808467256,2.57478207623947e-16,non-significant
0.05,degree,0.0997691639225307,1000,ancova_p_value,,2.0,1000.0,0.1576104641334238,0.0292774463822799,0.1076104641334238,5.006775577227326e-07,non-significant
0.05,degree,0.0997691639225307,1000,ancova_p_value,,4.0,1000.0,0.04577034649325166,0.0107920651831086,-0.0042296535067483446,0.32463732189365935,significant
0.05,degree,0.0997691639225307,1000,ancova_p_value,,6.0,1000.0,0.014476528145859816,0.0039860107934439,-0.03552347185414019,3.3706287760892906e-09,significant
0.05,degree,0.0997691639225307,1000,ancova_p_value,,8.0,1000.0,0.00477118583723039,0.0014751340910184,-0.04522881416276961,0.0,significant
0.05,degree,0.0997691639225307,1000,ancova_p_value,,10.0,1000.0,0.0016125523948250528,0.0005469910778394,-0.04838744760517495,0.0,significant
0.05,degree,0.0997691639225307,1000,ancova_p_value,,15.0,1000.0,0.00011449967420285442,4.619273479016715e-05,-0.049885500325797145,0.0,significant
0.1,degree,0.0649245935644161,30,ancova_p_value,,0.5,30.0,0.4849569686830381,0.0397615025826425,0.4349569686830381,8.665512426097687e-56,non-significant
0.1,degree,0.0649245935644161,30,ancova_p_value,,1.0,30.0,0.3253086154260302,0.0309032420426997,0.2753086154260302,1.1283075330428735e-39,non-significant
0.1,degree,0.0649245935644161,30,ancova_p_value,,2.0,30.0,0.167594108019346,0.0188923348252366,0.11759410801934599,1.27476123414618e-17,non-significant
0.1,degree,0.0649245935644161,30,ancova_p_value,,4.0,30.0,0.054625044962983094,0.0073822217013034,0.004625044962983091,0.27399441546169934,non-significant
0.1,degree,0.0649245935644161,30,ancova_p_value,,6.0,30.0,0.0203613903722062,0.0030438380097115,-0.029638609627793803,3.7125857943465235e-13,significant
0.1,degree,0.0649245935644161,30,ancova_p_value,,8.0,30.0,0.008257335914631373,0.0013166324369271,-0.04174266408536863,0.0,significant
0.1,degree,0.0649245935644161,30,ancova_p_value,,10.0,30.0,0.0035685233088176825,0.0005945391149164,-0.04643147669118232,0.0,significant
0.1,degree,0.0649245935644161,30,ancova_p_value,,15.0,30.0,0.0005407062921313466,9.578915327213708e-05,-0.049459293707868654,0.0,significant
0.1,degree,0.0649245935644161,50,ancova_p_value,,0.5,50.0,0.48278284379668057,0.0399929041138693,0.4327828437966806,1.0045259857537709e-54,non-significant
0.1,degree,0.0649245935644161,50,ancova_p_value,,1.0,50.0,0.32212564510024433,0.0311081076679122,0.27212564510024434,2.704913783012146e-38,non-significant
0.1,degree,0.0649245935644161,50,ancova_p_value,,2.0,50.0,0.16349617189550622,0.0189595410928631,0.11349617189550622,2.7322461007207703e-16,non-significant
0.1,degree,0.0649245935644161,50,ancova_p_value,,4.0,50.0,0.05094706873769324,0.0072422282545268,0.0009470687376932352,0.465541828081192,non-significant
0.1,degree,0.0649245935644161,50,ancova_p_value,,6.0,50.0,0.01785224137520709,0.0028649588946627,-0.03214775862479291,1.887379141862766e-15,significant
0.1,degree,0.0649245935644161,50,ancova_p_value,,8.0,50.0,0.006713432842279582,0.0011708445751107,-0.04328656715772042,0.0,significant
0.1,degree,0.0649245935644161,50,ancova_p_value,,10.0,50.0,0.0026605541904910716,0.0004932376263936,-0.04733944580950893,0.0,significant
0.1,degree,0.0649245935644161,50,ancova_p_value,,15.0,50.0,0.00031306556427201346,6.406524473384886e-05,-0.04968693443572799,0.0,significant
0.1,degree,0.0649245935644161,75,ancova_p_value,,0.5,75.0,0.4816914470000123,0.0401093424872069,0.43169144700001233,3.382176820691384e-54,non-significant
0.1,degree,0.0649245935644161,75,ancova_p_value,,1.0,75.0,0.3205260061237414,0.0312113962865401,0.2705260061237414,1.2907921376078884e-37,non-significant
0.1,degree,0.0649245935644161,75,ancova_p_value,,2.0,75.0,0.16143714082856858,0.0189925005652505,0.11143714082856858,1.1958801472719756e-15,non-significant
0.1,degree,0.0649245935644161,75,ancova_p_value,,4.0,75.0,0.04912138289485513,0.0071680369524078,-0.0008786171051448702,0.43332857962230276,significant
0.1,degree,0.0649245935644161,75,ancova_p_value,,6.0,75.0,0.016639791628428848,0.0027720367728104,-0.03336020837157115,1.1102230246251565e-16,significant
0.1,degree,0.0649245935644161,75,ancova_p_value,,8.0,75.0,0.005996484169924953,0.0010971403668749,-0.04400351583007505,0.0,significant
0.1,degree,0.0649245935644161,75,ancova_p_value,,10.0,75.0,0.0022598459055359287,0.0004439259445412,-0.047740154094464075,0.0,significant
0.1,degree,0.0649245935644161,75,ancova_p_value,,15.0,75.0,0.0002280430925145892,5.0584137096623376e-05,-0.04977195690748541,0.0,significant
0.1,degree,0.0649245935644161,100,ancova_p_value,,0.5,100.0,0.48114467698573943,0.0401677461964012,0.43114467698573944,6.18868623439737e-54,non-significant
0.1,degree,0.0649245935644161,100,ancova_p_value,,1.0,100.0,0.31972415578412333,0.031263256004516,0.26972415578412334,2.8016914982584705e-37,non-significant
0.1,degree,0.0649245935644161,100,ancova_p_value,,2.0,100.0,0.16040513148560548,0.0190088090895188,0.11040513148560548,2.4672753523395806e-15,non-significant
0.1,degree,0.0649245935644161,100,ancova_p_value,,4.0,100.0,0.04821217873113365,0.0071298426982559,-0.0017878212688663547,0.38423207279593596,significant
0.1,degree,0.0649245935644161,100,ancova_p_value,,6.0,100.0,0.016044679166962617,0.0027246918147288,-0.033955320833037386,0.0,significant
0.1,degree,0.0649245935644161,100,ancova_p_value,,8.0,100.0,0.005652215916228005,0.0010601417325022,-0.044347784083772,0.0,significant
0.1,degree,0.0649245935644161,100,ancova_p_value,,10.0,100.0,0.00207287258086666,0.000419694214472,-0.047927127419133346,0.0,significant
0.1,degree,0.0649245935644161,100,ancova_p_value,,15.0,100.0,0.0001920508540141487,4.446544521483909e-05,-0.04980794914598585,0.0,significant
0.1,degree,0.0649245935644161,300,ancova_p_value,,0.5,300.0,0.4800490110787622,0.0402849228248188,0.4300490110787622,2.0604755291680465e-53,non-significant
0.1,degree,0.0649245935644161,300,ancova_p_value,,1.0,300.0,0.31811640443062633,0.0313674083761936,0.26811640443062634,1.3031001005849838e-36,non-significant
0.1,degree,0.0649245935644161,300,ancova_p_value,,2.0,300.0,0.15833615787546532,0.0190410682595187,0.10833615787546531,1.0214803348233612e-14,non-significant
0.1,degree,0.0649245935644161,300,ancova_p_value,,4.0,300.0,0.0464015209831491,0.007051181469699,-0.0035984790168509043,0.29257672552445513,significant
0.1,degree,0.0649245935644161,300,ancova_p_value,,6.0,300.0,0.014877544674688336,0.0026282189328684,-0.03512245532531166,0.0,significant
0.1,degree,0.0649245935644161,300,ancova_p_value,,8.0,300.0,0.004992719858471545,0.0009859465953783,-0.04500728014152846,0.0,significant
0.1,degree,0.0649245935644161,300,ancova_p_value,,10.0,300.0,0.0017256705948826214,0.0003722213697059,-0.04827432940511738,0.0,significant
0.1,degree,0.0649245935644161,300,ancova_p_value,,15.0,300.0,0.00013201666015390175,3.349638037542878e-05,-0.0498679833398461,0.0,significant
0.1,degree,0.0649245935644161,500,ancova_p_value,,0.5,500.0,0.47982953965954955,0.0403084172417167,0.42982953965954956,2.618491320972241e-53,non-significant
0.1,degree,0.0649245935644161,500,ancova_p_value,,1.0,500.0,0.3177942072606085,0.0313883083532983,0.2677942072606085,1.768473280808745e-36,non-significant
0.1,degree,0.0649245935644161,500,ancova_p_value,,2.0,500.0,0.15792157401181234,0.0190474611003845,0.10792157401181234,1.3511750645673792e-14,non-significant
0.1,degree,0.0649245935644161,500,ancova_p_value,,4.0,500.0,0.046040682769031456,0.0070350770861139,-0.003959317230968547,0.27561059303047253,significant
0.1,degree,0.0649245935644161,500,ancova_p_value,,6.0,500.0,0.01464790875937049,0.0026086377321965,-0.03535209124062951,0.0,significant
0.1,degree,0.0649245935644161,500,ancova_p_value,,8.0,500.0,0.004865533464805003,0.0009710873863383,-0.045134466535195,0.0,significant
0.1,degree,0.0649245935644161,500,ancova_p_value,,10.0,500.0,0.0016604995248597615,0.0003629018044194,-0.04833950047514024,0.0,significant
0.1,degree,0.0649245935644161,500,ancova_p_value,,15.0,500.0,0.0001217965039979378,3.150702266137748e-05,-0.04987820349600206,0.0,significant
0.1,degree,0.0649245935644161,1000,ancova_p_value,,0.5,1000.0,0.4796648624377731,0.0403260509836038,0.42966486243777313,3.133491191287479e-53,non-significant
0.1,degree,0.0649245935644161,1000,ancova_p_value,,1.0,1000.0,0.31755241808467255,0.0314039985806317,0.26755241808467256,2.2226408147326735e-36,non-significant
0.1,degree,0.0649245935644161,1000,ancova_p_value,,2.0,1000.0,0.1576104641334238,0.019052242519036,0.1076104641334238,1.6649601084020325e-14,non-significant
0.1,degree,0.0649245935644161,1000,ancova_p_value,,4.0,1000.0,0.04577034649325166,0.0070229158808835,-0.0042296535067483446,0.26322903706190304,significant
0.1,degree,0.0649245935644161,1000,ancova_p_value,,6.0,1000.0,0.014476528145859816,0.0025938889385569,-0.03552347185414019,0.0,significant
0.1,degree,0.0649245935644161,1000,ancova_p_value,,8.0,1000.0,0.00477118583723039,0.0009599407025877,-0.04522881416276961,0.0,significant
0.1,degree,0.0649245935644161,1000,ancova_p_value,,10.0,1000.0,0.0016125523948250528,0.0003559534029939,-0.04838744760517495,0.0,significant
0.1,degree,0.0649245935644161,1000,ancova_p_value,,15.0,1000.0,0.00011449967420285442,3.005983426110677e-05,-0.049885500325797145,0.0,significant
0.2,degree,0.0499583480462569,30,ancova_p_value,,0.5,30.0,0.4849569686830381,0.0305957862161268,0.4349569686830381,4.439567663883424e-93,non-significant
0.2,degree,0.0499583480462569,30,ancova_p_value,,1.0,30.0,0.3253086154260302,0.0237795084569167,0.2753086154260302,8.410025131245371e-66,non-significant
0.2,degree,0.0499583480462569,30,ancova_p_value,,2.0,30.0,0.167594108019346,0.0145373237903931,0.11759410801934599,1.4168499014435727e-28,non-significant
0.2,degree,0.0499583480462569,30,ancova_p_value,,4.0,30.0,0.054625044962983094,0.0056804914880588,0.004625044962983091,0.21078088644046697,non-significant
0.2,degree,0.0499583480462569,30,ancova_p_value,,6.0,30.0,0.0203613903722062,0.0023421805257005,-0.029638609627793803,0.0,significant
0.2,degree,0.0499583480462569,30,ancova_p_value,,8.0,30.0,0.008257335914631373,0.0010131258113727,-0.04174266408536863,0.0,significant
0.2,degree,0.0499583480462569,30,ancova_p_value,,10.0,30.0,0.0035685233088176825,0.0004574875312949,-0.04643147669118232,0.0,significant
0.2,degree,0.0499583480462569,30,ancova_p_value,,15.0,30.0,0.0005407062921313466,7.37080911177008e-05,-0.049459293707868654,0.0,significant
0.2,degree,0.0499583480462569,50,ancova_p_value,,0.5,50.0,0.48278284379668057,0.0307738456786631,0.4327828437966806,2.774924401862196e-91,non-significant
0.2,degree,0.0499583480462569,50,ancova_p_value,,1.0,50.0,0.32212564510024433,0.0239371490002791,0.27212564510024434,1.785269193255711e-63,non-significant
0.2,degree,0.0499583480462569,50,ancova_p_value,,2.0,50.0,0.16349617189550622,0.014589037847034,0.11349617189550622,2.4533399785744756e-26,non-significant
0.2,degree,0.0499583480462569,50,ancova_p_value,,4.0,50.0,0.05094706873769324,0.0055727689602109,0.0009470687376932352,0.44579472545833265,non-significant
0.2,degree,0.0499583480462569,50,ancova_p_value,,6.0,50.0,0.01785224137520709,0.002204536150939,-0.03214775862479291,0.0,significant
0.2,degree,0.0499583480462569,50,ancova_p_value,,8.0,50.0,0.006713432842279582,0.000900944581708,-0.04328656715772042,0.0,significant
0.2,degree,0.0499583480462569,50,ancova_p_value,,10.0,50.0,0.0026605541904910716,0.0003795377938628,-0.04733944580950893,0.0,significant
0.2,degree,0.0499583480462569,50,ancova_p_value,,15.0,50.0,0.00031306556427201346,4.929709403427719e-05,-0.04968693443572799,0.0,significant
0.2,degree,0.0499583480462569,75,ancova_p_value,,0.5,75.0,0.4816914470000123,0.0308634429862745,0.43169144700001233,2.1528424526567216e-90,non-significant
0.2,degree,0.0499583480462569,75,ancova_p_value,,1.0,75.0,0.3205260061237414,0.0240166277998423,0.2705260061237414,2.4904761888799365e-62,non-significant
0.2,degree,0.0499583480462569,75,ancova_p_value,,2.0,75.0,0.16143714082856858,0.0146143995890573,0.11143714082856858,2.93531084498737e-25,non-significant
0.2,degree,0.0499583480462569,75,ancova_p_value,,4.0,75.0,0.04912138289485513,0.0055156800407464,-0.0008786171051448702,0.42316782198816927,significant
0.2,degree,0.0499583480462569,75,ancova_p_value,,6.0,75.0,0.016639791628428848,0.0021330341907444,-0.03336020837157115,0.0,significant
0.2,degree,0.0499583480462569,75,ancova_p_value,,8.0,75.0,0.005996484169924953,0.0008442304725335,-0.04400351583007505,0.0,significant
0.2,degree,0.0499583480462569,75,ancova_p_value,,10.0,75.0,0.0022598459055359287,0.0003415933104324,-0.047740154094464075,0.0,significant
0.2,degree,0.0499583480462569,75,ancova_p_value,,15.0,75.0,0.0002280430925145892,3.8923615658608295e-05,-0.04977195690748541,0.0,significant
0.2,degree,0.0499583480462569,100,ancova_p_value,,0.5,100.0,0.48114467698573943,0.0309083836269614,0.43114467698573944,5.968134853253623e-90,non-significant
0.2,degree,0.0499583480462569,100,ancova_p_value,,1.0,100.0,0.31972415578412333,0.0240565329528511,0.26972415578412334,9.20147304498002e-62,non-significant
0.2,degree,0.0499583480462569,100,ancova_p_value,,2.0,100.0,0.16040513148560548,0.0146269487154636,0.11040513148560548,9.916058419973334e-25,non-significant
0.2,degree,0.0499583480462569,100,ancova_p_value,,4.0,100.0,0.04821217873113365,0.0054862902249997,-0.0017878212688663547,0.36020854611888364,significant
0.2,degree,0.0499583480462569,100,ancova_p_value,,6.0,100.0,0.016044679166962617,0.0020966030671252,-0.033955320833037386,0.0,significant
0.2,degree,0.0499583480462569,100,ancova_p_value,,8.0,100.0,0.005652215916228005,0.0008157606654581,-0.044347784083772,0.0,significant
0.2,degree,0.0499583480462569,100,ancova_p_value,,10.0,100.0,0.00207287258086666,0.0003229474146617,-0.047927127419133346,0.0,significant
0.2,degree,0.0499583480462569,100,ancova_p_value,,15.0,100.0,0.0001920508540141487,3.421538843936971e-05,-0.04980794914598585,0.0,significant
0.2,degree,0.0499583480462569,300,ancova_p_value,,0.5,300.0,0.4800490110787622,0.0309985490090452,0.4300490110787622,4.5433421777056925e-89,non-significant
0.2,degree,0.0499583480462569,300,ancova_p_value,,1.0,300.0,0.31811640443062633,0.0241366763953965,0.26811640443062634,1.2290957722396608e-60,non-significant
0.2,degree,0.0499583480462569,300,ancova_p_value,,2.0,300.0,0.15833615787546532,0.0146517715869528,0.10833615787546531,1.079648837604706e-23,non-significant
0.2,degree,0.0499583480462569,300,ancova_p_value,,4.0,300.0,0.0464015209831491,0.0054257617747123,-0.0035984790168509043,0.24692950857844942,significant
0.2,degree,0.0499583480462569,300,ancova_p_value,,6.0,300.0,0.014877544674688336,0.0020223688587242,-0.03512245532531166,0.0,significant
0.2,degree,0.0499583480462569,300,ancova_p_value,,8.0,300.0,0.004992719858471545,0.0007586687950239,-0.04500728014152846,0.0,significant
0.2,degree,0.0499583480462569,300,ancova_p_value,,10.0,300.0,0.0017256705948826214,0.0002864178844581,-0.04827432940511738,0.0,significant
0.2,degree,0.0499583480462569,300,ancova_p_value,,15.0,300.0,0.00013201666015390175,2.57748834026225e-05,-0.0498679833398461,0.0,significant
0.2,degree,0.0499583480462569,500,ancova_p_value,,0.5,500.0,0.47982953965954955,0.031016627555126,0.42982953965954956,6.808061380990607e-89,non-significant
0.2,degree,0.0499583480462569,500,ancova_p_value,,1.0,500.0,0.3177942072606085,0.0241527585650803,0.2677942072606085,2.056955065376007e-60,non-significant
0.2,degree,0.0499583480462569,500,ancova_p_value,,2.0,500.0,0.15792157401181234,0.0146566907670576,0.10792157401181234,1.727484342564725e-23,non-significant
0.2,degree,0.0499583480462569,500,ancova_p_value,,4.0,500.0,0.046040682769031456,0.0054133697310191,-0.003959317230968547,0.22689052486319428,significant
0.2,degree,0.0499583480462569,500,ancova_p_value,,6.0,500.0,0.01464790875937049,0.0020073014646194,-0.03535209124062951,0.0,significant
0.2,degree,0.0499583480462569,500,ancova_p_value,,8.0,500.0,0.004865533464805003,0.0007472348915344,-0.045134466535195,0.0,significant
0.2,degree,0.0499583480462569,500,ancova_p_value,,10.0,500.0,0.0016604995248597615,0.0002792466407019,-0.04833950047514024,0.0,significant
0.2,degree,0.0499583480462569,500,ancova_p_value,,15.0,500.0,0.0001217965039979378,2.4244107164978843e-05,-0.04987820349600206,0.0,significant
0.2,degree,0.0499583480462569,1000,ancova_p_value,,0.5,1000.0,0.4796648624377731,0.0310301964134921,0.42966486243777313,9.217541624741321e-89,non-significant
0.2,degree,0.0499583480462569,1000,ancova_p_value,,1.0,1000.0,0.31755241808467255,0.0241648319227251,0.26755241808467256,3.024298851246421e-60,non-significant
0.2,degree,0.0499583480462569,1000,ancova_p_value,,2.0,1000.0,0.1576104641334238,0.0146603699857332,0.1076104641334238,2.4535917385648094e-23,non-significant
0.2,degree,0.0499583480462569,1000,ancova_p_value,,4.0,1000.0,0.04577034649325166,0.0054040118946398,-0.0042296535067483446,0.21250387985132468,significant
0.2,degree,0.0499583480462569,1000,ancova_p_value,,6.0,1000.0,0.014476528145859816,0.0019959525238643,-0.03552347185414019,0.0,significant
0.2,degree,0.0499583480462569,1000,ancova_p_value,,8.0,1000.0,0.00477118583723039,0.0007386577118278,-0.04522881416276961,0.0,significant
0.2,degree,0.0499583480462569,1000,ancova_p_value,,10.0,1000.0,0.0016125523948250528,0.0002738999663876,-0.04838744760517495,0.0,significant
0.2,degree,0.0499583480462569,1000,ancova_p_value,,15.0,1000.0,0.00011449967420285442,2.313052080548169e-05,-0.049885500325797145,0.0,significant
0.3,degree,0.0430113775336123,30,ancova_p_value,,0.5,30.0,0.4849569686830381,0.0263412815544072,0.4349569686830381,5.794502527565628e-125,non-significant
0.3,degree,0.0430113775336123,30,ancova_p_value,,1.0,30.0,0.3253086154260302,0.0204728429942711,0.2753086154260302,3.931185012554352e-88,non-significant
0.3,degree,0.0430113775336123,30,ancova_p_value,,2.0,30.0,0.167594108019346,0.0125158326151621,0.11759410801934599,6.418640946805747e-38,non-significant
0.3,degree,0.0430113775336123,30,ancova_p_value,,4.0,30.0,0.054625044962983094,0.0048905893313995,0.004625044962983091,0.172702739010106,non-significant
0.3,degree,0.0430113775336123,30,ancova_p_value,,6.0,30.0,0.0203613903722062,0.0020164880301787,-0.029638609627793803,0.0,significant
0.3,degree,0.0430113775336123,30,ancova_p_value,,8.0,30.0,0.008257335914631373,0.0008722453496991,-0.04174266408536863,0.0,significant
0.3,degree,0.0430113775336123,30,ancova_p_value,,10.0,30.0,0.0035685233088176825,0.0003938714888496,-0.04643147669118232,0.0,significant
0.3,degree,0.0430113775336123,30,ancova_p_value,,15.0,30.0,0.0005407062921313466,6.345859417549047e-05,-0.049459293707868654,0.0,significant
0.3,degree,0.0430113775336123,50,ancova_p_value,,0.5,50.0,0.48278284379668057,0.0264945809140955,0.4327828437966806,1.5318660464558875e-122,non-significant
0.3,degree,0.0430113775336123,50,ancova_p_value,,1.0,50.0,0.32212564510024433,0.0206085627926697,0.27212564510024434,5.396449473386386e-85,non-significant
0.3,degree,0.0430113775336123,50,ancova_p_value,,2.0,50.0,0.16349617189550622,0.012560355560795,0.11349617189550622,6.643511959181877e-35,non-significant
0.3,degree,0.0430113775336123,50,ancova_p_value,,4.0,50.0,0.05094706873769324,0.004797846186453,0.0009470687376932352,0.4330046623641098,non-significant
0.3,degree,0.0430113775336123,50,ancova_p_value,,6.0,50.0,0.01785224137520709,0.001897983828183,-0.03214775862479291,0.0,significant
0.3,degree,0.0430113775336123,50,ancova_p_value,,8.0,50.0,0.006713432842279582,0.0007756635088259,-0.04328656715772042,0.0,significant
0.3,degree,0.0430113775336123,50,ancova_p_value,,10.0,50.0,0.0026605541904910716,0.0003267610715429,-0.04733944580950893,0.0,significant
0.3,degree,0.0430113775336123,50,ancova_p_value,,15.0,50.0,0.00031306556427201346,4.2442074362728e-05,-0.04968693443572799,0.0,significant
0.3,degree,0.0430113775336123,75,ancova_p_value,,0.5,75.0,0.4816914470000123,0.0265717192458134,0.43169144700001233,2.4280927490467176e-121,non-significant
0.3,degree,0.0430113775336123,75,ancova_p_value,,1.0,75.0,0.3205260061237414,0.0206769896479926,0.2705260061237414,1.885484461383647e-83,non-significant
0.3,degree,0.0430113775336123,75,ancova_p_value,,2.0,75.0,0.16143714082856858,0.0125821906194736,0.11143714082856858,1.8795320960815823e-33,non-significant
0.3,degree,0.0430113775336123,75,ancova_p_value,,4.0,75.0,0.04912138289485513,0.0047486957808832,-0.0008786171051448702,0.4150967636400298,significant
0.3,degree,0.0430113775336123,75,ancova_p_value,,6.0,75.0,0.016639791628428848,0.0018364245908465,-0.03336020837157115,0.0,significant
0.3,degree,0.0430113775336123,75,ancova_p_value,,8.0,75.0,0.005996484169924953,0.000726835794208,-0.04400351583007505,0.0,significant
0.3,degree,0.0430113775336123,75,ancova_p_value,,10.0,75.0,0.0022598459055359287,0.000294092967693,-0.047740154094464075,0.0,significant
0.3,degree,0.0430113775336123,75,ancova_p_value,,15.0,75.0,0.0002280430925145892,3.351108260256135e-05,-0.04977195690748541,0.0,significant
0.3,degree,0.0430113775336123,100,ancova_p_value,,0.5,100.0,0.48114467698573943,0.0266104106545325,0.43114467698573944,9.60539992653624e-121,non-significant
0.3,degree,0.0430113775336123,100,ancova_p_value,,1.0,100.0,0.31972415578412333,0.020711345780025,0.26972415578412334,1.0982891567628113e-82,non-significant
0.3,degree,0.0430113775336123,100,ancova_p_value,,2.0,100.0,0.16040513148560548,0.0125929947239864,0.11040513148560548,9.68297858839295e-33,non-significant
0.3,degree,0.0430113775336123,100,ancova_p_value,,4.0,100.0,0.04821217873113365,0.0047233927732746,-0.0017878212688663547,0.34275716428066394,significant
0.3,degree,0.0430113775336123,100,ancova_p_value,,6.0,100.0,0.016044679166962617,0.0018050594061828,-0.033955320833037386,0.0,significant
0.3,degree,0.0430113775336123,100,ancova_p_value,,8.0,100.0,0.005652215916228005,0.0007023248632361,-0.044347784083772,0.0,significant
0.3,degree,0.0430113775336123,100,ancova_p_value,,10.0,100.0,0.00207287258086666,0.0002780398815961,-0.047927127419133346,0.0,significant
0.3,degree,0.0430113775336123,100,ancova_p_value,,15.0,100.0,0.0001920508540141487,2.945755909027074e-05,-0.04980794914598585,0.0,significant
0.3,degree,0.0430113775336123,300,ancova_p_value,,0.5,300.0,0.4800490110787622,0.0266880380669857,0.4300490110787622,1.4840940451736402e-119,non-significant
0.3,degree,0.0430113775336123,300,ancova_p_value,,1.0,300.0,0.31811640443062633,0.0207803448562349,0.26811640443062634,3.6189820621966284e-81,non-significant
0.3,degree,0.0430113775336123,300,ancova_p_value,,2.0,300.0,0.15833615787546532,0.012614365844907,0.10833615787546531,2.411723140637175e-31,non-significant
0.3,degree,0.0430113775336123,300,ancova_p_value,,4.0,300.0,0.0464015209831491,0.0046712811216959,-0.0035984790168509043,0.21660969119410522,significant
0.3,degree,0.0430113775336123,300,ancova_p_value,,6.0,300.0,0.014877544674688336,0.0017411478540937,-0.03512245532531166,0.0,significant
0.3,degree,0.0430113775336123,300,ancova_p_value,,8.0,300.0,0.004992719858471545,0.0006531719170444,-0.04500728014152846,0.0,significant
0.3,degree,0.0430113775336123,300,ancova_p_value,,10.0,300.0,0.0017256705948826214,0.0002465899743001,-0.04827432940511738,0.0,significant
0.3,degree,0.0430113775336123,300,ancova_p_value,,15.0,300.0,0.00013201666015390175,2.2190750580634866e-05,-0.0498679833398461,0.0,significant
0.3,degree,0.0430113775336123,500,ancova_p_value,,0.5,500.0,0.47982953965954955,0.026703602696345,0.42982953965954956,2.56071259663047e-119,non-significant
0.3,degree,0.0430113775336123,500,ancova_p_value,,1.0,500.0,0.3177942072606085,0.0207941907158135,0.2677942072606085,7.246473116014955e-81,non-significant
0.3,degree,0.0430113775336123,500,ancova_p_value,,2.0,500.0,0.15792157401181234,0.0126186009871989,0.10792157401181234,4.541403217210644e-31,non-significant
0.3,degree,0.0430113775336123,500,ancova_p_value,,4.0,500.0,0.046040682769031456,0.0046606122567204,-0.003959317230968547,0.1951489731093201,significant
0.3,degree,0.0430113775336123,500,ancova_p_value,,6.0,500.0,0.01464790875937049,0.0017281756602235,-0.03535209124062951,0.0,significant
0.3,degree,0.0430113775336123,500,ancova_p_value,,8.0,500.0,0.004865533464805003,0.0006433279578483,-0.045134466535195,0.0,significant
0.3,degree,0.0430113775336123,500,ancova_p_value,,10.0,500.0,0.0016604995248597615,0.000240415929628,-0.04833950047514024,0.0,significant
0.3,degree,0.0430113775336123,500,ancova_p_value,,15.0,500.0,0.0001217965039979378,2.087283681343401e-05,-0.04987820349600206,0.0,significant
0.3,degree,0.0430113775336123,1000,ancova_p_value,,0.5,1000.0,0.4796648624377731,0.0267152847337363,0.42966486243777313,3.853368811991265e-119,non-significant
0.3,degree,0.0430113775336123,1000,ancova_p_value,,1.0,1000.0,0.31755241808467255,0.0208045852097083,0.26755241808467256,1.2185327816554024e-80,non-significant
0.3,degree,0.0430113775336123,1000,ancova_p_value,,2.0,1000.0,0.1576104641334238,0.0126217685912065,0.1076104641334238,7.2841171437049366e-31,non-significant
0.3,degree,0.0430113775336123,1000,ancova_p_value,,4.0,1000.0,0.04577034649325166,0.0046525556766063,-0.0042296535067483446,0.17995597526222384,significant
0.3,degree,0.0430113775336123,1000,ancova_p_value,,6.0,1000.0,0.014476528145859816,0.0017184048492477,-0.03552347185414019,0.0,significant
0.3,degree,0.0430113775336123,1000,ancova_p_value,,8.0,1000.0,0.00477118583723039,0.0006359434799991,-0.04522881416276961,0.0,significant
0.3,degree,0.0430113775336123,1000,ancova_p_value,,10.0,1000.0,0.0016125523948250528,0.0002358127384402,-0.04838744760517495,0.0,significant
0.3,degree,0.0430113775336123,1000,ancova_p_value,,15.0,1000.0,0.00011449967420285442,1.9914100482115276e-05,-0.049885500325797145,0.0,significant
0.4,degree,0.0398833995946593,30,ancova_p_value,,0.5,30.0,0.4849569686830381,0.0244256268530076,0.4349569686830381,4.859599506579158e-145,non-significant
0.4,degree,0.0398833995946593,30,ancova_p_value,,1.0,30.0,0.3253086154260302,0.0189839671454638,0.2753086154260302,3.4385201435819902e-102,non-significant
0.4,degree,0.0398833995946593,30,ancova_p_value,,2.0,30.0,0.167594108019346,0.0116056258151761,0.11759410801934599,8.503237361148952e-44,non-significant
0.4,degree,0.0398833995946593,30,ancova_p_value,,4.0,30.0,0.054625044962983094,0.0045349240071457,0.004625044962983091,0.15342065035969357,non-significant
0.4,degree,0.0398833995946593,30,ancova_p_value,,6.0,30.0,0.0203613903722062,0.0018698400864426,-0.029638609627793803,0.0,significant
0.4,degree,0.0398833995946593,30,ancova_p_value,,8.0,30.0,0.008257335914631373,0.0008088118033292,-0.04174266408536863,0.0,significant
0.4,degree,0.0398833995946593,30,ancova_p_value,,10.0,30.0,0.0035685233088176825,0.0003652274091072,-0.04643147669118232,0.0,significant
0.4,degree,0.0398833995946593,30,ancova_p_value,,15.0,30.0,0.0005407062921313466,5.884360404961541e-05,-0.049459293707868654,0.0,significant
0.4,degree,0.0398833995946593,50,ancova_p_value,,0.5,50.0,0.48278284379668057,0.0245677776040567,0.4327828437966806,3.1865468736383457e-142,non-significant
0.4,degree,0.0398833995946593,50,ancova_p_value,,1.0,50.0,0.32212564510024433,0.0191098167988075,0.27212564510024434,1.529739034167687e-98,non-significant
0.4,degree,0.0398833995946593,50,ancova_p_value,,2.0,50.0,0.16349617189550622,0.0116469108549409,0.11349617189550622,2.714390152126259e-40,non-significant
0.4,degree,0.0398833995946593,50,ancova_p_value,,4.0,50.0,0.05094706873769324,0.0044489255546042,0.0009470687376932352,0.42603638956081974,non-significant
0.4,degree,0.0398833995946593,50,ancova_p_value,,6.0,50.0,0.01785224137520709,0.0017599540350566,-0.03214775862479291,0.0,significant
0.4,degree,0.0398833995946593,50,ancova_p_value,,8.0,50.0,0.006713432842279582,0.0007192538218364,-0.04328656715772042,0.0,significant
0.4,degree,0.0398833995946593,50,ancova_p_value,,10.0,50.0,0.0026605541904910716,0.0003029975586841,-0.04733944580950893,0.0,significant
0.4,degree,0.0398833995946593,50,ancova_p_value,,15.0,50.0,0.00031306556427201346,3.935549867269648e-05,-0.04968693443572799,0.0,significant
0.4,degree,0.0398833995946593,75,ancova_p_value,,0.5,75.0,0.4816914470000123,0.0246393060945256,0.43169144700001233,7.921701827381939e-141,non-significant
0.4,degree,0.0398833995946593,75,ancova_p_value,,1.0,75.0,0.3205260061237414,0.0191732673500416,0.2705260061237414,9.53023029623467e-97,non-significant
0.4,degree,0.0398833995946593,75,ancova_p_value,,2.0,75.0,0.16143714082856858,0.0116671579714107,0.11143714082856858,1.3205459274711043e-38,non-significant
0.4,degree,0.0398833995946593,75,ancova_p_value,,4.0,75.0,0.04912138289485513,0.0044033495842915,-0.0008786171051448702,0.41034192262871727,significant
0.4,degree,0.0398833995946593,75,ancova_p_value,,6.0,75.0,0.016639791628428848,0.0017028716582014,-0.03336020837157115,0.0,significant
0.4,degree,0.0398833995946593,75,ancova_p_value,,8.0,75.0,0.005996484169924953,0.0006739770749599,-0.04400351583007505,0.0,significant
0.4,degree,0.0398833995946593,75,ancova_p_value,,10.0,75.0,0.0022598459055359287,0.0002727052240844,-0.047740154094464075,0.0,significant
0.4,degree,0.0398833995946593,75,ancova_p_value,,15.0,75.0,0.0002280430925145892,3.107400820266966e-05,-0.04977195690748541,0.0,significant
0.4,degree,0.0398833995946593,100,ancova_p_value,,0.5,100.0,0.48114467698573943,0.0246751836925778,0.43114467698573944,3.9205166575976482e-140,non-significant
0.4,degree,0.0398833995946593,100,ancova_p_value,,1.0,100.0,0.31972415578412333,0.0192051249519355,0.26972415578412334,7.395095637276236e-96,non-significant
0.4,degree,0.0398833995946593,100,ancova_p_value,,2.0,100.0,0.16040513148560548,0.011677176353575,0.11040513148560548,8.874771846714465e-38,non-significant
0.4,degree,0.0398833995946593,100,ancova_p_value,,4.0,100.0,0.04821217873113365,0.0043798867235028,-0.0017878212688663547,0.332851496012635,significant
0.4,degree,0.0398833995946593,100,ancova_p_value,,6.0,100.0,0.016044679166962617,0.001673787488732,-0.033955320833037386,0.0,significant
0.4,degree,0.0398833995946593,100,ancova_p_value,,8.0,100.0,0.005652215916228005,0.0006512486874855,-0.044347784083772,0.0,significant
0.4,degree,0.0398833995946593,100,ancova_p_value,,10.0,100.0,0.00207287258086666,0.0002578195895326,-0.047927127419133346,0.0,significant
0.4,degree,0.0398833995946593,100,ancova_p_value,,15.0,100.0,0.0001920508540141487,2.7315274879592668e-05,-0.04980794914598585,0.0,significant
0.4,degree,0.0398833995946593,300,ancova_p_value,,0.5,300.0,0.4800490110787622,0.0247471656956642,0.4300490110787622,9.460899470276498e-139,non-significant
0.4,degree,0.0398833995946593,300,ancova_p_value,,1.0,300.0,0.31811640443062633,0.0192691061096185,0.26811640443062634,4.3035861543912314e-94,non-significant
0.4,degree,0.0398833995946593,300,ancova_p_value,,2.0,300.0,0.15833615787546532,0.0116969932718962,0.10833615787546531,3.722592661926063e-36,non-significant
0.4,degree,0.0398833995946593,300,ancova_p_value,,4.0,300.0,0.0464015209831491,0.004331564862111,-0.0035984790168509043,0.2003423586625992,significant
0.4,degree,0.0398833995946593,300,ancova_p_value,,6.0,300.0,0.014877544674688336,0.0016145238678751,-0.03512245532531166,0.0,significant
0.4,degree,0.0398833995946593,300,ancova_p_value,,8.0,300.0,0.004992719858471545,0.0006056703613162,-0.04500728014152846,0.0,significant
0.4,degree,0.0398833995946593,300,ancova_p_value,,10.0,300.0,0.0017256705948826214,0.0002286568588361,-0.04827432940511738,0.0,significant
0.4,degree,0.0398833995946593,300,ancova_p_value,,15.0,300.0,0.00013201666015390175,2.057694088084577e-05,-0.0498679833398461,0.0,significant
0.4,degree,0.0398833995946593,500,ancova_p_value,,0.5,500.0,0.47982953965954955,0.0247615983962163,0.42982953965954956,1.7840840894304547e-138,non-significant
0.4,degree,0.0398833995946593,500,ancova_p_value,,1.0,500.0,0.3177942072606085,0.0192819450369436,0.2677942072606085,9.648107141378203e-94,non-significant
0.4,degree,0.0398833995946593,500,ancova_p_value,,2.0,500.0,0.15792157401181234,0.0117009204158765,0.10792157401181234,7.767144974229257e-36,non-significant
0.4,degree,0.0398833995946593,500,ancova_p_value,,4.0,500.0,0.046040682769031456,0.0043216718842656,-0.003959317230968547,0.17834969139875367,significant
0.4,degree,0.0398833995946593,500,ancova_p_value,,6.0,500.0,0.01464790875937049,0.0016024950694173,-0.03535209124062951,0.0,significant
0.4,degree,0.0398833995946593,500,ancova_p_value,,8.0,500.0,0.004865533464805003,0.0005965422984471,-0.045134466535195,0.0,significant
0.4,degree,0.0398833995946593,500,ancova_p_value,,10.0,500.0,0.0016604995248597615,0.000222931818047,-0.04833950047514024,0.0,significant
0.4,degree,0.0398833995946593,500,ancova_p_value,,15.0,500.0,0.0001217965039979378,1.935487164189852e-05,-0.04987820349600206,0.0,significant
0.4,degree,0.0398833995946593,1000,ancova_p_value,,0.5,1000.0,0.4796648624377731,0.0247724308640905,0.42966486243777313,2.8694646968547536e-138,non-significant
0.4,degree,0.0398833995946593,1000,ancova_p_value,,1.0,1000.0,0.31755241808467255,0.0192915835971889,0.26755241808467256,1.7655644346667267e-93,non-significant
0.4,degree,0.0398833995946593,1000,ancova_p_value,,2.0,1000.0,0.1576104641334238,0.0117038576576864,0.1076104641334238,1.34494956522399e-35,non-significant
0.4,degree,0.0398833995946593,1000,ancova_p_value,,4.0,1000.0,0.04577034649325166,0.0043142012143526,-0.0042296535067483446,0.16291694227150333,significant
0.4,degree,0.0398833995946593,1000,ancova_p_value,,6.0,1000.0,0.014476528145859816,0.0015934348351058,-0.03552347185414019,0.0,significant
0.4,degree,0.0398833995946593,1000,ancova_p_value,,8.0,1000.0,0.00477118583723039,0.0005896948525445,-0.04522881416276961,0.0,significant
0.4,degree,0.0398833995946593,1000,ancova_p_value,,10.0,1000.0,0.0016125523948250528,0.0002186633913172,-0.04838744760517495,0.0,significant
0.4,degree,0.0398833995946593,1000,ancova_p_value,,15.0,1000.0,0.00011449967420285442,1.846585886433702e-05,-0.049885500325797145,0.0,significant
0.5,degree,0.0462737403214584,30,ancova_p_value,,0.5,30.0,0.4849569686830381,0.0283392370177057,0.4349569686830381,3.3229910230405892e-108,non-significant
0.5,degree,0.0462737403214584,30,ancova_p_value,,1.0,30.0,0.3253086154260302,0.0220256842417697,0.2753086154260302,2.1412842481044243e-76,non-significant
0.5,degree,0.0462737403214584,30,ancova_p_value,,2.0,30.0,0.167594108019346,0.0134651439119395,0.11759410801934599,5.21125775223569e-33,non-significant
0.5,degree,0.0462737403214584,30,ancova_p_value,,4.0,30.0,0.054625044962983094,0.0052615348244363,0.004625044962983091,0.19138030571582385,non-significant
0.5,degree,0.0462737403214584,30,ancova_p_value,,6.0,30.0,0.0203613903722062,0.002169436293848,-0.029638609627793803,0.0,significant
0.5,degree,0.0462737403214584,30,ancova_p_value,,8.0,30.0,0.008257335914631373,0.0009384041414864,-0.04174266408536863,0.0,significant
0.5,degree,0.0462737403214584,30,ancova_p_value,,10.0,30.0,0.0035685233088176825,0.000423746181596,-0.04643147669118232,0.0,significant
0.5,degree,0.0462737403214584,30,ancova_p_value,,15.0,30.0,0.0005407062921313466,6.827185448191435e-05,-0.049459293707868654,0.0,significant
0.5,degree,0.0462737403214584,50,ancova_p_value,,0.5,50.0,0.48278284379668057,0.0285041639549125,0.4327828437966806,4.1162687183903595e-106,non-significant
0.5,degree,0.0462737403214584,50,ancova_p_value,,1.0,50.0,0.32212564510024433,0.0221716982284798,0.27212564510024434,1.1017989034933103e-73,non-significant
0.5,degree,0.0462737403214584,50,ancova_p_value,,2.0,50.0,0.16349617189550622,0.0135130438710365,0.11349617189550622,2.1071727113952447e-30,non-significant
0.5,degree,0.0462737403214584,50,ancova_p_value,,4.0,50.0,0.05094706873769324,0.005161757220185,0.0009470687376932352,0.4394100879990678,non-significant
0.5,degree,0.0462737403214584,50,ancova_p_value,,6.0,50.0,0.01785224137520709,0.0020419436864358,-0.03214775862479291,0.0,significant
0.5,degree,0.0462737403214584,50,ancova_p_value,,8.0,50.0,0.006713432842279582,0.0008344966807024,-0.04328656715772042,0.0,significant
0.5,degree,0.0462737403214584,50,ancova_p_value,,10.0,50.0,0.0026605541904910716,0.0003515455174604,-0.04733944580950893,0.0,significant
0.5,degree,0.0462737403214584,50,ancova_p_value,,15.0,50.0,0.00031306556427201346,4.566125616948964e-05,-0.04968693443572799,0.0,significant
0.5,degree,0.0462737403214584,75,ancova_p_value,,0.5,75.0,0.4816914470000123,0.0285871531390639,0.43169144700001233,4.481656266809113e-105,non-significant
0.5,degree,0.0462737403214584,75,ancova_p_value,,1.0,75.0,0.3205260061237414,0.0222453151809188,0.2705260061237414,2.3758002141802516e-72,non-significant
0.5,degree,0.0462737403214584,75,ancova_p_value,,2.0,75.0,0.16143714082856858,0.0135365350934324,0.11143714082856858,3.792090274613247e-29,non-significant
0.5,degree,0.0462737403214584,75,ancova_p_value,,4.0,75.0,0.04912138289485513,0.0051088788137155,-0.0008786171051448702,0.41925667722025617,significant
0.5,degree,0.0462737403214584,75,ancova_p_value,,6.0,75.0,0.016639791628428848,0.0019757152527924,-0.03336020837157115,0.0,significant
0.5,degree,0.0462737403214584,75,ancova_p_value,,8.0,75.0,0.005996484169924953,0.0007819654409171,-0.04400351583007505,0.0,significant
0.5,degree,0.0462737403214584,75,ancova_p_value,,10.0,75.0,0.0022598459055359287,0.0003163995760601,-0.047740154094464075,0.0,significant
0.5,degree,0.0462737403214584,75,ancova_p_value,,15.0,75.0,0.0002280430925145892,3.6052859107570944e-05,-0.04977195690748541,0.0,significant
0.5,degree,0.0462737403214584,100,ancova_p_value,,0.5,100.0,0.48114467698573943,0.028628779245978,0.43114467698573944,1.4706566058275465e-104,non-significant
0.5,degree,0.0462737403214584,100,ancova_p_value,,1.0,100.0,0.31972415578412333,0.0222822771854691,0.26972415578412334,1.089348988788887e-71,non-significant
0.5,degree,0.0462737403214584,100,ancova_p_value,,2.0,100.0,0.16040513148560548,0.0135481586766631,0.11040513148560548,1.5649322276397898e-28,non-significant
0.5,degree,0.0462737403214584,100,ancova_p_value,,4.0,100.0,0.04821217873113365,0.0050816566025107,-0.0017878212688663547,0.35163515100160647,significant
0.5,degree,0.0462737403214584,100,ancova_p_value,,6.0,100.0,0.016044679166962617,0.0019419710554779,-0.033955320833037386,0.0,significant
0.5,degree,0.0462737403214584,100,ancova_p_value,,8.0,100.0,0.005652215916228005,0.0007555953844374,-0.044347784083772,0.0,significant
0.5,degree,0.0462737403214584,100,ancova_p_value,,10.0,100.0,0.00207287258086666,0.0002991288821181,-0.047927127419133346,0.0,significant
0.5,degree,0.0462737403214584,100,ancova_p_value,,15.0,100.0,0.0001920508540141487,3.1691880567693224e-05,-0.04980794914598585,0.0,significant
0.5,degree,0.0462737403214584,300,ancova_p_value,,0.5,300.0,0.4800490110787622,0.0287122946070678,0.4300490110787622,1.5662407607908813e-103,non-significant
0.5,degree,0.0462737403214584,300,ancova_p_value,,1.0,300.0,0.31811640443062633,0.0223565097610815,0.26811640443062634,2.2330387988045363e-70,non-significant
0.5,degree,0.0462737403214584,300,ancova_p_value,,2.0,300.0,0.15833615787546532,0.0135711507721636,0.10833615787546531,2.5229018769043003e-27,non-significant
0.5,degree,0.0462737403214584,300,ancova_p_value,,4.0,300.0,0.0464015209831491,0.0050255923429786,-0.0035984790168509043,0.2317634515903767,significant
0.5,degree,0.0462737403214584,300,ancova_p_value,,6.0,300.0,0.014877544674688336,0.0018732118867533,-0.03512245532531166,0.0,significant
0.5,degree,0.0462737403214584,300,ancova_p_value,,8.0,300.0,0.004992719858471545,0.0007027142446428,-0.04500728014152846,0.0,significant
0.5,degree,0.0462737403214584,300,ancova_p_value,,10.0,300.0,0.0017256705948826214,0.0002652935360585,-0.04827432940511738,0.0,significant
0.5,degree,0.0462737403214584,300,ancova_p_value,,15.0,300.0,0.00013201666015390175,2.387389311360915e-05,-0.0498679833398461,0.0,significant
0.5,degree,0.0462737403214584,500,ancova_p_value,,0.5,500.0,0.47982953965954955,0.0287290397953987,0.42982953965954956,2.5093389353069403e-103,non-significant
0.5,degree,0.0462737403214584,500,ancova_p_value,,1.0,500.0,0.3177942072606085,0.0223714058129499,0.2677942072606085,4.068979574606609e-70,non-significant
0.5,degree,0.0462737403214584,500,ancova_p_value,,2.0,500.0,0.15792157401181234,0.0135757071450555,0.10792157401181234,4.360955304899689e-27,non-significant
0.5,degree,0.0462737403214584,500,ancova_p_value,,4.0,500.0,0.046040682769031456,0.0050141142570463,-0.003959317230968547,0.210946835857716,significant
0.5,degree,0.0462737403214584,500,ancova_p_value,,6.0,500.0,0.01464790875937049,0.0018592557671178,-0.03535209124062951,0.0,significant
0.5,degree,0.0462737403214584,500,ancova_p_value,,8.0,500.0,0.004865533464805003,0.0006921236326305,-0.045134466535195,0.0,significant
0.5,degree,0.0462737403214584,500,ancova_p_value,,10.0,500.0,0.0016604995248597615,0.0002586511973037,-0.04833950047514024,0.0,significant
0.5,degree,0.0462737403214584,500,ancova_p_value,,15.0,500.0,0.0001217965039979378,2.2456017125287936e-05,-0.04987820349600206,0.0,significant
0.5,degree,0.0462737403214584,1000,ancova_p_value,,0.5,1000.0,0.4796648624377731,0.0287416079016922,0.42966486243777313,3.5720425944082686e-103,non-significant
0.5,degree,0.0462737403214584,1000,ancova_p_value,,1.0,1000.0,0.31755241808467255,0.0223825887170753,0.26755241808467256,6.375927435885174e-70,non-significant
0.5,degree,0.0462737403214584,1000,ancova_p_value,,2.0,1000.0,0.1576104641334238,0.0135791150081302,0.1076104641334238,6.561659601024565e-27,non-significant
0.5,degree,0.0462737403214584,1000,ancova_p_value,,4.0,1000.0,0.04577034649325166,0.0050054465947333,-0.0042296535067483446,0.196100881760518,significant
0.5,degree,0.0462737403214584,1000,ancova_p_value,,6.0,1000.0,0.014476528145859816,0.0018487438515329,-0.03552347185414019,0.0,significant
0.5,degree,0.0462737403214584,1000,ancova_p_value,,8.0,1000.0,0.00477118583723039,0.0006841790507548,-0.04522881416276961,0.0,significant
0.5,degree,0.0462737403214584,1000,ancova_p_value,,10.0,1000.0,0.0016125523948250528,0.0002536988594366,-0.04838744760517495,0.0,significant
0.5,degree,0.0462737403214584,1000,ancova_p_value,,15.0,1000.0,0.00011449967420285442,2.1424561762168697e-05,-0.049885500325797145,0.0,significant
0.05,eigenvec,0.1398679445345351,30,ancova_p_value,,0.5,30.0,0.4849569686830381,0.0856587516766049,0.4349569686830381,4.0651951810791124e-13,non-significant
0.05,eigenvec,0.1398679445345351,30,ancova_p_value,,1.0,30.0,0.3253086154260302,0.0665752792072102,0.2753086154260302,1.0205702137911073e-09,non-significant
0.05,eigenvec,0.1398679445345351,30,ancova_p_value,,2.0,30.0,0.167594108019346,0.0407000166561277,0.11759410801934599,5.9437197834153675e-05,non-significant
0.05,eigenvec,0.1398679445345351,30,ancova_p_value,,4.0,30.0,0.054625044962983094,0.0159036217059271,0.004625044962983091,0.418644852883742,non-significant
0.05,eigenvec,0.1398679445345351,30,ancova_p_value,,6.0,30.0,0.0203613903722062,0.0065573820726663,-0.029638609627793803,0.00033647557493310387,significant
0.05,eigenvec,0.1398679445345351,30,ancova_p_value,,8.0,30.0,0.008257335914631373,0.0028364393606527,-0.04174266408536863,1.4210854715202004e-14,significant
0.05,eigenvec,0.1398679445345351,30,ancova_p_value,,10.0,30.0,0.0035685233088176825,0.0012808237893125,-0.04643147669118232,0.0,significant
0.05,eigenvec,0.1398679445345351,30,ancova_p_value,,15.0,30.0,0.0005407062921313466,0.0002063598898556,-0.049459293707868654,0.0,significant
0.05,eigenvec,0.1398679445345351,50,ancova_p_value,,0.5,50.0,0.48278284379668057,0.0861572631767613,0.4327828437966806,6.91671470283505e-13,non-significant
0.05,eigenvec,0.1398679445345351,50,ancova_p_value,,1.0,50.0,0.32212564510024433,0.0670166240402098,0.27212564510024434,2.040654105043222e-09,non-significant
0.05,eigenvec,0.1398679445345351,50,ancova_p_value,,2.0,50.0,0.16349617189550622,0.0408448000424641,0.11349617189550622,0.00011774595038586662,non-significant
0.05,eigenvec,0.1398679445345351,50,ancova_p_value,,4.0,50.0,0.05094706873769324,0.0156020318988301,0.0009470687376932352,0.5145231648864808,non-significant
0.05,eigenvec,0.1398679445345351,50,ancova_p_value,,6.0,50.0,0.01785224137520709,0.0061720203357889,-0.03214775862479291,9.788294190948843e-05,significant
0.05,eigenvec,0.1398679445345351,50,ancova_p_value,,8.0,50.0,0.006713432842279582,0.0025223665655707,-0.04328656715772042,2.220446049250313e-16,significant
0.05,eigenvec,0.1398679445345351,50,ancova_p_value,,10.0,50.0,0.0026605541904910716,0.0010625885998395,-0.04733944580950893,0.0,significant
0.05,eigenvec,0.1398679445345351,50,ancova_p_value,,15.0,50.0,0.00031306556427201346,0.000138016637534,-0.04968693443572799,0.0,significant
0.05,eigenvec,0.1398679445345351,75,ancova_p_value,,0.5,75.0,0.4816914470000123,0.0864081079653006,0.43169144700001233,9.000585309796979e-13,non-significant
0.05,eigenvec,0.1398679445345351,75,ancova_p_value,,1.0,75.0,0.3205260061237414,0.0672391401313881,0.2705260061237414,2.8698244437259745e-09,non-significant
0.05,eigenvec,0.1398679445345351,75,ancova_p_value,,2.0,75.0,0.16143714082856858,0.0409158050869729,0.11143714082856858,0.0001637833456377497,non-significant
0.05,eigenvec,0.1398679445345351,75,ancova_p_value,,4.0,75.0,0.04912138289485513,0.0154422005566528,-0.0008786171051448702,0.43796467903367,significant
0.05,eigenvec,0.1398679445345351,75,ancova_p_value,,6.0,75.0,0.016639791628428848,0.0059718369311387,-0.03336020837157115,5.0857021023698046e-05,significant
0.05,eigenvec,0.1398679445345351,75,ancova_p_value,,8.0,75.0,0.005996484169924953,0.0023635845764427,-0.04400351583007505,0.0,significant
0.05,eigenvec,0.1398679445345351,75,ancova_p_value,,10.0,75.0,0.0022598459055359287,0.000956355765661,-0.047740154094464075,0.0,significant
0.05,eigenvec,0.1398679445345351,75,ancova_p_value,,15.0,75.0,0.0002280430925145892,0.0001089741020055,-0.04977195690748541,0.0,significant
0.05,eigenvec,0.1398679445345351,100,ancova_p_value,,0.5,100.0,0.48114467698573943,0.0865339278789839,0.43114467698573944,1.0261146908489476e-12,non-significant
0.05,eigenvec,0.1398679445345351,100,ancova_p_value,,1.0,100.0,0.31972415578412333,0.0673508622348191,0.26972415578412334,3.3986356985334436e-09,non-significant
0.05,eigenvec,0.1398679445345351,100,ancova_p_value,,2.0,100.0,0.16040513148560548,0.0409509387650227,0.11040513148560548,0.00019260216718230307,non-significant
0.05,eigenvec,0.1398679445345351,100,ancova_p_value,,4.0,100.0,0.04821217873113365,0.0153599181498179,-0.0017878212688663547,0.41461476005930264,significant
0.05,eigenvec,0.1398679445345351,100,ancova_p_value,,6.0,100.0,0.016044679166962617,0.0058698410370192,-0.033955320833037386,3.6307579861949435e-05,significant
0.05,eigenvec,0.1398679445345351,100,ancova_p_value,,8.0,100.0,0.005652215916228005,0.0022838779097361,-0.044347784083772,0.0,significant
0.05,eigenvec,0.1398679445345351,100,ancova_p_value,,10.0,100.0,0.00207287258086666,0.000904153016422,-0.047927127419133346,0.0,significant
0.05,eigenvec,0.1398679445345351,100,ancova_p_value,,15.0,100.0,0.0001920508540141487,9.579251996151416e-05,-0.04980794914598585,0.0,significant
0.05,eigenvec,0.1398679445345351,300,ancova_p_value,,0.5,300.0,0.4800490110787622,0.0867863631005921,0.4300490110787622,1.3320627153213564e-12,non-significant
0.05,eigenvec,0.1398679445345351,300,ancova_p_value,,1.0,300.0,0.31811640443062633,0.0675752391210678,0.26811640443062634,4.75353711915233e-09,non-significant
0.05,eigenvec,0.1398679445345351,300,ancova_p_value,,2.0,300.0,0.15833615787546532,0.0410204351384702,0.10833615787546531,0.0002647996383764405,non-significant
0.05,eigenvec,0.1398679445345351,300,ancova_p_value,,4.0,300.0,0.0464015209831491,0.0151904571836602,-0.0035984790168509043,0.36911802856580356,significant
0.05,eigenvec,0.1398679445345351,300,ancova_p_value,,6.0,300.0,0.014877544674688336,0.0056620081812654,-0.03512245532531166,1.8143256820479792e-05,significant
0.05,eigenvec,0.1398679445345351,300,ancova_p_value,,8.0,300.0,0.004992719858471545,0.002124038305755,-0.04500728014152846,0.0,significant
0.05,eigenvec,0.1398679445345351,300,ancova_p_value,,10.0,300.0,0.0017256705948826214,0.0008018816142597,-0.04827432940511738,0.0,significant
0.05,eigenvec,0.1398679445345351,300,ancova_p_value,,15.0,300.0,0.00013201666015390175,7.216171276928805e-05,-0.0498679833398461,0.0,significant
0.05,eigenvec,0.1398679445345351,500,ancova_p_value,,0.5,500.0,0.47982953965954955,0.0868369774459294,0.42982953965954956,1.4031589790250175e-12,non-significant
0.05,eigenvec,0.1398679445345351,500,ancova_p_value,,1.0,500.0,0.3177942072606085,0.0676202642290887,0.2677942072606085,5.081239475494372e-09,non-significant
0.05,eigenvec,0.1398679445345351,500,ancova_p_value,,2.0,500.0,0.15792157401181234,0.0410342073234395,0.10792157401181234,0.00028194601277472793,non-significant
0.05,eigenvec,0.1398679445345351,500,ancova_p_value,,4.0,500.0,0.046040682769031456,0.015155763288691,-0.003959317230968547,0.3602501885126169,significant
0.05,eigenvec,0.1398679445345351,500,ancova_p_value,,6.0,500.0,0.01464790875937049,0.0056198241314449,-0.03535209124062951,1.5741931388091324e-05,significant
0.05,eigenvec,0.1398679445345351,500,ancova_p_value,,8.0,500.0,0.004865533464805003,0.0020920269074276,-0.045134466535195,0.0,significant
0.05,eigenvec,0.1398679445345351,500,ancova_p_value,,10.0,500.0,0.0016604995248597615,0.0007818043466326,-0.04833950047514024,0.0,significant
0.05,eigenvec,0.1398679445345351,500,ancova_p_value,,15.0,500.0,0.0001217965039979378,6.787601209513277e-05,-0.04987820349600206,0.0,significant
0.05,eigenvec,0.1398679445345351,1000,ancova_p_value,,0.5,1000.0,0.4796648624377731,0.0868749660585151,0.42966486243777313,1.458899053430798e-12,non-significant
0.05,eigenvec,0.1398679445345351,1000,ancova_p_value,,1.0,1000.0,0.31755241808467255,0.0676540659015509,0.26755241808467256,5.341248379679356e-09,non-significant
0.05,eigenvec,0.1398679445345351,1000,ancova_p_value,,2.0,1000.0,0.1576104641334238,0.0410445079993779,0.1076104641334238,0.0002954708082370602,non-significant
0.05,eigenvec,0.1398679445345351,1000,ancova_p_value,,4.0,1000.0,0.04577034649325166,0.0151295642370643,-0.0042296535067483446,0.3536562443948674,significant
0.05,eigenvec,0.1398679445345351,1000,ancova_p_value,,6.0,1000.0,0.014476528145859816,0.0055880506025326,-0.03552347185414019,1.414174615810282e-05,significant
0.05,eigenvec,0.1398679445345351,1000,ancova_p_value,,8.0,1000.0,0.00477118583723039,0.002068013453373,-0.04522881416276961,0.0,significant
0.05,eigenvec,0.1398679445345351,1000,ancova_p_value,,10.0,1000.0,0.0016125523948250528,0.0007668353099113,-0.04838744760517495,0.0,significant
0.05,eigenvec,0.1398679445345351,1000,ancova_p_value,,15.0,1000.0,0.00011449967420285442,6.475831422769434e-05,-0.049885500325797145,0.0,significant
0.1,eigenvec,0.0905767239637379,30,ancova_p_value,,0.5,30.0,0.4849569686830381,0.055471531604402,0.4349569686830381,2.0946662799798916e-29,non-significant
0.1,eigenvec,0.0905767239637379,30,ancova_p_value,,1.0,30.0,0.3253086154260302,0.0431133145455736,0.2753086154260302,3.603329750183143e-21,non-significant
0.1,eigenvec,0.0905767239637379,30,ancova_p_value,,2.0,30.0,0.167594108019346,0.0263568195432469,0.11759410801934599,7.920018715503346e-10,non-significant
0.1,eigenvec,0.0905767239637379,30,ancova_p_value,,4.0,30.0,0.054625044962983094,0.010298985647321,0.004625044962983091,0.3441330500122124,non-significant
0.1,eigenvec,0.0905767239637379,30,ancova_p_value,,6.0,30.0,0.0203613903722062,0.0042464782613146,-0.029638609627793803,1.176806561087318e-07,significant
0.1,eigenvec,0.0905767239637379,30,ancova_p_value,,8.0,30.0,0.008257335914631373,0.0018368425007224,-0.04174266408536863,0.0,significant
0.1,eigenvec,0.0905767239637379,30,ancova_p_value,,10.0,30.0,0.0035685233088176825,0.0008294453972054,-0.04643147669118232,0.0,significant
0.1,eigenvec,0.0905767239637379,30,ancova_p_value,,15.0,30.0,0.0005407062921313466,0.0001336360725314,-0.049459293707868654,0.0,significant
0.1,eigenvec,0.0905767239637379,50,ancova_p_value,,0.5,50.0,0.48278284379668057,0.0557943613899735,0.4327828437966806,7.393064749852573e-29,non-significant
0.1,eigenvec,0.0905767239637379,50,ancova_p_value,,1.0,50.0,0.32212564510024433,0.0433991239155794,0.27212564510024434,1.8530932381364918e-20,non-significant
0.1,eigenvec,0.0905767239637379,50,ancova_p_value,,2.0,50.0,0.16349617189550622,0.0264505794455774,0.11349617189550622,3.8834368550898295e-09,non-significant
0.1,eigenvec,0.0905767239637379,50,ancova_p_value,,4.0,50.0,0.05094706873769324,0.0101036798765913,0.0009470687376932352,0.48749328669610287,non-significant
0.1,eigenvec,0.0905767239637379,50,ancova_p_value,,6.0,50.0,0.01785224137520709,0.0039969228411396,-0.03214775862479291,7.363393006443175e-09,significant
0.1,eigenvec,0.0905767239637379,50,ancova_p_value,,8.0,50.0,0.006713432842279582,0.0016334529037756,-0.04328656715772042,0.0,significant
0.1,eigenvec,0.0905767239637379,50,ancova_p_value,,10.0,50.0,0.0026605541904910716,0.0006881190298104,-0.04733944580950893,0.0,significant
0.1,eigenvec,0.0905767239637379,50,ancova_p_value,,15.0,50.0,0.00031306556427201346,8.937784080496044e-05,-0.04968693443572799,0.0,significant
0.1,eigenvec,0.0905767239637379,75,ancova_p_value,,0.5,75.0,0.4816914470000123,0.0559568053241064,0.43169144700001233,1.3809958157093433e-28,non-significant
0.1,eigenvec,0.0905767239637379,75,ancova_p_value,,1.0,75.0,0.3205260061237414,0.0435432225411453,0.2705260061237414,4.14741915353882e-20,non-significant
0.1,eigenvec,0.0905767239637379,75,ancova_p_value,,2.0,75.0,0.16143714082856858,0.0264965614204889,0.11143714082856858,8.356646788798294e-09,non-significant
0.1,eigenvec,0.0905767239637379,75,ancova_p_value,,4.0,75.0,0.04912138289485513,0.0100001751070794,-0.0008786171051448702,0.4397358558585236,significant
0.1,eigenvec,0.0905767239637379,75,ancova_p_value,,6.0,75.0,0.016639791628428848,0.0038672865828427,-0.03336020837157115,1.6857729656649667e-09,significant
0.1,eigenvec,0.0905767239637379,75,ancova_p_value,,8.0,75.0,0.005996484169924953,0.0015306276821172,-0.04400351583007505,0.0,significant
0.1,eigenvec,0.0905767239637379,75,ancova_p_value,,10.0,75.0,0.0022598459055359287,0.000619323980814,-0.047740154094464075,0.0,significant
0.1,eigenvec,0.0905767239637379,75,ancova_p_value,,15.0,75.0,0.0002280430925145892,7.05702596073839e-05,-0.04977195690748541,0.0,significant
0.1,eigenvec,0.0905767239637379,100,ancova_p_value,,0.5,100.0,0.48114467698573943,0.0560382847197517,0.43114467698573944,1.8847460449492866e-28,non-significant
0.1,eigenvec,0.0905767239637379,100,ancova_p_value,,1.0,100.0,0.31972415578412333,0.0436155723719575,0.26972415578412334,6.184301526541411e-20,non-significant
0.1,eigenvec,0.0905767239637379,100,ancova_p_value,,2.0,100.0,0.16040513148560548,0.0265193135490709,0.11040513148560548,1.2171782825680007e-08,non-significant
0.1,eigenvec,0.0905767239637379,100,ancova_p_value,,4.0,100.0,0.04821217873113365,0.0099468900539833,-0.0017878212688663547,0.40414402004666394,significant
0.1,eigenvec,0.0905767239637379,100,ancova_p_value,,6.0,100.0,0.016044679166962617,0.0038012353230073,-0.033955320833037386,7.885407882213258e-10,significant
0.1,eigenvec,0.0905767239637379,100,ancova_p_value,,8.0,100.0,0.005652215916228005,0.0014790106459738,-0.044347784083772,0.0,significant
0.1,eigenvec,0.0905767239637379,100,ancova_p_value,,10.0,100.0,0.00207287258086666,0.0005855181361388,-0.047927127419133346,0.0,significant
0.1,eigenvec,0.0905767239637379,100,ancova_p_value,,15.0,100.0,0.0001920508540141487,6.203403265286829e-05,-0.04980794914598585,0.0,significant
0.1,eigenvec,0.0905767239637379,300,ancova_p_value,,0.5,300.0,0.4800490110787622,0.0562017585983622,0.4300490110787622,3.5004558185659984e-28,non-significant
0.1,eigenvec,0.0905767239637379,300,ancova_p_value,,1.0,300.0,0.31811640443062633,0.043760876025037,0.26811640443062634,1.3660394372547987e-19,non-significant
0.1,eigenvec,0.0905767239637379,300,ancova_p_value,,2.0,300.0,0.15833615787546532,0.0265643185275538,0.10833615787546531,2.5460044212326336e-08,non-significant
0.1,eigenvec,0.0905767239637379,300,ancova_p_value,,4.0,300.0,0.0464015209831491,0.0098371492609419,-0.0035984790168509043,0.3359285023418386,significant
0.1,eigenvec,0.0905767239637379,300,ancova_p_value,,6.0,300.0,0.014877544674688336,0.0036666453762626,-0.03512245532531166,1.6472689878810343e-10,significant
0.1,eigenvec,0.0905767239637379,300,ancova_p_value,,8.0,300.0,0.004992719858471545,0.0013755005262215,-0.04500728014152846,0.0,significant
0.1,eigenvec,0.0905767239637379,300,ancova_p_value,,10.0,300.0,0.0017256705948826214,0.0005192884607557,-0.04827432940511738,0.0,significant
0.1,eigenvec,0.0905767239637379,300,ancova_p_value,,15.0,300.0,0.00013201666015390175,4.673101874776235e-05,-0.0498679833398461,0.0,significant
0.1,eigenvec,0.0905767239637379,500,ancova_p_value,,0.5,500.0,0.47982953965954955,0.056234535812623,0.42982953965954956,3.960033319705477e-28,non-significant
0.1,eigenvec,0.0905767239637379,500,ancova_p_value,,1.0,500.0,0.3177942072606085,0.0437900337194195,0.2677942072606085,1.5989746192901986e-19,non-significant
0.1,eigenvec,0.0905767239637379,500,ancova_p_value,,2.0,500.0,0.15792157401181234,0.0265732372215441,0.10792157401181234,2.9442958096408004e-08,non-significant
0.1,eigenvec,0.0905767239637379,500,ancova_p_value,,4.0,500.0,0.046040682769031456,0.0098146819303587,-0.003959317230968547,0.32289207484392424,significant
0.1,eigenvec,0.0905767239637379,500,ancova_p_value,,6.0,500.0,0.01464790875937049,0.0036393275154834,-0.03535209124062951,1.1952994150021823e-10,significant
0.1,eigenvec,0.0905767239637379,500,ancova_p_value,,8.0,500.0,0.004865533464805003,0.001354770346768,-0.045134466535195,0.0,significant
0.1,eigenvec,0.0905767239637379,500,ancova_p_value,,10.0,500.0,0.0016604995248597615,0.000506286674436,-0.04833950047514024,0.0,significant
0.1,eigenvec,0.0905767239637379,500,ancova_p_value,,15.0,500.0,0.0001217965039979378,4.395565282495564e-05,-0.04987820349600206,0.0,significant
0.1,eigenvec,0.0905767239637379,1000,ancova_p_value,,0.5,1000.0,0.4796648624377731,0.0562591367609489,0.42966486243777313,4.34345878033301e-28,non-significant
0.1,eigenvec,0.0905767239637379,1000,ancova_p_value,,1.0,1000.0,0.31755241808467255,0.0438119232579146,0.26755241808467256,1.7989768727979288e-19,non-significant
0.1,eigenvec,0.0905767239637379,1000,ancova_p_value,,2.0,1000.0,0.1576104641334238,0.0265799078098924,0.1076104641334238,3.2817817782327235e-08,non-significant
0.1,eigenvec,0.0905767239637379,1000,ancova_p_value,,4.0,1000.0,0.04577034649325166,0.0097977157536182,-0.0042296535067483446,0.3132676489959978,significant
0.1,eigenvec,0.0905767239637379,1000,ancova_p_value,,6.0,1000.0,0.014476528145859816,0.0036187513772752,-0.03552347185414019,9.381739829450453e-11,significant
0.1,eigenvec,0.0905767239637379,1000,ancova_p_value,,8.0,1000.0,0.00477118583723039,0.0013392195355613,-0.04522881416276961,0.0,significant
0.1,eigenvec,0.0905767239637379,1000,ancova_p_value,,10.0,1000.0,0.0016125523948250528,0.0004965929142852,-0.04838744760517495,0.0,significant
0.1,eigenvec,0.0905767239637379,1000,ancova_p_value,,15.0,1000.0,0.00011449967420285442,4.1936670848198416e-05,-0.049885500325797145,0.0,significant
0.2,eigenvec,0.0713615239924139,30,ancova_p_value,,0.5,30.0,0.4849569686830381,0.0437036454869826,0.4349569686830381,1.885239781537788e-46,non-significant
0.2,eigenvec,0.0713615239924139,30,ancova_p_value,,1.0,30.0,0.3253086154260302,0.0339671352164178,0.2753086154260302,3.9674045716155624e-33,non-significant
0.2,eigenvec,0.0713615239924139,30,ancova_p_value,,2.0,30.0,0.167594108019346,0.0207654100070139,0.11759410801934599,7.192470553651332e-15,non-significant
0.2,eigenvec,0.0713615239924139,30,ancova_p_value,,4.0,30.0,0.054625044962983094,0.0081141299796078,0.004625044962983091,0.2951577950062003,non-significant
0.2,eigenvec,0.0713615239924139,30,ancova_p_value,,6.0,30.0,0.0203613903722062,0.003345618466499,-0.029638609627793803,3.234701395626871e-11,significant
0.2,eigenvec,0.0713615239924139,30,ancova_p_value,,8.0,30.0,0.008257335914631373,0.0014471695867259,-0.04174266408536863,0.0,significant
0.2,eigenvec,0.0713615239924139,30,ancova_p_value,,10.0,30.0,0.0035685233088176825,0.0006534845269604,-0.04643147669118232,0.0,significant
0.2,eigenvec,0.0713615239924139,30,ancova_p_value,,15.0,30.0,0.0005407062921313466,0.0001052861417247,-0.049459293707868654,0.0,significant
0.2,eigenvec,0.0713615239924139,50,ancova_p_value,,0.5,50.0,0.48278284379668057,0.043957989257439,0.4327828437966806,1.434004920177757e-45,non-significant
0.2,eigenvec,0.0713615239924139,50,ancova_p_value,,1.0,50.0,0.32212564510024433,0.0341923121859789,0.27212564510024434,5.51280751543255e-32,non-significant
0.2,eigenvec,0.0713615239924139,50,ancova_p_value,,2.0,50.0,0.16349617189550622,0.0208392794209967,0.11349617189550622,9.141977535380925e-14,non-significant
0.2,eigenvec,0.0713615239924139,50,ancova_p_value,,4.0,50.0,0.05094706873769324,0.0079602569222275,0.0009470687376932352,0.4720425460227257,non-significant
0.2,eigenvec,0.0713615239924139,50,ancova_p_value,,6.0,50.0,0.01785224137520709,0.0031490044322866,-0.03214775862479291,4.0312198024139434e-13,significant
0.2,eigenvec,0.0713615239924139,50,ancova_p_value,,8.0,50.0,0.006713432842279582,0.001286927628669,-0.04328656715772042,0.0,significant
0.2,eigenvec,0.0713615239924139,50,ancova_p_value,,10.0,50.0,0.0026605541904910716,0.0005421395310688,-0.04733944580950893,0.0,significant
0.2,eigenvec,0.0713615239924139,50,ancova_p_value,,15.0,50.0,0.00031306556427201346,7.041697526559694e-05,-0.04968693443572799,0.0,significant
0.2,eigenvec,0.0713615239924139,75,ancova_p_value,,0.5,75.0,0.4816914470000123,0.0440859718803001,0.43169144700001233,3.918600478343835e-45,non-significant
0.2,eigenvec,0.0713615239924139,75,ancova_p_value,,1.0,75.0,0.3205260061237414,0.0343058413254266,0.2705260061237414,2.0117541617437297e-31,non-significant
0.2,eigenvec,0.0713615239924139,75,ancova_p_value,,2.0,75.0,0.16143714082856858,0.0208755066509325,0.11143714082856858,3.111563558056488e-13,non-significant
0.2,eigenvec,0.0713615239924139,75,ancova_p_value,,4.0,75.0,0.04912138289485513,0.0078787099444873,-0.0008786171051448702,0.43585521382495473,significant
0.2,eigenvec,0.0713615239924139,75,ancova_p_value,,6.0,75.0,0.016639791628428848,0.0030468695729993,-0.03336020837157115,3.8968828164342995e-14,significant
0.2,eigenvec,0.0713615239924139,75,ancova_p_value,,8.0,75.0,0.005996484169924953,0.0012059160375969,-0.04400351583007505,0.0,significant
0.2,eigenvec,0.0713615239924139,75,ancova_p_value,,10.0,75.0,0.0022598459055359287,0.0004879388564951,-0.047740154094464075,0.0,significant
0.2,eigenvec,0.0713615239924139,75,ancova_p_value,,15.0,75.0,0.0002280430925145892,5.5599287032498e-05,-0.04977195690748541,0.0,significant
0.2,eigenvec,0.0713615239924139,100,ancova_p_value,,0.5,100.0,0.48114467698573943,0.0441501660086896,0.43114467698573944,6.462722202641735e-45,non-significant
0.2,eigenvec,0.0713615239924139,100,ancova_p_value,,1.0,100.0,0.31972415578412333,0.034362842660443,0.26972415578412334,3.8227010488859965e-31,non-significant
0.2,eigenvec,0.0713615239924139,100,ancova_p_value,,2.0,100.0,0.16040513148560548,0.0208934320792172,0.11040513148560548,5.67474182569497e-13,non-significant
0.2,eigenvec,0.0713615239924139,100,ancova_p_value,,4.0,100.0,0.04821217873113365,0.0078367289318325,-0.0017878212688663547,0.3910244059272834,significant
0.2,eigenvec,0.0713615239924139,100,ancova_p_value,,6.0,100.0,0.016044679166962617,0.0029948306124672,-0.033955320833037386,1.1657341758564144e-14,significant
0.2,eigenvec,0.0713615239924139,100,ancova_p_value,,8.0,100.0,0.005652215916228005,0.0011652491841055,-0.044347784083772,0.0,significant
0.2,eigenvec,0.0713615239924139,100,ancova_p_value,,10.0,100.0,0.00207287258086666,0.000461304678416,-0.047927127419133346,0.0,significant
0.2,eigenvec,0.0713615239924139,100,ancova_p_value,,15.0,100.0,0.0001920508540141487,4.887395917825555e-05,-0.04980794914598585,0.0,significant
0.2,eigenvec,0.0713615239924139,300,ancova_p_value,,0.5,300.0,0.4800490110787622,0.0442789600807215,0.4300490110787622,1.7497235276474807e-44,non-significant
0.2,eigenvec,0.0713615239924139,300,ancova_p_value,,1.0,300.0,0.31811640443062633,0.0344773211894917,0.26811640443062634,1.3656946230084814e-30,non-significant
0.2,eigenvec,0.0713615239924139,300,ancova_p_value,,2.0,300.0,0.15833615787546532,0.0209288895754839,0.10833615787546531,1.8447084705267103e-12,non-significant
0.2,eigenvec,0.0713615239924139,300,ancova_p_value,,4.0,300.0,0.0464015209831491,0.0077502688580645,-0.0035984790168509043,0.3065516026880426,significant
0.2,eigenvec,0.0713615239924139,300,ancova_p_value,,6.0,300.0,0.014877544674688336,0.0028887929540771,-0.03512245532531166,9.992007221626409e-16,significant
0.2,eigenvec,0.0713615239924139,300,ancova_p_value,,8.0,300.0,0.004992719858471545,0.0010836979911399,-0.04500728014152846,0.0,significant
0.2,eigenvec,0.0713615239924139,300,ancova_p_value,,10.0,300.0,0.0017256705948826214,0.0004091251519103,-0.04827432940511738,0.0,significant
0.2,eigenvec,0.0713615239924139,300,ancova_p_value,,15.0,300.0,0.00013201666015390175,3.6817369514197286e-05,-0.0498679833398461,0.0,significant
0.2,eigenvec,0.0713615239924139,500,ancova_p_value,,0.5,500.0,0.47982953965954955,0.044304783844924,0.42982953965954956,2.1338182298961335e-44,non-significant
0.2,eigenvec,0.0713615239924139,500,ancova_p_value,,1.0,500.0,0.3177942072606085,0.034500293288903,0.2677942072606085,1.758787901395361e-30,non-significant
0.2,eigenvec,0.0713615239924139,500,ancova_p_value,,2.0,500.0,0.15792157401181234,0.0209359162327454,0.10792157401181234,2.3266828158932103e-12,non-significant
0.2,eigenvec,0.0713615239924139,500,ancova_p_value,,4.0,500.0,0.046040682769031456,0.0077325678099332,-0.003959317230968547,0.29073725696340724,significant
0.2,eigenvec,0.0713615239924139,500,ancova_p_value,,6.0,500.0,0.01464790875937049,0.0028672703808143,-0.03535209124062951,5.551115123125783e-16,significant
0.2,eigenvec,0.0713615239924139,500,ancova_p_value,,8.0,500.0,0.004865533464805003,0.001067365570031,-0.045134466535195,0.0,significant
0.2,eigenvec,0.0713615239924139,500,ancova_p_value,,10.0,500.0,0.0016604995248597615,0.0003988816009648,-0.04833950047514024,0.0,significant
0.2,eigenvec,0.0713615239924139,500,ancova_p_value,,15.0,500.0,0.0001217965039979378,3.463077749341069e-05,-0.04987820349600206,0.0,significant
0.2,eigenvec,0.0713615239924139,1000,ancova_p_value,,0.5,1000.0,0.4796648624377731,0.0443241658791527,0.42966486243777313,2.475869415545274e-44,non-significant
0.2,eigenvec,0.0713615239924139,1000,ancova_p_value,,1.0,1000.0,0.31755241808467255,0.0345175391193785,0.26755241808467256,2.1254323184650766e-30,non-significant
0.2,eigenvec,0.0713615239924139,1000,ancova_p_value,,2.0,1000.0,0.1576104641334238,0.020941171703794,0.1076104641334238,2.7669297078670673e-12,non-significant
0.2,eigenvec,0.0713615239924139,1000,ancova_p_value,,4.0,1000.0,0.04577034649325166,0.0077192008854569,-0.0042296535067483446,0.27914889542866506,significant
0.2,eigenvec,0.0713615239924139,1000,ancova_p_value,,6.0,1000.0,0.014476528145859816,0.0028510593222094,-0.03552347185414019,4.440892098500626e-16,significant
0.2,eigenvec,0.0713615239924139,1000,ancova_p_value,,8.0,1000.0,0.00477118583723039,0.0010551137514791,-0.04522881416276961,0.0,significant
0.2,eigenvec,0.0713615239924139,1000,ancova_p_value,,10.0,1000.0,0.0016125523948250528,0.0003912443022494,-0.04838744760517495,0.0,significant
0.2,eigenvec,0.0713615239924139,1000,ancova_p_value,,15.0,1000.0,0.00011449967420285442,3.304010800935767e-05,-0.049885500325797145,0.0,significant
0.3,eigenvec,0.0642381897342349,30,ancova_p_value,,0.5,30.0,0.4849569686830381,0.0393411310998483,0.4349569686830381,5.939331412739322e-57,non-significant
0.3,eigenvec,0.0642381897342349,30,ancova_p_value,,1.0,30.0,0.3253086154260302,0.0305765229592436,0.2753086154260302,1.7239150212949712e-40,non-significant
0.3,eigenvec,0.0642381897342349,30,ancova_p_value,,2.0,30.0,0.167594108019346,0.0186925989428357,0.11759410801934599,5.79110922604305e-18,non-significant
0.3,eigenvec,0.0642381897342349,30,ancova_p_value,,4.0,30.0,0.054625044962983094,0.0073041744626095,0.004625044962983091,0.2715548886148074,non-significant
0.3,eigenvec,0.0642381897342349,30,ancova_p_value,,6.0,30.0,0.0203613903722062,0.0030116575684702,-0.029638609627793803,2.1294077612310502e-13,significant
0.3,eigenvec,0.0642381897342349,30,ancova_p_value,,8.0,30.0,0.008257335914631373,0.0013027125723883,-0.04174266408536863,0.0,significant
0.3,eigenvec,0.0642381897342349,30,ancova_p_value,,10.0,30.0,0.0035685233088176825,0.0005882534548412,-0.04643147669118232,0.0,significant
0.3,eigenvec,0.0642381897342349,30,ancova_p_value,,15.0,30.0,0.0005407062921313466,9.477643932067316e-05,-0.049459293707868654,0.0,significant
0.3,eigenvec,0.0642381897342349,50,ancova_p_value,,0.5,50.0,0.48278284379668057,0.0395700861791434,0.4327828437966806,7.256474437317139e-56,non-significant
0.3,eigenvec,0.0642381897342349,50,ancova_p_value,,1.0,50.0,0.32212564510024433,0.0307792226787169,0.27212564510024434,4.423664521564183e-39,non-significant
0.3,eigenvec,0.0642381897342349,50,ancova_p_value,,2.0,50.0,0.16349617189550622,0.0187590946840349,0.11349617189550622,1.3248086929834168e-16,non-significant
0.3,eigenvec,0.0642381897342349,50,ancova_p_value,,4.0,50.0,0.05094706873769324,0.0071656610718917,0.0009470687376932352,0.46479344839551473,non-significant
0.3,eigenvec,0.0642381897342349,50,ancova_p_value,,6.0,50.0,0.01785224137520709,0.0028346696213589,-0.03214775862479291,9.992007221626409e-16,significant
0.3,eigenvec,0.0642381897342349,50,ancova_p_value,,8.0,50.0,0.006713432842279582,0.0011584660270632,-0.04328656715772042,0.0,significant
0.3,eigenvec,0.0642381897342349,50,ancova_p_value,,10.0,50.0,0.0026605541904910716,0.0004880229584633,-0.04733944580950893,0.0,significant
0.3,eigenvec,0.0642381897342349,50,ancova_p_value,,15.0,50.0,0.00031306556427201346,6.338792621782026e-05,-0.04968693443572799,0.0,significant
0.3,eigenvec,0.0642381897342349,75,ancova_p_value,,0.5,75.0,0.4816914470000123,0.0396852935282873,0.43169144700001233,2.507650738224403e-55,non-significant
0.3,eigenvec,0.0642381897342349,75,ancova_p_value,,1.0,75.0,0.3205260061237414,0.0308814192966167,0.2705260061237414,2.1828036893213683e-38,non-significant
0.3,eigenvec,0.0642381897342349,75,ancova_p_value,,2.0,75.0,0.16143714082856858,0.0187917056982056,0.11143714082856858,5.983330081047553e-16,non-significant
0.3,eigenvec,0.0642381897342349,75,ancova_p_value,,4.0,75.0,0.04912138289485513,0.007092254144247,-0.0008786171051448702,0.4330081015661056,significant
0.3,eigenvec,0.0642381897342349,75,ancova_p_value,,6.0,75.0,0.016639791628428848,0.0027427299022734,-0.03336020837157115,1.1102230246251565e-16,significant
0.3,eigenvec,0.0642381897342349,75,ancova_p_value,,8.0,75.0,0.005996484169924953,0.0010855410435873,-0.04400351583007505,0.0,significant
0.3,eigenvec,0.0642381897342349,75,ancova_p_value,,10.0,75.0,0.0022598459055359287,0.0004392326156819,-0.047740154094464075,0.0,significant
0.3,eigenvec,0.0642381897342349,75,ancova_p_value,,15.0,75.0,0.0002280430925145892,5.004934521663904e-05,-0.04977195690748541,0.0,significant
0.3,eigenvec,0.0642381897342349,100,ancova_p_value,,0.5,100.0,0.48114467698573943,0.0397430797745528,0.43114467698573944,4.648321612642356e-55,non-significant
0.3,eigenvec,0.0642381897342349,100,ancova_p_value,,1.0,100.0,0.31972415578412333,0.0309327307368584,0.26972415578412334,4.817074815591253e-38,non-significant
0.3,eigenvec,0.0642381897342349,100,ancova_p_value,,2.0,100.0,0.16040513148560548,0.0188078418034736,0.11040513148560548,1.2535817562228066e-15,non-significant
0.3,eigenvec,0.0642381897342349,100,ancova_p_value,,4.0,100.0,0.04821217873113365,0.0070544636921199,-0.0017878212688663547,0.38340880679785605,significant
0.3,eigenvec,0.0642381897342349,100,ancova_p_value,,6.0,100.0,0.016044679166962617,0.0026958854904222,-0.033955320833037386,0.0,significant
0.3,eigenvec,0.0642381897342349,100,ancova_p_value,,8.0,100.0,0.005652215916228005,0.0010489335707599,-0.044347784083772,0.0,significant
0.3,eigenvec,0.0642381897342349,100,ancova_p_value,,10.0,100.0,0.00207287258086666,0.0004152570713109,-0.047927127419133346,0.0,significant
0.3,eigenvec,0.0642381897342349,100,ancova_p_value,,15.0,100.0,0.0001920508540141487,4.399534212707936e-05,-0.04980794914598585,0.0,significant
0.3,eigenvec,0.0642381897342349,300,ancova_p_value,,0.5,300.0,0.4800490110787622,0.039859017573705,0.4300490110787622,1.5880591732922217e-54,non-significant
0.3,eigenvec,0.0642381897342349,300,ancova_p_value,,1.0,300.0,0.31811640443062633,0.031035781975931,0.26811640443062634,2.315422140595187e-37,non-significant
0.3,eigenvec,0.0642381897342349,300,ancova_p_value,,2.0,300.0,0.15833615787546532,0.0188397599190806,0.10833615787546531,5.348885318092212e-15,non-significant
0.3,eigenvec,0.0642381897342349,300,ancova_p_value,,4.0,300.0,0.0464015209831491,0.0069766340955471,-0.0035984790168509043,0.29092182656779486,significant
0.3,eigenvec,0.0642381897342349,300,ancova_p_value,,6.0,300.0,0.014877544674688336,0.0026004325511133,-0.03512245532531166,0.0,significant
0.3,eigenvec,0.0642381897342349,300,ancova_p_value,,8.0,300.0,0.004992719858471545,0.0009755228486551,-0.04500728014152846,0.0,significant
0.3,eigenvec,0.0642381897342349,300,ancova_p_value,,10.0,300.0,0.0017256705948826214,0.0003682861248346,-0.04827432940511738,0.0,significant
0.3,eigenvec,0.0642381897342349,300,ancova_p_value,,15.0,300.0,0.00013201666015390175,3.314224579368374e-05,-0.0498679833398461,0.0,significant
0.3,eigenvec,0.0642381897342349,500,ancova_p_value,,0.5,500.0,0.47982953965954955,0.0398822636000184,0.42982953965954956,2.0285338784580743e-54,non-significant
0.3,eigenvec,0.0642381897342349,500,ancova_p_value,,1.0,500.0,0.3177942072606085,0.0310564609917089,0.2677942072606085,3.162929892514171e-37,non-significant
0.3,eigenvec,0.0642381897342349,500,ancova_p_value,,2.0,500.0,0.15792157401181234,0.0188460851727622,0.10792157401181234,7.11742475758371e-15,non-significant
0.3,eigenvec,0.0642381897342349,500,ancova_p_value,,4.0,500.0,0.046040682769031456,0.006960699972721,-0.003959317230968547,0.27382588624775894,significant
0.3,eigenvec,0.0642381897342349,500,ancova_p_value,,6.0,500.0,0.01464790875937049,0.0025810583692366,-0.03535209124062951,0.0,significant
0.3,eigenvec,0.0642381897342349,500,ancova_p_value,,8.0,500.0,0.004865533464805003,0.0009608207359855,-0.045134466535195,0.0,significant
0.3,eigenvec,0.0642381897342349,500,ancova_p_value,,10.0,500.0,0.0016604995248597615,0.0003590650890107,-0.04833950047514024,0.0,significant
0.3,eigenvec,0.0642381897342349,500,ancova_p_value,,15.0,500.0,0.0001217965039979378,3.1173920213675314e-05,-0.04987820349600206,0.0,significant
0.3,eigenvec,0.0642381897342349,1000,ancova_p_value,,0.5,1000.0,0.4796648624377731,0.0398997109122753,0.42966486243777313,2.4368662676574396e-54,non-significant
0.3,eigenvec,0.0642381897342349,1000,ancova_p_value,,1.0,1000.0,0.31755241808467255,0.0310719853368774,0.26755241808467256,3.994708960719327e-37,non-significant
0.3,eigenvec,0.0642381897342349,1000,ancova_p_value,,2.0,1000.0,0.1576104641334238,0.0188508160407072,0.1076104641334238,8.809261381909657e-15,non-significant
0.3,eigenvec,0.0642381897342349,1000,ancova_p_value,,4.0,1000.0,0.04577034649325166,0.0069486673396909,-0.0042296535067483446,0.2613559678215299,significant
0.3,eigenvec,0.0642381897342349,1000,ancova_p_value,,6.0,1000.0,0.014476528145859816,0.00256646550462,-0.03552347185414019,0.0,significant
0.3,eigenvec,0.0642381897342349,1000,ancova_p_value,,8.0,1000.0,0.00477118583723039,0.0009497918985856,-0.04522881416276961,0.0,significant
0.3,eigenvec,0.0642381897342349,1000,ancova_p_value,,10.0,1000.0,0.0016125523948250528,0.0003521901483354,-0.04838744760517495,0.0,significant
0.3,eigenvec,0.0642381897342349,1000,ancova_p_value,,15.0,1000.0,0.00011449967420285442,2.974203195787072e-05,-0.049885500325797145,0.0,significant
0.4,eigenvec,0.0617705742838201,30,ancova_p_value,,0.5,30.0,0.4849569686830381,0.0378298994891754,0.4349569686830381,1.8385095370575404e-61,non-significant
0.4,eigenvec,0.0617705742838201,30,ancova_p_value,,1.0,30.0,0.3253086154260302,0.02940197086202,0.2753086154260302,1.1915942611784646e-43,non-significant
0.4,eigenvec,0.0617705742838201,30,ancova_p_value,,2.0,30.0,0.167594108019346,0.0179745502843884,0.11759410801934599,2.7286147355289656e-19,non-significant
0.4,eigenvec,0.0617705742838201,30,ancova_p_value,,4.0,30.0,0.054625044962983094,0.0070235953580141,0.004625044962983091,0.26246329951315894,non-significant
0.4,eigenvec,0.0617705742838201,30,ancova_p_value,,6.0,30.0,0.0203613903722062,0.0028959691784632,-0.029638609627793803,2.475797344914099e-14,significant
0.4,eigenvec,0.0617705742838201,30,ancova_p_value,,8.0,30.0,0.008257335914631373,0.001252670787519,-0.04174266408536863,0.0,significant
0.4,eigenvec,0.0617705742838201,30,ancova_p_value,,10.0,30.0,0.0035685233088176825,0.0005656565647368,-0.04643147669118232,0.0,significant
0.4,eigenvec,0.0617705742838201,30,ancova_p_value,,15.0,30.0,0.0005407062921313466,9.113574198828313e-05,-0.049459293707868654,0.0,significant
0.4,eigenvec,0.0617705742838201,50,ancova_p_value,,0.5,50.0,0.48278284379668057,0.038050059596298,0.4327828437966806,2.753434574712107e-60,non-significant
0.4,eigenvec,0.0617705742838201,50,ancova_p_value,,1.0,50.0,0.32212564510024433,0.0295968841703003,0.27212564510024434,3.979686165478487e-42,non-significant
0.4,eigenvec,0.0617705742838201,50,ancova_p_value,,2.0,50.0,0.16349617189550622,0.0180384916896226,0.11349617189550622,8.034915122846528e-18,non-significant
0.4,eigenvec,0.0617705742838201,50,ancova_p_value,,4.0,50.0,0.05094706873769324,0.0068904027552021,0.0009470687376932352,0.46200171944976914,non-significant
0.4,eigenvec,0.0617705742838201,50,ancova_p_value,,6.0,50.0,0.01785224137520709,0.0027257799626773,-0.03214775862479291,1.1102230246251565e-16,significant
0.4,eigenvec,0.0617705742838201,50,ancova_p_value,,8.0,50.0,0.006713432842279582,0.0011139652607902,-0.04328656715772042,0.0,significant
0.4,eigenvec,0.0617705742838201,50,ancova_p_value,,10.0,50.0,0.0026605541904910716,0.0004692762752606,-0.04733944580950893,0.0,significant
0.4,eigenvec,0.0617705742838201,50,ancova_p_value,,15.0,50.0,0.00031306556427201346,6.095297238814399e-05,-0.04968693443572799,0.0,significant
0.4,eigenvec,0.0617705742838201,75,ancova_p_value,,0.5,75.0,0.4816914470000123,0.0381608414247988,0.43169144700001233,1.0525003091810833e-59,non-significant
0.4,eigenvec,0.0617705742838201,75,ancova_p_value,,1.0,75.0,0.3205260061237414,0.0296951550556358,0.2705260061237414,2.235507919739781e-41,non-significant
0.4,eigenvec,0.0617705742838201,75,ancova_p_value,,2.0,75.0,0.16143714082856858,0.0180698499997125,0.11143714082856858,4.0977740267966666e-17,non-significant
0.4,eigenvec,0.0617705742838201,75,ancova_p_value,,4.0,75.0,0.04912138289485513,0.0068198156465711,-0.0008786171051448702,0.4317622572569251,significant
0.4,eigenvec,0.0617705742838201,75,ancova_p_value,,6.0,75.0,0.016639791628428848,0.0026373719724942,-0.03336020837157115,0.0,significant
0.4,eigenvec,0.0617705742838201,75,ancova_p_value,,8.0,75.0,0.005996484169924953,0.0010438415831527,-0.04400351583007505,0.0,significant
0.4,eigenvec,0.0617705742838201,75,ancova_p_value,,10.0,75.0,0.0022598459055359287,0.0004223601416401,-0.047740154094464075,0.0,significant
0.4,eigenvec,0.0617705742838201,75,ancova_p_value,,15.0,75.0,0.0002280430925145892,4.812677333143064e-05,-0.04977195690748541,0.0,significant
0.4,eigenvec,0.0617705742838201,100,ancova_p_value,,0.5,100.0,0.48114467698573943,0.03821640789752,0.43114467698573944,2.051412735818744e-59,non-significant
0.4,eigenvec,0.0617705742838201,100,ancova_p_value,,1.0,100.0,0.31972415578412333,0.0297444954424707,0.26972415578412334,5.260893804656781e-41,non-significant
0.4,eigenvec,0.0617705742838201,100,ancova_p_value,,2.0,100.0,0.16040513148560548,0.0180853662602614,0.11040513148560548,9.112502229946182e-17,non-significant
0.4,eigenvec,0.0617705742838201,100,ancova_p_value,,4.0,100.0,0.04821217873113365,0.0067834768590057,-0.0017878212688663547,0.3802682602563401,significant
0.4,eigenvec,0.0617705742838201,100,ancova_p_value,,6.0,100.0,0.016044679166962617,0.0025923270197331,-0.033955320833037386,0.0,significant
0.4,eigenvec,0.0617705742838201,100,ancova_p_value,,8.0,100.0,0.005652215916228005,0.0010086403324794,-0.044347784083772,0.0,significant
0.4,eigenvec,0.0617705742838201,100,ancova_p_value,,10.0,100.0,0.00207287258086666,0.0003993055824956,-0.047927127419133346,0.0,significant
0.4,eigenvec,0.0617705742838201,100,ancova_p_value,,15.0,100.0,0.0001920508540141487,4.23053258543884e-05,-0.04980794914598585,0.0,significant
0.4,eigenvec,0.0617705742838201,300,ancova_p_value,,0.5,300.0,0.4800490110787622,0.0383278921168678,0.4300490110787622,7.745043689637133e-59,non-significant
0.4,eigenvec,0.0617705742838201,300,ancova_p_value,,1.0,300.0,0.31811640443062633,0.0298435881199653,0.26811640443062634,2.8725673378175596e-40,non-significant
0.4,eigenvec,0.0617705742838201,300,ancova_p_value,,2.0,300.0,0.15833615787546532,0.0181160582884655,0.10833615787546531,4.370145601898206e-16,non-significant
0.4,eigenvec,0.0617705742838201,300,ancova_p_value,,4.0,300.0,0.0464015209831491,0.0067086369717601,-0.0035984790168509043,0.2846770485780321,significant
0.4,eigenvec,0.0617705742838201,300,ancova_p_value,,6.0,300.0,0.014877544674688336,0.0025005407645073,-0.03512245532531166,0.0,significant
0.4,eigenvec,0.0617705742838201,300,ancova_p_value,,8.0,300.0,0.004992719858471545,0.0009380495751471,-0.04500728014152846,0.0,significant
0.4,eigenvec,0.0617705742838201,300,ancova_p_value,,10.0,300.0,0.0017256705948826214,0.0003541389557507,-0.04827432940511738,0.0,significant
0.4,eigenvec,0.0617705742838201,300,ancova_p_value,,15.0,300.0,0.00013201666015390175,3.186913523250064e-05,-0.0498679833398461,0.0,significant
0.4,eigenvec,0.0617705742838201,500,ancova_p_value,,0.5,500.0,0.47982953965954955,0.0383502451813164,0.42982953965954956,1.009222645884582e-58,non-significant
0.4,eigenvec,0.0617705742838201,500,ancova_p_value,,1.0,500.0,0.3177942072606085,0.0298634727818076,0.2677942072606085,4.0246486174700966e-40,non-significant
0.4,eigenvec,0.0617705742838201,500,ancova_p_value,,2.0,500.0,0.15792157401181234,0.0181221405668426,0.10792157401181234,5.950365008667129e-16,non-significant
0.4,eigenvec,0.0617705742838201,500,ancova_p_value,,4.0,500.0,0.046040682769031456,0.006693314934795,-0.003959317230968547,0.2671036517333272,significant
0.4,eigenvec,0.0617705742838201,500,ancova_p_value,,6.0,500.0,0.01464790875937049,0.0024819108132936,-0.03535209124062951,0.0,significant
0.4,eigenvec,0.0617705742838201,500,ancova_p_value,,8.0,500.0,0.004865533464805003,0.0009239122224828,-0.045134466535195,0.0,significant
0.4,eigenvec,0.0617705742838201,500,ancova_p_value,,10.0,500.0,0.0016604995248597615,0.0003452721324374,-0.04833950047514024,0.0,significant
0.4,eigenvec,0.0617705742838201,500,ancova_p_value,,15.0,500.0,0.0001217965039979378,2.9976419980752855e-05,-0.04987820349600206,0.0,significant
0.4,eigenvec,0.0617705742838201,1000,ancova_p_value,,0.5,1000.0,0.4796648624377731,0.0383670222807689,0.42966486243777313,1.2305944245678477e-58,non-significant
0.4,eigenvec,0.0617705742838201,1000,ancova_p_value,,1.0,1000.0,0.31755241808467255,0.0298784007821203,0.26755241808467256,5.180313614617347e-40,non-significant
0.4,eigenvec,0.0617705742838201,1000,ancova_p_value,,2.0,1000.0,0.1576104641334238,0.0181266897054629,0.1076104641334238,7.492315863583351e-16,non-significant
0.4,eigenvec,0.0617705742838201,1000,ancova_p_value,,4.0,1000.0,0.04577034649325166,0.0066817445176414,-0.0042296535067483446,0.25431080404904605,significant
0.4,eigenvec,0.0617705742838201,1000,ancova_p_value,,6.0,1000.0,0.014476528145859816,0.0024678785120793,-0.03552347185414019,0.0,significant
0.4,eigenvec,0.0617705742838201,1000,ancova_p_value,,8.0,1000.0,0.00477118583723039,0.0009133070416286,-0.04522881416276961,0.0,significant
0.4,eigenvec,0.0617705742838201,1000,ancova_p_value,,10.0,1000.0,0.0016125523948250528,0.000338661282483,-0.04838744760517495,0.0,significant
0.4,eigenvec,0.0617705742838201,1000,ancova_p_value,,15.0,1000.0,0.00011449967420285442,2.859953560344965e-05,-0.049885500325797145,0.0,significant
0.5,eigenvec,0.059867389460399,30,ancova_p_value,,0.5,30.0,0.4849569686830381,0.0366643398126774,0.4349569686830381,2.512742084742432e-65,non-significant
0.5,eigenvec,0.059867389460399,30,ancova_p_value,,1.0,30.0,0.3253086154260302,0.0284960802276517,0.2753086154260302,2.3337593290496194e-46,non-significant
0.5,eigenvec,0.059867389460399,30,ancova_p_value,,2.0,30.0,0.167594108019346,0.0174207446624447,0.11759410801934599,1.9932692184844378e-20,non-significant
0.5,eigenvec,0.059867389460399,30,ancova_p_value,,4.0,30.0,0.054625044962983094,0.0068071945839206,0.004625044962983091,0.255088865996024,non-significant
0.5,eigenvec,0.059867389460399,30,ancova_p_value,,6.0,30.0,0.0203613903722062,0.0028067428007996,-0.029638609627793803,3.885780586188048e-15,significant
0.5,eigenvec,0.059867389460399,30,ancova_p_value,,8.0,30.0,0.008257335914631373,0.0012140753226202,-0.04174266408536863,0.0,significant
0.5,eigenvec,0.059867389460399,30,ancova_p_value,,10.0,30.0,0.0035685233088176825,0.0005482283798485,-0.04643147669118232,0.0,significant
0.5,eigenvec,0.059867389460399,30,ancova_p_value,,15.0,30.0,0.0005407062921313466,8.832780045569559e-05,-0.049459293707868654,0.0,significant
0.5,eigenvec,0.059867389460399,50,ancova_p_value,,0.5,50.0,0.48278284379668057,0.0368777166677507,0.4327828437966806,4.480745274535509e-64,non-significant
0.5,eigenvec,0.059867389460399,50,ancova_p_value,,1.0,50.0,0.32212564510024433,0.0286849881514183,0.27212564510024434,9.769789359092529e-45,non-significant
0.5,eigenvec,0.059867389460399,50,ancova_p_value,,2.0,50.0,0.16349617189550622,0.0174827159983791,0.11349617189550622,7.287712932576648e-19,non-significant
0.5,eigenvec,0.059867389460399,50,ancova_p_value,,4.0,50.0,0.05094706873769324,0.0066781057172839,0.0009470687376932352,0.45973123880240613,non-significant
0.5,eigenvec,0.059867389460399,50,ancova_p_value,,6.0,50.0,0.01785224137520709,0.0026417972068571,-0.03214775862479291,0.0,significant
0.5,eigenvec,0.059867389460399,50,ancova_p_value,,8.0,50.0,0.006713432842279582,0.0010796433882363,-0.04328656715772042,0.0,significant
0.5,eigenvec,0.059867389460399,50,ancova_p_value,,10.0,50.0,0.0026605541904910716,0.0004548176192513,-0.04733944580950893,0.0,significant
0.5,eigenvec,0.059867389460399,50,ancova_p_value,,15.0,50.0,0.00031306556427201346,5.907497832160821e-05,-0.04968693443572799,0.0,significant
0.5,eigenvec,0.059867389460399,75,ancova_p_value,,0.5,75.0,0.4816914470000123,0.0369850852481611,0.43169144700001233,1.8674453640661596e-63,non-significant
0.5,eigenvec,0.059867389460399,75,ancova_p_value,,1.0,75.0,0.3205260061237414,0.0287802312575933,0.2705260061237414,6.132928484840279e-44,non-significant
0.5,eigenvec,0.059867389460399,75,ancova_p_value,,2.0,75.0,0.16143714082856858,0.0175131081419643,0.11143714082856858,4.124737878928324e-18,non-significant
0.5,eigenvec,0.059867389460399,75,ancova_p_value,,4.0,75.0,0.04912138289485513,0.006609693435671,-0.0008786171051448702,0.4306928448068543,significant
0.5,eigenvec,0.059867389460399,75,ancova_p_value,,6.0,75.0,0.016639791628428848,0.0025561131146972,-0.03336020837157115,0.0,significant
0.5,eigenvec,0.059867389460399,75,ancova_p_value,,8.0,75.0,0.005996484169924953,0.0010116802590571,-0.04400351583007505,0.0,significant
0.5,eigenvec,0.059867389460399,75,ancova_p_value,,10.0,75.0,0.0022598459055359287,0.0004093469970983,-0.047740154094464075,0.0,significant
0.5,eigenvec,0.059867389460399,75,ancova_p_value,,15.0,75.0,0.0002280430925145892,4.66439613992677e-05,-0.04977195690748541,0.0,significant
0.5,eigenvec,0.059867389460399,100,ancova_p_value,,0.5,100.0,0.48114467698573943,0.0370389396877857,0.43114467698573944,3.7998541881282176e-63,non-significant
0.5,eigenvec,0.059867389460399,100,ancova_p_value,,1.0,100.0,0.31972415578412333,0.0288280514404071,0.26972415578412334,1.5250331786353105e-43,non-significant
0.5,eigenvec,0.059867389460399,100,ancova_p_value,,2.0,100.0,0.16040513148560548,0.0175281463381284,0.11040513148560548,9.653154493737267e-18,non-significant
0.5,eigenvec,0.059867389460399,100,ancova_p_value,,4.0,100.0,0.04821217873113365,0.0065744742658168,-0.0017878212688663547,0.37763714256355363,significant
0.5,eigenvec,0.059867389460399,100,ancova_p_value,,6.0,100.0,0.016044679166962617,0.0025124560213086,-0.033955320833037386,0.0,significant
0.5,eigenvec,0.059867389460399,100,ancova_p_value,,8.0,100.0,0.005652215916228005,0.0009775635779677,-0.044347784083772,0.0,significant
0.5,eigenvec,0.059867389460399,100,ancova_p_value,,10.0,100.0,0.00207287258086666,0.000387002761398,-0.047927127419133346,0.0,significant
0.5,eigenvec,0.059867389460399,100,ancova_p_value,,15.0,100.0,0.0001920508540141487,4.100187586951354e-05,-0.04980794914598585,0.0,significant
0.5,eigenvec,0.059867389460399,300,ancova_p_value,,0.5,300.0,0.4800490110787622,0.037146989018001,0.4300490110787622,1.5629320723574083e-62,non-significant
0.5,eigenvec,0.059867389460399,300,ancova_p_value,,1.0,300.0,0.31811640443062633,0.02892409101888,0.26811640443062634,9.288535266774506e-43,non-significant
0.5,eigenvec,0.059867389460399,300,ancova_p_value,,2.0,300.0,0.15833615787546532,0.0175578927283332,0.10833615787546531,5.1171278783522273e-17,non-significant
0.5,eigenvec,0.059867389460399,300,ancova_p_value,,4.0,300.0,0.0464015209831491,0.0065019402359999,-0.0035984790168509043,0.279523507552053,significant
0.5,eigenvec,0.059867389460399,300,ancova_p_value,,6.0,300.0,0.014877544674688336,0.0024234977502803,-0.03512245532531166,0.0,significant
0.5,eigenvec,0.059867389460399,300,ancova_p_value,,8.0,300.0,0.004992719858471545,0.0009091477600719,-0.04500728014152846,0.0,significant
0.5,eigenvec,0.059867389460399,300,ancova_p_value,,10.0,300.0,0.0017256705948826214,0.0003432277428669,-0.04827432940511738,0.0,significant
0.5,eigenvec,0.059867389460399,300,ancova_p_value,,15.0,300.0,0.00013201666015390175,3.088722992866833e-05,-0.0498679833398461,0.0,significant
0.5,eigenvec,0.059867389460399,500,ancova_p_value,,0.5,500.0,0.47982953965954955,0.0371686533724367,0.42982953965954956,2.071647220800418e-62,non-significant
0.5,eigenvec,0.059867389460399,500,ancova_p_value,,1.0,500.0,0.3177942072606085,0.0289433630235295,0.2677942072606085,1.3299418481049497e-42,non-significant
0.5,eigenvec,0.059867389460399,500,ancova_p_value,,2.0,500.0,0.15792157401181234,0.0175637876084219,0.10792157401181234,7.106165809530874e-17,non-significant
0.5,eigenvec,0.059867389460399,500,ancova_p_value,,4.0,500.0,0.046040682769031456,0.0064870902792859,-0.003959317230968547,0.26157078295544545,significant
0.5,eigenvec,0.059867389460399,500,ancova_p_value,,6.0,500.0,0.01464790875937049,0.0024054417979459,-0.03535209124062951,0.0,significant
0.5,eigenvec,0.059867389460399,500,ancova_p_value,,8.0,500.0,0.004865533464805003,0.0008954459868943,-0.045134466535195,0.0,significant
0.5,eigenvec,0.059867389460399,500,ancova_p_value,,10.0,500.0,0.0016604995248597615,0.0003346341111785,-0.04833950047514024,0.0,significant
0.5,eigenvec,0.059867389460399,500,ancova_p_value,,15.0,500.0,0.0001217965039979378,2.9052830258149136e-05,-0.04987820349600206,0.0,significant
0.5,eigenvec,0.059867389460399,1000,ancova_p_value,,0.5,1000.0,0.4796648624377731,0.0371849135603754,0.42966486243777313,2.5585687397673994e-62,non-significant
0.5,eigenvec,0.059867389460399,1000,ancova_p_value,,1.0,1000.0,0.31755241808467255,0.0289578310840736,0.26755241808467256,1.739872959177024e-42,non-significant
0.5,eigenvec,0.059867389460399,1000,ancova_p_value,,2.0,1000.0,0.1576104641334238,0.0175681965856194,0.1076104641334238,9.080267476844131e-17,non-significant
0.5,eigenvec,0.059867389460399,1000,ancova_p_value,,4.0,1000.0,0.04577034649325166,0.0064758763529466,-0.0042296535067483446,0.24852393709450926,significant
0.5,eigenvec,0.059867389460399,1000,ancova_p_value,,6.0,1000.0,0.014476528145859816,0.0023918418395262,-0.03552347185414019,0.0,significant
0.5,eigenvec,0.059867389460399,1000,ancova_p_value,,8.0,1000.0,0.00477118583723039,0.0008851675574016,-0.04522881416276961,0.0,significant
0.5,eigenvec,0.059867389460399,1000,ancova_p_value,,10.0,1000.0,0.0016125523948250528,0.000328226945089,-0.04838744760517495,0.0,significant
0.5,eigenvec,0.059867389460399,1000,ancova_p_value,,15.0,1000.0,0.00011449967420285442,2.771836843366936e-05,-0.049885500325797145,0.0,significant
0.05,smallworldness,0.1417213236964526,30,ancova_p_value,,0.5,30.0,0.4849569686830381,0.0867938090760799,0.4349569686830381,8.259368643184155e-13,non-significant
0.05,smallworldness,0.1417213236964526,30,ancova_p_value,,1.0,30.0,0.3253086154260302,0.0674574630098828,0.2753086154260302,1.6822924408482711e-09,non-significant
0.05,smallworldness,0.1417213236964526,30,ancova_p_value,,2.0,30.0,0.167594108019346,0.0412393293843671,0.11759410801934599,7.371123282091003e-05,non-significant
0.05,smallworldness,0.1417213236964526,30,ancova_p_value,,4.0,30.0,0.054625044962983094,0.0161143593496873,0.004625044962983091,0.4206622385584545,non-significant
0.05,smallworldness,0.1417213236964526,30,ancova_p_value,,6.0,30.0,0.0203613903722062,0.0066442734281563,-0.029638609627793803,0.0003921035771388137,significant
0.05,smallworldness,0.1417213236964526,30,ancova_p_value,,8.0,30.0,0.008257335914631373,0.0028740247961331,-0.04174266408536863,2.986499936241671e-14,significant
0.05,smallworldness,0.1417213236964526,30,ancova_p_value,,10.0,30.0,0.0035685233088176825,0.0012977958848781,-0.04643147669118232,0.0,significant
0.05,smallworldness,0.1417213236964526,30,ancova_p_value,,15.0,30.0,0.0005407062921313466,0.0002090943485694,-0.049459293707868654,0.0,significant
0.05,smallworldness,0.1417213236964526,50,ancova_p_value,,0.5,50.0,0.48278284379668057,0.0872989263130221,0.4327828437966806,1.386173958949823e-12,non-significant
0.05,smallworldness,0.1417213236964526,50,ancova_p_value,,1.0,50.0,0.32212564510024433,0.0679046560686458,0.27212564510024434,3.304653135662563e-09,non-significant
0.05,smallworldness,0.1417213236964526,50,ancova_p_value,,2.0,50.0,0.16349617189550622,0.0413860312839992,0.11349617189550622,0.00014355504044465911,non-significant
0.05,smallworldness,0.1417213236964526,50,ancova_p_value,,4.0,50.0,0.05094706873769324,0.0158087731997128,0.0009470687376932352,0.5153617202270508,non-significant
0.05,smallworldness,0.1417213236964526,50,ancova_p_value,,6.0,50.0,0.01785224137520709,0.006253805293131,-0.03214775862479291,0.00011741502534290404,significant
0.05,smallworldness,0.1417213236964526,50,ancova_p_value,,8.0,50.0,0.006713432842279582,0.002555790247079,-0.04328656715772042,5.551115123125783e-16,significant
0.05,smallworldness,0.1417213236964526,50,ancova_p_value,,10.0,50.0,0.0026605541904910716,0.0010766688780276,-0.04733944580950893,0.0,significant
0.05,smallworldness,0.1417213236964526,50,ancova_p_value,,15.0,50.0,0.00031306556427201346,0.0001398454851721,-0.04968693443572799,0.0,significant
0.05,smallworldness,0.1417213236964526,75,ancova_p_value,,0.5,75.0,0.4816914470000123,0.0875530950261783,0.43169144700001233,1.7916039857710738e-12,non-significant
0.05,smallworldness,0.1417213236964526,75,ancova_p_value,,1.0,75.0,0.3205260061237414,0.0681301207030944,0.2705260061237414,4.607054650755215e-09,non-significant
0.05,smallworldness,0.1417213236964526,75,ancova_p_value,,2.0,75.0,0.16143714082856858,0.0414579772107832,0.11143714082856858,0.0001980511520831446,non-significant
0.05,smallworldness,0.1417213236964526,75,ancova_p_value,,4.0,75.0,0.04912138289485513,0.0156468239449573,-0.0008786171051448702,0.4377308448003485,significant
0.05,smallworldness,0.1417213236964526,75,ancova_p_value,,6.0,75.0,0.016639791628428848,0.0060509692738879,-0.03336020837157115,6.195344575254946e-05,significant
0.05,smallworldness,0.1417213236964526,75,ancova_p_value,,8.0,75.0,0.005996484169924953,0.0023949042502678,-0.04400351583007505,1.1102230246251565e-16,significant
0.05,smallworldness,0.1417213236964526,75,ancova_p_value,,10.0,75.0,0.0022598459055359287,0.0009690283608962,-0.047740154094464075,0.0,significant
0.05,smallworldness,0.1417213236964526,75,ancova_p_value,,15.0,75.0,0.0002280430925145892,0.0001104181092834,-0.04977195690748541,0.0,significant
0.05,smallworldness,0.1417213236964526,100,ancova_p_value,,0.5,100.0,0.48114467698573943,0.0876805821696686,0.43114467698573944,2.0356386300603134e-12,non-significant
0.05,smallworldness,0.1417213236964526,100,ancova_p_value,,1.0,100.0,0.31972415578412333,0.0682433232273546,0.26972415578412334,5.432429026829589e-09,non-significant
0.05,smallworldness,0.1417213236964526,100,ancova_p_value,,2.0,100.0,0.16040513148560548,0.041493576442445,0.11040513148560548,0.00023196384954066822,non-significant
0.05,smallworldness,0.1417213236964526,100,ancova_p_value,,4.0,100.0,0.04821217873113365,0.0155634512204036,-0.0017878212688663547,0.4146758335888536,significant
0.05,smallworldness,0.1417213236964526,100,ancova_p_value,,6.0,100.0,0.016044679166962617,0.0059476218401759,-0.033955320833037386,4.458266926099519e-05,significant
0.05,smallworldness,0.1417213236964526,100,ancova_p_value,,8.0,100.0,0.005652215916228005,0.0023141413967728,-0.044347784083772,0.0,significant
0.05,smallworldness,0.1417213236964526,100,ancova_p_value,,10.0,100.0,0.00207287258086666,0.0009161338771217,-0.047927127419133346,0.0,significant
0.05,smallworldness,0.1417213236964526,100,ancova_p_value,,15.0,100.0,0.0001920508540141487,9.70618591296493e-05,-0.04980794914598585,0.0,significant
0.05,smallworldness,0.1417213236964526,300,ancova_p_value,,0.5,300.0,0.4800490110787622,0.0879363623905976,0.4300490110787622,2.6248840645874233e-12,non-significant
0.05,smallworldness,0.1417213236964526,300,ancova_p_value,,1.0,300.0,0.31811640443062633,0.068470673314123,0.26811640443062634,7.533215869478941e-09,non-significant
0.05,smallworldness,0.1417213236964526,300,ancova_p_value,,2.0,300.0,0.15833615787546532,0.0415639937068858,0.10833615787546531,0.00031640768317363875,non-significant
0.05,smallworldness,0.1417213236964526,300,ancova_p_value,,4.0,300.0,0.0464015209831491,0.0153917447402758,-0.0035984790168509043,0.36973936980691113,significant
0.05,smallworldness,0.1417213236964526,300,ancova_p_value,,6.0,300.0,0.014877544674688336,0.0057370350075528,-0.03512245532531166,2.2646813767401852e-05,significant
0.05,smallworldness,0.1417213236964526,300,ancova_p_value,,8.0,300.0,0.004992719858471545,0.002152183770737,-0.04500728014152846,0.0,significant
0.05,smallworldness,0.1417213236964526,300,ancova_p_value,,10.0,300.0,0.0017256705948826214,0.0008125072846315,-0.04827432940511738,0.0,significant
0.05,smallworldness,0.1417213236964526,300,ancova_p_value,,15.0,300.0,0.00013201666015390175,7.31179219648972e-05,-0.0498679833398461,0.0,significant
0.05,smallworldness,0.1417213236964526,500,ancova_p_value,,0.5,500.0,0.47982953965954955,0.0879876474226548,0.42982953965954956,2.761281325724167e-12,non-significant
0.05,smallworldness,0.1417213236964526,500,ancova_p_value,,1.0,500.0,0.3177942072606085,0.0685162950463186,0.2677942072606085,8.038832862304866e-09,non-significant
0.05,smallworldness,0.1417213236964526,500,ancova_p_value,,2.0,500.0,0.15792157401181234,0.0415779483859979,0.10792157401181234,0.00033637247333349695,non-significant
0.05,smallworldness,0.1417213236964526,500,ancova_p_value,,4.0,500.0,0.046040682769031456,0.0153565911192257,-0.003959317230968547,0.36097742703999036,significant
0.05,smallworldness,0.1417213236964526,500,ancova_p_value,,6.0,500.0,0.01464790875937049,0.005694291980197,-0.03535209124062951,1.9715572475043075e-05,significant
0.05,smallworldness,0.1417213236964526,500,ancova_p_value,,8.0,500.0,0.004865533464805003,0.0021197481918813,-0.045134466535195,0.0,significant
0.05,smallworldness,0.1417213236964526,500,ancova_p_value,,10.0,500.0,0.0016604995248597615,0.0007921639747059,-0.04833950047514024,0.0,significant
0.05,smallworldness,0.1417213236964526,500,ancova_p_value,,15.0,500.0,0.0001217965039979378,6.877543180727501e-05,-0.04987820349600206,0.0,significant
0.05,smallworldness,0.1417213236964526,1000,ancova_p_value,,0.5,1000.0,0.4796648624377731,0.0880261394193661,0.42966486243777313,2.868093063716289e-12,non-significant
0.05,smallworldness,0.1417213236964526,1000,ancova_p_value,,1.0,1000.0,0.31755241808467255,0.0685505446220912,0.26755241808467256,8.439409533071202e-09,non-significant
0.05,smallworldness,0.1417213236964526,1000,ancova_p_value,,2.0,1000.0,0.1576104641334238,0.0415883855553852,0.1076104641334238,0.000352099219085666,non-significant
0.05,smallworldness,0.1417213236964526,1000,ancova_p_value,,4.0,1000.0,0.04577034649325166,0.0153300449060209,-0.0042296535067483446,0.3544613345786213,significant
0.05,smallworldness,0.1417213236964526,1000,ancova_p_value,,6.0,1000.0,0.014476528145859816,0.0056620974227454,-0.03552347185414019,1.775647667889846e-05,significant
0.05,smallworldness,0.1417213236964526,1000,ancova_p_value,,8.0,1000.0,0.00477118583723039,0.0020954165374306,-0.04522881416276961,0.0,significant
0.05,smallworldness,0.1417213236964526,1000,ancova_p_value,,10.0,1000.0,0.0016125523948250528,0.0007769965844531,-0.04838744760517495,0.0,significant
0.05,smallworldness,0.1417213236964526,1000,ancova_p_value,,15.0,1000.0,0.00011449967420285442,6.561642156994444e-05,-0.049885500325797145,0.0,significant
0.1,smallworldness,0.098866466207878,30,ancova_p_value,,0.5,30.0,0.4849569686830381,0.0605483844509707,0.4349569686830381,6.515179934852275e-25,non-significant
0.1,smallworldness,0.098866466207878,30,ancova_p_value,,1.0,30.0,0.3253086154260302,0.0470591214729297,0.2753086154260302,5.1483229960497714e-18,non-significant
0.1,smallworldness,0.098866466207878,30,ancova_p_value,,2.0,30.0,0.167594108019346,0.0287690423619515,0.11759410801934599,1.7165812664276264e-08,non-significant
0.1,smallworldness,0.098866466207878,30,ancova_p_value,,4.0,30.0,0.054625044962983094,0.0112415670595895,0.004625044962983091,0.3605675350761123,non-significant
0.1,smallworldness,0.098866466207878,30,ancova_p_value,,6.0,30.0,0.0203613903722062,0.0046351234749098,-0.029638609627793803,1.03779060134368e-06,significant
0.1,smallworldness,0.098866466207878,30,ancova_p_value,,8.0,30.0,0.008257335914631373,0.0020049535805641,-0.04174266408536863,0.0,significant
0.1,smallworldness,0.098866466207878,30,ancova_p_value,,10.0,30.0,0.0035685233088176825,0.0009053577094145,-0.04643147669118232,0.0,significant
0.1,smallworldness,0.098866466207878,30,ancova_p_value,,15.0,30.0,0.0005407062921313466,0.000145866682641,-0.049459293707868654,0.0,significant
0.1,smallworldness,0.098866466207878,50,ancova_p_value,,0.5,50.0,0.48278284379668057,0.0609007601904474,0.4327828437966806,1.8791068096935925e-24,non-significant
0.1,smallworldness,0.098866466207878,50,ancova_p_value,,1.0,50.0,0.32212564510024433,0.0473710886228223,0.27212564510024434,2.0386755354409045e-17,non-significant
0.1,smallworldness,0.098866466207878,50,ancova_p_value,,2.0,50.0,0.16349617189550622,0.0288713833366496,0.11349617189550622,6.551370672973418e-08,non-significant
0.1,smallworldness,0.098866466207878,50,ancova_p_value,,4.0,50.0,0.05094706873769324,0.0110283865587161,0.0009470687376932352,0.4929549441582797,non-significant
0.1,smallworldness,0.098866466207878,50,ancova_p_value,,6.0,50.0,0.01785224137520709,0.0043627283005646,-0.03214775862479291,9.928615773979743e-08,significant
0.1,smallworldness,0.098866466207878,50,ancova_p_value,,8.0,50.0,0.006713432842279582,0.0017829494073769,-0.04328656715772042,0.0,significant
0.1,smallworldness,0.098866466207878,50,ancova_p_value,,10.0,50.0,0.0026605541904910716,0.0007510969024999,-0.04733944580950893,0.0,significant
0.1,smallworldness,0.098866466207878,50,ancova_p_value,,15.0,50.0,0.00031306556427201346,9.755785913845122e-05,-0.04968693443572799,0.0,significant
0.1,smallworldness,0.098866466207878,75,ancova_p_value,,0.5,75.0,0.4816914470000123,0.06107807128122,0.43169144700001233,3.1759809974098913e-24,non-significant
0.1,smallworldness,0.098866466207878,75,ancova_p_value,,1.0,75.0,0.3205260061237414,0.0475283754098871,0.2705260061237414,4.0123370596020384e-17,non-significant
0.1,smallworldness,0.098866466207878,75,ancova_p_value,,2.0,75.0,0.16143714082856858,0.0289215736633673,0.11143714082856858,1.2495763748541908e-07,non-significant
0.1,smallworldness,0.098866466207878,75,ancova_p_value,,4.0,75.0,0.04912138289485513,0.010915408849328,-0.0008786171051448702,0.4402932682006757,significant
0.1,smallworldness,0.098866466207878,75,ancova_p_value,,6.0,75.0,0.016639791628428848,0.004221227502243,-0.03336020837157115,2.850946601018478e-08,significant
0.1,smallworldness,0.098866466207878,75,ancova_p_value,,8.0,75.0,0.005996484169924953,0.0016707134392658,-0.04400351583007505,0.0,significant
0.1,smallworldness,0.098866466207878,75,ancova_p_value,,10.0,75.0,0.0022598459055359287,0.0006760056087411,-0.047740154094464075,0.0,significant
0.1,smallworldness,0.098866466207878,75,ancova_p_value,,15.0,75.0,0.0002280430925145892,7.702897478990111e-05,-0.04977195690748541,0.0,significant
0.1,smallworldness,0.098866466207878,100,ancova_p_value,,0.5,100.0,0.48114467698573943,0.0611670078155049,0.43114467698573944,4.123995265821237e-24,non-significant
0.1,smallworldness,0.098866466207878,100,ancova_p_value,,1.0,100.0,0.31972415578412333,0.0476073468253912,0.26972415578412334,5.613390824094579e-17,non-significant
0.1,smallworldness,0.098866466207878,100,ancova_p_value,,2.0,100.0,0.16040513148560548,0.0289464081070651,0.11040513148560548,1.715519269239145e-07,non-significant
0.1,smallworldness,0.098866466207878,100,ancova_p_value,,4.0,100.0,0.04821217873113365,0.0108572470537721,-0.0017878212688663547,0.40760334187449565,significant
0.1,smallworldness,0.098866466207878,100,ancova_p_value,,6.0,100.0,0.016044679166962617,0.0041491311140901,-0.033955320833037386,1.4989099295092956e-08,significant
0.1,smallworldness,0.098866466207878,100,ancova_p_value,,8.0,100.0,0.005652215916228005,0.001614372320529,-0.044347784083772,0.0,significant
0.1,smallworldness,0.098866466207878,100,ancova_p_value,,10.0,100.0,0.00207287258086666,0.0006391057932703,-0.047927127419133346,0.0,significant
0.1,smallworldness,0.098866466207878,100,ancova_p_value,,15.0,100.0,0.0001920508540141487,6.771149722161032e-05,-0.04980794914598585,0.0,significant
0.1,smallworldness,0.098866466207878,300,ancova_p_value,,0.5,300.0,0.4800490110787622,0.0613454431130984,0.4300490110787622,6.93666711702033e-24,non-significant
0.1,smallworldness,0.098866466207878,300,ancova_p_value,,1.0,300.0,0.31811640443062633,0.0477659489262225,0.26811640443062634,1.0926710897920488e-16,non-significant
0.1,smallworldness,0.098866466207878,300,ancova_p_value,,2.0,300.0,0.15833615787546532,0.0289955320209102,0.10833615787546531,3.1953868246463595e-07,non-significant
0.1,smallworldness,0.098866466207878,300,ancova_p_value,,4.0,300.0,0.0464015209831491,0.0107374625889332,-0.0035984790168509043,0.34466646323327343,significant
0.1,smallworldness,0.098866466207878,300,ancova_p_value,,6.0,300.0,0.014877544674688336,0.0040022232569778,-0.03512245532531166,3.9851157929149394e-09,significant
0.1,smallworldness,0.098866466207878,300,ancova_p_value,,8.0,300.0,0.004992719858471545,0.0015013887712371,-0.04500728014152846,0.0,significant
0.1,smallworldness,0.098866466207878,300,ancova_p_value,,10.0,300.0,0.0017256705948826214,0.0005668146606627,-0.04827432940511738,0.0,significant
0.1,smallworldness,0.098866466207878,300,ancova_p_value,,15.0,300.0,0.00013201666015390175,5.100792437287768e-05,-0.0498679833398461,0.0,significant
0.1,smallworldness,0.098866466207878,500,ancova_p_value,,0.5,500.0,0.47982953965954955,0.0613812201560768,0.42982953965954956,7.693953159943297e-24,non-significant
0.1,smallworldness,0.098866466207878,500,ancova_p_value,,1.0,500.0,0.3177942072606085,0.0477977751844511,0.2677942072606085,1.2472682599141276e-16,non-significant
0.1,smallworldness,0.098866466207878,500,ancova_p_value,,2.0,500.0,0.15792157401181234,0.0290052669695749,0.10792157401181234,3.611852564151502e-07,non-significant
0.1,smallworldness,0.098866466207878,500,ancova_p_value,,4.0,500.0,0.046040682769031456,0.0107129390084516,-0.003959317230968547,0.33257343485792357,significant
0.1,smallworldness,0.098866466207878,500,ancova_p_value,,6.0,500.0,0.01464790875937049,0.0039724052171834,-0.03535209124062951,3.038217788464692e-09,significant
0.1,smallworldness,0.098866466207878,500,ancova_p_value,,8.0,500.0,0.004865533464805003,0.0014787613290341,-0.045134466535195,0.0,significant
0.1,smallworldness,0.098866466207878,500,ancova_p_value,,10.0,500.0,0.0016604995248597615,0.0005526229278249,-0.04833950047514024,0.0,significant
0.1,smallworldness,0.098866466207878,500,ancova_p_value,,15.0,500.0,0.0001217965039979378,4.797855204393898e-05,-0.04987820349600206,0.0,significant
0.1,smallworldness,0.098866466207878,1000,ancova_p_value,,0.5,1000.0,0.4796648624377731,0.0614080726267769,0.42966486243777313,8.314991294802334e-24,non-significant
0.1,smallworldness,0.098866466207878,1000,ancova_p_value,,1.0,1000.0,0.31755241808467255,0.047821668092289,0.26755241808467256,1.3771431106313242e-16,non-significant
0.1,smallworldness,0.098866466207878,1000,ancova_p_value,,2.0,1000.0,0.1576104641334238,0.0290125480619866,0.1076104641334238,3.957822635109443e-07,non-significant
0.1,smallworldness,0.098866466207878,1000,ancova_p_value,,4.0,1000.0,0.04577034649325166,0.0106944200571583,-0.0042296535067483446,0.32362788540156096,significant
0.1,smallworldness,0.098866466207878,1000,ancova_p_value,,6.0,1000.0,0.014476528145859816,0.0039499459143535,-0.03552347185414019,2.475368354737384e-09,significant
0.1,smallworldness,0.098866466207878,1000,ancova_p_value,,8.0,1000.0,0.00477118583723039,0.0014617872800358,-0.04522881416276961,0.0,significant
0.1,smallworldness,0.098866466207878,1000,ancova_p_value,,10.0,1000.0,0.0016125523948250528,0.0005420419775715,-0.04838744760517495,0.0,significant
0.1,smallworldness,0.098866466207878,1000,ancova_p_value,,15.0,1000.0,0.00011449967420285442,4.57747892598125e-05,-0.049885500325797145,0.0,significant
0.2,smallworldness,0.0404746405905467,30,ancova_p_value,,0.5,30.0,0.4849569686830381,0.0247877181514555,0.4349569686830381,6.925164699809287e-141,non-significant
0.2,smallworldness,0.0404746405905467,30,ancova_p_value,,1.0,30.0,0.3253086154260302,0.0192653899869229,0.2753086154260302,2.785477087599123e-99,non-significant
0.2,smallworldness,0.0404746405905467,30,ancova_p_value,,2.0,30.0,0.167594108019346,0.0117776703709211,0.11759410801934599,1.3978010561555812e-42,non-significant
0.2,smallworldness,0.0404746405905467,30,ancova_p_value,,4.0,30.0,0.054625044962983094,0.0046021507985804,0.004625044962983091,0.15716864857294427,non-significant
0.2,smallworldness,0.0404746405905467,30,ancova_p_value,,6.0,30.0,0.0203613903722062,0.0018975590403456,-0.029638609627793803,0.0,significant
0.2,smallworldness,0.0404746405905467,30,ancova_p_value,,8.0,30.0,0.008257335914631373,0.0008208018217566,-0.04174266408536863,0.0,significant
0.2,smallworldness,0.0404746405905467,30,ancova_p_value,,10.0,30.0,0.0035685233088176825,0.0003706416270344,-0.04643147669118232,0.0,significant
0.2,smallworldness,0.0404746405905467,30,ancova_p_value,,15.0,30.0,0.0005407062921313466,5.9715915623189424e-05,-0.049459293707868654,0.0,significant
0.2,smallworldness,0.0404746405905467,50,ancova_p_value,,0.5,50.0,0.48278284379668057,0.0249319761790274,0.4327828437966806,3.762847582670756e-138,non-significant
0.2,smallworldness,0.0404746405905467,50,ancova_p_value,,1.0,50.0,0.32212564510024433,0.0193931052654423,0.27212564510024434,9.715812425337728e-96,non-significant
0.2,smallworldness,0.0404746405905467,50,ancova_p_value,,2.0,50.0,0.16349617189550622,0.0118195674299288,0.11349617189550622,3.534452221612285e-39,non-significant
0.2,smallworldness,0.0404746405905467,50,ancova_p_value,,4.0,50.0,0.05094706873769324,0.0045148774845366,0.0009470687376932352,0.4274241755269647,non-significant
0.2,smallworldness,0.0404746405905467,50,ancova_p_value,,6.0,50.0,0.01785224137520709,0.0017860440120139,-0.03214775862479291,0.0,significant
0.2,smallworldness,0.0404746405905467,50,ancova_p_value,,8.0,50.0,0.006713432842279582,0.0007299162114581,-0.04328656715772042,0.0,significant
0.2,smallworldness,0.0404746405905467,50,ancova_p_value,,10.0,50.0,0.0026605541904910716,0.0003074892665166,-0.04733944580950893,0.0,significant
0.2,smallworldness,0.0404746405905467,50,ancova_p_value,,15.0,50.0,0.00031306556427201346,3.9938913939834494e-05,-0.04968693443572799,0.0,significant
0.2,smallworldness,0.0404746405905467,75,ancova_p_value,,0.5,75.0,0.4816914470000123,0.0250045650248414,0.43169144700001233,8.522586468920354e-137,non-significant
0.2,smallworldness,0.0404746405905467,75,ancova_p_value,,1.0,75.0,0.3205260061237414,0.0194574964227301,0.2705260061237414,5.370227776429221e-94,non-significant
0.2,smallworldness,0.0404746405905467,75,ancova_p_value,,2.0,75.0,0.16143714082856858,0.0118401146944659,0.11143714082856858,1.537051785009419e-37,non-significant
0.2,smallworldness,0.0404746405905467,75,ancova_p_value,,4.0,75.0,0.04912138289485513,0.0044686258852065,-0.0008786171051448702,0.41130619870508967,significant
0.2,smallworldness,0.0404746405905467,75,ancova_p_value,,6.0,75.0,0.016639791628428848,0.0017281154324357,-0.03336020837157115,0.0,significant
0.2,smallworldness,0.0404746405905467,75,ancova_p_value,,8.0,75.0,0.005996484169924953,0.0006839682713236,-0.04400351583007505,0.0,significant
0.2,smallworldness,0.0404746405905467,75,ancova_p_value,,10.0,75.0,0.0022598459055359287,0.0002767478711483,-0.047740154094464075,0.0,significant
0.2,smallworldness,0.0404746405905467,75,ancova_p_value,,15.0,75.0,0.0002280430925145892,3.15346566865672e-05,-0.04977195690748541,0.0,significant
0.2,smallworldness,0.0404746405905467,100,ancova_p_value,,0.5,100.0,0.48114467698573943,0.0250409744809352,0.43114467698573944,4.026874599755534e-136,non-significant
0.2,smallworldness,0.0404746405905467,100,ancova_p_value,,1.0,100.0,0.31972415578412333,0.019489826289287,0.26972415578412334,3.927008612722554e-93,non-significant
0.2,smallworldness,0.0404746405905467,100,ancova_p_value,,2.0,100.0,0.16040513148560548,0.0118502815915088,0.11040513148560548,9.776975035337497e-37,non-significant
0.2,smallworldness,0.0404746405905467,100,ancova_p_value,,4.0,100.0,0.04821217873113365,0.0044448152053924,-0.0017878212688663547,0.33484180464414703,significant
0.2,smallworldness,0.0404746405905467,100,ancova_p_value,,6.0,100.0,0.016044679166962617,0.0016986001123247,-0.033955320833037386,0.0,significant
0.2,smallworldness,0.0404746405905467,100,ancova_p_value,,8.0,100.0,0.005652215916228005,0.0006609029528308,-0.044347784083772,0.0,significant
0.2,smallworldness,0.0404746405905467,100,ancova_p_value,,10.0,100.0,0.00207287258086666,0.0002616415684117,-0.047927127419133346,0.0,significant
0.2,smallworldness,0.0404746405905467,100,ancova_p_value,,15.0,100.0,0.0001920508540141487,2.7720203007256868e-05,-0.04980794914598585,0.0,significant
0.2,smallworldness,0.0404746405905467,300,ancova_p_value,,0.5,300.0,0.4800490110787622,0.0251140235623455,0.4300490110787622,8.861117141081908e-135,non-significant
0.2,smallworldness,0.0404746405905467,300,ancova_p_value,,1.0,300.0,0.31811640443062633,0.0195547559188599,0.26811640443062634,2.031588269162747e-91,non-significant
0.2,smallworldness,0.0404746405905467,300,ancova_p_value,,2.0,300.0,0.15833615787546532,0.0118703922805376,0.10833615787546531,3.681735397769872e-35,non-significant
0.2,smallworldness,0.0404746405905467,300,ancova_p_value,,4.0,300.0,0.0464015209831491,0.0043957770092412,-0.0035984790168509043,0.2035573127314083,significant
0.2,smallworldness,0.0404746405905467,300,ancova_p_value,,6.0,300.0,0.014877544674688336,0.0016384579534653,-0.03512245532531166,0.0,significant
0.2,smallworldness,0.0404746405905467,300,ancova_p_value,,8.0,300.0,0.004992719858471545,0.0006146489627204,-0.04500728014152846,0.0,significant
0.2,smallworldness,0.0404746405905467,300,ancova_p_value,,10.0,300.0,0.0017256705948826214,0.0002320465224633,-0.04827432940511738,0.0,significant
0.2,smallworldness,0.0404746405905467,300,ancova_p_value,,15.0,300.0,0.00013201666015390175,2.088197834360851e-05,-0.0498679833398461,0.0,significant
0.2,smallworldness,0.0404746405905467,500,ancova_p_value,,0.5,500.0,0.47982953965954955,0.0251286702166813,0.42982953965954956,1.6405431398423568e-134,non-significant
0.2,smallworldness,0.0404746405905467,500,ancova_p_value,,1.0,500.0,0.3177942072606085,0.0195677851734955,0.2677942072606085,4.449317976584049e-91,non-significant
0.2,smallworldness,0.0404746405905467,500,ancova_p_value,,2.0,500.0,0.15792157401181234,0.0118743776414338,0.10792157401181234,7.520548985520246e-35,non-significant
0.2,smallworldness,0.0404746405905467,500,ancova_p_value,,4.0,500.0,0.046040682769031456,0.0043857373755407,-0.003959317230968547,0.1816560224471072,significant
0.2,smallworldness,0.0404746405905467,500,ancova_p_value,,6.0,500.0,0.01464790875937049,0.0016262508372399,-0.03535209124062951,0.0,significant
0.2,smallworldness,0.0404746405905467,500,ancova_p_value,,8.0,500.0,0.004865533464805003,0.0006053855832776,-0.045134466535195,0.0,significant
0.2,smallworldness,0.0404746405905467,500,ancova_p_value,,10.0,500.0,0.0016604995248597615,0.0002262366123087,-0.04833950047514024,0.0,significant
0.2,smallworldness,0.0404746405905467,500,ancova_p_value,,15.0,500.0,0.0001217965039979378,1.964179285977688e-05,-0.04987820349600206,0.0,significant
0.2,smallworldness,0.0404746405905467,1000,ancova_p_value,,0.5,1000.0,0.4796648624377731,0.0251396632676341,0.42966486243777313,2.602507627109121e-134,non-significant
0.2,smallworldness,0.0404746405905467,1000,ancova_p_value,,1.0,1000.0,0.31755241808467255,0.0195775666180489,0.26755241808467256,8.00082036312758e-91,non-significant
0.2,smallworldness,0.0404746405905467,1000,ancova_p_value,,2.0,1000.0,0.1576104641334238,0.0118773584256145,0.1076104641334238,1.2817770010190577e-34,non-significant
0.2,smallworldness,0.0404746405905467,1000,ancova_p_value,,4.0,1000.0,0.04577034649325166,0.0043781559586411,-0.0042296535067483446,0.1662592933539362,significant
0.2,smallworldness,0.0404746405905467,1000,ancova_p_value,,6.0,1000.0,0.014476528145859816,0.0016170562918614,-0.03552347185414019,0.0,significant
0.2,smallworldness,0.0404746405905467,1000,ancova_p_value,,8.0,1000.0,0.00477118583723039,0.0005984366292093,-0.04522881416276961,0.0,significant
0.2,smallworldness,0.0404746405905467,1000,ancova_p_value,,10.0,1000.0,0.0016125523948250528,0.0002219049094064,-0.04838744760517495,0.0,significant
0.2,smallworldness,0.0404746405905467,1000,ancova_p_value,,15.0,1000.0,0.00011449967420285442,1.8739601145482204e-05,-0.049885500325797145,0.0,significant
0.3,smallworldness,0.0231688025024007,30,ancova_p_value,,0.5,30.0,0.4849569686830381,0.014189174701909,0.4349569686830381,0.0,non-significant
0.3,smallworldness,0.0231688025024007,30,ancova_p_value,,1.0,30.0,0.3253086154260302,0.01102804149033,0.2753086154260302,6.884238160377436e-299,non-significant
0.3,smallworldness,0.0231688025024007,30,ancova_p_value,,2.0,30.0,0.167594108019346,0.0067418639123377,0.11759410801934599,6.544157889279627e-126,non-significant
0.3,smallworldness,0.0231688025024007,30,ancova_p_value,,4.0,30.0,0.054625044962983094,0.0026343982647613,0.004625044962983091,0.0367758805116597,non-significant
0.3,smallworldness,0.0231688025024007,30,ancova_p_value,,6.0,30.0,0.0203613903722062,0.0010862152202206,-0.029638609627793803,0.0,significant
0.3,smallworldness,0.0231688025024007,30,ancova_p_value,,8.0,30.0,0.008257335914631373,0.0004698496397848,-0.04174266408536863,0.0,significant
0.3,smallworldness,0.0231688025024007,30,ancova_p_value,,10.0,30.0,0.0035685233088176825,0.0002121655073556,-0.04643147669118232,0.0,significant
0.3,smallworldness,0.0231688025024007,30,ancova_p_value,,15.0,30.0,0.0005407062921313466,3.418303992665577e-05,-0.049459293707868654,0.0,significant
0.3,smallworldness,0.0231688025024007,50,ancova_p_value,,0.5,50.0,0.48278284379668057,0.0142717519824341,0.4327828437966806,0.0,non-significant
0.3,smallworldness,0.0231688025024007,50,ancova_p_value,,1.0,50.0,0.32212564510024433,0.0111011492442564,0.27212564510024434,4.357419038755277e-288,non-significant
0.3,smallworldness,0.0231688025024007,50,ancova_p_value,,2.0,50.0,0.16349617189550622,0.0067658469464405,0.11349617189550622,1.4835794466192286e-115,non-significant
0.3,smallworldness,0.0231688025024007,50,ancova_p_value,,4.0,50.0,0.05094706873769324,0.0025844406086263,0.0009470687376932352,0.362210155217833,non-significant
0.3,smallworldness,0.0231688025024007,50,ancova_p_value,,6.0,50.0,0.01785224137520709,0.0010223809370801,-0.03214775862479291,0.0,significant
0.3,smallworldness,0.0231688025024007,50,ancova_p_value,,8.0,50.0,0.006713432842279582,0.0004178242054735,-0.04328656715772042,0.0,significant
0.3,smallworldness,0.0231688025024007,50,ancova_p_value,,10.0,50.0,0.0026605541904910716,0.0001760153514296,-0.04733944580950893,0.0,significant
0.3,smallworldness,0.0231688025024007,50,ancova_p_value,,15.0,50.0,0.00031306556427201346,2.286213776654329e-05,-0.04968693443572799,0.0,significant
0.3,smallworldness,0.0231688025024007,75,ancova_p_value,,0.5,75.0,0.4816914470000123,0.0143133038432537,0.43169144700001233,0.0,non-significant
0.3,smallworldness,0.0231688025024007,75,ancova_p_value,,1.0,75.0,0.3205260061237414,0.0111380085216789,0.2705260061237414,8.95397011193644e-283,non-significant
0.3,smallworldness,0.0231688025024007,75,ancova_p_value,,2.0,75.0,0.16143714082856858,0.0067776087683388,0.11143714082856858,1.4324211825587432e-110,non-significant
0.3,smallworldness,0.0231688025024007,75,ancova_p_value,,4.0,75.0,0.04912138289485513,0.0025579649153363,-0.0008786171051448702,0.3601843938834681,significant
0.3,smallworldness,0.0231688025024007,75,ancova_p_value,,6.0,75.0,0.016639791628428848,0.0009892210176859,-0.03336020837157115,0.0,significant
0.3,smallworldness,0.0231688025024007,75,ancova_p_value,,8.0,75.0,0.005996484169924953,0.0003915223350965,-0.04400351583007505,0.0,significant
0.3,smallworldness,0.0231688025024007,75,ancova_p_value,,10.0,75.0,0.0022598459055359287,0.0001584181274013,-0.047740154094464075,0.0,significant
0.3,smallworldness,0.0231688025024007,75,ancova_p_value,,15.0,75.0,0.0002280430925145892,1.805130872299159e-05,-0.04977195690748541,0.0,significant
0.3,smallworldness,0.0231688025024007,100,ancova_p_value,,0.5,100.0,0.48114467698573943,0.0143341456218378,0.43114467698573944,0.0,non-significant
0.3,smallworldness,0.0231688025024007,100,ancova_p_value,,1.0,100.0,0.31972415578412333,0.0111565150305017,0.26972415578412334,3.858805573741627e-280,non-significant
0.3,smallworldness,0.0231688025024007,100,ancova_p_value,,2.0,100.0,0.16040513148560548,0.006783428581096,0.11040513148560548,3.985760226859692e-108,non-significant
0.3,smallworldness,0.0231688025024007,100,ancova_p_value,,4.0,100.0,0.04821217873113365,0.0025443350243722,-0.0017878212688663547,0.23848649402555644,significant
0.3,smallworldness,0.0231688025024007,100,ancova_p_value,,6.0,100.0,0.016044679166962617,0.0009723256330088,-0.033955320833037386,0.0,significant
0.3,smallworldness,0.0231688025024007,100,ancova_p_value,,8.0,100.0,0.005652215916228005,0.0003783191095455,-0.044347784083772,0.0,significant
0.3,smallworldness,0.0231688025024007,100,ancova_p_value,,10.0,100.0,0.00207287258086666,0.0001497708623598,-0.047927127419133346,0.0,significant
0.3,smallworldness,0.0231688025024007,100,ancova_p_value,,15.0,100.0,0.0001920508540141487,1.5867810051699172e-05,-0.04980794914598585,0.0,significant
0.3,smallworldness,0.0231688025024007,300,ancova_p_value,,0.5,300.0,0.4800490110787622,0.014375960934228,0.4300490110787622,0.0,non-significant
0.3,smallworldness,0.0231688025024007,300,ancova_p_value,,1.0,300.0,0.31811640443062633,0.011193682544337,0.26811640443062634,6.478108340567134e-275,non-significant
0.3,smallworldness,0.0231688025024007,300,ancova_p_value,,2.0,300.0,0.15833615787546532,0.0067949404951117,0.10833615787546531,2.477219043241453e-103,non-significant
0.3,smallworldness,0.0231688025024007,300,ancova_p_value,,4.0,300.0,0.0464015209831491,0.002516264206074,-0.0035984790168509043,0.07876908680341843,significant
0.3,smallworldness,0.0231688025024007,300,ancova_p_value,,6.0,300.0,0.014877544674688336,0.0009378985996775,-0.03512245532531166,0.0,significant
0.3,smallworldness,0.0231688025024007,300,ancova_p_value,,8.0,300.0,0.004992719858471545,0.0003518420477068,-0.04500728014152846,0.0,significant
0.3,smallworldness,0.0231688025024007,300,ancova_p_value,,10.0,300.0,0.0017256705948826214,0.0001328298404106,-0.04827432940511738,0.0,significant
0.3,smallworldness,0.0231688025024007,300,ancova_p_value,,15.0,300.0,0.00013201666015390175,1.1953421328600342e-05,-0.0498679833398461,0.0,significant
0.3,smallworldness,0.0231688025024007,500,ancova_p_value,,0.5,500.0,0.47982953965954955,0.0143843450838258,0.42982953965954956,0.0,non-significant
0.3,smallworldness,0.0231688025024007,500,ancova_p_value,,1.0,500.0,0.3177942072606085,0.011201140849661,0.2677942072606085,7.070180233151534e-274,non-significant
0.3,smallworldness,0.0231688025024007,500,ancova_p_value,,2.0,500.0,0.15792157401181234,0.0067972218257957,0.10792157401181234,2.1748885882105227e-102,non-significant
0.3,smallworldness,0.0231688025024007,500,ancova_p_value,,4.0,500.0,0.046040682769031456,0.0025105172423701,-0.003959317230968547,0.06019262619538568,significant
0.3,smallworldness,0.0231688025024007,500,ancova_p_value,,6.0,500.0,0.01464790875937049,0.0009309109090934,-0.03535209124062951,0.0,significant
0.3,smallworldness,0.0231688025024007,500,ancova_p_value,,8.0,500.0,0.004865533464805003,0.0003465394333862,-0.045134466535195,0.0,significant
0.3,smallworldness,0.0231688025024007,500,ancova_p_value,,10.0,500.0,0.0016604995248597615,0.0001295040873227,-0.04833950047514024,0.0,significant
0.3,smallworldness,0.0231688025024007,500,ancova_p_value,,15.0,500.0,0.0001217965039979378,1.1243504893963723e-05,-0.04987820349600206,0.0,significant
0.3,smallworldness,0.0231688025024007,1000,ancova_p_value,,0.5,1000.0,0.4796648624377731,0.0143906378099058,0.42966486243777313,0.0,non-significant
0.3,smallworldness,0.0231688025024007,1000,ancova_p_value,,1.0,1000.0,0.31755241808467255,0.0112067400187639,0.26755241808467256,4.230415143799941e-273,non-significant
0.3,smallworldness,0.0231688025024007,1000,ancova_p_value,,2.0,1000.0,0.1576104641334238,0.0067989281090135,0.1076104641334238,1.1008329567048914e-101,non-significant
0.3,smallworldness,0.0231688025024007,1000,ancova_p_value,,4.0,1000.0,0.04577034649325166,0.0025061774298783,-0.0042296535067483446,0.04867634662630371,significant
0.3,smallworldness,0.0231688025024007,1000,ancova_p_value,,6.0,1000.0,0.014476528145859816,0.000925647697293,-0.03552347185414019,0.0,significant
0.3,smallworldness,0.0231688025024007,1000,ancova_p_value,,8.0,1000.0,0.00477118583723039,0.0003425616600927,-0.04522881416276961,0.0,significant
0.3,smallworldness,0.0231688025024007,1000,ancova_p_value,,10.0,1000.0,0.0016125523948250528,0.0001270245009056,-0.04838744760517495,0.0,significant
0.3,smallworldness,0.0231688025024007,1000,ancova_p_value,,15.0,1000.0,0.00011449967420285442,1.072706543106019e-05,-0.049885500325797145,0.0,significant
0.4,smallworldness,0.028089923471353,30,ancova_p_value,,0.5,30.0,0.4849569686830381,0.0172029966355397,0.4349569686830381,1.761278966939895e-290,non-significant
0.4,smallworldness,0.028089923471353,30,ancova_p_value,,1.0,30.0,0.3253086154260302,0.0133704295450823,0.2753086154260302,5.241796413452177e-204,non-significant
0.4,smallworldness,0.028089923471353,30,ancova_p_value,,2.0,30.0,0.167594108019346,0.0081738553959455,0.11759410801934599,2.5571145415735882e-86,non-significant
0.4,smallworldness,0.028089923471353,30,ancova_p_value,,4.0,30.0,0.054625044962983094,0.0031939521104961,0.004625044962983091,0.07079144795707437,non-significant
0.4,smallworldness,0.028089923471353,30,ancova_p_value,,6.0,30.0,0.0203613903722062,0.0013169304890166,-0.029638609627793803,0.0,significant
0.4,smallworldness,0.028089923471353,30,ancova_p_value,,8.0,30.0,0.008257335914631373,0.0005696470684331,-0.04174266408536863,0.0,significant
0.4,smallworldness,0.028089923471353,30,ancova_p_value,,10.0,30.0,0.0035685233088176825,0.0002572300775693,-0.04643147669118232,0.0,significant
0.4,smallworldness,0.028089923471353,30,ancova_p_value,,15.0,30.0,0.0005407062921313466,4.144361692661807e-05,-0.049459293707868654,0.0,significant
0.4,smallworldness,0.028089923471353,50,ancova_p_value,,0.5,50.0,0.48278284379668057,0.0173031135703783,0.4327828437966806,8.360557841370226e-285,non-significant
0.4,smallworldness,0.028089923471353,50,ancova_p_value,,1.0,50.0,0.32212564510024433,0.0134590655983588,0.27212564510024434,1.173007313660935e-196,non-significant
0.4,smallworldness,0.028089923471353,50,ancova_p_value,,2.0,50.0,0.16349617189550622,0.0082029324961749,0.11349617189550622,2.866030788481492e-79,non-significant
0.4,smallworldness,0.028089923471353,50,ancova_p_value,,4.0,50.0,0.05094706873769324,0.003133383303045,0.0009470687376932352,0.3879891153294346,non-significant
0.4,smallworldness,0.028089923471353,50,ancova_p_value,,6.0,50.0,0.01785224137520709,0.0012395376186652,-0.03214775862479291,0.0,significant
0.4,smallworldness,0.028089923471353,50,ancova_p_value,,8.0,50.0,0.006713432842279582,0.0005065712807131,-0.04328656715772042,0.0,significant
0.4,smallworldness,0.028089923471353,50,ancova_p_value,,10.0,50.0,0.0026605541904910716,0.0002134015234895,-0.04733944580950893,0.0,significant
0.4,smallworldness,0.028089923471353,50,ancova_p_value,,15.0,50.0,0.00031306556427201346,2.771812225457864e-05,-0.04968693443572799,0.0,significant
0.4,smallworldness,0.028089923471353,75,ancova_p_value,,0.5,75.0,0.4816914470000123,0.0173534911671658,0.43169144700001233,5.426268225367497e-282,non-significant
0.4,smallworldness,0.028089923471353,75,ancova_p_value,,1.0,75.0,0.3205260061237414,0.0135037538934013,0.2705260061237414,4.835308994634821e-193,non-significant
0.4,smallworldness,0.028089923471353,75,ancova_p_value,,2.0,75.0,0.16143714082856858,0.0082171925632186,0.11143714082856858,7.093240556271683e-76,non-significant
0.4,smallworldness,0.028089923471353,75,ancova_p_value,,4.0,75.0,0.04912138289485513,0.0031012840955745,-0.0008786171051448702,0.3814734965970903,significant
0.4,smallworldness,0.028089923471353,75,ancova_p_value,,6.0,75.0,0.016639791628428848,0.0011993344360448,-0.03336020837157115,0.0,significant
0.4,smallworldness,0.028089923471353,75,ancova_p_value,,8.0,75.0,0.005996484169924953,0.0004746828166474,-0.04400351583007505,0.0,significant
0.4,smallworldness,0.028089923471353,75,ancova_p_value,,10.0,75.0,0.0022598459055359287,0.0001920665979485,-0.047740154094464075,0.0,significant
0.4,smallworldness,0.028089923471353,75,ancova_p_value,,15.0,75.0,0.0002280430925145892,2.188545914421171e-05,-0.04977195690748541,0.0,significant
0.4,smallworldness,0.028089923471353,100,ancova_p_value,,0.5,100.0,0.48114467698573943,0.0173787598000774,0.43114467698573944,1.3618586218444824e-280,non-significant
0.4,smallworldness,0.028089923471353,100,ancova_p_value,,1.0,100.0,0.31972415578412333,0.013526191238469,0.26972415578412334,2.999524478515461e-191,non-significant
0.4,smallworldness,0.028089923471353,100,ancova_p_value,,2.0,100.0,0.16040513148560548,0.008224248521115,0.11040513148560548,3.2736551181451896e-74,non-significant
0.4,smallworldness,0.028089923471353,100,ancova_p_value,,4.0,100.0,0.04821217873113365,0.0030847591761677,-0.0017878212688663547,0.27658561119063796,significant
0.4,smallworldness,0.028089923471353,100,ancova_p_value,,6.0,100.0,0.016044679166962617,0.0011788504225724,-0.033955320833037386,0.0,significant
0.4,smallworldness,0.028089923471353,100,ancova_p_value,,8.0,100.0,0.005652215916228005,0.0004586751876271,-0.044347784083772,0.0,significant
0.4,smallworldness,0.028089923471353,100,ancova_p_value,,10.0,100.0,0.00207287258086666,0.0001815826286874,-0.047927127419133346,0.0,significant
0.4,smallworldness,0.028089923471353,100,ancova_p_value,,15.0,100.0,0.0001920508540141487,1.9238179010935528e-05,-0.04980794914598585,0.0,significant
0.4,smallworldness,0.028089923471353,300,ancova_p_value,,0.5,300.0,0.4800490110787622,0.0174294568063146,0.4300490110787622,8.32463100243738e-278,non-significant
0.4,smallworldness,0.028089923471353,300,ancova_p_value,,1.0,300.0,0.31811640443062633,0.0135712532402339,0.26811640443062634,1.0776155811883586e-187,non-significant
0.4,smallworldness,0.028089923471353,300,ancova_p_value,,2.0,300.0,0.15833615787546532,0.0082382055991158,0.10833615787546531,6.005240191348563e-71,non-significant
0.4,smallworldness,0.028089923471353,300,ancova_p_value,,4.0,300.0,0.0464015209831491,0.0030507260345026,-0.0035984790168509043,0.12052755814122207,significant
0.4,smallworldness,0.028089923471353,300,ancova_p_value,,6.0,300.0,0.014877544674688336,0.0011371109873331,-0.03512245532531166,0.0,significant
0.4,smallworldness,0.028089923471353,300,ancova_p_value,,8.0,300.0,0.004992719858471545,0.0004265743209241,-0.04500728014152846,0.0,significant
0.4,smallworldness,0.028089923471353,300,ancova_p_value,,10.0,300.0,0.0017256705948826214,0.0001610432844537,-0.04827432940511738,0.0,significant
0.4,smallworldness,0.028089923471353,300,ancova_p_value,,15.0,300.0,0.00013201666015390175,1.4492362749711838e-05,-0.0498679833398461,0.0,significant
0.4,smallworldness,0.028089923471353,500,ancova_p_value,,0.5,500.0,0.47982953965954955,0.0174396217736472,0.42982953965954956,2.9889901734014115e-277,non-significant
0.4,smallworldness,0.028089923471353,500,ancova_p_value,,1.0,500.0,0.3177942072606085,0.0135802957112791,0.2677942072606085,5.479912471683024e-187,non-significant
0.4,smallworldness,0.028089923471353,500,ancova_p_value,,2.0,500.0,0.15792157401181234,0.0082409714910656,0.10792157401181234,2.6356251558415833e-70,non-significant
0.4,smallworldness,0.028089923471353,500,ancova_p_value,,4.0,500.0,0.046040682769031456,0.0030437583990101,-0.003959317230968547,0.0989327103726908,significant
0.4,smallworldness,0.028089923471353,500,ancova_p_value,,6.0,500.0,0.01464790875937049,0.001128639090966,-0.03535209124062951,0.0,significant
0.4,smallworldness,0.028089923471353,500,ancova_p_value,,8.0,500.0,0.004865533464805003,0.0004201454159151,-0.045134466535195,0.0,significant
0.4,smallworldness,0.028089923471353,500,ancova_p_value,,10.0,500.0,0.0016604995248597615,0.0001570111317469,-0.04833950047514024,0.0,significant
0.4,smallworldness,0.028089923471353,500,ancova_p_value,,15.0,500.0,0.0001217965039979378,1.363165800168129e-05,-0.04987820349600206,0.0,significant
0.4,smallworldness,0.028089923471353,1000,ancova_p_value,,0.5,1000.0,0.4796648624377731,0.0174472510930303,0.42966486243777313,7.788200581446847e-277,non-significant
0.4,smallworldness,0.028089923471353,1000,ancova_p_value,,1.0,1000.0,0.31755241808467255,0.013587084160168,0.26755241808467256,1.8512387780447778e-186,non-significant
0.4,smallworldness,0.028089923471353,1000,ancova_p_value,,2.0,1000.0,0.1576104641334238,0.0082430401937964,0.1076104641334238,7.950444924971353e-70,non-significant
0.4,smallworldness,0.028089923471353,1000,ancova_p_value,,4.0,1000.0,0.04577034649325166,0.0030384967977356,-0.0042296535067483446,0.08471942571204327,significant
0.4,smallworldness,0.028089923471353,1000,ancova_p_value,,6.0,1000.0,0.014476528145859816,0.0011222579576868,-0.03552347185414019,0.0,significant
0.4,smallworldness,0.028089923471353,1000,ancova_p_value,,8.0,1000.0,0.00477118583723039,0.0004153227520165,-0.04522881416276961,0.0,significant
0.4,smallworldness,0.028089923471353,1000,ancova_p_value,,10.0,1000.0,0.0016125523948250528,0.0001540048739704,-0.04838744760517495,0.0,significant
0.4,smallworldness,0.028089923471353,1000,ancova_p_value,,15.0,1000.0,0.00011449967420285442,1.3005525296331334e-05,-0.049885500325797145,0.0,significant
0.5,smallworldness,0.0243950885940395,30,ancova_p_value,,0.5,30.0,0.4849569686830381,0.0149401840640451,0.4349569686830381,0.0,non-significant
0.5,smallworldness,0.0243950885940395,30,ancova_p_value,,1.0,30.0,0.3253086154260302,0.0116117373415164,0.2753086154260302,8.370301489387009e-270,non-significant
0.5,smallworldness,0.0243950885940395,30,ancova_p_value,,2.0,30.0,0.167594108019346,0.0070986995298266,0.11759410801934599,8.921232225405067e-114,non-significant
0.5,smallworldness,0.0243950885940395,30,ancova_p_value,,4.0,30.0,0.054625044962983094,0.0027738325730981,0.004625044962983091,0.04476803353068682,non-significant
0.5,smallworldness,0.0243950885940395,30,ancova_p_value,,6.0,30.0,0.0203613903722062,0.0011437067809927,-0.029638609627793803,0.0,significant
0.5,smallworldness,0.0243950885940395,30,ancova_p_value,,8.0,30.0,0.008257335914631373,0.0004947179979302,-0.04174266408536863,0.0,significant
0.5,smallworldness,0.0243950885940395,30,ancova_p_value,,10.0,30.0,0.0035685233088176825,0.0002233950739579,-0.04643147669118232,0.0,significant
0.5,smallworldness,0.0243950885940395,30,ancova_p_value,,15.0,30.0,0.0005407062921313466,3.59922912432764e-05,-0.049459293707868654,0.0,significant
0.5,smallworldness,0.0243950885940395,50,ancova_p_value,,0.5,50.0,0.48278284379668057,0.0150271320223634,0.4327828437966806,0.0,non-significant
0.5,smallworldness,0.0243950885940395,50,ancova_p_value,,1.0,50.0,0.32212564510024433,0.0116887145669798,0.27212564510024434,4.6340686944097266e-260,non-significant
0.5,smallworldness,0.0243950885940395,50,ancova_p_value,,2.0,50.0,0.16349617189550622,0.0071239519459422,0.11349617189550622,1.960543584582228e-104,non-significant
0.5,smallworldness,0.0243950885940395,50,ancova_p_value,,4.0,50.0,0.05094706873769324,0.0027212307415085,0.0009470687376932352,0.3695003712344434,non-significant
0.5,smallworldness,0.0243950885940395,50,ancova_p_value,,6.0,50.0,0.01785224137520709,0.001076493855664,-0.03214775862479291,0.0,significant
0.5,smallworldness,0.0243950885940395,50,ancova_p_value,,8.0,50.0,0.006713432842279582,0.0004399389441127,-0.04328656715772042,0.0,significant
0.5,smallworldness,0.0243950885940395,50,ancova_p_value,,10.0,50.0,0.0026605541904910716,0.0001853315505448,-0.04733944580950893,0.0,significant
0.5,smallworldness,0.0243950885940395,50,ancova_p_value,,15.0,50.0,0.00031306556427201346,2.4072192604955296e-05,-0.04968693443572799,0.0,significant
0.5,smallworldness,0.0243950885940395,75,ancova_p_value,,0.5,75.0,0.4816914470000123,0.0150708831539049,0.43169144700001233,0.0,non-significant
0.5,smallworldness,0.0243950885940395,75,ancova_p_value,,1.0,75.0,0.3205260061237414,0.0117275247445081,0.2705260061237414,2.872708933117369e-255,non-significant
0.5,smallworldness,0.0243950885940395,75,ancova_p_value,,2.0,75.0,0.16143714082856858,0.0071363363014654,0.11143714082856858,6.156302354126511e-100,non-significant
0.5,smallworldness,0.0243950885940395,75,ancova_p_value,,4.0,75.0,0.04912138289485513,0.0026933537339104,-0.0008786171051448702,0.36630150112152515,significant
0.5,smallworldness,0.0243950885940395,75,ancova_p_value,,6.0,75.0,0.016639791628428848,0.0010415788370173,-0.03336020837157115,0.0,significant
0.5,smallworldness,0.0243950885940395,75,ancova_p_value,,8.0,75.0,0.005996484169924953,0.0004122449595846,-0.04400351583007505,0.0,significant
0.5,smallworldness,0.0243950885940395,75,ancova_p_value,,10.0,75.0,0.0022598459055359287,0.0001668029347851,-0.047740154094464075,0.0,significant
0.5,smallworldness,0.0243950885940395,75,ancova_p_value,,15.0,75.0,0.0002280430925145892,1.900673440028281e-05,-0.04977195690748541,0.0,significant
0.5,smallworldness,0.0243950885940395,100,ancova_p_value,,0.5,100.0,0.48114467698573943,0.015092828053084,0.43114467698573944,0.0,non-significant
0.5,smallworldness,0.0243950885940395,100,ancova_p_value,,1.0,100.0,0.31972415578412333,0.0117470107719905,0.26972415578412334,6.833656705344872e-253,non-significant
0.5,smallworldness,0.0243950885940395,100,ancova_p_value,,2.0,100.0,0.16040513148560548,0.0071424641472095,0.11040513148560548,9.875447319159769e-98,non-significant
0.5,smallworldness,0.0243950885940395,100,ancova_p_value,,4.0,100.0,0.04821217873113365,0.00267900243554,-0.0017878212688663547,0.24915809041211223,significant
0.5,smallworldness,0.0243950885940395,100,ancova_p_value,,6.0,100.0,0.016044679166962617,0.0010237892077956,-0.033955320833037386,0.0,significant
0.5,smallworldness,0.0243950885940395,100,ancova_p_value,,8.0,100.0,0.005652215916228005,0.0003983429093163,-0.044347784083772,0.0,significant
0.5,smallworldness,0.0243950885940395,100,ancova_p_value,,10.0,100.0,0.00207287258086666,0.0001576979844208,-0.047927127419133346,0.0,significant
0.5,smallworldness,0.0243950885940395,100,ancova_p_value,,15.0,100.0,0.0001920508540141487,1.6707666784439194e-05,-0.04980794914598585,0.0,significant
0.5,smallworldness,0.0243950885940395,300,ancova_p_value,,0.5,300.0,0.4800490110787622,0.0151368565802486,0.4300490110787622,0.0,non-significant
0.5,smallworldness,0.0243950885940395,300,ancova_p_value,,1.0,300.0,0.31811640443062633,0.011786145500371,0.26811640443062634,3.5302020053049826e-248,non-significant
0.5,smallworldness,0.0243950885940395,300,ancova_p_value,,2.0,300.0,0.15833615787546532,0.0071545853676426,0.10833615787546531,2.0843384906374926e-93,non-significant
0.5,smallworldness,0.0243950885940395,300,ancova_p_value,,4.0,300.0,0.0464015209831491,0.0026494458756263,-0.0035984790168509043,0.08945794196883994,significant
0.5,smallworldness,0.0243950885940395,300,ancova_p_value,,6.0,300.0,0.014877544674688336,0.0009875400089835,-0.03512245532531166,0.0,significant
0.5,smallworldness,0.0243950885940395,300,ancova_p_value,,8.0,300.0,0.004992719858471545,0.0003704644607344,-0.04500728014152846,0.0,significant
0.5,smallworldness,0.0243950885940395,300,ancova_p_value,,10.0,300.0,0.0017256705948826214,0.0001398603024223,-0.04827432940511738,0.0,significant
0.5,smallworldness,0.0243950885940395,300,ancova_p_value,,15.0,300.0,0.00013201666015390175,1.258609599192152e-05,-0.0498679833398461,0.0,significant
0.5,smallworldness,0.0243950885940395,500,ancova_p_value,,0.5,500.0,0.47982953965954955,0.0151456844889073,0.42982953965954956,0.0,non-significant
0.5,smallworldness,0.0243950885940395,500,ancova_p_value,,1.0,500.0,0.3177942072606085,0.0117939985613621,0.2677942072606085,3.048597440879057e-247,non-significant
0.5,smallworldness,0.0243950885940395,500,ancova_p_value,,2.0,500.0,0.15792157401181234,0.0071569874453565,0.10792157401181234,1.4795378299639883e-92,non-significant
0.5,smallworldness,0.0243950885940395,500,ancova_p_value,,4.0,500.0,0.046040682769031456,0.0026433947347143,-0.003959317230968547,0.06985904933189557,significant
0.5,smallworldness,0.0243950885940395,500,ancova_p_value,,6.0,500.0,0.01464790875937049,0.000980182471586,-0.03535209124062951,0.0,significant
0.5,smallworldness,0.0243950885940395,500,ancova_p_value,,8.0,500.0,0.004865533464805003,0.0003648811878779,-0.045134466535195,0.0,significant
0.5,smallworldness,0.0243950885940395,500,ancova_p_value,,10.0,500.0,0.0016604995248597615,0.0001363585227678,-0.04833950047514024,0.0,significant
0.5,smallworldness,0.0243950885940395,500,ancova_p_value,,15.0,500.0,0.0001217965039979378,1.183860486390442e-05,-0.04987820349600206,0.0,significant
0.5,smallworldness,0.0243950885940395,1000,ancova_p_value,,0.5,1000.0,0.4796648624377731,0.0151523102784881,0.42966486243777313,0.0,non-significant
0.5,smallworldness,0.0243950885940395,1000,ancova_p_value,,1.0,1000.0,0.31755241808467255,0.0117998940851512,0.26755241808467256,1.5308819559085716e-246,non-significant
0.5,smallworldness,0.0243950885940395,1000,ancova_p_value,,2.0,1000.0,0.1576104641334238,0.0071587840393004,0.1076104641334238,6.389991094142699e-92,non-significant
0.5,smallworldness,0.0243950885940395,1000,ancova_p_value,,4.0,1000.0,0.04577034649325166,0.0026388252231823,-0.0042296535067483446,0.057483750613950724,significant
0.5,smallworldness,0.0243950885940395,1000,ancova_p_value,,6.0,1000.0,0.014476528145859816,0.0009746406867593,-0.03552347185414019,0.0,significant
0.5,smallworldness,0.0243950885940395,1000,ancova_p_value,,8.0,1000.0,0.00477118583723039,0.0003606928776753,-0.04522881416276961,0.0,significant
0.5,smallworldness,0.0243950885940395,1000,ancova_p_value,,10.0,1000.0,0.0016125523948250528,0.0001337476959755,-0.04838744760517495,0.0,significant
0.5,smallworldness,0.0243950885940395,1000,ancova_p_value,,15.0,1000.0,0.00011449967420285442,1.1294831121187916e-05,-0.049885500325797145,0.0,significant
